Provincias;Municipios;Edad (grupos quinquenales);Sexo;Periodo;Total
02 Albacete;02001 Abengibre;De 0 a 4 años;Total;1 de enero de 2022;22
02 Albacete;02001 Abengibre;De 0 a 4 años;Total;1 de enero de 2021;15
02 Albacete;02001 Abengibre;De 0 a 4 años;Total;1 de enero de 2020;14
02 Albacete;02001 Abengibre;De 0 a 4 años;Total;1 de enero de 2019;11
02 Albacete;02001 Abengibre;De 0 a 4 años;Total;1 de enero de 2018;12
02 Albacete;02001 Abengibre;De 0 a 4 años;Total;1 de enero de 2017;12
02 Albacete;02001 Abengibre;De 0 a 4 años;Total;1 de enero de 2016;11
02 Albacete;02001 Abengibre;De 0 a 4 años;Total;1 de enero de 2015;11
02 Albacete;02001 Abengibre;De 0 a 4 años;Total;1 de enero de 2014;16
02 Albacete;02001 Abengibre;De 0 a 4 años;Total;1 de enero de 2013;18
02 Albacete;02001 Abengibre;De 0 a 4 años;Total;1 de enero de 2012;19
02 Albacete;02001 Abengibre;De 0 a 4 años;Total;1 de enero de 2011;22
02 Albacete;02001 Abengibre;De 0 a 4 años;Total;1 de enero de 2010;30
02 Albacete;02001 Abengibre;De 5 a 9 años;Total;1 de enero de 2022;11
02 Albacete;02001 Abengibre;De 5 a 9 años;Total;1 de enero de 2021;12
02 Albacete;02001 Abengibre;De 5 a 9 años;Total;1 de enero de 2020;11
02 Albacete;02001 Abengibre;De 5 a 9 años;Total;1 de enero de 2019;18
02 Albacete;02001 Abengibre;De 5 a 9 años;Total;1 de enero de 2018;18
02 Albacete;02001 Abengibre;De 5 a 9 años;Total;1 de enero de 2017;13
02 Albacete;02001 Abengibre;De 5 a 9 años;Total;1 de enero de 2016;15
02 Albacete;02001 Abengibre;De 5 a 9 años;Total;1 de enero de 2015;17
02 Albacete;02001 Abengibre;De 5 a 9 años;Total;1 de enero de 2014;17
02 Albacete;02001 Abengibre;De 5 a 9 años;Total;1 de enero de 2013;20
02 Albacete;02001 Abengibre;De 5 a 9 años;Total;1 de enero de 2012;23
02 Albacete;02001 Abengibre;De 5 a 9 años;Total;1 de enero de 2011;22
02 Albacete;02001 Abengibre;De 5 a 9 años;Total;1 de enero de 2010;26
02 Albacete;02001 Abengibre;De 10 a 14 años;Total;1 de enero de 2022;21
02 Albacete;02001 Abengibre;De 10 a 14 años;Total;1 de enero de 2021;21
02 Albacete;02001 Abengibre;De 10 a 14 años;Total;1 de enero de 2020;21
02 Albacete;02001 Abengibre;De 10 a 14 años;Total;1 de enero de 2019;19
02 Albacete;02001 Abengibre;De 10 a 14 años;Total;1 de enero de 2018;18
02 Albacete;02001 Abengibre;De 10 a 14 años;Total;1 de enero de 2017;16
02 Albacete;02001 Abengibre;De 10 a 14 años;Total;1 de enero de 2016;17
02 Albacete;02001 Abengibre;De 10 a 14 años;Total;1 de enero de 2015;20
02 Albacete;02001 Abengibre;De 10 a 14 años;Total;1 de enero de 2014;14
02 Albacete;02001 Abengibre;De 10 a 14 años;Total;1 de enero de 2013;17
02 Albacete;02001 Abengibre;De 10 a 14 años;Total;1 de enero de 2012;31
02 Albacete;02001 Abengibre;De 10 a 14 años;Total;1 de enero de 2011;40
02 Albacete;02001 Abengibre;De 10 a 14 años;Total;1 de enero de 2010;39
02 Albacete;02001 Abengibre;De 65 a 69 años;Total;1 de enero de 2022;60
02 Albacete;02001 Abengibre;De 65 a 69 años;Total;1 de enero de 2021;57
02 Albacete;02001 Abengibre;De 65 a 69 años;Total;1 de enero de 2020;56
02 Albacete;02001 Abengibre;De 65 a 69 años;Total;1 de enero de 2019;51
02 Albacete;02001 Abengibre;De 65 a 69 años;Total;1 de enero de 2018;58
02 Albacete;02001 Abengibre;De 65 a 69 años;Total;1 de enero de 2017;56
02 Albacete;02001 Abengibre;De 65 a 69 años;Total;1 de enero de 2016;62
02 Albacete;02001 Abengibre;De 65 a 69 años;Total;1 de enero de 2015;65
02 Albacete;02001 Abengibre;De 65 a 69 años;Total;1 de enero de 2014;67
02 Albacete;02001 Abengibre;De 65 a 69 años;Total;1 de enero de 2013;64
02 Albacete;02001 Abengibre;De 65 a 69 años;Total;1 de enero de 2012;64
02 Albacete;02001 Abengibre;De 65 a 69 años;Total;1 de enero de 2011;60
02 Albacete;02001 Abengibre;De 65 a 69 años;Total;1 de enero de 2010;64
02 Albacete;02001 Abengibre;De 70 a 74 años;Total;1 de enero de 2022;51
02 Albacete;02001 Abengibre;De 70 a 74 años;Total;1 de enero de 2021;64
02 Albacete;02001 Abengibre;De 70 a 74 años;Total;1 de enero de 2020;63
02 Albacete;02001 Abengibre;De 70 a 74 años;Total;1 de enero de 2019;68
02 Albacete;02001 Abengibre;De 70 a 74 años;Total;1 de enero de 2018;59
02 Albacete;02001 Abengibre;De 70 a 74 años;Total;1 de enero de 2017;57
02 Albacete;02001 Abengibre;De 70 a 74 años;Total;1 de enero de 2016;52
02 Albacete;02001 Abengibre;De 70 a 74 años;Total;1 de enero de 2015;51
02 Albacete;02001 Abengibre;De 70 a 74 años;Total;1 de enero de 2014;49
02 Albacete;02001 Abengibre;De 70 a 74 años;Total;1 de enero de 2013;46
02 Albacete;02001 Abengibre;De 70 a 74 años;Total;1 de enero de 2012;47
02 Albacete;02001 Abengibre;De 70 a 74 años;Total;1 de enero de 2011;48
02 Albacete;02001 Abengibre;De 70 a 74 años;Total;1 de enero de 2010;47
02 Albacete;02001 Abengibre;De 75 a 79 años;Total;1 de enero de 2022;55
02 Albacete;02001 Abengibre;De 75 a 79 años;Total;1 de enero de 2021;47
02 Albacete;02001 Abengibre;De 75 a 79 años;Total;1 de enero de 2020;47
02 Albacete;02001 Abengibre;De 75 a 79 años;Total;1 de enero de 2019;47
02 Albacete;02001 Abengibre;De 75 a 79 años;Total;1 de enero de 2018;40
02 Albacete;02001 Abengibre;De 75 a 79 años;Total;1 de enero de 2017;37
02 Albacete;02001 Abengibre;De 75 a 79 años;Total;1 de enero de 2016;38
02 Albacete;02001 Abengibre;De 75 a 79 años;Total;1 de enero de 2015;35
02 Albacete;02001 Abengibre;De 75 a 79 años;Total;1 de enero de 2014;37
02 Albacete;02001 Abengibre;De 75 a 79 años;Total;1 de enero de 2013;40
02 Albacete;02001 Abengibre;De 75 a 79 años;Total;1 de enero de 2012;49
02 Albacete;02001 Abengibre;De 75 a 79 años;Total;1 de enero de 2011;50
02 Albacete;02001 Abengibre;De 75 a 79 años;Total;1 de enero de 2010;52
02 Albacete;02001 Abengibre;De 80 a 84 años;Total;1 de enero de 2022;33
02 Albacete;02001 Abengibre;De 80 a 84 años;Total;1 de enero de 2021;33
02 Albacete;02001 Abengibre;De 80 a 84 años;Total;1 de enero de 2020;25
02 Albacete;02001 Abengibre;De 80 a 84 años;Total;1 de enero de 2019;26
02 Albacete;02001 Abengibre;De 80 a 84 años;Total;1 de enero de 2018;26
02 Albacete;02001 Abengibre;De 80 a 84 años;Total;1 de enero de 2017;32
02 Albacete;02001 Abengibre;De 80 a 84 años;Total;1 de enero de 2016;35
02 Albacete;02001 Abengibre;De 80 a 84 años;Total;1 de enero de 2015;38
02 Albacete;02001 Abengibre;De 80 a 84 años;Total;1 de enero de 2014;36
02 Albacete;02001 Abengibre;De 80 a 84 años;Total;1 de enero de 2013;38
02 Albacete;02001 Abengibre;De 80 a 84 años;Total;1 de enero de 2012;42
02 Albacete;02001 Abengibre;De 80 a 84 años;Total;1 de enero de 2011;44
02 Albacete;02001 Abengibre;De 80 a 84 años;Total;1 de enero de 2010;39
02 Albacete;02001 Abengibre;De 85 a 89 años;Total;1 de enero de 2022;25
02 Albacete;02001 Abengibre;De 85 a 89 años;Total;1 de enero de 2021;24
02 Albacete;02001 Abengibre;De 85 a 89 años;Total;1 de enero de 2020;26
02 Albacete;02001 Abengibre;De 85 a 89 años;Total;1 de enero de 2019;22
02 Albacete;02001 Abengibre;De 85 a 89 años;Total;1 de enero de 2018;21
02 Albacete;02001 Abengibre;De 85 a 89 años;Total;1 de enero de 2017;26
02 Albacete;02001 Abengibre;De 85 a 89 años;Total;1 de enero de 2016;29
02 Albacete;02001 Abengibre;De 85 a 89 años;Total;1 de enero de 2015;27
02 Albacete;02001 Abengibre;De 85 a 89 años;Total;1 de enero de 2014;28
02 Albacete;02001 Abengibre;De 85 a 89 años;Total;1 de enero de 2013;32
02 Albacete;02001 Abengibre;De 85 a 89 años;Total;1 de enero de 2012;27
02 Albacete;02001 Abengibre;De 85 a 89 años;Total;1 de enero de 2011;29
02 Albacete;02001 Abengibre;De 85 a 89 años;Total;1 de enero de 2010;30
02 Albacete;02001 Abengibre;De 90 a 94 años;Total;1 de enero de 2022;14
02 Albacete;02001 Abengibre;De 90 a 94 años;Total;1 de enero de 2021;14
02 Albacete;02001 Abengibre;De 90 a 94 años;Total;1 de enero de 2020;12
02 Albacete;02001 Abengibre;De 90 a 94 años;Total;1 de enero de 2019;12
02 Albacete;02001 Abengibre;De 90 a 94 años;Total;1 de enero de 2018;14
02 Albacete;02001 Abengibre;De 90 a 94 años;Total;1 de enero de 2017;12
02 Albacete;02001 Abengibre;De 90 a 94 años;Total;1 de enero de 2016;15
02 Albacete;02001 Abengibre;De 90 a 94 años;Total;1 de enero de 2015;15
02 Albacete;02001 Abengibre;De 90 a 94 años;Total;1 de enero de 2014;15
02 Albacete;02001 Abengibre;De 90 a 94 años;Total;1 de enero de 2013;17
02 Albacete;02001 Abengibre;De 90 a 94 años;Total;1 de enero de 2012;12
02 Albacete;02001 Abengibre;De 90 a 94 años;Total;1 de enero de 2011;9
02 Albacete;02001 Abengibre;De 90 a 94 años;Total;1 de enero de 2010;10
02 Albacete;02001 Abengibre;De 95 a 99 años;Total;1 de enero de 2022;8
02 Albacete;02001 Abengibre;De 95 a 99 años;Total;1 de enero de 2021;6
02 Albacete;02001 Abengibre;De 95 a 99 años;Total;1 de enero de 2020;5
02 Albacete;02001 Abengibre;De 95 a 99 años;Total;1 de enero de 2019;5
02 Albacete;02001 Abengibre;De 95 a 99 años;Total;1 de enero de 2018;6
02 Albacete;02001 Abengibre;De 95 a 99 años;Total;1 de enero de 2017;5
02 Albacete;02001 Abengibre;De 95 a 99 años;Total;1 de enero de 2016;2
02 Albacete;02001 Abengibre;De 95 a 99 años;Total;1 de enero de 2015;1
02 Albacete;02001 Abengibre;De 95 a 99 años;Total;1 de enero de 2014;1
02 Albacete;02001 Abengibre;De 95 a 99 años;Total;1 de enero de 2013;0
02 Albacete;02001 Abengibre;De 95 a 99 años;Total;1 de enero de 2012;2
02 Albacete;02001 Abengibre;De 95 a 99 años;Total;1 de enero de 2011;1
02 Albacete;02001 Abengibre;De 95 a 99 años;Total;1 de enero de 2010;1
02 Albacete;02001 Abengibre;100 y más años;Total;1 de enero de 2022;1
02 Albacete;02001 Abengibre;100 y más años;Total;1 de enero de 2021;0
02 Albacete;02001 Abengibre;100 y más años;Total;1 de enero de 2020;0
02 Albacete;02001 Abengibre;100 y más años;Total;1 de enero de 2019;0
02 Albacete;02001 Abengibre;100 y más años;Total;1 de enero de 2018;0
02 Albacete;02001 Abengibre;100 y más años;Total;1 de enero de 2017;0
02 Albacete;02001 Abengibre;100 y más años;Total;1 de enero de 2016;0
02 Albacete;02001 Abengibre;100 y más años;Total;1 de enero de 2015;0
02 Albacete;02001 Abengibre;100 y más años;Total;1 de enero de 2014;0
02 Albacete;02001 Abengibre;100 y más años;Total;1 de enero de 2013;0
02 Albacete;02001 Abengibre;100 y más años;Total;1 de enero de 2012;0
02 Albacete;02001 Abengibre;100 y más años;Total;1 de enero de 2011;0
02 Albacete;02001 Abengibre;100 y más años;Total;1 de enero de 2010;0
02 Albacete;02002 Alatoz;De 0 a 4 años;Total;1 de enero de 2022;10
02 Albacete;02002 Alatoz;De 0 a 4 años;Total;1 de enero de 2021;11
02 Albacete;02002 Alatoz;De 0 a 4 años;Total;1 de enero de 2020;12
02 Albacete;02002 Alatoz;De 0 a 4 años;Total;1 de enero de 2019;15
02 Albacete;02002 Alatoz;De 0 a 4 años;Total;1 de enero de 2018;17
02 Albacete;02002 Alatoz;De 0 a 4 años;Total;1 de enero de 2017;17
02 Albacete;02002 Alatoz;De 0 a 4 años;Total;1 de enero de 2016;15
02 Albacete;02002 Alatoz;De 0 a 4 años;Total;1 de enero de 2015;14
02 Albacete;02002 Alatoz;De 0 a 4 años;Total;1 de enero de 2014;9
02 Albacete;02002 Alatoz;De 0 a 4 años;Total;1 de enero de 2013;13
02 Albacete;02002 Alatoz;De 0 a 4 años;Total;1 de enero de 2012;18
02 Albacete;02002 Alatoz;De 0 a 4 años;Total;1 de enero de 2011;19
02 Albacete;02002 Alatoz;De 0 a 4 años;Total;1 de enero de 2010;18
02 Albacete;02002 Alatoz;De 5 a 9 años;Total;1 de enero de 2022;10
02 Albacete;02002 Alatoz;De 5 a 9 años;Total;1 de enero de 2021;10
02 Albacete;02002 Alatoz;De 5 a 9 años;Total;1 de enero de 2020;15
02 Albacete;02002 Alatoz;De 5 a 9 años;Total;1 de enero de 2019;8
02 Albacete;02002 Alatoz;De 5 a 9 años;Total;1 de enero de 2018;15
02 Albacete;02002 Alatoz;De 5 a 9 años;Total;1 de enero de 2017;19
02 Albacete;02002 Alatoz;De 5 a 9 años;Total;1 de enero de 2016;19
02 Albacete;02002 Alatoz;De 5 a 9 años;Total;1 de enero de 2015;21
02 Albacete;02002 Alatoz;De 5 a 9 años;Total;1 de enero de 2014;19
02 Albacete;02002 Alatoz;De 5 a 9 años;Total;1 de enero de 2013;18
02 Albacete;02002 Alatoz;De 5 a 9 años;Total;1 de enero de 2012;21
02 Albacete;02002 Alatoz;De 5 a 9 años;Total;1 de enero de 2011;19
02 Albacete;02002 Alatoz;De 5 a 9 años;Total;1 de enero de 2010;18
02 Albacete;02002 Alatoz;De 10 a 14 años;Total;1 de enero de 2022;15
02 Albacete;02002 Alatoz;De 10 a 14 años;Total;1 de enero de 2021;17
02 Albacete;02002 Alatoz;De 10 a 14 años;Total;1 de enero de 2020;19
02 Albacete;02002 Alatoz;De 10 a 14 años;Total;1 de enero de 2019;21
02 Albacete;02002 Alatoz;De 10 a 14 años;Total;1 de enero de 2018;20
02 Albacete;02002 Alatoz;De 10 a 14 años;Total;1 de enero de 2017;20
02 Albacete;02002 Alatoz;De 10 a 14 años;Total;1 de enero de 2016;19
02 Albacete;02002 Alatoz;De 10 a 14 años;Total;1 de enero de 2015;18
02 Albacete;02002 Alatoz;De 10 a 14 años;Total;1 de enero de 2014;15
02 Albacete;02002 Alatoz;De 10 a 14 años;Total;1 de enero de 2013;14
02 Albacete;02002 Alatoz;De 10 a 14 años;Total;1 de enero de 2012;14
02 Albacete;02002 Alatoz;De 10 a 14 años;Total;1 de enero de 2011;20
02 Albacete;02002 Alatoz;De 10 a 14 años;Total;1 de enero de 2010;17
02 Albacete;02002 Alatoz;De 65 a 69 años;Total;1 de enero de 2022;30
02 Albacete;02002 Alatoz;De 65 a 69 años;Total;1 de enero de 2021;34
02 Albacete;02002 Alatoz;De 65 a 69 años;Total;1 de enero de 2020;31
02 Albacete;02002 Alatoz;De 65 a 69 años;Total;1 de enero de 2019;30
02 Albacete;02002 Alatoz;De 65 a 69 años;Total;1 de enero de 2018;35
02 Albacete;02002 Alatoz;De 65 a 69 años;Total;1 de enero de 2017;39
02 Albacete;02002 Alatoz;De 65 a 69 años;Total;1 de enero de 2016;37
02 Albacete;02002 Alatoz;De 65 a 69 años;Total;1 de enero de 2015;46
02 Albacete;02002 Alatoz;De 65 a 69 años;Total;1 de enero de 2014;49
02 Albacete;02002 Alatoz;De 65 a 69 años;Total;1 de enero de 2013;55
02 Albacete;02002 Alatoz;De 65 a 69 años;Total;1 de enero de 2012;54
02 Albacete;02002 Alatoz;De 65 a 69 años;Total;1 de enero de 2011;56
02 Albacete;02002 Alatoz;De 65 a 69 años;Total;1 de enero de 2010;57
02 Albacete;02002 Alatoz;De 70 a 74 años;Total;1 de enero de 2022;38
02 Albacete;02002 Alatoz;De 70 a 74 años;Total;1 de enero de 2021;33
02 Albacete;02002 Alatoz;De 70 a 74 años;Total;1 de enero de 2020;40
02 Albacete;02002 Alatoz;De 70 a 74 años;Total;1 de enero de 2019;47
02 Albacete;02002 Alatoz;De 70 a 74 años;Total;1 de enero de 2018;50
02 Albacete;02002 Alatoz;De 70 a 74 años;Total;1 de enero de 2017;50
02 Albacete;02002 Alatoz;De 70 a 74 años;Total;1 de enero de 2016;52
02 Albacete;02002 Alatoz;De 70 a 74 años;Total;1 de enero de 2015;55
02 Albacete;02002 Alatoz;De 70 a 74 años;Total;1 de enero de 2014;44
02 Albacete;02002 Alatoz;De 70 a 74 años;Total;1 de enero de 2013;35
02 Albacete;02002 Alatoz;De 70 a 74 años;Total;1 de enero de 2012;34
02 Albacete;02002 Alatoz;De 70 a 74 años;Total;1 de enero de 2011;36
02 Albacete;02002 Alatoz;De 70 a 74 años;Total;1 de enero de 2010;34
02 Albacete;02002 Alatoz;De 75 a 79 años;Total;1 de enero de 2022;46
02 Albacete;02002 Alatoz;De 75 a 79 años;Total;1 de enero de 2021;45
02 Albacete;02002 Alatoz;De 75 a 79 años;Total;1 de enero de 2020;47
02 Albacete;02002 Alatoz;De 75 a 79 años;Total;1 de enero de 2019;38
02 Albacete;02002 Alatoz;De 75 a 79 años;Total;1 de enero de 2018;30
02 Albacete;02002 Alatoz;De 75 a 79 años;Total;1 de enero de 2017;30
02 Albacete;02002 Alatoz;De 75 a 79 años;Total;1 de enero de 2016;35
02 Albacete;02002 Alatoz;De 75 a 79 años;Total;1 de enero de 2015;31
02 Albacete;02002 Alatoz;De 75 a 79 años;Total;1 de enero de 2014;39
02 Albacete;02002 Alatoz;De 75 a 79 años;Total;1 de enero de 2013;44
02 Albacete;02002 Alatoz;De 75 a 79 años;Total;1 de enero de 2012;49
02 Albacete;02002 Alatoz;De 75 a 79 años;Total;1 de enero de 2011;49
02 Albacete;02002 Alatoz;De 75 a 79 años;Total;1 de enero de 2010;47
02 Albacete;02002 Alatoz;De 80 a 84 años;Total;1 de enero de 2022;28
02 Albacete;02002 Alatoz;De 80 a 84 años;Total;1 de enero de 2021;30
02 Albacete;02002 Alatoz;De 80 a 84 años;Total;1 de enero de 2020;21
02 Albacete;02002 Alatoz;De 80 a 84 años;Total;1 de enero de 2019;26
02 Albacete;02002 Alatoz;De 80 a 84 años;Total;1 de enero de 2018;30
02 Albacete;02002 Alatoz;De 80 a 84 años;Total;1 de enero de 2017;38
02 Albacete;02002 Alatoz;De 80 a 84 años;Total;1 de enero de 2016;37
02 Albacete;02002 Alatoz;De 80 a 84 años;Total;1 de enero de 2015;42
02 Albacete;02002 Alatoz;De 80 a 84 años;Total;1 de enero de 2014;44
02 Albacete;02002 Alatoz;De 80 a 84 años;Total;1 de enero de 2013;43
02 Albacete;02002 Alatoz;De 80 a 84 años;Total;1 de enero de 2012;40
02 Albacete;02002 Alatoz;De 80 a 84 años;Total;1 de enero de 2011;43
02 Albacete;02002 Alatoz;De 80 a 84 años;Total;1 de enero de 2010;43
02 Albacete;02002 Alatoz;De 85 a 89 años;Total;1 de enero de 2022;21
02 Albacete;02002 Alatoz;De 85 a 89 años;Total;1 de enero de 2021;22
02 Albacete;02002 Alatoz;De 85 a 89 años;Total;1 de enero de 2020;23
02 Albacete;02002 Alatoz;De 85 a 89 años;Total;1 de enero de 2019;25
02 Albacete;02002 Alatoz;De 85 a 89 años;Total;1 de enero de 2018;25
02 Albacete;02002 Alatoz;De 85 a 89 años;Total;1 de enero de 2017;29
02 Albacete;02002 Alatoz;De 85 a 89 años;Total;1 de enero de 2016;30
02 Albacete;02002 Alatoz;De 85 a 89 años;Total;1 de enero de 2015;31
02 Albacete;02002 Alatoz;De 85 a 89 años;Total;1 de enero de 2014;27
02 Albacete;02002 Alatoz;De 85 a 89 años;Total;1 de enero de 2013;26
02 Albacete;02002 Alatoz;De 85 a 89 años;Total;1 de enero de 2012;19
02 Albacete;02002 Alatoz;De 85 a 89 años;Total;1 de enero de 2011;18
02 Albacete;02002 Alatoz;De 85 a 89 años;Total;1 de enero de 2010;19
02 Albacete;02002 Alatoz;De 90 a 94 años;Total;1 de enero de 2022;13
02 Albacete;02002 Alatoz;De 90 a 94 años;Total;1 de enero de 2021;15
02 Albacete;02002 Alatoz;De 90 a 94 años;Total;1 de enero de 2020;13
02 Albacete;02002 Alatoz;De 90 a 94 años;Total;1 de enero de 2019;17
02 Albacete;02002 Alatoz;De 90 a 94 años;Total;1 de enero de 2018;16
02 Albacete;02002 Alatoz;De 90 a 94 años;Total;1 de enero de 2017;13
02 Albacete;02002 Alatoz;De 90 a 94 años;Total;1 de enero de 2016;13
02 Albacete;02002 Alatoz;De 90 a 94 años;Total;1 de enero de 2015;12
02 Albacete;02002 Alatoz;De 90 a 94 años;Total;1 de enero de 2014;13
02 Albacete;02002 Alatoz;De 90 a 94 años;Total;1 de enero de 2013;12
02 Albacete;02002 Alatoz;De 90 a 94 años;Total;1 de enero de 2012;11
02 Albacete;02002 Alatoz;De 90 a 94 años;Total;1 de enero de 2011;8
02 Albacete;02002 Alatoz;De 90 a 94 años;Total;1 de enero de 2010;6
02 Albacete;02002 Alatoz;De 95 a 99 años;Total;1 de enero de 2022;3
02 Albacete;02002 Alatoz;De 95 a 99 años;Total;1 de enero de 2021;4
02 Albacete;02002 Alatoz;De 95 a 99 años;Total;1 de enero de 2020;4
02 Albacete;02002 Alatoz;De 95 a 99 años;Total;1 de enero de 2019;3
02 Albacete;02002 Alatoz;De 95 a 99 años;Total;1 de enero de 2018;1
02 Albacete;02002 Alatoz;De 95 a 99 años;Total;1 de enero de 2017;4
02 Albacete;02002 Alatoz;De 95 a 99 años;Total;1 de enero de 2016;3
02 Albacete;02002 Alatoz;De 95 a 99 años;Total;1 de enero de 2015;2
02 Albacete;02002 Alatoz;De 95 a 99 años;Total;1 de enero de 2014;2
02 Albacete;02002 Alatoz;De 95 a 99 años;Total;1 de enero de 2013;1
02 Albacete;02002 Alatoz;De 95 a 99 años;Total;1 de enero de 2012;1
02 Albacete;02002 Alatoz;De 95 a 99 años;Total;1 de enero de 2011;2
02 Albacete;02002 Alatoz;De 95 a 99 años;Total;1 de enero de 2010;1
02 Albacete;02002 Alatoz;100 y más años;Total;1 de enero de 2022;0
02 Albacete;02002 Alatoz;100 y más años;Total;1 de enero de 2021;1
02 Albacete;02002 Alatoz;100 y más años;Total;1 de enero de 2020;1
02 Albacete;02002 Alatoz;100 y más años;Total;1 de enero de 2019;1
02 Albacete;02002 Alatoz;100 y más años;Total;1 de enero de 2018;1
02 Albacete;02002 Alatoz;100 y más años;Total;1 de enero de 2017;0
02 Albacete;02002 Alatoz;100 y más años;Total;1 de enero de 2016;0
02 Albacete;02002 Alatoz;100 y más años;Total;1 de enero de 2015;0
02 Albacete;02002 Alatoz;100 y más años;Total;1 de enero de 2014;0
02 Albacete;02002 Alatoz;100 y más años;Total;1 de enero de 2013;0
02 Albacete;02002 Alatoz;100 y más años;Total;1 de enero de 2012;0
02 Albacete;02002 Alatoz;100 y más años;Total;1 de enero de 2011;0
02 Albacete;02002 Alatoz;100 y más años;Total;1 de enero de 2010;0
02 Albacete;02003 Albacete;De 0 a 4 años;Total;1 de enero de 2022;6.813
02 Albacete;02003 Albacete;De 0 a 4 años;Total;1 de enero de 2021;7.154
02 Albacete;02003 Albacete;De 0 a 4 años;Total;1 de enero de 2020;7.761
02 Albacete;02003 Albacete;De 0 a 4 años;Total;1 de enero de 2019;8.150
02 Albacete;02003 Albacete;De 0 a 4 años;Total;1 de enero de 2018;8.440
02 Albacete;02003 Albacete;De 0 a 4 años;Total;1 de enero de 2017;8.570
02 Albacete;02003 Albacete;De 0 a 4 años;Total;1 de enero de 2016;8.783
02 Albacete;02003 Albacete;De 0 a 4 años;Total;1 de enero de 2015;8.962
02 Albacete;02003 Albacete;De 0 a 4 años;Total;1 de enero de 2014;9.180
02 Albacete;02003 Albacete;De 0 a 4 años;Total;1 de enero de 2013;9.517
02 Albacete;02003 Albacete;De 0 a 4 años;Total;1 de enero de 2012;9.679
02 Albacete;02003 Albacete;De 0 a 4 años;Total;1 de enero de 2011;9.705
02 Albacete;02003 Albacete;De 0 a 4 años;Total;1 de enero de 2010;9.520
02 Albacete;02003 Albacete;De 5 a 9 años;Total;1 de enero de 2022;8.792
02 Albacete;02003 Albacete;De 5 a 9 años;Total;1 de enero de 2021;9.037
02 Albacete;02003 Albacete;De 5 a 9 años;Total;1 de enero de 2020;9.171
02 Albacete;02003 Albacete;De 5 a 9 años;Total;1 de enero de 2019;9.317
02 Albacete;02003 Albacete;De 5 a 9 años;Total;1 de enero de 2018;9.524
02 Albacete;02003 Albacete;De 5 a 9 años;Total;1 de enero de 2017;9.659
02 Albacete;02003 Albacete;De 5 a 9 años;Total;1 de enero de 2016;9.707
02 Albacete;02003 Albacete;De 5 a 9 años;Total;1 de enero de 2015;9.644
02 Albacete;02003 Albacete;De 5 a 9 años;Total;1 de enero de 2014;9.505
02 Albacete;02003 Albacete;De 5 a 9 años;Total;1 de enero de 2013;9.411
02 Albacete;02003 Albacete;De 5 a 9 años;Total;1 de enero de 2012;9.238
02 Albacete;02003 Albacete;De 5 a 9 años;Total;1 de enero de 2011;9.055
02 Albacete;02003 Albacete;De 5 a 9 años;Total;1 de enero de 2010;9.009
02 Albacete;02003 Albacete;De 10 a 14 años;Total;1 de enero de 2022;9.816
02 Albacete;02003 Albacete;De 10 a 14 años;Total;1 de enero de 2021;9.853
02 Albacete;02003 Albacete;De 10 a 14 años;Total;1 de enero de 2020;9.794
02 Albacete;02003 Albacete;De 10 a 14 años;Total;1 de enero de 2019;9.596
02 Albacete;02003 Albacete;De 10 a 14 años;Total;1 de enero de 2018;9.440
02 Albacete;02003 Albacete;De 10 a 14 años;Total;1 de enero de 2017;9.305
02 Albacete;02003 Albacete;De 10 a 14 años;Total;1 de enero de 2016;9.139
02 Albacete;02003 Albacete;De 10 a 14 años;Total;1 de enero de 2015;9.171
02 Albacete;02003 Albacete;De 10 a 14 años;Total;1 de enero de 2014;9.158
02 Albacete;02003 Albacete;De 10 a 14 años;Total;1 de enero de 2013;9.111
02 Albacete;02003 Albacete;De 10 a 14 años;Total;1 de enero de 2012;9.071
02 Albacete;02003 Albacete;De 10 a 14 años;Total;1 de enero de 2011;9.150
02 Albacete;02003 Albacete;De 10 a 14 años;Total;1 de enero de 2010;9.214
02 Albacete;02003 Albacete;De 65 a 69 años;Total;1 de enero de 2022;8.546
02 Albacete;02003 Albacete;De 65 a 69 años;Total;1 de enero de 2021;8.184
02 Albacete;02003 Albacete;De 65 a 69 años;Total;1 de enero de 2020;8.020
02 Albacete;02003 Albacete;De 65 a 69 años;Total;1 de enero de 2019;7.838
02 Albacete;02003 Albacete;De 65 a 69 años;Total;1 de enero de 2018;7.691
02 Albacete;02003 Albacete;De 65 a 69 años;Total;1 de enero de 2017;7.433
02 Albacete;02003 Albacete;De 65 a 69 años;Total;1 de enero de 2016;7.285
02 Albacete;02003 Albacete;De 65 a 69 años;Total;1 de enero de 2015;7.069
02 Albacete;02003 Albacete;De 65 a 69 años;Total;1 de enero de 2014;6.881
02 Albacete;02003 Albacete;De 65 a 69 años;Total;1 de enero de 2013;6.647
02 Albacete;02003 Albacete;De 65 a 69 años;Total;1 de enero de 2012;6.403
02 Albacete;02003 Albacete;De 65 a 69 años;Total;1 de enero de 2011;6.073
02 Albacete;02003 Albacete;De 65 a 69 años;Total;1 de enero de 2010;6.154
02 Albacete;02003 Albacete;De 70 a 74 años;Total;1 de enero de 2022;6.997
02 Albacete;02003 Albacete;De 70 a 74 años;Total;1 de enero de 2021;6.928
02 Albacete;02003 Albacete;De 70 a 74 años;Total;1 de enero de 2020;6.839
02 Albacete;02003 Albacete;De 70 a 74 años;Total;1 de enero de 2019;6.593
02 Albacete;02003 Albacete;De 70 a 74 años;Total;1 de enero de 2018;6.330
02 Albacete;02003 Albacete;De 70 a 74 años;Total;1 de enero de 2017;6.104
02 Albacete;02003 Albacete;De 70 a 74 años;Total;1 de enero de 2016;5.810
02 Albacete;02003 Albacete;De 70 a 74 años;Total;1 de enero de 2015;5.918
02 Albacete;02003 Albacete;De 70 a 74 años;Total;1 de enero de 2014;5.477
02 Albacete;02003 Albacete;De 70 a 74 años;Total;1 de enero de 2013;5.277
02 Albacete;02003 Albacete;De 70 a 74 años;Total;1 de enero de 2012;5.264
02 Albacete;02003 Albacete;De 70 a 74 años;Total;1 de enero de 2011;5.515
02 Albacete;02003 Albacete;De 70 a 74 años;Total;1 de enero de 2010;5.236
02 Albacete;02003 Albacete;De 75 a 79 años;Total;1 de enero de 2022;5.543
02 Albacete;02003 Albacete;De 75 a 79 años;Total;1 de enero de 2021;5.294
02 Albacete;02003 Albacete;De 75 a 79 años;Total;1 de enero de 2020;5.464
02 Albacete;02003 Albacete;De 75 a 79 años;Total;1 de enero de 2019;5.031
02 Albacete;02003 Albacete;De 75 a 79 años;Total;1 de enero de 2018;4.839
02 Albacete;02003 Albacete;De 75 a 79 años;Total;1 de enero de 2017;4.828
02 Albacete;02003 Albacete;De 75 a 79 años;Total;1 de enero de 2016;5.039
02 Albacete;02003 Albacete;De 75 a 79 años;Total;1 de enero de 2015;4.777
02 Albacete;02003 Albacete;De 75 a 79 años;Total;1 de enero de 2014;5.057
02 Albacete;02003 Albacete;De 75 a 79 años;Total;1 de enero de 2013;5.199
02 Albacete;02003 Albacete;De 75 a 79 años;Total;1 de enero de 2012;5.235
02 Albacete;02003 Albacete;De 75 a 79 años;Total;1 de enero de 2011;5.128
02 Albacete;02003 Albacete;De 75 a 79 años;Total;1 de enero de 2010;5.109
02 Albacete;02003 Albacete;De 80 a 84 años;Total;1 de enero de 2022;3.994
02 Albacete;02003 Albacete;De 80 a 84 años;Total;1 de enero de 2021;4.187
02 Albacete;02003 Albacete;De 80 a 84 años;Total;1 de enero de 2020;4.048
02 Albacete;02003 Albacete;De 80 a 84 años;Total;1 de enero de 2019;4.259
02 Albacete;02003 Albacete;De 80 a 84 años;Total;1 de enero de 2018;4.368
02 Albacete;02003 Albacete;De 80 a 84 años;Total;1 de enero de 2017;4.408
02 Albacete;02003 Albacete;De 80 a 84 años;Total;1 de enero de 2016;4.296
02 Albacete;02003 Albacete;De 80 a 84 años;Total;1 de enero de 2015;4.247
02 Albacete;02003 Albacete;De 80 a 84 años;Total;1 de enero de 2014;4.270
02 Albacete;02003 Albacete;De 80 a 84 años;Total;1 de enero de 2013;4.176
02 Albacete;02003 Albacete;De 80 a 84 años;Total;1 de enero de 2012;4.119
02 Albacete;02003 Albacete;De 80 a 84 años;Total;1 de enero de 2011;3.978
02 Albacete;02003 Albacete;De 80 a 84 años;Total;1 de enero de 2010;3.816
02 Albacete;02003 Albacete;De 85 a 89 años;Total;1 de enero de 2022;3.083
02 Albacete;02003 Albacete;De 85 a 89 años;Total;1 de enero de 2021;2.995
02 Albacete;02003 Albacete;De 85 a 89 años;Total;1 de enero de 2020;3.101
02 Albacete;02003 Albacete;De 85 a 89 años;Total;1 de enero de 2019;3.095
02 Albacete;02003 Albacete;De 85 a 89 años;Total;1 de enero de 2018;2.996
02 Albacete;02003 Albacete;De 85 a 89 años;Total;1 de enero de 2017;2.908
02 Albacete;02003 Albacete;De 85 a 89 años;Total;1 de enero de 2016;2.782
02 Albacete;02003 Albacete;De 85 a 89 años;Total;1 de enero de 2015;2.658
02 Albacete;02003 Albacete;De 85 a 89 años;Total;1 de enero de 2014;2.613
02 Albacete;02003 Albacete;De 85 a 89 años;Total;1 de enero de 2013;2.506
02 Albacete;02003 Albacete;De 85 a 89 años;Total;1 de enero de 2012;2.414
02 Albacete;02003 Albacete;De 85 a 89 años;Total;1 de enero de 2011;2.312
02 Albacete;02003 Albacete;De 85 a 89 años;Total;1 de enero de 2010;2.189
02 Albacete;02003 Albacete;De 90 a 94 años;Total;1 de enero de 2022;1.393
02 Albacete;02003 Albacete;De 90 a 94 años;Total;1 de enero de 2021;1.317
02 Albacete;02003 Albacete;De 90 a 94 años;Total;1 de enero de 2020;1.368
02 Albacete;02003 Albacete;De 90 a 94 años;Total;1 de enero de 2019;1.307
02 Albacete;02003 Albacete;De 90 a 94 años;Total;1 de enero de 2018;1.216
02 Albacete;02003 Albacete;De 90 a 94 años;Total;1 de enero de 2017;1.157
02 Albacete;02003 Albacete;De 90 a 94 años;Total;1 de enero de 2016;1.095
02 Albacete;02003 Albacete;De 90 a 94 años;Total;1 de enero de 2015;1.045
02 Albacete;02003 Albacete;De 90 a 94 años;Total;1 de enero de 2014;981
02 Albacete;02003 Albacete;De 90 a 94 años;Total;1 de enero de 2013;894
02 Albacete;02003 Albacete;De 90 a 94 años;Total;1 de enero de 2012;828
02 Albacete;02003 Albacete;De 90 a 94 años;Total;1 de enero de 2011;756
02 Albacete;02003 Albacete;De 90 a 94 años;Total;1 de enero de 2010;709
02 Albacete;02003 Albacete;De 95 a 99 años;Total;1 de enero de 2022;311
02 Albacete;02003 Albacete;De 95 a 99 años;Total;1 de enero de 2021;292
02 Albacete;02003 Albacete;De 95 a 99 años;Total;1 de enero de 2020;325
02 Albacete;02003 Albacete;De 95 a 99 años;Total;1 de enero de 2019;292
02 Albacete;02003 Albacete;De 95 a 99 años;Total;1 de enero de 2018;270
02 Albacete;02003 Albacete;De 95 a 99 años;Total;1 de enero de 2017;267
02 Albacete;02003 Albacete;De 95 a 99 años;Total;1 de enero de 2016;255
02 Albacete;02003 Albacete;De 95 a 99 años;Total;1 de enero de 2015;230
02 Albacete;02003 Albacete;De 95 a 99 años;Total;1 de enero de 2014;212
02 Albacete;02003 Albacete;De 95 a 99 años;Total;1 de enero de 2013;191
02 Albacete;02003 Albacete;De 95 a 99 años;Total;1 de enero de 2012;191
02 Albacete;02003 Albacete;De 95 a 99 años;Total;1 de enero de 2011;171
02 Albacete;02003 Albacete;De 95 a 99 años;Total;1 de enero de 2010;156
02 Albacete;02003 Albacete;100 y más años;Total;1 de enero de 2022;60
02 Albacete;02003 Albacete;100 y más años;Total;1 de enero de 2021;54
02 Albacete;02003 Albacete;100 y más años;Total;1 de enero de 2020;60
02 Albacete;02003 Albacete;100 y más años;Total;1 de enero de 2019;47
02 Albacete;02003 Albacete;100 y más años;Total;1 de enero de 2018;45
02 Albacete;02003 Albacete;100 y más años;Total;1 de enero de 2017;48
02 Albacete;02003 Albacete;100 y más años;Total;1 de enero de 2016;49
02 Albacete;02003 Albacete;100 y más años;Total;1 de enero de 2015;47
02 Albacete;02003 Albacete;100 y más años;Total;1 de enero de 2014;37
02 Albacete;02003 Albacete;100 y más años;Total;1 de enero de 2013;38
02 Albacete;02003 Albacete;100 y más años;Total;1 de enero de 2012;30
02 Albacete;02003 Albacete;100 y más años;Total;1 de enero de 2011;32
02 Albacete;02003 Albacete;100 y más años;Total;1 de enero de 2010;29
02 Albacete;02004 Albatana;De 0 a 4 años;Total;1 de enero de 2022;10
02 Albacete;02004 Albatana;De 0 a 4 años;Total;1 de enero de 2021;8
02 Albacete;02004 Albatana;De 0 a 4 años;Total;1 de enero de 2020;13
02 Albacete;02004 Albatana;De 0 a 4 años;Total;1 de enero de 2019;11
02 Albacete;02004 Albatana;De 0 a 4 años;Total;1 de enero de 2018;14
02 Albacete;02004 Albatana;De 0 a 4 años;Total;1 de enero de 2017;11
02 Albacete;02004 Albatana;De 0 a 4 años;Total;1 de enero de 2016;13
02 Albacete;02004 Albatana;De 0 a 4 años;Total;1 de enero de 2015;13
02 Albacete;02004 Albatana;De 0 a 4 años;Total;1 de enero de 2014;17
02 Albacete;02004 Albatana;De 0 a 4 años;Total;1 de enero de 2013;25
02 Albacete;02004 Albatana;De 0 a 4 años;Total;1 de enero de 2012;25
02 Albacete;02004 Albatana;De 0 a 4 años;Total;1 de enero de 2011;30
02 Albacete;02004 Albatana;De 0 a 4 años;Total;1 de enero de 2010;35
02 Albacete;02004 Albatana;De 5 a 9 años;Total;1 de enero de 2022;14
02 Albacete;02004 Albatana;De 5 a 9 años;Total;1 de enero de 2021;15
02 Albacete;02004 Albatana;De 5 a 9 años;Total;1 de enero de 2020;15
02 Albacete;02004 Albatana;De 5 a 9 años;Total;1 de enero de 2019;21
02 Albacete;02004 Albatana;De 5 a 9 años;Total;1 de enero de 2018;22
02 Albacete;02004 Albatana;De 5 a 9 años;Total;1 de enero de 2017;22
02 Albacete;02004 Albatana;De 5 a 9 años;Total;1 de enero de 2016;26
02 Albacete;02004 Albatana;De 5 a 9 años;Total;1 de enero de 2015;30
02 Albacete;02004 Albatana;De 5 a 9 años;Total;1 de enero de 2014;30
02 Albacete;02004 Albatana;De 5 a 9 años;Total;1 de enero de 2013;29
02 Albacete;02004 Albatana;De 5 a 9 años;Total;1 de enero de 2012;24
02 Albacete;02004 Albatana;De 5 a 9 años;Total;1 de enero de 2011;24
02 Albacete;02004 Albatana;De 5 a 9 años;Total;1 de enero de 2010;23
02 Albacete;02004 Albatana;De 10 a 14 años;Total;1 de enero de 2022;24
02 Albacete;02004 Albatana;De 10 a 14 años;Total;1 de enero de 2021;26
02 Albacete;02004 Albatana;De 10 a 14 años;Total;1 de enero de 2020;32
02 Albacete;02004 Albatana;De 10 a 14 años;Total;1 de enero de 2019;27
02 Albacete;02004 Albatana;De 10 a 14 años;Total;1 de enero de 2018;30
02 Albacete;02004 Albatana;De 10 a 14 años;Total;1 de enero de 2017;22
02 Albacete;02004 Albatana;De 10 a 14 años;Total;1 de enero de 2016;20
02 Albacete;02004 Albatana;De 10 a 14 años;Total;1 de enero de 2015;22
02 Albacete;02004 Albatana;De 10 a 14 años;Total;1 de enero de 2014;29
02 Albacete;02004 Albatana;De 10 a 14 años;Total;1 de enero de 2013;32
02 Albacete;02004 Albatana;De 10 a 14 años;Total;1 de enero de 2012;34
02 Albacete;02004 Albatana;De 10 a 14 años;Total;1 de enero de 2011;37
02 Albacete;02004 Albatana;De 10 a 14 años;Total;1 de enero de 2010;42
02 Albacete;02004 Albatana;De 65 a 69 años;Total;1 de enero de 2022;44
02 Albacete;02004 Albatana;De 65 a 69 años;Total;1 de enero de 2021;44
02 Albacete;02004 Albatana;De 65 a 69 años;Total;1 de enero de 2020;48
02 Albacete;02004 Albatana;De 65 a 69 años;Total;1 de enero de 2019;56
02 Albacete;02004 Albatana;De 65 a 69 años;Total;1 de enero de 2018;53
02 Albacete;02004 Albatana;De 65 a 69 años;Total;1 de enero de 2017;52
02 Albacete;02004 Albatana;De 65 a 69 años;Total;1 de enero de 2016;55
02 Albacete;02004 Albatana;De 65 a 69 años;Total;1 de enero de 2015;53
02 Albacete;02004 Albatana;De 65 a 69 años;Total;1 de enero de 2014;49
02 Albacete;02004 Albatana;De 65 a 69 años;Total;1 de enero de 2013;41
02 Albacete;02004 Albatana;De 65 a 69 años;Total;1 de enero de 2012;36
02 Albacete;02004 Albatana;De 65 a 69 años;Total;1 de enero de 2011;33
02 Albacete;02004 Albatana;De 65 a 69 años;Total;1 de enero de 2010;36
02 Albacete;02004 Albatana;De 70 a 74 años;Total;1 de enero de 2022;50
02 Albacete;02004 Albatana;De 70 a 74 años;Total;1 de enero de 2021;53
02 Albacete;02004 Albatana;De 70 a 74 años;Total;1 de enero de 2020;48
02 Albacete;02004 Albatana;De 70 a 74 años;Total;1 de enero de 2019;41
02 Albacete;02004 Albatana;De 70 a 74 años;Total;1 de enero de 2018;36
02 Albacete;02004 Albatana;De 70 a 74 años;Total;1 de enero de 2017;31
02 Albacete;02004 Albatana;De 70 a 74 años;Total;1 de enero de 2016;23
02 Albacete;02004 Albatana;De 70 a 74 años;Total;1 de enero de 2015;31
02 Albacete;02004 Albatana;De 70 a 74 años;Total;1 de enero de 2014;33
02 Albacete;02004 Albatana;De 70 a 74 años;Total;1 de enero de 2013;42
02 Albacete;02004 Albatana;De 70 a 74 años;Total;1 de enero de 2012;42
02 Albacete;02004 Albatana;De 70 a 74 años;Total;1 de enero de 2011;45
02 Albacete;02004 Albatana;De 70 a 74 años;Total;1 de enero de 2010;49
02 Albacete;02004 Albatana;De 75 a 79 años;Total;1 de enero de 2022;28
02 Albacete;02004 Albatana;De 75 a 79 años;Total;1 de enero de 2021;21
02 Albacete;02004 Albatana;De 75 a 79 años;Total;1 de enero de 2020;24
02 Albacete;02004 Albatana;De 75 a 79 años;Total;1 de enero de 2019;27
02 Albacete;02004 Albatana;De 75 a 79 años;Total;1 de enero de 2018;32
02 Albacete;02004 Albatana;De 75 a 79 años;Total;1 de enero de 2017;34
02 Albacete;02004 Albatana;De 75 a 79 años;Total;1 de enero de 2016;41
02 Albacete;02004 Albatana;De 75 a 79 años;Total;1 de enero de 2015;47
02 Albacete;02004 Albatana;De 75 a 79 años;Total;1 de enero de 2014;48
02 Albacete;02004 Albatana;De 75 a 79 años;Total;1 de enero de 2013;47
02 Albacete;02004 Albatana;De 75 a 79 años;Total;1 de enero de 2012;49
02 Albacete;02004 Albatana;De 75 a 79 años;Total;1 de enero de 2011;56
02 Albacete;02004 Albatana;De 75 a 79 años;Total;1 de enero de 2010;61
02 Albacete;02004 Albatana;De 80 a 84 años;Total;1 de enero de 2022;34
02 Albacete;02004 Albatana;De 80 a 84 años;Total;1 de enero de 2021;41
02 Albacete;02004 Albatana;De 80 a 84 años;Total;1 de enero de 2020;39
02 Albacete;02004 Albatana;De 80 a 84 años;Total;1 de enero de 2019;43
02 Albacete;02004 Albatana;De 80 a 84 años;Total;1 de enero de 2018;43
02 Albacete;02004 Albatana;De 80 a 84 años;Total;1 de enero de 2017;44
02 Albacete;02004 Albatana;De 80 a 84 años;Total;1 de enero de 2016;50
02 Albacete;02004 Albatana;De 80 a 84 años;Total;1 de enero de 2015;49
02 Albacete;02004 Albatana;De 80 a 84 años;Total;1 de enero de 2014;55
02 Albacete;02004 Albatana;De 80 a 84 años;Total;1 de enero de 2013;59
02 Albacete;02004 Albatana;De 80 a 84 años;Total;1 de enero de 2012;56
02 Albacete;02004 Albatana;De 80 a 84 años;Total;1 de enero de 2011;60
02 Albacete;02004 Albatana;De 80 a 84 años;Total;1 de enero de 2010;55
02 Albacete;02004 Albatana;De 85 a 89 años;Total;1 de enero de 2022;25
02 Albacete;02004 Albatana;De 85 a 89 años;Total;1 de enero de 2021;36
02 Albacete;02004 Albatana;De 85 a 89 años;Total;1 de enero de 2020;37
02 Albacete;02004 Albatana;De 85 a 89 años;Total;1 de enero de 2019;40
02 Albacete;02004 Albatana;De 85 a 89 años;Total;1 de enero de 2018;40
02 Albacete;02004 Albatana;De 85 a 89 años;Total;1 de enero de 2017;39
02 Albacete;02004 Albatana;De 85 a 89 años;Total;1 de enero de 2016;41
02 Albacete;02004 Albatana;De 85 a 89 años;Total;1 de enero de 2015;38
02 Albacete;02004 Albatana;De 85 a 89 años;Total;1 de enero de 2014;34
02 Albacete;02004 Albatana;De 85 a 89 años;Total;1 de enero de 2013;30
02 Albacete;02004 Albatana;De 85 a 89 años;Total;1 de enero de 2012;37
02 Albacete;02004 Albatana;De 85 a 89 años;Total;1 de enero de 2011;32
02 Albacete;02004 Albatana;De 85 a 89 años;Total;1 de enero de 2010;29
02 Albacete;02004 Albatana;De 90 a 94 años;Total;1 de enero de 2022;20
02 Albacete;02004 Albatana;De 90 a 94 años;Total;1 de enero de 2021;20
02 Albacete;02004 Albatana;De 90 a 94 años;Total;1 de enero de 2020;17
02 Albacete;02004 Albatana;De 90 a 94 años;Total;1 de enero de 2019;16
02 Albacete;02004 Albatana;De 90 a 94 años;Total;1 de enero de 2018;14
02 Albacete;02004 Albatana;De 90 a 94 años;Total;1 de enero de 2017;24
02 Albacete;02004 Albatana;De 90 a 94 años;Total;1 de enero de 2016;16
02 Albacete;02004 Albatana;De 90 a 94 años;Total;1 de enero de 2015;13
02 Albacete;02004 Albatana;De 90 a 94 años;Total;1 de enero de 2014;9
02 Albacete;02004 Albatana;De 90 a 94 años;Total;1 de enero de 2013;7
02 Albacete;02004 Albatana;De 90 a 94 años;Total;1 de enero de 2012;8
02 Albacete;02004 Albatana;De 90 a 94 años;Total;1 de enero de 2011;4
02 Albacete;02004 Albatana;De 90 a 94 años;Total;1 de enero de 2010;5
02 Albacete;02004 Albatana;De 95 a 99 años;Total;1 de enero de 2022;6
02 Albacete;02004 Albatana;De 95 a 99 años;Total;1 de enero de 2021;8
02 Albacete;02004 Albatana;De 95 a 99 años;Total;1 de enero de 2020;5
02 Albacete;02004 Albatana;De 95 a 99 años;Total;1 de enero de 2019;4
02 Albacete;02004 Albatana;De 95 a 99 años;Total;1 de enero de 2018;3
02 Albacete;02004 Albatana;De 95 a 99 años;Total;1 de enero de 2017;1
02 Albacete;02004 Albatana;De 95 a 99 años;Total;1 de enero de 2016;0
02 Albacete;02004 Albatana;De 95 a 99 años;Total;1 de enero de 2015;0
02 Albacete;02004 Albatana;De 95 a 99 años;Total;1 de enero de 2014;0
02 Albacete;02004 Albatana;De 95 a 99 años;Total;1 de enero de 2013;1
02 Albacete;02004 Albatana;De 95 a 99 años;Total;1 de enero de 2012;1
02 Albacete;02004 Albatana;De 95 a 99 años;Total;1 de enero de 2011;1
02 Albacete;02004 Albatana;De 95 a 99 años;Total;1 de enero de 2010;0
02 Albacete;02004 Albatana;100 y más años;Total;1 de enero de 2022;0
02 Albacete;02004 Albatana;100 y más años;Total;1 de enero de 2021;0
02 Albacete;02004 Albatana;100 y más años;Total;1 de enero de 2020;0
02 Albacete;02004 Albatana;100 y más años;Total;1 de enero de 2019;0
02 Albacete;02004 Albatana;100 y más años;Total;1 de enero de 2018;0
02 Albacete;02004 Albatana;100 y más años;Total;1 de enero de 2017;0
02 Albacete;02004 Albatana;100 y más años;Total;1 de enero de 2016;0
02 Albacete;02004 Albatana;100 y más años;Total;1 de enero de 2015;0
02 Albacete;02004 Albatana;100 y más años;Total;1 de enero de 2014;0
02 Albacete;02004 Albatana;100 y más años;Total;1 de enero de 2013;0
02 Albacete;02004 Albatana;100 y más años;Total;1 de enero de 2012;0
02 Albacete;02004 Albatana;100 y más años;Total;1 de enero de 2011;0
02 Albacete;02004 Albatana;100 y más años;Total;1 de enero de 2010;0
02 Albacete;02005 Alborea;De 0 a 4 años;Total;1 de enero de 2022;19
02 Albacete;02005 Alborea;De 0 a 4 años;Total;1 de enero de 2021;17
02 Albacete;02005 Alborea;De 0 a 4 años;Total;1 de enero de 2020;14
02 Albacete;02005 Alborea;De 0 a 4 años;Total;1 de enero de 2019;17
02 Albacete;02005 Alborea;De 0 a 4 años;Total;1 de enero de 2018;9
02 Albacete;02005 Alborea;De 0 a 4 años;Total;1 de enero de 2017;15
02 Albacete;02005 Alborea;De 0 a 4 años;Total;1 de enero de 2016;21
02 Albacete;02005 Alborea;De 0 a 4 años;Total;1 de enero de 2015;27
02 Albacete;02005 Alborea;De 0 a 4 años;Total;1 de enero de 2014;34
02 Albacete;02005 Alborea;De 0 a 4 años;Total;1 de enero de 2013;37
02 Albacete;02005 Alborea;De 0 a 4 años;Total;1 de enero de 2012;37
02 Albacete;02005 Alborea;De 0 a 4 años;Total;1 de enero de 2011;35
02 Albacete;02005 Alborea;De 0 a 4 años;Total;1 de enero de 2010;30
02 Albacete;02005 Alborea;De 5 a 9 años;Total;1 de enero de 2022;17
02 Albacete;02005 Alborea;De 5 a 9 años;Total;1 de enero de 2021;18
02 Albacete;02005 Alborea;De 5 a 9 años;Total;1 de enero de 2020;18
02 Albacete;02005 Alborea;De 5 a 9 años;Total;1 de enero de 2019;22
02 Albacete;02005 Alborea;De 5 a 9 años;Total;1 de enero de 2018;24
02 Albacete;02005 Alborea;De 5 a 9 años;Total;1 de enero de 2017;26
02 Albacete;02005 Alborea;De 5 a 9 años;Total;1 de enero de 2016;28
02 Albacete;02005 Alborea;De 5 a 9 años;Total;1 de enero de 2015;27
02 Albacete;02005 Alborea;De 5 a 9 años;Total;1 de enero de 2014;26
02 Albacete;02005 Alborea;De 5 a 9 años;Total;1 de enero de 2013;26
02 Albacete;02005 Alborea;De 5 a 9 años;Total;1 de enero de 2012;21
02 Albacete;02005 Alborea;De 5 a 9 años;Total;1 de enero de 2011;23
02 Albacete;02005 Alborea;De 5 a 9 años;Total;1 de enero de 2010;30
02 Albacete;02005 Alborea;De 10 a 14 años;Total;1 de enero de 2022;27
02 Albacete;02005 Alborea;De 10 a 14 años;Total;1 de enero de 2021;25
02 Albacete;02005 Alborea;De 10 a 14 años;Total;1 de enero de 2020;24
02 Albacete;02005 Alborea;De 10 a 14 años;Total;1 de enero de 2019;24
02 Albacete;02005 Alborea;De 10 a 14 años;Total;1 de enero de 2018;20
02 Albacete;02005 Alborea;De 10 a 14 años;Total;1 de enero de 2017;20
02 Albacete;02005 Alborea;De 10 a 14 años;Total;1 de enero de 2016;21
02 Albacete;02005 Alborea;De 10 a 14 años;Total;1 de enero de 2015;25
02 Albacete;02005 Alborea;De 10 a 14 años;Total;1 de enero de 2014;25
02 Albacete;02005 Alborea;De 10 a 14 años;Total;1 de enero de 2013;31
02 Albacete;02005 Alborea;De 10 a 14 años;Total;1 de enero de 2012;38
02 Albacete;02005 Alborea;De 10 a 14 años;Total;1 de enero de 2011;40
02 Albacete;02005 Alborea;De 10 a 14 años;Total;1 de enero de 2010;40
02 Albacete;02005 Alborea;De 65 a 69 años;Total;1 de enero de 2022;38
02 Albacete;02005 Alborea;De 65 a 69 años;Total;1 de enero de 2021;38
02 Albacete;02005 Alborea;De 65 a 69 años;Total;1 de enero de 2020;40
02 Albacete;02005 Alborea;De 65 a 69 años;Total;1 de enero de 2019;35
02 Albacete;02005 Alborea;De 65 a 69 años;Total;1 de enero de 2018;32
02 Albacete;02005 Alborea;De 65 a 69 años;Total;1 de enero de 2017;33
02 Albacete;02005 Alborea;De 65 a 69 años;Total;1 de enero de 2016;33
02 Albacete;02005 Alborea;De 65 a 69 años;Total;1 de enero de 2015;36
02 Albacete;02005 Alborea;De 65 a 69 años;Total;1 de enero de 2014;37
02 Albacete;02005 Alborea;De 65 a 69 años;Total;1 de enero de 2013;43
02 Albacete;02005 Alborea;De 65 a 69 años;Total;1 de enero de 2012;36
02 Albacete;02005 Alborea;De 65 a 69 años;Total;1 de enero de 2011;38
02 Albacete;02005 Alborea;De 65 a 69 años;Total;1 de enero de 2010;46
02 Albacete;02005 Alborea;De 70 a 74 años;Total;1 de enero de 2022;30
02 Albacete;02005 Alborea;De 70 a 74 años;Total;1 de enero de 2021;32
02 Albacete;02005 Alborea;De 70 a 74 años;Total;1 de enero de 2020;32
02 Albacete;02005 Alborea;De 70 a 74 años;Total;1 de enero de 2019;32
02 Albacete;02005 Alborea;De 70 a 74 años;Total;1 de enero de 2018;40
02 Albacete;02005 Alborea;De 70 a 74 años;Total;1 de enero de 2017;34
02 Albacete;02005 Alborea;De 70 a 74 años;Total;1 de enero de 2016;35
02 Albacete;02005 Alborea;De 70 a 74 años;Total;1 de enero de 2015;38
02 Albacete;02005 Alborea;De 70 a 74 años;Total;1 de enero de 2014;34
02 Albacete;02005 Alborea;De 70 a 74 años;Total;1 de enero de 2013;28
02 Albacete;02005 Alborea;De 70 a 74 años;Total;1 de enero de 2012;46
02 Albacete;02005 Alborea;De 70 a 74 años;Total;1 de enero de 2011;50
02 Albacete;02005 Alborea;De 70 a 74 años;Total;1 de enero de 2010;45
02 Albacete;02005 Alborea;De 75 a 79 años;Total;1 de enero de 2022;30
02 Albacete;02005 Alborea;De 75 a 79 años;Total;1 de enero de 2021;31
02 Albacete;02005 Alborea;De 75 a 79 años;Total;1 de enero de 2020;30
02 Albacete;02005 Alborea;De 75 a 79 años;Total;1 de enero de 2019;31
02 Albacete;02005 Alborea;De 75 a 79 años;Total;1 de enero de 2018;24
02 Albacete;02005 Alborea;De 75 a 79 años;Total;1 de enero de 2017;39
02 Albacete;02005 Alborea;De 75 a 79 años;Total;1 de enero de 2016;42
02 Albacete;02005 Alborea;De 75 a 79 años;Total;1 de enero de 2015;40
02 Albacete;02005 Alborea;De 75 a 79 años;Total;1 de enero de 2014;48
02 Albacete;02005 Alborea;De 75 a 79 años;Total;1 de enero de 2013;59
02 Albacete;02005 Alborea;De 75 a 79 años;Total;1 de enero de 2012;49
02 Albacete;02005 Alborea;De 75 a 79 años;Total;1 de enero de 2011;60
02 Albacete;02005 Alborea;De 75 a 79 años;Total;1 de enero de 2010;64
02 Albacete;02005 Alborea;De 80 a 84 años;Total;1 de enero de 2022;31
02 Albacete;02005 Alborea;De 80 a 84 años;Total;1 de enero de 2021;35
02 Albacete;02005 Alborea;De 80 a 84 años;Total;1 de enero de 2020;33
02 Albacete;02005 Alborea;De 80 a 84 años;Total;1 de enero de 2019;36
02 Albacete;02005 Alborea;De 80 a 84 años;Total;1 de enero de 2018;48
02 Albacete;02005 Alborea;De 80 a 84 años;Total;1 de enero de 2017;39
02 Albacete;02005 Alborea;De 80 a 84 años;Total;1 de enero de 2016;51
02 Albacete;02005 Alborea;De 80 a 84 años;Total;1 de enero de 2015;55
02 Albacete;02005 Alborea;De 80 a 84 años;Total;1 de enero de 2014;56
02 Albacete;02005 Alborea;De 80 a 84 años;Total;1 de enero de 2013;49
02 Albacete;02005 Alborea;De 80 a 84 años;Total;1 de enero de 2012;53
02 Albacete;02005 Alborea;De 80 a 84 años;Total;1 de enero de 2011;44
02 Albacete;02005 Alborea;De 80 a 84 años;Total;1 de enero de 2010;39
02 Albacete;02005 Alborea;De 85 a 89 años;Total;1 de enero de 2022;31
02 Albacete;02005 Alborea;De 85 a 89 años;Total;1 de enero de 2021;34
02 Albacete;02005 Alborea;De 85 a 89 años;Total;1 de enero de 2020;39
02 Albacete;02005 Alborea;De 85 a 89 años;Total;1 de enero de 2019;41
02 Albacete;02005 Alborea;De 85 a 89 años;Total;1 de enero de 2018;34
02 Albacete;02005 Alborea;De 85 a 89 años;Total;1 de enero de 2017;37
02 Albacete;02005 Alborea;De 85 a 89 años;Total;1 de enero de 2016;32
02 Albacete;02005 Alborea;De 85 a 89 años;Total;1 de enero de 2015;26
02 Albacete;02005 Alborea;De 85 a 89 años;Total;1 de enero de 2014;24
02 Albacete;02005 Alborea;De 85 a 89 años;Total;1 de enero de 2013;21
02 Albacete;02005 Alborea;De 85 a 89 años;Total;1 de enero de 2012;21
02 Albacete;02005 Alborea;De 85 a 89 años;Total;1 de enero de 2011;23
02 Albacete;02005 Alborea;De 85 a 89 años;Total;1 de enero de 2010;25
02 Albacete;02005 Alborea;De 90 a 94 años;Total;1 de enero de 2022;15
02 Albacete;02005 Alborea;De 90 a 94 años;Total;1 de enero de 2021;15
02 Albacete;02005 Alborea;De 90 a 94 años;Total;1 de enero de 2020;12
02 Albacete;02005 Alborea;De 90 a 94 años;Total;1 de enero de 2019;13
02 Albacete;02005 Alborea;De 90 a 94 años;Total;1 de enero de 2018;12
02 Albacete;02005 Alborea;De 90 a 94 años;Total;1 de enero de 2017;12
02 Albacete;02005 Alborea;De 90 a 94 años;Total;1 de enero de 2016;10
02 Albacete;02005 Alborea;De 90 a 94 años;Total;1 de enero de 2015;12
02 Albacete;02005 Alborea;De 90 a 94 años;Total;1 de enero de 2014;9
02 Albacete;02005 Alborea;De 90 a 94 años;Total;1 de enero de 2013;11
02 Albacete;02005 Alborea;De 90 a 94 años;Total;1 de enero de 2012;9
02 Albacete;02005 Alborea;De 90 a 94 años;Total;1 de enero de 2011;9
02 Albacete;02005 Alborea;De 90 a 94 años;Total;1 de enero de 2010;9
02 Albacete;02005 Alborea;De 95 a 99 años;Total;1 de enero de 2022;2
02 Albacete;02005 Alborea;De 95 a 99 años;Total;1 de enero de 2021;3
02 Albacete;02005 Alborea;De 95 a 99 años;Total;1 de enero de 2020;3
02 Albacete;02005 Alborea;De 95 a 99 años;Total;1 de enero de 2019;2
02 Albacete;02005 Alborea;De 95 a 99 años;Total;1 de enero de 2018;3
02 Albacete;02005 Alborea;De 95 a 99 años;Total;1 de enero de 2017;4
02 Albacete;02005 Alborea;De 95 a 99 años;Total;1 de enero de 2016;2
02 Albacete;02005 Alborea;De 95 a 99 años;Total;1 de enero de 2015;1
02 Albacete;02005 Alborea;De 95 a 99 años;Total;1 de enero de 2014;5
02 Albacete;02005 Alborea;De 95 a 99 años;Total;1 de enero de 2013;4
02 Albacete;02005 Alborea;De 95 a 99 años;Total;1 de enero de 2012;5
02 Albacete;02005 Alborea;De 95 a 99 años;Total;1 de enero de 2011;3
02 Albacete;02005 Alborea;De 95 a 99 años;Total;1 de enero de 2010;3
02 Albacete;02005 Alborea;100 y más años;Total;1 de enero de 2022;1
02 Albacete;02005 Alborea;100 y más años;Total;1 de enero de 2021;0
02 Albacete;02005 Alborea;100 y más años;Total;1 de enero de 2020;1
02 Albacete;02005 Alborea;100 y más años;Total;1 de enero de 2019;1
02 Albacete;02005 Alborea;100 y más años;Total;1 de enero de 2018;0
02 Albacete;02005 Alborea;100 y más años;Total;1 de enero de 2017;0
02 Albacete;02005 Alborea;100 y más años;Total;1 de enero de 2016;0
02 Albacete;02005 Alborea;100 y más años;Total;1 de enero de 2015;1
02 Albacete;02005 Alborea;100 y más años;Total;1 de enero de 2014;0
02 Albacete;02005 Alborea;100 y más años;Total;1 de enero de 2013;0
02 Albacete;02005 Alborea;100 y más años;Total;1 de enero de 2012;0
02 Albacete;02005 Alborea;100 y más años;Total;1 de enero de 2011;0
02 Albacete;02005 Alborea;100 y más años;Total;1 de enero de 2010;0
02 Albacete;02006 Alcadozo;De 0 a 4 años;Total;1 de enero de 2022;13
02 Albacete;02006 Alcadozo;De 0 a 4 años;Total;1 de enero de 2021;15
02 Albacete;02006 Alcadozo;De 0 a 4 años;Total;1 de enero de 2020;16
02 Albacete;02006 Alcadozo;De 0 a 4 años;Total;1 de enero de 2019;18
02 Albacete;02006 Alcadozo;De 0 a 4 años;Total;1 de enero de 2018;16
02 Albacete;02006 Alcadozo;De 0 a 4 años;Total;1 de enero de 2017;16
02 Albacete;02006 Alcadozo;De 0 a 4 años;Total;1 de enero de 2016;19
02 Albacete;02006 Alcadozo;De 0 a 4 años;Total;1 de enero de 2015;20
02 Albacete;02006 Alcadozo;De 0 a 4 años;Total;1 de enero de 2014;23
02 Albacete;02006 Alcadozo;De 0 a 4 años;Total;1 de enero de 2013;29
02 Albacete;02006 Alcadozo;De 0 a 4 años;Total;1 de enero de 2012;32
02 Albacete;02006 Alcadozo;De 0 a 4 años;Total;1 de enero de 2011;38
02 Albacete;02006 Alcadozo;De 0 a 4 años;Total;1 de enero de 2010;32
02 Albacete;02006 Alcadozo;De 5 a 9 años;Total;1 de enero de 2022;19
02 Albacete;02006 Alcadozo;De 5 a 9 años;Total;1 de enero de 2021;17
02 Albacete;02006 Alcadozo;De 5 a 9 años;Total;1 de enero de 2020;20
02 Albacete;02006 Alcadozo;De 5 a 9 años;Total;1 de enero de 2019;19
02 Albacete;02006 Alcadozo;De 5 a 9 años;Total;1 de enero de 2018;24
02 Albacete;02006 Alcadozo;De 5 a 9 años;Total;1 de enero de 2017;27
02 Albacete;02006 Alcadozo;De 5 a 9 años;Total;1 de enero de 2016;32
02 Albacete;02006 Alcadozo;De 5 a 9 años;Total;1 de enero de 2015;32
02 Albacete;02006 Alcadozo;De 5 a 9 años;Total;1 de enero de 2014;28
02 Albacete;02006 Alcadozo;De 5 a 9 años;Total;1 de enero de 2013;36
02 Albacete;02006 Alcadozo;De 5 a 9 años;Total;1 de enero de 2012;36
02 Albacete;02006 Alcadozo;De 5 a 9 años;Total;1 de enero de 2011;34
02 Albacete;02006 Alcadozo;De 5 a 9 años;Total;1 de enero de 2010;39
02 Albacete;02006 Alcadozo;De 10 a 14 años;Total;1 de enero de 2022;27
02 Albacete;02006 Alcadozo;De 10 a 14 años;Total;1 de enero de 2021;34
02 Albacete;02006 Alcadozo;De 10 a 14 años;Total;1 de enero de 2020;31
02 Albacete;02006 Alcadozo;De 10 a 14 años;Total;1 de enero de 2019;27
02 Albacete;02006 Alcadozo;De 10 a 14 años;Total;1 de enero de 2018;33
02 Albacete;02006 Alcadozo;De 10 a 14 años;Total;1 de enero de 2017;29
02 Albacete;02006 Alcadozo;De 10 a 14 años;Total;1 de enero de 2016;33
02 Albacete;02006 Alcadozo;De 10 a 14 años;Total;1 de enero de 2015;37
02 Albacete;02006 Alcadozo;De 10 a 14 años;Total;1 de enero de 2014;35
02 Albacete;02006 Alcadozo;De 10 a 14 años;Total;1 de enero de 2013;29
02 Albacete;02006 Alcadozo;De 10 a 14 años;Total;1 de enero de 2012;28
02 Albacete;02006 Alcadozo;De 10 a 14 años;Total;1 de enero de 2011;24
02 Albacete;02006 Alcadozo;De 10 a 14 años;Total;1 de enero de 2010;19
02 Albacete;02006 Alcadozo;De 65 a 69 años;Total;1 de enero de 2022;46
02 Albacete;02006 Alcadozo;De 65 a 69 años;Total;1 de enero de 2021;47
02 Albacete;02006 Alcadozo;De 65 a 69 años;Total;1 de enero de 2020;48
02 Albacete;02006 Alcadozo;De 65 a 69 años;Total;1 de enero de 2019;50
02 Albacete;02006 Alcadozo;De 65 a 69 años;Total;1 de enero de 2018;54
02 Albacete;02006 Alcadozo;De 65 a 69 años;Total;1 de enero de 2017;50
02 Albacete;02006 Alcadozo;De 65 a 69 años;Total;1 de enero de 2016;54
02 Albacete;02006 Alcadozo;De 65 a 69 años;Total;1 de enero de 2015;56
02 Albacete;02006 Alcadozo;De 65 a 69 años;Total;1 de enero de 2014;48
02 Albacete;02006 Alcadozo;De 65 a 69 años;Total;1 de enero de 2013;57
02 Albacete;02006 Alcadozo;De 65 a 69 años;Total;1 de enero de 2012;50
02 Albacete;02006 Alcadozo;De 65 a 69 años;Total;1 de enero de 2011;44
02 Albacete;02006 Alcadozo;De 65 a 69 años;Total;1 de enero de 2010;47
02 Albacete;02006 Alcadozo;De 70 a 74 años;Total;1 de enero de 2022;47
02 Albacete;02006 Alcadozo;De 70 a 74 años;Total;1 de enero de 2021;52
02 Albacete;02006 Alcadozo;De 70 a 74 años;Total;1 de enero de 2020;55
02 Albacete;02006 Alcadozo;De 70 a 74 años;Total;1 de enero de 2019;49
02 Albacete;02006 Alcadozo;De 70 a 74 años;Total;1 de enero de 2018;51
02 Albacete;02006 Alcadozo;De 70 a 74 años;Total;1 de enero de 2017;45
02 Albacete;02006 Alcadozo;De 70 a 74 años;Total;1 de enero de 2016;42
02 Albacete;02006 Alcadozo;De 70 a 74 años;Total;1 de enero de 2015;45
02 Albacete;02006 Alcadozo;De 70 a 74 años;Total;1 de enero de 2014;48
02 Albacete;02006 Alcadozo;De 70 a 74 años;Total;1 de enero de 2013;42
02 Albacete;02006 Alcadozo;De 70 a 74 años;Total;1 de enero de 2012;53
02 Albacete;02006 Alcadozo;De 70 a 74 años;Total;1 de enero de 2011;55
02 Albacete;02006 Alcadozo;De 70 a 74 años;Total;1 de enero de 2010;57
02 Albacete;02006 Alcadozo;De 75 a 79 años;Total;1 de enero de 2022;37
02 Albacete;02006 Alcadozo;De 75 a 79 años;Total;1 de enero de 2021;33
02 Albacete;02006 Alcadozo;De 75 a 79 años;Total;1 de enero de 2020;38
02 Albacete;02006 Alcadozo;De 75 a 79 años;Total;1 de enero de 2019;39
02 Albacete;02006 Alcadozo;De 75 a 79 años;Total;1 de enero de 2018;39
02 Albacete;02006 Alcadozo;De 75 a 79 años;Total;1 de enero de 2017;50
02 Albacete;02006 Alcadozo;De 75 a 79 años;Total;1 de enero de 2016;51
02 Albacete;02006 Alcadozo;De 75 a 79 años;Total;1 de enero de 2015;51
02 Albacete;02006 Alcadozo;De 75 a 79 años;Total;1 de enero de 2014;50
02 Albacete;02006 Alcadozo;De 75 a 79 años;Total;1 de enero de 2013;52
02 Albacete;02006 Alcadozo;De 75 a 79 años;Total;1 de enero de 2012;46
02 Albacete;02006 Alcadozo;De 75 a 79 años;Total;1 de enero de 2011;53
02 Albacete;02006 Alcadozo;De 75 a 79 años;Total;1 de enero de 2010;50
02 Albacete;02006 Alcadozo;De 80 a 84 años;Total;1 de enero de 2022;34
02 Albacete;02006 Alcadozo;De 80 a 84 años;Total;1 de enero de 2021;37
02 Albacete;02006 Alcadozo;De 80 a 84 años;Total;1 de enero de 2020;34
02 Albacete;02006 Alcadozo;De 80 a 84 años;Total;1 de enero de 2019;35
02 Albacete;02006 Alcadozo;De 80 a 84 años;Total;1 de enero de 2018;39
02 Albacete;02006 Alcadozo;De 80 a 84 años;Total;1 de enero de 2017;35
02 Albacete;02006 Alcadozo;De 80 a 84 años;Total;1 de enero de 2016;36
02 Albacete;02006 Alcadozo;De 80 a 84 años;Total;1 de enero de 2015;37
02 Albacete;02006 Alcadozo;De 80 a 84 años;Total;1 de enero de 2014;38
02 Albacete;02006 Alcadozo;De 80 a 84 años;Total;1 de enero de 2013;38
02 Albacete;02006 Alcadozo;De 80 a 84 años;Total;1 de enero de 2012;38
02 Albacete;02006 Alcadozo;De 80 a 84 años;Total;1 de enero de 2011;35
02 Albacete;02006 Alcadozo;De 80 a 84 años;Total;1 de enero de 2010;36
02 Albacete;02006 Alcadozo;De 85 a 89 años;Total;1 de enero de 2022;22
02 Albacete;02006 Alcadozo;De 85 a 89 años;Total;1 de enero de 2021;20
02 Albacete;02006 Alcadozo;De 85 a 89 años;Total;1 de enero de 2020;19
02 Albacete;02006 Alcadozo;De 85 a 89 años;Total;1 de enero de 2019;25
02 Albacete;02006 Alcadozo;De 85 a 89 años;Total;1 de enero de 2018;25
02 Albacete;02006 Alcadozo;De 85 a 89 años;Total;1 de enero de 2017;24
02 Albacete;02006 Alcadozo;De 85 a 89 años;Total;1 de enero de 2016;26
02 Albacete;02006 Alcadozo;De 85 a 89 años;Total;1 de enero de 2015;24
02 Albacete;02006 Alcadozo;De 85 a 89 años;Total;1 de enero de 2014;20
02 Albacete;02006 Alcadozo;De 85 a 89 años;Total;1 de enero de 2013;18
02 Albacete;02006 Alcadozo;De 85 a 89 años;Total;1 de enero de 2012;19
02 Albacete;02006 Alcadozo;De 85 a 89 años;Total;1 de enero de 2011;18
02 Albacete;02006 Alcadozo;De 85 a 89 años;Total;1 de enero de 2010;16
02 Albacete;02006 Alcadozo;De 90 a 94 años;Total;1 de enero de 2022;10
02 Albacete;02006 Alcadozo;De 90 a 94 años;Total;1 de enero de 2021;10
02 Albacete;02006 Alcadozo;De 90 a 94 años;Total;1 de enero de 2020;9
02 Albacete;02006 Alcadozo;De 90 a 94 años;Total;1 de enero de 2019;10
02 Albacete;02006 Alcadozo;De 90 a 94 años;Total;1 de enero de 2018;9
02 Albacete;02006 Alcadozo;De 90 a 94 años;Total;1 de enero de 2017;8
02 Albacete;02006 Alcadozo;De 90 a 94 años;Total;1 de enero de 2016;4
02 Albacete;02006 Alcadozo;De 90 a 94 años;Total;1 de enero de 2015;5
02 Albacete;02006 Alcadozo;De 90 a 94 años;Total;1 de enero de 2014;7
02 Albacete;02006 Alcadozo;De 90 a 94 años;Total;1 de enero de 2013;8
02 Albacete;02006 Alcadozo;De 90 a 94 años;Total;1 de enero de 2012;10
02 Albacete;02006 Alcadozo;De 90 a 94 años;Total;1 de enero de 2011;7
02 Albacete;02006 Alcadozo;De 90 a 94 años;Total;1 de enero de 2010;7
02 Albacete;02006 Alcadozo;De 95 a 99 años;Total;1 de enero de 2022;1
02 Albacete;02006 Alcadozo;De 95 a 99 años;Total;1 de enero de 2021;2
02 Albacete;02006 Alcadozo;De 95 a 99 años;Total;1 de enero de 2020;2
02 Albacete;02006 Alcadozo;De 95 a 99 años;Total;1 de enero de 2019;2
02 Albacete;02006 Alcadozo;De 95 a 99 años;Total;1 de enero de 2018;4
02 Albacete;02006 Alcadozo;De 95 a 99 años;Total;1 de enero de 2017;3
02 Albacete;02006 Alcadozo;De 95 a 99 años;Total;1 de enero de 2016;2
02 Albacete;02006 Alcadozo;De 95 a 99 años;Total;1 de enero de 2015;2
02 Albacete;02006 Alcadozo;De 95 a 99 años;Total;1 de enero de 2014;2
02 Albacete;02006 Alcadozo;De 95 a 99 años;Total;1 de enero de 2013;1
02 Albacete;02006 Alcadozo;De 95 a 99 años;Total;1 de enero de 2012;1
02 Albacete;02006 Alcadozo;De 95 a 99 años;Total;1 de enero de 2011;3
02 Albacete;02006 Alcadozo;De 95 a 99 años;Total;1 de enero de 2010;2
02 Albacete;02006 Alcadozo;100 y más años;Total;1 de enero de 2022;0
02 Albacete;02006 Alcadozo;100 y más años;Total;1 de enero de 2021;0
02 Albacete;02006 Alcadozo;100 y más años;Total;1 de enero de 2020;0
02 Albacete;02006 Alcadozo;100 y más años;Total;1 de enero de 2019;0
02 Albacete;02006 Alcadozo;100 y más años;Total;1 de enero de 2018;0
02 Albacete;02006 Alcadozo;100 y más años;Total;1 de enero de 2017;0
02 Albacete;02006 Alcadozo;100 y más años;Total;1 de enero de 2016;0
02 Albacete;02006 Alcadozo;100 y más años;Total;1 de enero de 2015;0
02 Albacete;02006 Alcadozo;100 y más años;Total;1 de enero de 2014;0
02 Albacete;02006 Alcadozo;100 y más años;Total;1 de enero de 2013;0
02 Albacete;02006 Alcadozo;100 y más años;Total;1 de enero de 2012;0
02 Albacete;02006 Alcadozo;100 y más años;Total;1 de enero de 2011;0
02 Albacete;02006 Alcadozo;100 y más años;Total;1 de enero de 2010;0
02 Albacete;02007 Alcalá del Júcar;De 0 a 4 años;Total;1 de enero de 2022;27
02 Albacete;02007 Alcalá del Júcar;De 0 a 4 años;Total;1 de enero de 2021;32
02 Albacete;02007 Alcalá del Júcar;De 0 a 4 años;Total;1 de enero de 2020;38
02 Albacete;02007 Alcalá del Júcar;De 0 a 4 años;Total;1 de enero de 2019;28
02 Albacete;02007 Alcalá del Júcar;De 0 a 4 años;Total;1 de enero de 2018;31
02 Albacete;02007 Alcalá del Júcar;De 0 a 4 años;Total;1 de enero de 2017;34
02 Albacete;02007 Alcalá del Júcar;De 0 a 4 años;Total;1 de enero de 2016;45
02 Albacete;02007 Alcalá del Júcar;De 0 a 4 años;Total;1 de enero de 2015;43
02 Albacete;02007 Alcalá del Júcar;De 0 a 4 años;Total;1 de enero de 2014;46
02 Albacete;02007 Alcalá del Júcar;De 0 a 4 años;Total;1 de enero de 2013;43
02 Albacete;02007 Alcalá del Júcar;De 0 a 4 años;Total;1 de enero de 2012;40
02 Albacete;02007 Alcalá del Júcar;De 0 a 4 años;Total;1 de enero de 2011;38
02 Albacete;02007 Alcalá del Júcar;De 0 a 4 años;Total;1 de enero de 2010;39
02 Albacete;02007 Alcalá del Júcar;De 5 a 9 años;Total;1 de enero de 2022;34
02 Albacete;02007 Alcalá del Júcar;De 5 a 9 años;Total;1 de enero de 2021;35
02 Albacete;02007 Alcalá del Júcar;De 5 a 9 años;Total;1 de enero de 2020;35
02 Albacete;02007 Alcalá del Júcar;De 5 a 9 años;Total;1 de enero de 2019;38
02 Albacete;02007 Alcalá del Júcar;De 5 a 9 años;Total;1 de enero de 2018;38
02 Albacete;02007 Alcalá del Júcar;De 5 a 9 años;Total;1 de enero de 2017;38
02 Albacete;02007 Alcalá del Júcar;De 5 a 9 años;Total;1 de enero de 2016;30
02 Albacete;02007 Alcalá del Júcar;De 5 a 9 años;Total;1 de enero de 2015;31
02 Albacete;02007 Alcalá del Júcar;De 5 a 9 años;Total;1 de enero de 2014;28
02 Albacete;02007 Alcalá del Júcar;De 5 a 9 años;Total;1 de enero de 2013;28
02 Albacete;02007 Alcalá del Júcar;De 5 a 9 años;Total;1 de enero de 2012;32
02 Albacete;02007 Alcalá del Júcar;De 5 a 9 años;Total;1 de enero de 2011;32
02 Albacete;02007 Alcalá del Júcar;De 5 a 9 años;Total;1 de enero de 2010;31
02 Albacete;02007 Alcalá del Júcar;De 10 a 14 años;Total;1 de enero de 2022;31
02 Albacete;02007 Alcalá del Júcar;De 10 a 14 años;Total;1 de enero de 2021;20
02 Albacete;02007 Alcalá del Júcar;De 10 a 14 años;Total;1 de enero de 2020;29
02 Albacete;02007 Alcalá del Júcar;De 10 a 14 años;Total;1 de enero de 2019;21
02 Albacete;02007 Alcalá del Júcar;De 10 a 14 años;Total;1 de enero de 2018;25
02 Albacete;02007 Alcalá del Júcar;De 10 a 14 años;Total;1 de enero de 2017;27
02 Albacete;02007 Alcalá del Júcar;De 10 a 14 años;Total;1 de enero de 2016;33
02 Albacete;02007 Alcalá del Júcar;De 10 a 14 años;Total;1 de enero de 2015;30
02 Albacete;02007 Alcalá del Júcar;De 10 a 14 años;Total;1 de enero de 2014;37
02 Albacete;02007 Alcalá del Júcar;De 10 a 14 años;Total;1 de enero de 2013;36
02 Albacete;02007 Alcalá del Júcar;De 10 a 14 años;Total;1 de enero de 2012;38
02 Albacete;02007 Alcalá del Júcar;De 10 a 14 años;Total;1 de enero de 2011;42
02 Albacete;02007 Alcalá del Júcar;De 10 a 14 años;Total;1 de enero de 2010;51
02 Albacete;02007 Alcalá del Júcar;De 65 a 69 años;Total;1 de enero de 2022;81
02 Albacete;02007 Alcalá del Júcar;De 65 a 69 años;Total;1 de enero de 2021;82
02 Albacete;02007 Alcalá del Júcar;De 65 a 69 años;Total;1 de enero de 2020;77
02 Albacete;02007 Alcalá del Júcar;De 65 a 69 años;Total;1 de enero de 2019;73
02 Albacete;02007 Alcalá del Júcar;De 65 a 69 años;Total;1 de enero de 2018;72
02 Albacete;02007 Alcalá del Júcar;De 65 a 69 años;Total;1 de enero de 2017;70
02 Albacete;02007 Alcalá del Júcar;De 65 a 69 años;Total;1 de enero de 2016;71
02 Albacete;02007 Alcalá del Júcar;De 65 a 69 años;Total;1 de enero de 2015;75
02 Albacete;02007 Alcalá del Júcar;De 65 a 69 años;Total;1 de enero de 2014;81
02 Albacete;02007 Alcalá del Júcar;De 65 a 69 años;Total;1 de enero de 2013;76
02 Albacete;02007 Alcalá del Júcar;De 65 a 69 años;Total;1 de enero de 2012;85
02 Albacete;02007 Alcalá del Júcar;De 65 a 69 años;Total;1 de enero de 2011;86
02 Albacete;02007 Alcalá del Júcar;De 65 a 69 años;Total;1 de enero de 2010;94
02 Albacete;02007 Alcalá del Júcar;De 70 a 74 años;Total;1 de enero de 2022;67
02 Albacete;02007 Alcalá del Júcar;De 70 a 74 años;Total;1 de enero de 2021;69
02 Albacete;02007 Alcalá del Júcar;De 70 a 74 años;Total;1 de enero de 2020;70
02 Albacete;02007 Alcalá del Júcar;De 70 a 74 años;Total;1 de enero de 2019;73
02 Albacete;02007 Alcalá del Júcar;De 70 a 74 años;Total;1 de enero de 2018;74
02 Albacete;02007 Alcalá del Júcar;De 70 a 74 años;Total;1 de enero de 2017;75
02 Albacete;02007 Alcalá del Júcar;De 70 a 74 años;Total;1 de enero de 2016;78
02 Albacete;02007 Alcalá del Júcar;De 70 a 74 años;Total;1 de enero de 2015;86
02 Albacete;02007 Alcalá del Júcar;De 70 a 74 años;Total;1 de enero de 2014;82
02 Albacete;02007 Alcalá del Júcar;De 70 a 74 años;Total;1 de enero de 2013;87
02 Albacete;02007 Alcalá del Júcar;De 70 a 74 años;Total;1 de enero de 2012;93
02 Albacete;02007 Alcalá del Júcar;De 70 a 74 años;Total;1 de enero de 2011;85
02 Albacete;02007 Alcalá del Júcar;De 70 a 74 años;Total;1 de enero de 2010;86
02 Albacete;02007 Alcalá del Júcar;De 75 a 79 años;Total;1 de enero de 2022;68
02 Albacete;02007 Alcalá del Júcar;De 75 a 79 años;Total;1 de enero de 2021;71
02 Albacete;02007 Alcalá del Júcar;De 75 a 79 años;Total;1 de enero de 2020;71
02 Albacete;02007 Alcalá del Júcar;De 75 a 79 años;Total;1 de enero de 2019;68
02 Albacete;02007 Alcalá del Júcar;De 75 a 79 años;Total;1 de enero de 2018;79
02 Albacete;02007 Alcalá del Júcar;De 75 a 79 años;Total;1 de enero de 2017;81
02 Albacete;02007 Alcalá del Júcar;De 75 a 79 años;Total;1 de enero de 2016;79
02 Albacete;02007 Alcalá del Júcar;De 75 a 79 años;Total;1 de enero de 2015;73
02 Albacete;02007 Alcalá del Júcar;De 75 a 79 años;Total;1 de enero de 2014;80
02 Albacete;02007 Alcalá del Júcar;De 75 a 79 años;Total;1 de enero de 2013;87
02 Albacete;02007 Alcalá del Júcar;De 75 a 79 años;Total;1 de enero de 2012;79
02 Albacete;02007 Alcalá del Júcar;De 75 a 79 años;Total;1 de enero de 2011;95
02 Albacete;02007 Alcalá del Júcar;De 75 a 79 años;Total;1 de enero de 2010;109
02 Albacete;02007 Alcalá del Júcar;De 80 a 84 años;Total;1 de enero de 2022;65
02 Albacete;02007 Alcalá del Júcar;De 80 a 84 años;Total;1 de enero de 2021;66
02 Albacete;02007 Alcalá del Júcar;De 80 a 84 años;Total;1 de enero de 2020;68
02 Albacete;02007 Alcalá del Júcar;De 80 a 84 años;Total;1 de enero de 2019;70
02 Albacete;02007 Alcalá del Júcar;De 80 a 84 años;Total;1 de enero de 2018;71
02 Albacete;02007 Alcalá del Júcar;De 80 a 84 años;Total;1 de enero de 2017;59
02 Albacete;02007 Alcalá del Júcar;De 80 a 84 años;Total;1 de enero de 2016;69
02 Albacete;02007 Alcalá del Júcar;De 80 a 84 años;Total;1 de enero de 2015;83
02 Albacete;02007 Alcalá del Júcar;De 80 a 84 años;Total;1 de enero de 2014;95
02 Albacete;02007 Alcalá del Júcar;De 80 a 84 años;Total;1 de enero de 2013;89
02 Albacete;02007 Alcalá del Júcar;De 80 a 84 años;Total;1 de enero de 2012;101
02 Albacete;02007 Alcalá del Júcar;De 80 a 84 años;Total;1 de enero de 2011;102
02 Albacete;02007 Alcalá del Júcar;De 80 a 84 años;Total;1 de enero de 2010;93
02 Albacete;02007 Alcalá del Júcar;De 85 a 89 años;Total;1 de enero de 2022;40
02 Albacete;02007 Alcalá del Júcar;De 85 a 89 años;Total;1 de enero de 2021;41
02 Albacete;02007 Alcalá del Júcar;De 85 a 89 años;Total;1 de enero de 2020;50
02 Albacete;02007 Alcalá del Júcar;De 85 a 89 años;Total;1 de enero de 2019;62
02 Albacete;02007 Alcalá del Júcar;De 85 a 89 años;Total;1 de enero de 2018;58
02 Albacete;02007 Alcalá del Júcar;De 85 a 89 años;Total;1 de enero de 2017;63
02 Albacete;02007 Alcalá del Júcar;De 85 a 89 años;Total;1 de enero de 2016;59
02 Albacete;02007 Alcalá del Júcar;De 85 a 89 años;Total;1 de enero de 2015;57
02 Albacete;02007 Alcalá del Júcar;De 85 a 89 años;Total;1 de enero de 2014;58
02 Albacete;02007 Alcalá del Júcar;De 85 a 89 años;Total;1 de enero de 2013;69
02 Albacete;02007 Alcalá del Júcar;De 85 a 89 años;Total;1 de enero de 2012;66
02 Albacete;02007 Alcalá del Júcar;De 85 a 89 años;Total;1 de enero de 2011;57
02 Albacete;02007 Alcalá del Júcar;De 85 a 89 años;Total;1 de enero de 2010;55
02 Albacete;02007 Alcalá del Júcar;De 90 a 94 años;Total;1 de enero de 2022;30
02 Albacete;02007 Alcalá del Júcar;De 90 a 94 años;Total;1 de enero de 2021;30
02 Albacete;02007 Alcalá del Júcar;De 90 a 94 años;Total;1 de enero de 2020;27
02 Albacete;02007 Alcalá del Júcar;De 90 a 94 años;Total;1 de enero de 2019;21
02 Albacete;02007 Alcalá del Júcar;De 90 a 94 años;Total;1 de enero de 2018;32
02 Albacete;02007 Alcalá del Júcar;De 90 a 94 años;Total;1 de enero de 2017;27
02 Albacete;02007 Alcalá del Júcar;De 90 a 94 años;Total;1 de enero de 2016;27
02 Albacete;02007 Alcalá del Júcar;De 90 a 94 años;Total;1 de enero de 2015;28
02 Albacete;02007 Alcalá del Júcar;De 90 a 94 años;Total;1 de enero de 2014;24
02 Albacete;02007 Alcalá del Júcar;De 90 a 94 años;Total;1 de enero de 2013;19
02 Albacete;02007 Alcalá del Júcar;De 90 a 94 años;Total;1 de enero de 2012;17
02 Albacete;02007 Alcalá del Júcar;De 90 a 94 años;Total;1 de enero de 2011;17
02 Albacete;02007 Alcalá del Júcar;De 90 a 94 años;Total;1 de enero de 2010;20
02 Albacete;02007 Alcalá del Júcar;De 95 a 99 años;Total;1 de enero de 2022;13
02 Albacete;02007 Alcalá del Júcar;De 95 a 99 años;Total;1 de enero de 2021;9
02 Albacete;02007 Alcalá del Júcar;De 95 a 99 años;Total;1 de enero de 2020;8
02 Albacete;02007 Alcalá del Júcar;De 95 a 99 años;Total;1 de enero de 2019;8
02 Albacete;02007 Alcalá del Júcar;De 95 a 99 años;Total;1 de enero de 2018;3
02 Albacete;02007 Alcalá del Júcar;De 95 a 99 años;Total;1 de enero de 2017;3
02 Albacete;02007 Alcalá del Júcar;De 95 a 99 años;Total;1 de enero de 2016;4
02 Albacete;02007 Alcalá del Júcar;De 95 a 99 años;Total;1 de enero de 2015;6
02 Albacete;02007 Alcalá del Júcar;De 95 a 99 años;Total;1 de enero de 2014;6
02 Albacete;02007 Alcalá del Júcar;De 95 a 99 años;Total;1 de enero de 2013;4
02 Albacete;02007 Alcalá del Júcar;De 95 a 99 años;Total;1 de enero de 2012;5
02 Albacete;02007 Alcalá del Júcar;De 95 a 99 años;Total;1 de enero de 2011;2
02 Albacete;02007 Alcalá del Júcar;De 95 a 99 años;Total;1 de enero de 2010;2
02 Albacete;02007 Alcalá del Júcar;100 y más años;Total;1 de enero de 2022;0
02 Albacete;02007 Alcalá del Júcar;100 y más años;Total;1 de enero de 2021;0
02 Albacete;02007 Alcalá del Júcar;100 y más años;Total;1 de enero de 2020;0
02 Albacete;02007 Alcalá del Júcar;100 y más años;Total;1 de enero de 2019;0
02 Albacete;02007 Alcalá del Júcar;100 y más años;Total;1 de enero de 2018;0
02 Albacete;02007 Alcalá del Júcar;100 y más años;Total;1 de enero de 2017;1
02 Albacete;02007 Alcalá del Júcar;100 y más años;Total;1 de enero de 2016;3
02 Albacete;02007 Alcalá del Júcar;100 y más años;Total;1 de enero de 2015;1
02 Albacete;02007 Alcalá del Júcar;100 y más años;Total;1 de enero de 2014;1
02 Albacete;02007 Alcalá del Júcar;100 y más años;Total;1 de enero de 2013;0
02 Albacete;02007 Alcalá del Júcar;100 y más años;Total;1 de enero de 2012;0
02 Albacete;02007 Alcalá del Júcar;100 y más años;Total;1 de enero de 2011;0
02 Albacete;02007 Alcalá del Júcar;100 y más años;Total;1 de enero de 2010;1
02 Albacete;02008 Alcaraz;De 0 a 4 años;Total;1 de enero de 2022;42
02 Albacete;02008 Alcaraz;De 0 a 4 años;Total;1 de enero de 2021;45
02 Albacete;02008 Alcaraz;De 0 a 4 años;Total;1 de enero de 2020;50
02 Albacete;02008 Alcaraz;De 0 a 4 años;Total;1 de enero de 2019;48
02 Albacete;02008 Alcaraz;De 0 a 4 años;Total;1 de enero de 2018;55
02 Albacete;02008 Alcaraz;De 0 a 4 años;Total;1 de enero de 2017;57
02 Albacete;02008 Alcaraz;De 0 a 4 años;Total;1 de enero de 2016;53
02 Albacete;02008 Alcaraz;De 0 a 4 años;Total;1 de enero de 2015;51
02 Albacete;02008 Alcaraz;De 0 a 4 años;Total;1 de enero de 2014;47
02 Albacete;02008 Alcaraz;De 0 a 4 años;Total;1 de enero de 2013;48
02 Albacete;02008 Alcaraz;De 0 a 4 años;Total;1 de enero de 2012;59
02 Albacete;02008 Alcaraz;De 0 a 4 años;Total;1 de enero de 2011;61
02 Albacete;02008 Alcaraz;De 0 a 4 años;Total;1 de enero de 2010;73
02 Albacete;02008 Alcaraz;De 5 a 9 años;Total;1 de enero de 2022;55
02 Albacete;02008 Alcaraz;De 5 a 9 años;Total;1 de enero de 2021;53
02 Albacete;02008 Alcaraz;De 5 a 9 años;Total;1 de enero de 2020;47
02 Albacete;02008 Alcaraz;De 5 a 9 años;Total;1 de enero de 2019;46
02 Albacete;02008 Alcaraz;De 5 a 9 años;Total;1 de enero de 2018;57
02 Albacete;02008 Alcaraz;De 5 a 9 años;Total;1 de enero de 2017;57
02 Albacete;02008 Alcaraz;De 5 a 9 años;Total;1 de enero de 2016;69
02 Albacete;02008 Alcaraz;De 5 a 9 años;Total;1 de enero de 2015;73
02 Albacete;02008 Alcaraz;De 5 a 9 años;Total;1 de enero de 2014;72
02 Albacete;02008 Alcaraz;De 5 a 9 años;Total;1 de enero de 2013;69
02 Albacete;02008 Alcaraz;De 5 a 9 años;Total;1 de enero de 2012;76
02 Albacete;02008 Alcaraz;De 5 a 9 años;Total;1 de enero de 2011;67
02 Albacete;02008 Alcaraz;De 5 a 9 años;Total;1 de enero de 2010;69
02 Albacete;02008 Alcaraz;De 10 a 14 años;Total;1 de enero de 2022;55
02 Albacete;02008 Alcaraz;De 10 a 14 años;Total;1 de enero de 2021;61
02 Albacete;02008 Alcaraz;De 10 a 14 años;Total;1 de enero de 2020;65
02 Albacete;02008 Alcaraz;De 10 a 14 años;Total;1 de enero de 2019;73
02 Albacete;02008 Alcaraz;De 10 a 14 años;Total;1 de enero de 2018;68
02 Albacete;02008 Alcaraz;De 10 a 14 años;Total;1 de enero de 2017;68
02 Albacete;02008 Alcaraz;De 10 a 14 años;Total;1 de enero de 2016;63
02 Albacete;02008 Alcaraz;De 10 a 14 años;Total;1 de enero de 2015;67
02 Albacete;02008 Alcaraz;De 10 a 14 años;Total;1 de enero de 2014;63
02 Albacete;02008 Alcaraz;De 10 a 14 años;Total;1 de enero de 2013;62
02 Albacete;02008 Alcaraz;De 10 a 14 años;Total;1 de enero de 2012;55
02 Albacete;02008 Alcaraz;De 10 a 14 años;Total;1 de enero de 2011;59
02 Albacete;02008 Alcaraz;De 10 a 14 años;Total;1 de enero de 2010;60
02 Albacete;02008 Alcaraz;De 65 a 69 años;Total;1 de enero de 2022;68
02 Albacete;02008 Alcaraz;De 65 a 69 años;Total;1 de enero de 2021;69
02 Albacete;02008 Alcaraz;De 65 a 69 años;Total;1 de enero de 2020;69
02 Albacete;02008 Alcaraz;De 65 a 69 años;Total;1 de enero de 2019;75
02 Albacete;02008 Alcaraz;De 65 a 69 años;Total;1 de enero de 2018;77
02 Albacete;02008 Alcaraz;De 65 a 69 años;Total;1 de enero de 2017;85
02 Albacete;02008 Alcaraz;De 65 a 69 años;Total;1 de enero de 2016;78
02 Albacete;02008 Alcaraz;De 65 a 69 años;Total;1 de enero de 2015;80
02 Albacete;02008 Alcaraz;De 65 a 69 años;Total;1 de enero de 2014;78
02 Albacete;02008 Alcaraz;De 65 a 69 años;Total;1 de enero de 2013;75
02 Albacete;02008 Alcaraz;De 65 a 69 años;Total;1 de enero de 2012;76
02 Albacete;02008 Alcaraz;De 65 a 69 años;Total;1 de enero de 2011;83
02 Albacete;02008 Alcaraz;De 65 a 69 años;Total;1 de enero de 2010;101
02 Albacete;02008 Alcaraz;De 70 a 74 años;Total;1 de enero de 2022;76
02 Albacete;02008 Alcaraz;De 70 a 74 años;Total;1 de enero de 2021;71
02 Albacete;02008 Alcaraz;De 70 a 74 años;Total;1 de enero de 2020;69
02 Albacete;02008 Alcaraz;De 70 a 74 años;Total;1 de enero de 2019;64
02 Albacete;02008 Alcaraz;De 70 a 74 años;Total;1 de enero de 2018;70
02 Albacete;02008 Alcaraz;De 70 a 74 años;Total;1 de enero de 2017;62
02 Albacete;02008 Alcaraz;De 70 a 74 años;Total;1 de enero de 2016;70
02 Albacete;02008 Alcaraz;De 70 a 74 años;Total;1 de enero de 2015;85
02 Albacete;02008 Alcaraz;De 70 a 74 años;Total;1 de enero de 2014;82
02 Albacete;02008 Alcaraz;De 70 a 74 años;Total;1 de enero de 2013;81
02 Albacete;02008 Alcaraz;De 70 a 74 años;Total;1 de enero de 2012;87
02 Albacete;02008 Alcaraz;De 70 a 74 años;Total;1 de enero de 2011;96
02 Albacete;02008 Alcaraz;De 70 a 74 años;Total;1 de enero de 2010;86
02 Albacete;02008 Alcaraz;De 75 a 79 años;Total;1 de enero de 2022;51
02 Albacete;02008 Alcaraz;De 75 a 79 años;Total;1 de enero de 2021;53
02 Albacete;02008 Alcaraz;De 75 a 79 años;Total;1 de enero de 2020;65
02 Albacete;02008 Alcaraz;De 75 a 79 años;Total;1 de enero de 2019;60
02 Albacete;02008 Alcaraz;De 75 a 79 años;Total;1 de enero de 2018;66
02 Albacete;02008 Alcaraz;De 75 a 79 años;Total;1 de enero de 2017;65
02 Albacete;02008 Alcaraz;De 75 a 79 años;Total;1 de enero de 2016;70
02 Albacete;02008 Alcaraz;De 75 a 79 años;Total;1 de enero de 2015;71
02 Albacete;02008 Alcaraz;De 75 a 79 años;Total;1 de enero de 2014;80
02 Albacete;02008 Alcaraz;De 75 a 79 años;Total;1 de enero de 2013;88
02 Albacete;02008 Alcaraz;De 75 a 79 años;Total;1 de enero de 2012;87
02 Albacete;02008 Alcaraz;De 75 a 79 años;Total;1 de enero de 2011;93
02 Albacete;02008 Alcaraz;De 75 a 79 años;Total;1 de enero de 2010;99
02 Albacete;02008 Alcaraz;De 80 a 84 años;Total;1 de enero de 2022;43
02 Albacete;02008 Alcaraz;De 80 a 84 años;Total;1 de enero de 2021;47
02 Albacete;02008 Alcaraz;De 80 a 84 años;Total;1 de enero de 2020;46
02 Albacete;02008 Alcaraz;De 80 a 84 años;Total;1 de enero de 2019;48
02 Albacete;02008 Alcaraz;De 80 a 84 años;Total;1 de enero de 2018;54
02 Albacete;02008 Alcaraz;De 80 a 84 años;Total;1 de enero de 2017;61
02 Albacete;02008 Alcaraz;De 80 a 84 años;Total;1 de enero de 2016;68
02 Albacete;02008 Alcaraz;De 80 a 84 años;Total;1 de enero de 2015;78
02 Albacete;02008 Alcaraz;De 80 a 84 años;Total;1 de enero de 2014;80
02 Albacete;02008 Alcaraz;De 80 a 84 años;Total;1 de enero de 2013;80
02 Albacete;02008 Alcaraz;De 80 a 84 años;Total;1 de enero de 2012;78
02 Albacete;02008 Alcaraz;De 80 a 84 años;Total;1 de enero de 2011;69
02 Albacete;02008 Alcaraz;De 80 a 84 años;Total;1 de enero de 2010;65
02 Albacete;02008 Alcaraz;De 85 a 89 años;Total;1 de enero de 2022;40
02 Albacete;02008 Alcaraz;De 85 a 89 años;Total;1 de enero de 2021;46
02 Albacete;02008 Alcaraz;De 85 a 89 años;Total;1 de enero de 2020;43
02 Albacete;02008 Alcaraz;De 85 a 89 años;Total;1 de enero de 2019;46
02 Albacete;02008 Alcaraz;De 85 a 89 años;Total;1 de enero de 2018;53
02 Albacete;02008 Alcaraz;De 85 a 89 años;Total;1 de enero de 2017;52
02 Albacete;02008 Alcaraz;De 85 a 89 años;Total;1 de enero de 2016;47
02 Albacete;02008 Alcaraz;De 85 a 89 años;Total;1 de enero de 2015;41
02 Albacete;02008 Alcaraz;De 85 a 89 años;Total;1 de enero de 2014;40
02 Albacete;02008 Alcaraz;De 85 a 89 años;Total;1 de enero de 2013;43
02 Albacete;02008 Alcaraz;De 85 a 89 años;Total;1 de enero de 2012;42
02 Albacete;02008 Alcaraz;De 85 a 89 años;Total;1 de enero de 2011;48
02 Albacete;02008 Alcaraz;De 85 a 89 años;Total;1 de enero de 2010;43
02 Albacete;02008 Alcaraz;De 90 a 94 años;Total;1 de enero de 2022;23
02 Albacete;02008 Alcaraz;De 90 a 94 años;Total;1 de enero de 2021;19
02 Albacete;02008 Alcaraz;De 90 a 94 años;Total;1 de enero de 2020;20
02 Albacete;02008 Alcaraz;De 90 a 94 años;Total;1 de enero de 2019;20
02 Albacete;02008 Alcaraz;De 90 a 94 años;Total;1 de enero de 2018;21
02 Albacete;02008 Alcaraz;De 90 a 94 años;Total;1 de enero de 2017;18
02 Albacete;02008 Alcaraz;De 90 a 94 años;Total;1 de enero de 2016;23
02 Albacete;02008 Alcaraz;De 90 a 94 años;Total;1 de enero de 2015;17
02 Albacete;02008 Alcaraz;De 90 a 94 años;Total;1 de enero de 2014;21
02 Albacete;02008 Alcaraz;De 90 a 94 años;Total;1 de enero de 2013;18
02 Albacete;02008 Alcaraz;De 90 a 94 años;Total;1 de enero de 2012;18
02 Albacete;02008 Alcaraz;De 90 a 94 años;Total;1 de enero de 2011;12
02 Albacete;02008 Alcaraz;De 90 a 94 años;Total;1 de enero de 2010;14
02 Albacete;02008 Alcaraz;De 95 a 99 años;Total;1 de enero de 2022;8
02 Albacete;02008 Alcaraz;De 95 a 99 años;Total;1 de enero de 2021;6
02 Albacete;02008 Alcaraz;De 95 a 99 años;Total;1 de enero de 2020;5
02 Albacete;02008 Alcaraz;De 95 a 99 años;Total;1 de enero de 2019;6
02 Albacete;02008 Alcaraz;De 95 a 99 años;Total;1 de enero de 2018;4
02 Albacete;02008 Alcaraz;De 95 a 99 años;Total;1 de enero de 2017;6
02 Albacete;02008 Alcaraz;De 95 a 99 años;Total;1 de enero de 2016;2
02 Albacete;02008 Alcaraz;De 95 a 99 años;Total;1 de enero de 2015;4
02 Albacete;02008 Alcaraz;De 95 a 99 años;Total;1 de enero de 2014;2
02 Albacete;02008 Alcaraz;De 95 a 99 años;Total;1 de enero de 2013;3
02 Albacete;02008 Alcaraz;De 95 a 99 años;Total;1 de enero de 2012;3
02 Albacete;02008 Alcaraz;De 95 a 99 años;Total;1 de enero de 2011;4
02 Albacete;02008 Alcaraz;De 95 a 99 años;Total;1 de enero de 2010;4
02 Albacete;02008 Alcaraz;100 y más años;Total;1 de enero de 2022;0
02 Albacete;02008 Alcaraz;100 y más años;Total;1 de enero de 2021;1
02 Albacete;02008 Alcaraz;100 y más años;Total;1 de enero de 2020;1
02 Albacete;02008 Alcaraz;100 y más años;Total;1 de enero de 2019;1
02 Albacete;02008 Alcaraz;100 y más años;Total;1 de enero de 2018;1
02 Albacete;02008 Alcaraz;100 y más años;Total;1 de enero de 2017;2
02 Albacete;02008 Alcaraz;100 y más años;Total;1 de enero de 2016;2
02 Albacete;02008 Alcaraz;100 y más años;Total;1 de enero de 2015;2
02 Albacete;02008 Alcaraz;100 y más años;Total;1 de enero de 2014;2
02 Albacete;02008 Alcaraz;100 y más años;Total;1 de enero de 2013;2
02 Albacete;02008 Alcaraz;100 y más años;Total;1 de enero de 2012;1
02 Albacete;02008 Alcaraz;100 y más años;Total;1 de enero de 2011;2
02 Albacete;02008 Alcaraz;100 y más años;Total;1 de enero de 2010;2
02 Albacete;02009 Almansa;De 0 a 4 años;Total;1 de enero de 2022;862
02 Albacete;02009 Almansa;De 0 a 4 años;Total;1 de enero de 2021;932
02 Albacete;02009 Almansa;De 0 a 4 años;Total;1 de enero de 2020;974
02 Albacete;02009 Almansa;De 0 a 4 años;Total;1 de enero de 2019;988
02 Albacete;02009 Almansa;De 0 a 4 años;Total;1 de enero de 2018;992
02 Albacete;02009 Almansa;De 0 a 4 años;Total;1 de enero de 2017;1.022
02 Albacete;02009 Almansa;De 0 a 4 años;Total;1 de enero de 2016;1.073
02 Albacete;02009 Almansa;De 0 a 4 años;Total;1 de enero de 2015;1.110
02 Albacete;02009 Almansa;De 0 a 4 años;Total;1 de enero de 2014;1.187
02 Albacete;02009 Almansa;De 0 a 4 años;Total;1 de enero de 2013;1.292
02 Albacete;02009 Almansa;De 0 a 4 años;Total;1 de enero de 2012;1.320
02 Albacete;02009 Almansa;De 0 a 4 años;Total;1 de enero de 2011;1.326
02 Albacete;02009 Almansa;De 0 a 4 años;Total;1 de enero de 2010;1.355
02 Albacete;02009 Almansa;De 5 a 9 años;Total;1 de enero de 2022;1.060
02 Albacete;02009 Almansa;De 5 a 9 años;Total;1 de enero de 2021;1.100
02 Albacete;02009 Almansa;De 5 a 9 años;Total;1 de enero de 2020;1.117
02 Albacete;02009 Almansa;De 5 a 9 años;Total;1 de enero de 2019;1.173
02 Albacete;02009 Almansa;De 5 a 9 años;Total;1 de enero de 2018;1.241
02 Albacete;02009 Almansa;De 5 a 9 años;Total;1 de enero de 2017;1.274
02 Albacete;02009 Almansa;De 5 a 9 años;Total;1 de enero de 2016;1.278
02 Albacete;02009 Almansa;De 5 a 9 años;Total;1 de enero de 2015;1.314
02 Albacete;02009 Almansa;De 5 a 9 años;Total;1 de enero de 2014;1.259
02 Albacete;02009 Almansa;De 5 a 9 años;Total;1 de enero de 2013;1.247
02 Albacete;02009 Almansa;De 5 a 9 años;Total;1 de enero de 2012;1.222
02 Albacete;02009 Almansa;De 5 a 9 años;Total;1 de enero de 2011;1.232
02 Albacete;02009 Almansa;De 5 a 9 años;Total;1 de enero de 2010;1.200
02 Albacete;02009 Almansa;De 10 a 14 años;Total;1 de enero de 2022;1.306
02 Albacete;02009 Almansa;De 10 a 14 años;Total;1 de enero de 2021;1.298
02 Albacete;02009 Almansa;De 10 a 14 años;Total;1 de enero de 2020;1.330
02 Albacete;02009 Almansa;De 10 a 14 años;Total;1 de enero de 2019;1.241
02 Albacete;02009 Almansa;De 10 a 14 años;Total;1 de enero de 2018;1.236
02 Albacete;02009 Almansa;De 10 a 14 años;Total;1 de enero de 2017;1.199
02 Albacete;02009 Almansa;De 10 a 14 años;Total;1 de enero de 2016;1.205
02 Albacete;02009 Almansa;De 10 a 14 años;Total;1 de enero de 2015;1.178
02 Albacete;02009 Almansa;De 10 a 14 años;Total;1 de enero de 2014;1.261
02 Albacete;02009 Almansa;De 10 a 14 años;Total;1 de enero de 2013;1.291
02 Albacete;02009 Almansa;De 10 a 14 años;Total;1 de enero de 2012;1.328
02 Albacete;02009 Almansa;De 10 a 14 años;Total;1 de enero de 2011;1.332
02 Albacete;02009 Almansa;De 10 a 14 años;Total;1 de enero de 2010;1.375
02 Albacete;02009 Almansa;De 65 a 69 años;Total;1 de enero de 2022;1.326
02 Albacete;02009 Almansa;De 65 a 69 años;Total;1 de enero de 2021;1.318
02 Albacete;02009 Almansa;De 65 a 69 años;Total;1 de enero de 2020;1.242
02 Albacete;02009 Almansa;De 65 a 69 años;Total;1 de enero de 2019;1.183
02 Albacete;02009 Almansa;De 65 a 69 años;Total;1 de enero de 2018;1.146
02 Albacete;02009 Almansa;De 65 a 69 años;Total;1 de enero de 2017;1.135
02 Albacete;02009 Almansa;De 65 a 69 años;Total;1 de enero de 2016;1.100
02 Albacete;02009 Almansa;De 65 a 69 años;Total;1 de enero de 2015;1.100
02 Albacete;02009 Almansa;De 65 a 69 años;Total;1 de enero de 2014;1.091
02 Albacete;02009 Almansa;De 65 a 69 años;Total;1 de enero de 2013;1.078
02 Albacete;02009 Almansa;De 65 a 69 años;Total;1 de enero de 2012;1.032
02 Albacete;02009 Almansa;De 65 a 69 años;Total;1 de enero de 2011;1.000
02 Albacete;02009 Almansa;De 65 a 69 años;Total;1 de enero de 2010;1.020
02 Albacete;02009 Almansa;De 70 a 74 años;Total;1 de enero de 2022;1.085
02 Albacete;02009 Almansa;De 70 a 74 años;Total;1 de enero de 2021;1.059
02 Albacete;02009 Almansa;De 70 a 74 años;Total;1 de enero de 2020;1.050
02 Albacete;02009 Almansa;De 70 a 74 años;Total;1 de enero de 2019;1.029
02 Albacete;02009 Almansa;De 70 a 74 años;Total;1 de enero de 2018;1.013
02 Albacete;02009 Almansa;De 70 a 74 años;Total;1 de enero de 2017;972
02 Albacete;02009 Almansa;De 70 a 74 años;Total;1 de enero de 2016;933
02 Albacete;02009 Almansa;De 70 a 74 años;Total;1 de enero de 2015;956
02 Albacete;02009 Almansa;De 70 a 74 años;Total;1 de enero de 2014;886
02 Albacete;02009 Almansa;De 70 a 74 años;Total;1 de enero de 2013;855
02 Albacete;02009 Almansa;De 70 a 74 años;Total;1 de enero de 2012;868
02 Albacete;02009 Almansa;De 70 a 74 años;Total;1 de enero de 2011;881
02 Albacete;02009 Almansa;De 70 a 74 años;Total;1 de enero de 2010;851
02 Albacete;02009 Almansa;De 75 a 79 años;Total;1 de enero de 2022;877
02 Albacete;02009 Almansa;De 75 a 79 años;Total;1 de enero de 2021;841
02 Albacete;02009 Almansa;De 75 a 79 años;Total;1 de enero de 2020;868
02 Albacete;02009 Almansa;De 75 a 79 años;Total;1 de enero de 2019;810
02 Albacete;02009 Almansa;De 75 a 79 años;Total;1 de enero de 2018;789
02 Albacete;02009 Almansa;De 75 a 79 años;Total;1 de enero de 2017;780
02 Albacete;02009 Almansa;De 75 a 79 años;Total;1 de enero de 2016;797
02 Albacete;02009 Almansa;De 75 a 79 años;Total;1 de enero de 2015;762
02 Albacete;02009 Almansa;De 75 a 79 años;Total;1 de enero de 2014;838
02 Albacete;02009 Almansa;De 75 a 79 años;Total;1 de enero de 2013;858
02 Albacete;02009 Almansa;De 75 a 79 años;Total;1 de enero de 2012;894
02 Albacete;02009 Almansa;De 75 a 79 años;Total;1 de enero de 2011;905
02 Albacete;02009 Almansa;De 75 a 79 años;Total;1 de enero de 2010;921
02 Albacete;02009 Almansa;De 80 a 84 años;Total;1 de enero de 2022;662
02 Albacete;02009 Almansa;De 80 a 84 años;Total;1 de enero de 2021;667
02 Albacete;02009 Almansa;De 80 a 84 años;Total;1 de enero de 2020;647
02 Albacete;02009 Almansa;De 80 a 84 años;Total;1 de enero de 2019;713
02 Albacete;02009 Almansa;De 80 a 84 años;Total;1 de enero de 2018;720
02 Albacete;02009 Almansa;De 80 a 84 años;Total;1 de enero de 2017;746
02 Albacete;02009 Almansa;De 80 a 84 años;Total;1 de enero de 2016;760
02 Albacete;02009 Almansa;De 80 a 84 años;Total;1 de enero de 2015;779
02 Albacete;02009 Almansa;De 80 a 84 años;Total;1 de enero de 2014;792
02 Albacete;02009 Almansa;De 80 a 84 años;Total;1 de enero de 2013;785
02 Albacete;02009 Almansa;De 80 a 84 años;Total;1 de enero de 2012;757
02 Albacete;02009 Almansa;De 80 a 84 años;Total;1 de enero de 2011;771
02 Albacete;02009 Almansa;De 80 a 84 años;Total;1 de enero de 2010;735
02 Albacete;02009 Almansa;De 85 a 89 años;Total;1 de enero de 2022;524
02 Albacete;02009 Almansa;De 85 a 89 años;Total;1 de enero de 2021;524
02 Albacete;02009 Almansa;De 85 a 89 años;Total;1 de enero de 2020;548
02 Albacete;02009 Almansa;De 85 a 89 años;Total;1 de enero de 2019;539
02 Albacete;02009 Almansa;De 85 a 89 años;Total;1 de enero de 2018;542
02 Albacete;02009 Almansa;De 85 a 89 años;Total;1 de enero de 2017;511
02 Albacete;02009 Almansa;De 85 a 89 años;Total;1 de enero de 2016;547
02 Albacete;02009 Almansa;De 85 a 89 años;Total;1 de enero de 2015;493
02 Albacete;02009 Almansa;De 85 a 89 años;Total;1 de enero de 2014;476
02 Albacete;02009 Almansa;De 85 a 89 años;Total;1 de enero de 2013;436
02 Albacete;02009 Almansa;De 85 a 89 años;Total;1 de enero de 2012;423
02 Albacete;02009 Almansa;De 85 a 89 años;Total;1 de enero de 2011;420
02 Albacete;02009 Almansa;De 85 a 89 años;Total;1 de enero de 2010;425
02 Albacete;02009 Almansa;De 90 a 94 años;Total;1 de enero de 2022;257
02 Albacete;02009 Almansa;De 90 a 94 años;Total;1 de enero de 2021;284
02 Albacete;02009 Almansa;De 90 a 94 años;Total;1 de enero de 2020;268
02 Albacete;02009 Almansa;De 90 a 94 años;Total;1 de enero de 2019;249
02 Albacete;02009 Almansa;De 90 a 94 años;Total;1 de enero de 2018;228
02 Albacete;02009 Almansa;De 90 a 94 años;Total;1 de enero de 2017;220
02 Albacete;02009 Almansa;De 90 a 94 años;Total;1 de enero de 2016;186
02 Albacete;02009 Almansa;De 90 a 94 años;Total;1 de enero de 2015;182
02 Albacete;02009 Almansa;De 90 a 94 años;Total;1 de enero de 2014;162
02 Albacete;02009 Almansa;De 90 a 94 años;Total;1 de enero de 2013;165
02 Albacete;02009 Almansa;De 90 a 94 años;Total;1 de enero de 2012;149
02 Albacete;02009 Almansa;De 90 a 94 años;Total;1 de enero de 2011;136
02 Albacete;02009 Almansa;De 90 a 94 años;Total;1 de enero de 2010;128
02 Albacete;02009 Almansa;De 95 a 99 años;Total;1 de enero de 2022;66
02 Albacete;02009 Almansa;De 95 a 99 años;Total;1 de enero de 2021;50
02 Albacete;02009 Almansa;De 95 a 99 años;Total;1 de enero de 2020;53
02 Albacete;02009 Almansa;De 95 a 99 años;Total;1 de enero de 2019;44
02 Albacete;02009 Almansa;De 95 a 99 años;Total;1 de enero de 2018;48
02 Albacete;02009 Almansa;De 95 a 99 años;Total;1 de enero de 2017;43
02 Albacete;02009 Almansa;De 95 a 99 años;Total;1 de enero de 2016;42
02 Albacete;02009 Almansa;De 95 a 99 años;Total;1 de enero de 2015;35
02 Albacete;02009 Almansa;De 95 a 99 años;Total;1 de enero de 2014;32
02 Albacete;02009 Almansa;De 95 a 99 años;Total;1 de enero de 2013;28
02 Albacete;02009 Almansa;De 95 a 99 años;Total;1 de enero de 2012;37
02 Albacete;02009 Almansa;De 95 a 99 años;Total;1 de enero de 2011;31
02 Albacete;02009 Almansa;De 95 a 99 años;Total;1 de enero de 2010;25
02 Albacete;02009 Almansa;100 y más años;Total;1 de enero de 2022;7
02 Albacete;02009 Almansa;100 y más años;Total;1 de enero de 2021;6
02 Albacete;02009 Almansa;100 y más años;Total;1 de enero de 2020;6
02 Albacete;02009 Almansa;100 y más años;Total;1 de enero de 2019;4
02 Albacete;02009 Almansa;100 y más años;Total;1 de enero de 2018;5
02 Albacete;02009 Almansa;100 y más años;Total;1 de enero de 2017;6
02 Albacete;02009 Almansa;100 y más años;Total;1 de enero de 2016;5
02 Albacete;02009 Almansa;100 y más años;Total;1 de enero de 2015;3
02 Albacete;02009 Almansa;100 y más años;Total;1 de enero de 2014;5
02 Albacete;02009 Almansa;100 y más años;Total;1 de enero de 2013;7
02 Albacete;02009 Almansa;100 y más años;Total;1 de enero de 2012;8
02 Albacete;02009 Almansa;100 y más años;Total;1 de enero de 2011;4
02 Albacete;02009 Almansa;100 y más años;Total;1 de enero de 2010;2
02 Albacete;02010 Alpera;De 0 a 4 años;Total;1 de enero de 2022;80
02 Albacete;02010 Alpera;De 0 a 4 años;Total;1 de enero de 2021;83
02 Albacete;02010 Alpera;De 0 a 4 años;Total;1 de enero de 2020;77
02 Albacete;02010 Alpera;De 0 a 4 años;Total;1 de enero de 2019;87
02 Albacete;02010 Alpera;De 0 a 4 años;Total;1 de enero de 2018;92
02 Albacete;02010 Alpera;De 0 a 4 años;Total;1 de enero de 2017;95
02 Albacete;02010 Alpera;De 0 a 4 años;Total;1 de enero de 2016;93
02 Albacete;02010 Alpera;De 0 a 4 años;Total;1 de enero de 2015;102
02 Albacete;02010 Alpera;De 0 a 4 años;Total;1 de enero de 2014;105
02 Albacete;02010 Alpera;De 0 a 4 años;Total;1 de enero de 2013;102
02 Albacete;02010 Alpera;De 0 a 4 años;Total;1 de enero de 2012;111
02 Albacete;02010 Alpera;De 0 a 4 años;Total;1 de enero de 2011;116
02 Albacete;02010 Alpera;De 0 a 4 años;Total;1 de enero de 2010;103
02 Albacete;02010 Alpera;De 5 a 9 años;Total;1 de enero de 2022;102
02 Albacete;02010 Alpera;De 5 a 9 años;Total;1 de enero de 2021;106
02 Albacete;02010 Alpera;De 5 a 9 años;Total;1 de enero de 2020;107
02 Albacete;02010 Alpera;De 5 a 9 años;Total;1 de enero de 2019;105
02 Albacete;02010 Alpera;De 5 a 9 años;Total;1 de enero de 2018;103
02 Albacete;02010 Alpera;De 5 a 9 años;Total;1 de enero de 2017;112
02 Albacete;02010 Alpera;De 5 a 9 años;Total;1 de enero de 2016;113
02 Albacete;02010 Alpera;De 5 a 9 años;Total;1 de enero de 2015;99
02 Albacete;02010 Alpera;De 5 a 9 años;Total;1 de enero de 2014;108
02 Albacete;02010 Alpera;De 5 a 9 años;Total;1 de enero de 2013;117
02 Albacete;02010 Alpera;De 5 a 9 años;Total;1 de enero de 2012;99
02 Albacete;02010 Alpera;De 5 a 9 años;Total;1 de enero de 2011;112
02 Albacete;02010 Alpera;De 5 a 9 años;Total;1 de enero de 2010;123
02 Albacete;02010 Alpera;De 10 a 14 años;Total;1 de enero de 2022;111
02 Albacete;02010 Alpera;De 10 a 14 años;Total;1 de enero de 2021;115
02 Albacete;02010 Alpera;De 10 a 14 años;Total;1 de enero de 2020;103
02 Albacete;02010 Alpera;De 10 a 14 años;Total;1 de enero de 2019;103
02 Albacete;02010 Alpera;De 10 a 14 años;Total;1 de enero de 2018;114
02 Albacete;02010 Alpera;De 10 a 14 años;Total;1 de enero de 2017;98
02 Albacete;02010 Alpera;De 10 a 14 años;Total;1 de enero de 2016;111
02 Albacete;02010 Alpera;De 10 a 14 años;Total;1 de enero de 2015;128
02 Albacete;02010 Alpera;De 10 a 14 años;Total;1 de enero de 2014;122
02 Albacete;02010 Alpera;De 10 a 14 años;Total;1 de enero de 2013;117
02 Albacete;02010 Alpera;De 10 a 14 años;Total;1 de enero de 2012;121
02 Albacete;02010 Alpera;De 10 a 14 años;Total;1 de enero de 2011;110
02 Albacete;02010 Alpera;De 10 a 14 años;Total;1 de enero de 2010;106
02 Albacete;02010 Alpera;De 65 a 69 años;Total;1 de enero de 2022;110
02 Albacete;02010 Alpera;De 65 a 69 años;Total;1 de enero de 2021;108
02 Albacete;02010 Alpera;De 65 a 69 años;Total;1 de enero de 2020;96
02 Albacete;02010 Alpera;De 65 a 69 años;Total;1 de enero de 2019;109
02 Albacete;02010 Alpera;De 65 a 69 años;Total;1 de enero de 2018;110
02 Albacete;02010 Alpera;De 65 a 69 años;Total;1 de enero de 2017;106
02 Albacete;02010 Alpera;De 65 a 69 años;Total;1 de enero de 2016;108
02 Albacete;02010 Alpera;De 65 a 69 años;Total;1 de enero de 2015;127
02 Albacete;02010 Alpera;De 65 a 69 años;Total;1 de enero de 2014;138
02 Albacete;02010 Alpera;De 65 a 69 años;Total;1 de enero de 2013;142
02 Albacete;02010 Alpera;De 65 a 69 años;Total;1 de enero de 2012;151
02 Albacete;02010 Alpera;De 65 a 69 años;Total;1 de enero de 2011;149
02 Albacete;02010 Alpera;De 65 a 69 años;Total;1 de enero de 2010;157
02 Albacete;02010 Alpera;De 70 a 74 años;Total;1 de enero de 2022;102
02 Albacete;02010 Alpera;De 70 a 74 años;Total;1 de enero de 2021;98
02 Albacete;02010 Alpera;De 70 a 74 años;Total;1 de enero de 2020;120
02 Albacete;02010 Alpera;De 70 a 74 años;Total;1 de enero de 2019;132
02 Albacete;02010 Alpera;De 70 a 74 años;Total;1 de enero de 2018;132
02 Albacete;02010 Alpera;De 70 a 74 años;Total;1 de enero de 2017;132
02 Albacete;02010 Alpera;De 70 a 74 años;Total;1 de enero de 2016;134
02 Albacete;02010 Alpera;De 70 a 74 años;Total;1 de enero de 2015;139
02 Albacete;02010 Alpera;De 70 a 74 años;Total;1 de enero de 2014;120
02 Albacete;02010 Alpera;De 70 a 74 años;Total;1 de enero de 2013;119
02 Albacete;02010 Alpera;De 70 a 74 años;Total;1 de enero de 2012;122
02 Albacete;02010 Alpera;De 70 a 74 años;Total;1 de enero de 2011;126
02 Albacete;02010 Alpera;De 70 a 74 años;Total;1 de enero de 2010;123
02 Albacete;02010 Alpera;De 75 a 79 años;Total;1 de enero de 2022;119
02 Albacete;02010 Alpera;De 75 a 79 años;Total;1 de enero de 2021;121
02 Albacete;02010 Alpera;De 75 a 79 años;Total;1 de enero de 2020;120
02 Albacete;02010 Alpera;De 75 a 79 años;Total;1 de enero de 2019;107
02 Albacete;02010 Alpera;De 75 a 79 años;Total;1 de enero de 2018;103
02 Albacete;02010 Alpera;De 75 a 79 años;Total;1 de enero de 2017;110
02 Albacete;02010 Alpera;De 75 a 79 años;Total;1 de enero de 2016;114
02 Albacete;02010 Alpera;De 75 a 79 años;Total;1 de enero de 2015;112
02 Albacete;02010 Alpera;De 75 a 79 años;Total;1 de enero de 2014;115
02 Albacete;02010 Alpera;De 75 a 79 años;Total;1 de enero de 2013;116
02 Albacete;02010 Alpera;De 75 a 79 años;Total;1 de enero de 2012;116
02 Albacete;02010 Alpera;De 75 a 79 años;Total;1 de enero de 2011;122
02 Albacete;02010 Alpera;De 75 a 79 años;Total;1 de enero de 2010;112
02 Albacete;02010 Alpera;De 80 a 84 años;Total;1 de enero de 2022;95
02 Albacete;02010 Alpera;De 80 a 84 años;Total;1 de enero de 2021;94
02 Albacete;02010 Alpera;De 80 a 84 años;Total;1 de enero de 2020;97
02 Albacete;02010 Alpera;De 80 a 84 años;Total;1 de enero de 2019;102
02 Albacete;02010 Alpera;De 80 a 84 años;Total;1 de enero de 2018;102
02 Albacete;02010 Alpera;De 80 a 84 años;Total;1 de enero de 2017;99
02 Albacete;02010 Alpera;De 80 a 84 años;Total;1 de enero de 2016;101
02 Albacete;02010 Alpera;De 80 a 84 años;Total;1 de enero de 2015;88
02 Albacete;02010 Alpera;De 80 a 84 años;Total;1 de enero de 2014;99
02 Albacete;02010 Alpera;De 80 a 84 años;Total;1 de enero de 2013;102
02 Albacete;02010 Alpera;De 80 a 84 años;Total;1 de enero de 2012;107
02 Albacete;02010 Alpera;De 80 a 84 años;Total;1 de enero de 2011;103
02 Albacete;02010 Alpera;De 80 a 84 años;Total;1 de enero de 2010;99
02 Albacete;02010 Alpera;De 85 a 89 años;Total;1 de enero de 2022;76
02 Albacete;02010 Alpera;De 85 a 89 años;Total;1 de enero de 2021;76
02 Albacete;02010 Alpera;De 85 a 89 años;Total;1 de enero de 2020;69
02 Albacete;02010 Alpera;De 85 a 89 años;Total;1 de enero de 2019;71
02 Albacete;02010 Alpera;De 85 a 89 años;Total;1 de enero de 2018;63
02 Albacete;02010 Alpera;De 85 a 89 años;Total;1 de enero de 2017;62
02 Albacete;02010 Alpera;De 85 a 89 años;Total;1 de enero de 2016;58
02 Albacete;02010 Alpera;De 85 a 89 años;Total;1 de enero de 2015;62
02 Albacete;02010 Alpera;De 85 a 89 años;Total;1 de enero de 2014;65
02 Albacete;02010 Alpera;De 85 a 89 años;Total;1 de enero de 2013;69
02 Albacete;02010 Alpera;De 85 a 89 años;Total;1 de enero de 2012;61
02 Albacete;02010 Alpera;De 85 a 89 años;Total;1 de enero de 2011;56
02 Albacete;02010 Alpera;De 85 a 89 años;Total;1 de enero de 2010;56
02 Albacete;02010 Alpera;De 90 a 94 años;Total;1 de enero de 2022;29
02 Albacete;02010 Alpera;De 90 a 94 años;Total;1 de enero de 2021;24
02 Albacete;02010 Alpera;De 90 a 94 años;Total;1 de enero de 2020;22
02 Albacete;02010 Alpera;De 90 a 94 años;Total;1 de enero de 2019;22
02 Albacete;02010 Alpera;De 90 a 94 años;Total;1 de enero de 2018;31
02 Albacete;02010 Alpera;De 90 a 94 años;Total;1 de enero de 2017;25
02 Albacete;02010 Alpera;De 90 a 94 años;Total;1 de enero de 2016;29
02 Albacete;02010 Alpera;De 90 a 94 años;Total;1 de enero de 2015;28
02 Albacete;02010 Alpera;De 90 a 94 años;Total;1 de enero de 2014;26
02 Albacete;02010 Alpera;De 90 a 94 años;Total;1 de enero de 2013;21
02 Albacete;02010 Alpera;De 90 a 94 años;Total;1 de enero de 2012;19
02 Albacete;02010 Alpera;De 90 a 94 años;Total;1 de enero de 2011;19
02 Albacete;02010 Alpera;De 90 a 94 años;Total;1 de enero de 2010;19
02 Albacete;02010 Alpera;De 95 a 99 años;Total;1 de enero de 2022;5
02 Albacete;02010 Alpera;De 95 a 99 años;Total;1 de enero de 2021;10
02 Albacete;02010 Alpera;De 95 a 99 años;Total;1 de enero de 2020;9
02 Albacete;02010 Alpera;De 95 a 99 años;Total;1 de enero de 2019;9
02 Albacete;02010 Alpera;De 95 a 99 años;Total;1 de enero de 2018;6
02 Albacete;02010 Alpera;De 95 a 99 años;Total;1 de enero de 2017;3
02 Albacete;02010 Alpera;De 95 a 99 años;Total;1 de enero de 2016;2
02 Albacete;02010 Alpera;De 95 a 99 años;Total;1 de enero de 2015;4
02 Albacete;02010 Alpera;De 95 a 99 años;Total;1 de enero de 2014;4
02 Albacete;02010 Alpera;De 95 a 99 años;Total;1 de enero de 2013;7
02 Albacete;02010 Alpera;De 95 a 99 años;Total;1 de enero de 2012;9
02 Albacete;02010 Alpera;De 95 a 99 años;Total;1 de enero de 2011;8
02 Albacete;02010 Alpera;De 95 a 99 años;Total;1 de enero de 2010;8
02 Albacete;02010 Alpera;100 y más años;Total;1 de enero de 2022;3
02 Albacete;02010 Alpera;100 y más años;Total;1 de enero de 2021;1
02 Albacete;02010 Alpera;100 y más años;Total;1 de enero de 2020;1
02 Albacete;02010 Alpera;100 y más años;Total;1 de enero de 2019;1
02 Albacete;02010 Alpera;100 y más años;Total;1 de enero de 2018;1
02 Albacete;02010 Alpera;100 y más años;Total;1 de enero de 2017;1
02 Albacete;02010 Alpera;100 y más años;Total;1 de enero de 2016;2
02 Albacete;02010 Alpera;100 y más años;Total;1 de enero de 2015;1
02 Albacete;02010 Alpera;100 y más años;Total;1 de enero de 2014;1
02 Albacete;02010 Alpera;100 y más años;Total;1 de enero de 2013;0
02 Albacete;02010 Alpera;100 y más años;Total;1 de enero de 2012;0
02 Albacete;02010 Alpera;100 y más años;Total;1 de enero de 2011;0
02 Albacete;02010 Alpera;100 y más años;Total;1 de enero de 2010;1
02 Albacete;02011 Ayna;De 0 a 4 años;Total;1 de enero de 2022;3
02 Albacete;02011 Ayna;De 0 a 4 años;Total;1 de enero de 2021;2
02 Albacete;02011 Ayna;De 0 a 4 años;Total;1 de enero de 2020;0
02 Albacete;02011 Ayna;De 0 a 4 años;Total;1 de enero de 2019;1
02 Albacete;02011 Ayna;De 0 a 4 años;Total;1 de enero de 2018;6
02 Albacete;02011 Ayna;De 0 a 4 años;Total;1 de enero de 2017;11
02 Albacete;02011 Ayna;De 0 a 4 años;Total;1 de enero de 2016;12
02 Albacete;02011 Ayna;De 0 a 4 años;Total;1 de enero de 2015;11
02 Albacete;02011 Ayna;De 0 a 4 años;Total;1 de enero de 2014;14
02 Albacete;02011 Ayna;De 0 a 4 años;Total;1 de enero de 2013;12
02 Albacete;02011 Ayna;De 0 a 4 años;Total;1 de enero de 2012;13
02 Albacete;02011 Ayna;De 0 a 4 años;Total;1 de enero de 2011;12
02 Albacete;02011 Ayna;De 0 a 4 años;Total;1 de enero de 2010;10
02 Albacete;02011 Ayna;De 5 a 9 años;Total;1 de enero de 2022;8
02 Albacete;02011 Ayna;De 5 a 9 años;Total;1 de enero de 2021;10
02 Albacete;02011 Ayna;De 5 a 9 años;Total;1 de enero de 2020;11
02 Albacete;02011 Ayna;De 5 a 9 años;Total;1 de enero de 2019;14
02 Albacete;02011 Ayna;De 5 a 9 años;Total;1 de enero de 2018;11
02 Albacete;02011 Ayna;De 5 a 9 años;Total;1 de enero de 2017;11
02 Albacete;02011 Ayna;De 5 a 9 años;Total;1 de enero de 2016;10
02 Albacete;02011 Ayna;De 5 a 9 años;Total;1 de enero de 2015;12
02 Albacete;02011 Ayna;De 5 a 9 años;Total;1 de enero de 2014;5
02 Albacete;02011 Ayna;De 5 a 9 años;Total;1 de enero de 2013;5
02 Albacete;02011 Ayna;De 5 a 9 años;Total;1 de enero de 2012;5
02 Albacete;02011 Ayna;De 5 a 9 años;Total;1 de enero de 2011;11
02 Albacete;02011 Ayna;De 5 a 9 años;Total;1 de enero de 2010;10
02 Albacete;02011 Ayna;De 10 a 14 años;Total;1 de enero de 2022;12
02 Albacete;02011 Ayna;De 10 a 14 años;Total;1 de enero de 2021;10
02 Albacete;02011 Ayna;De 10 a 14 años;Total;1 de enero de 2020;11
02 Albacete;02011 Ayna;De 10 a 14 años;Total;1 de enero de 2019;5
02 Albacete;02011 Ayna;De 10 a 14 años;Total;1 de enero de 2018;5
02 Albacete;02011 Ayna;De 10 a 14 años;Total;1 de enero de 2017;3
02 Albacete;02011 Ayna;De 10 a 14 años;Total;1 de enero de 2016;8
02 Albacete;02011 Ayna;De 10 a 14 años;Total;1 de enero de 2015;10
02 Albacete;02011 Ayna;De 10 a 14 años;Total;1 de enero de 2014;10
02 Albacete;02011 Ayna;De 10 a 14 años;Total;1 de enero de 2013;12
02 Albacete;02011 Ayna;De 10 a 14 años;Total;1 de enero de 2012;12
02 Albacete;02011 Ayna;De 10 a 14 años;Total;1 de enero de 2011;11
02 Albacete;02011 Ayna;De 10 a 14 años;Total;1 de enero de 2010;10
02 Albacete;02011 Ayna;De 65 a 69 años;Total;1 de enero de 2022;48
02 Albacete;02011 Ayna;De 65 a 69 años;Total;1 de enero de 2021;46
02 Albacete;02011 Ayna;De 65 a 69 años;Total;1 de enero de 2020;47
02 Albacete;02011 Ayna;De 65 a 69 años;Total;1 de enero de 2019;49
02 Albacete;02011 Ayna;De 65 a 69 años;Total;1 de enero de 2018;65
02 Albacete;02011 Ayna;De 65 a 69 años;Total;1 de enero de 2017;63
02 Albacete;02011 Ayna;De 65 a 69 años;Total;1 de enero de 2016;65
02 Albacete;02011 Ayna;De 65 a 69 años;Total;1 de enero de 2015;67
02 Albacete;02011 Ayna;De 65 a 69 años;Total;1 de enero de 2014;73
02 Albacete;02011 Ayna;De 65 a 69 años;Total;1 de enero de 2013;66
02 Albacete;02011 Ayna;De 65 a 69 años;Total;1 de enero de 2012;63
02 Albacete;02011 Ayna;De 65 a 69 años;Total;1 de enero de 2011;67
02 Albacete;02011 Ayna;De 65 a 69 años;Total;1 de enero de 2010;82
02 Albacete;02011 Ayna;De 70 a 74 años;Total;1 de enero de 2022;56
02 Albacete;02011 Ayna;De 70 a 74 años;Total;1 de enero de 2021;55
02 Albacete;02011 Ayna;De 70 a 74 años;Total;1 de enero de 2020;56
02 Albacete;02011 Ayna;De 70 a 74 años;Total;1 de enero de 2019;68
02 Albacete;02011 Ayna;De 70 a 74 años;Total;1 de enero de 2018;60
02 Albacete;02011 Ayna;De 70 a 74 años;Total;1 de enero de 2017;65
02 Albacete;02011 Ayna;De 70 a 74 años;Total;1 de enero de 2016;69
02 Albacete;02011 Ayna;De 70 a 74 años;Total;1 de enero de 2015;75
02 Albacete;02011 Ayna;De 70 a 74 años;Total;1 de enero de 2014;62
02 Albacete;02011 Ayna;De 70 a 74 años;Total;1 de enero de 2013;67
02 Albacete;02011 Ayna;De 70 a 74 años;Total;1 de enero de 2012;64
02 Albacete;02011 Ayna;De 70 a 74 años;Total;1 de enero de 2011;73
02 Albacete;02011 Ayna;De 70 a 74 años;Total;1 de enero de 2010;76
02 Albacete;02011 Ayna;De 75 a 79 años;Total;1 de enero de 2022;48
02 Albacete;02011 Ayna;De 75 a 79 años;Total;1 de enero de 2021;57
02 Albacete;02011 Ayna;De 75 a 79 años;Total;1 de enero de 2020;58
02 Albacete;02011 Ayna;De 75 a 79 años;Total;1 de enero de 2019;53
02 Albacete;02011 Ayna;De 75 a 79 años;Total;1 de enero de 2018;53
02 Albacete;02011 Ayna;De 75 a 79 años;Total;1 de enero de 2017;51
02 Albacete;02011 Ayna;De 75 a 79 años;Total;1 de enero de 2016;60
02 Albacete;02011 Ayna;De 75 a 79 años;Total;1 de enero de 2015;63
02 Albacete;02011 Ayna;De 75 a 79 años;Total;1 de enero de 2014;65
02 Albacete;02011 Ayna;De 75 a 79 años;Total;1 de enero de 2013;85
02 Albacete;02011 Ayna;De 75 a 79 años;Total;1 de enero de 2012;97
02 Albacete;02011 Ayna;De 75 a 79 años;Total;1 de enero de 2011;98
02 Albacete;02011 Ayna;De 75 a 79 años;Total;1 de enero de 2010;97
02 Albacete;02011 Ayna;De 80 a 84 años;Total;1 de enero de 2022;37
02 Albacete;02011 Ayna;De 80 a 84 años;Total;1 de enero de 2021;44
02 Albacete;02011 Ayna;De 80 a 84 años;Total;1 de enero de 2020;51
02 Albacete;02011 Ayna;De 80 a 84 años;Total;1 de enero de 2019;50
02 Albacete;02011 Ayna;De 80 a 84 años;Total;1 de enero de 2018;64
02 Albacete;02011 Ayna;De 80 a 84 años;Total;1 de enero de 2017;72
02 Albacete;02011 Ayna;De 80 a 84 años;Total;1 de enero de 2016;63
02 Albacete;02011 Ayna;De 80 a 84 años;Total;1 de enero de 2015;65
02 Albacete;02011 Ayna;De 80 a 84 años;Total;1 de enero de 2014;76
02 Albacete;02011 Ayna;De 80 a 84 años;Total;1 de enero de 2013;62
02 Albacete;02011 Ayna;De 80 a 84 años;Total;1 de enero de 2012;57
02 Albacete;02011 Ayna;De 80 a 84 años;Total;1 de enero de 2011;51
02 Albacete;02011 Ayna;De 80 a 84 años;Total;1 de enero de 2010;55
02 Albacete;02011 Ayna;De 85 a 89 años;Total;1 de enero de 2022;40
02 Albacete;02011 Ayna;De 85 a 89 años;Total;1 de enero de 2021;33
02 Albacete;02011 Ayna;De 85 a 89 años;Total;1 de enero de 2020;36
02 Albacete;02011 Ayna;De 85 a 89 años;Total;1 de enero de 2019;44
02 Albacete;02011 Ayna;De 85 a 89 años;Total;1 de enero de 2018;34
02 Albacete;02011 Ayna;De 85 a 89 años;Total;1 de enero de 2017;30
02 Albacete;02011 Ayna;De 85 a 89 años;Total;1 de enero de 2016;30
02 Albacete;02011 Ayna;De 85 a 89 años;Total;1 de enero de 2015;31
02 Albacete;02011 Ayna;De 85 a 89 años;Total;1 de enero de 2014;27
02 Albacete;02011 Ayna;De 85 a 89 años;Total;1 de enero de 2013;23
02 Albacete;02011 Ayna;De 85 a 89 años;Total;1 de enero de 2012;33
02 Albacete;02011 Ayna;De 85 a 89 años;Total;1 de enero de 2011;34
02 Albacete;02011 Ayna;De 85 a 89 años;Total;1 de enero de 2010;35
02 Albacete;02011 Ayna;De 90 a 94 años;Total;1 de enero de 2022;16
02 Albacete;02011 Ayna;De 90 a 94 años;Total;1 de enero de 2021;19
02 Albacete;02011 Ayna;De 90 a 94 años;Total;1 de enero de 2020;16
02 Albacete;02011 Ayna;De 90 a 94 años;Total;1 de enero de 2019;11
02 Albacete;02011 Ayna;De 90 a 94 años;Total;1 de enero de 2018;12
02 Albacete;02011 Ayna;De 90 a 94 años;Total;1 de enero de 2017;15
02 Albacete;02011 Ayna;De 90 a 94 años;Total;1 de enero de 2016;11
02 Albacete;02011 Ayna;De 90 a 94 años;Total;1 de enero de 2015;9
02 Albacete;02011 Ayna;De 90 a 94 años;Total;1 de enero de 2014;8
02 Albacete;02011 Ayna;De 90 a 94 años;Total;1 de enero de 2013;9
02 Albacete;02011 Ayna;De 90 a 94 años;Total;1 de enero de 2012;9
02 Albacete;02011 Ayna;De 90 a 94 años;Total;1 de enero de 2011;9
02 Albacete;02011 Ayna;De 90 a 94 años;Total;1 de enero de 2010;8
02 Albacete;02011 Ayna;De 95 a 99 años;Total;1 de enero de 2022;2
02 Albacete;02011 Ayna;De 95 a 99 años;Total;1 de enero de 2021;4
02 Albacete;02011 Ayna;De 95 a 99 años;Total;1 de enero de 2020;1
02 Albacete;02011 Ayna;De 95 a 99 años;Total;1 de enero de 2019;1
02 Albacete;02011 Ayna;De 95 a 99 años;Total;1 de enero de 2018;2
02 Albacete;02011 Ayna;De 95 a 99 años;Total;1 de enero de 2017;2
02 Albacete;02011 Ayna;De 95 a 99 años;Total;1 de enero de 2016;3
02 Albacete;02011 Ayna;De 95 a 99 años;Total;1 de enero de 2015;2
02 Albacete;02011 Ayna;De 95 a 99 años;Total;1 de enero de 2014;3
02 Albacete;02011 Ayna;De 95 a 99 años;Total;1 de enero de 2013;5
02 Albacete;02011 Ayna;De 95 a 99 años;Total;1 de enero de 2012;5
02 Albacete;02011 Ayna;De 95 a 99 años;Total;1 de enero de 2011;4
02 Albacete;02011 Ayna;De 95 a 99 años;Total;1 de enero de 2010;4
02 Albacete;02011 Ayna;100 y más años;Total;1 de enero de 2022;1
02 Albacete;02011 Ayna;100 y más años;Total;1 de enero de 2021;1
02 Albacete;02011 Ayna;100 y más años;Total;1 de enero de 2020;1
02 Albacete;02011 Ayna;100 y más años;Total;1 de enero de 2019;2
02 Albacete;02011 Ayna;100 y más años;Total;1 de enero de 2018;1
02 Albacete;02011 Ayna;100 y más años;Total;1 de enero de 2017;2
02 Albacete;02011 Ayna;100 y más años;Total;1 de enero de 2016;2
02 Albacete;02011 Ayna;100 y más años;Total;1 de enero de 2015;2
02 Albacete;02011 Ayna;100 y más años;Total;1 de enero de 2014;3
02 Albacete;02011 Ayna;100 y más años;Total;1 de enero de 2013;2
02 Albacete;02011 Ayna;100 y más años;Total;1 de enero de 2012;1
02 Albacete;02011 Ayna;100 y más años;Total;1 de enero de 2011;0
02 Albacete;02011 Ayna;100 y más años;Total;1 de enero de 2010;0
02 Albacete;02012 Balazote;De 0 a 4 años;Total;1 de enero de 2022;108
02 Albacete;02012 Balazote;De 0 a 4 años;Total;1 de enero de 2021;114
02 Albacete;02012 Balazote;De 0 a 4 años;Total;1 de enero de 2020;110
02 Albacete;02012 Balazote;De 0 a 4 años;Total;1 de enero de 2019;111
02 Albacete;02012 Balazote;De 0 a 4 años;Total;1 de enero de 2018;115
02 Albacete;02012 Balazote;De 0 a 4 años;Total;1 de enero de 2017;100
02 Albacete;02012 Balazote;De 0 a 4 años;Total;1 de enero de 2016;88
02 Albacete;02012 Balazote;De 0 a 4 años;Total;1 de enero de 2015;93
02 Albacete;02012 Balazote;De 0 a 4 años;Total;1 de enero de 2014;96
02 Albacete;02012 Balazote;De 0 a 4 años;Total;1 de enero de 2013;95
02 Albacete;02012 Balazote;De 0 a 4 años;Total;1 de enero de 2012;110
02 Albacete;02012 Balazote;De 0 a 4 años;Total;1 de enero de 2011;120
02 Albacete;02012 Balazote;De 0 a 4 años;Total;1 de enero de 2010;102
02 Albacete;02012 Balazote;De 5 a 9 años;Total;1 de enero de 2022;106
02 Albacete;02012 Balazote;De 5 a 9 años;Total;1 de enero de 2021;94
02 Albacete;02012 Balazote;De 5 a 9 años;Total;1 de enero de 2020;91
02 Albacete;02012 Balazote;De 5 a 9 años;Total;1 de enero de 2019;95
02 Albacete;02012 Balazote;De 5 a 9 años;Total;1 de enero de 2018;95
02 Albacete;02012 Balazote;De 5 a 9 años;Total;1 de enero de 2017;109
02 Albacete;02012 Balazote;De 5 a 9 años;Total;1 de enero de 2016;123
02 Albacete;02012 Balazote;De 5 a 9 años;Total;1 de enero de 2015;109
02 Albacete;02012 Balazote;De 5 a 9 años;Total;1 de enero de 2014;122
02 Albacete;02012 Balazote;De 5 a 9 años;Total;1 de enero de 2013;117
02 Albacete;02012 Balazote;De 5 a 9 años;Total;1 de enero de 2012;128
02 Albacete;02012 Balazote;De 5 a 9 años;Total;1 de enero de 2011;129
02 Albacete;02012 Balazote;De 5 a 9 años;Total;1 de enero de 2010;144
02 Albacete;02012 Balazote;De 10 a 14 años;Total;1 de enero de 2022;108
02 Albacete;02012 Balazote;De 10 a 14 años;Total;1 de enero de 2021;113
02 Albacete;02012 Balazote;De 10 a 14 años;Total;1 de enero de 2020;101
02 Albacete;02012 Balazote;De 10 a 14 años;Total;1 de enero de 2019;105
02 Albacete;02012 Balazote;De 10 a 14 años;Total;1 de enero de 2018;119
02 Albacete;02012 Balazote;De 10 a 14 años;Total;1 de enero de 2017;128
02 Albacete;02012 Balazote;De 10 a 14 años;Total;1 de enero de 2016;125
02 Albacete;02012 Balazote;De 10 a 14 años;Total;1 de enero de 2015;138
02 Albacete;02012 Balazote;De 10 a 14 años;Total;1 de enero de 2014;140
02 Albacete;02012 Balazote;De 10 a 14 años;Total;1 de enero de 2013;139
02 Albacete;02012 Balazote;De 10 a 14 años;Total;1 de enero de 2012;145
02 Albacete;02012 Balazote;De 10 a 14 años;Total;1 de enero de 2011;148
02 Albacete;02012 Balazote;De 10 a 14 años;Total;1 de enero de 2010;145
02 Albacete;02012 Balazote;De 65 a 69 años;Total;1 de enero de 2022;90
02 Albacete;02012 Balazote;De 65 a 69 años;Total;1 de enero de 2021;91
02 Albacete;02012 Balazote;De 65 a 69 años;Total;1 de enero de 2020;79
02 Albacete;02012 Balazote;De 65 a 69 años;Total;1 de enero de 2019;77
02 Albacete;02012 Balazote;De 65 a 69 años;Total;1 de enero de 2018;77
02 Albacete;02012 Balazote;De 65 a 69 años;Total;1 de enero de 2017;83
02 Albacete;02012 Balazote;De 65 a 69 años;Total;1 de enero de 2016;77
02 Albacete;02012 Balazote;De 65 a 69 años;Total;1 de enero de 2015;97
02 Albacete;02012 Balazote;De 65 a 69 años;Total;1 de enero de 2014;108
02 Albacete;02012 Balazote;De 65 a 69 años;Total;1 de enero de 2013;114
02 Albacete;02012 Balazote;De 65 a 69 años;Total;1 de enero de 2012;114
02 Albacete;02012 Balazote;De 65 a 69 años;Total;1 de enero de 2011;121
02 Albacete;02012 Balazote;De 65 a 69 años;Total;1 de enero de 2010;117
02 Albacete;02012 Balazote;De 70 a 74 años;Total;1 de enero de 2022;74
02 Albacete;02012 Balazote;De 70 a 74 años;Total;1 de enero de 2021;72
02 Albacete;02012 Balazote;De 70 a 74 años;Total;1 de enero de 2020;89
02 Albacete;02012 Balazote;De 70 a 74 años;Total;1 de enero de 2019;96
02 Albacete;02012 Balazote;De 70 a 74 años;Total;1 de enero de 2018;105
02 Albacete;02012 Balazote;De 70 a 74 años;Total;1 de enero de 2017;101
02 Albacete;02012 Balazote;De 70 a 74 años;Total;1 de enero de 2016;114
02 Albacete;02012 Balazote;De 70 a 74 años;Total;1 de enero de 2015;113
02 Albacete;02012 Balazote;De 70 a 74 años;Total;1 de enero de 2014;108
02 Albacete;02012 Balazote;De 70 a 74 años;Total;1 de enero de 2013;109
02 Albacete;02012 Balazote;De 70 a 74 años;Total;1 de enero de 2012;118
02 Albacete;02012 Balazote;De 70 a 74 años;Total;1 de enero de 2011;131
02 Albacete;02012 Balazote;De 70 a 74 años;Total;1 de enero de 2010;128
02 Albacete;02012 Balazote;De 75 a 79 años;Total;1 de enero de 2022;87
02 Albacete;02012 Balazote;De 75 a 79 años;Total;1 de enero de 2021;97
02 Albacete;02012 Balazote;De 75 a 79 años;Total;1 de enero de 2020;101
02 Albacete;02012 Balazote;De 75 a 79 años;Total;1 de enero de 2019;99
02 Albacete;02012 Balazote;De 75 a 79 años;Total;1 de enero de 2018;96
02 Albacete;02012 Balazote;De 75 a 79 años;Total;1 de enero de 2017;105
02 Albacete;02012 Balazote;De 75 a 79 años;Total;1 de enero de 2016;112
02 Albacete;02012 Balazote;De 75 a 79 años;Total;1 de enero de 2015;110
02 Albacete;02012 Balazote;De 75 a 79 años;Total;1 de enero de 2014;119
02 Albacete;02012 Balazote;De 75 a 79 años;Total;1 de enero de 2013;118
02 Albacete;02012 Balazote;De 75 a 79 años;Total;1 de enero de 2012;114
02 Albacete;02012 Balazote;De 75 a 79 años;Total;1 de enero de 2011;109
02 Albacete;02012 Balazote;De 75 a 79 años;Total;1 de enero de 2010;102
02 Albacete;02012 Balazote;De 80 a 84 años;Total;1 de enero de 2022;82
02 Albacete;02012 Balazote;De 80 a 84 años;Total;1 de enero de 2021;89
02 Albacete;02012 Balazote;De 80 a 84 años;Total;1 de enero de 2020;84
02 Albacete;02012 Balazote;De 80 a 84 años;Total;1 de enero de 2019;88
02 Albacete;02012 Balazote;De 80 a 84 años;Total;1 de enero de 2018;93
02 Albacete;02012 Balazote;De 80 a 84 años;Total;1 de enero de 2017;94
02 Albacete;02012 Balazote;De 80 a 84 años;Total;1 de enero de 2016;82
02 Albacete;02012 Balazote;De 80 a 84 años;Total;1 de enero de 2015;80
02 Albacete;02012 Balazote;De 80 a 84 años;Total;1 de enero de 2014;81
02 Albacete;02012 Balazote;De 80 a 84 años;Total;1 de enero de 2013;76
02 Albacete;02012 Balazote;De 80 a 84 años;Total;1 de enero de 2012;71
02 Albacete;02012 Balazote;De 80 a 84 años;Total;1 de enero de 2011;67
02 Albacete;02012 Balazote;De 80 a 84 años;Total;1 de enero de 2010;68
02 Albacete;02012 Balazote;De 85 a 89 años;Total;1 de enero de 2022;66
02 Albacete;02012 Balazote;De 85 a 89 años;Total;1 de enero de 2021;57
02 Albacete;02012 Balazote;De 85 a 89 años;Total;1 de enero de 2020;54
02 Albacete;02012 Balazote;De 85 a 89 años;Total;1 de enero de 2019;47
02 Albacete;02012 Balazote;De 85 a 89 años;Total;1 de enero de 2018;40
02 Albacete;02012 Balazote;De 85 a 89 años;Total;1 de enero de 2017;40
02 Albacete;02012 Balazote;De 85 a 89 años;Total;1 de enero de 2016;43
02 Albacete;02012 Balazote;De 85 a 89 años;Total;1 de enero de 2015;45
02 Albacete;02012 Balazote;De 85 a 89 años;Total;1 de enero de 2014;38
02 Albacete;02012 Balazote;De 85 a 89 años;Total;1 de enero de 2013;36
02 Albacete;02012 Balazote;De 85 a 89 años;Total;1 de enero de 2012;39
02 Albacete;02012 Balazote;De 85 a 89 años;Total;1 de enero de 2011;37
02 Albacete;02012 Balazote;De 85 a 89 años;Total;1 de enero de 2010;33
02 Albacete;02012 Balazote;De 90 a 94 años;Total;1 de enero de 2022;16
02 Albacete;02012 Balazote;De 90 a 94 años;Total;1 de enero de 2021;17
02 Albacete;02012 Balazote;De 90 a 94 años;Total;1 de enero de 2020;19
02 Albacete;02012 Balazote;De 90 a 94 años;Total;1 de enero de 2019;18
02 Albacete;02012 Balazote;De 90 a 94 años;Total;1 de enero de 2018;18
02 Albacete;02012 Balazote;De 90 a 94 años;Total;1 de enero de 2017;16
02 Albacete;02012 Balazote;De 90 a 94 años;Total;1 de enero de 2016;13
02 Albacete;02012 Balazote;De 90 a 94 años;Total;1 de enero de 2015;12
02 Albacete;02012 Balazote;De 90 a 94 años;Total;1 de enero de 2014;12
02 Albacete;02012 Balazote;De 90 a 94 años;Total;1 de enero de 2013;9
02 Albacete;02012 Balazote;De 90 a 94 años;Total;1 de enero de 2012;9
02 Albacete;02012 Balazote;De 90 a 94 años;Total;1 de enero de 2011;12
02 Albacete;02012 Balazote;De 90 a 94 años;Total;1 de enero de 2010;12
02 Albacete;02012 Balazote;De 95 a 99 años;Total;1 de enero de 2022;2
02 Albacete;02012 Balazote;De 95 a 99 años;Total;1 de enero de 2021;3
02 Albacete;02012 Balazote;De 95 a 99 años;Total;1 de enero de 2020;4
02 Albacete;02012 Balazote;De 95 a 99 años;Total;1 de enero de 2019;5
02 Albacete;02012 Balazote;De 95 a 99 años;Total;1 de enero de 2018;5
02 Albacete;02012 Balazote;De 95 a 99 años;Total;1 de enero de 2017;3
02 Albacete;02012 Balazote;De 95 a 99 años;Total;1 de enero de 2016;3
02 Albacete;02012 Balazote;De 95 a 99 años;Total;1 de enero de 2015;4
02 Albacete;02012 Balazote;De 95 a 99 años;Total;1 de enero de 2014;4
02 Albacete;02012 Balazote;De 95 a 99 años;Total;1 de enero de 2013;4
02 Albacete;02012 Balazote;De 95 a 99 años;Total;1 de enero de 2012;3
02 Albacete;02012 Balazote;De 95 a 99 años;Total;1 de enero de 2011;4
02 Albacete;02012 Balazote;De 95 a 99 años;Total;1 de enero de 2010;4
02 Albacete;02012 Balazote;100 y más años;Total;1 de enero de 2022;0
02 Albacete;02012 Balazote;100 y más años;Total;1 de enero de 2021;1
02 Albacete;02012 Balazote;100 y más años;Total;1 de enero de 2020;0
02 Albacete;02012 Balazote;100 y más años;Total;1 de enero de 2019;1
02 Albacete;02012 Balazote;100 y más años;Total;1 de enero de 2018;1
02 Albacete;02012 Balazote;100 y más años;Total;1 de enero de 2017;0
02 Albacete;02012 Balazote;100 y más años;Total;1 de enero de 2016;0
02 Albacete;02012 Balazote;100 y más años;Total;1 de enero de 2015;0
02 Albacete;02012 Balazote;100 y más años;Total;1 de enero de 2014;1
02 Albacete;02012 Balazote;100 y más años;Total;1 de enero de 2013;1
02 Albacete;02012 Balazote;100 y más años;Total;1 de enero de 2012;0
02 Albacete;02012 Balazote;100 y más años;Total;1 de enero de 2011;0
02 Albacete;02012 Balazote;100 y más años;Total;1 de enero de 2010;0
02 Albacete;02014 Ballestero, El;De 0 a 4 años;Total;1 de enero de 2022;16
02 Albacete;02014 Ballestero, El;De 0 a 4 años;Total;1 de enero de 2021;13
02 Albacete;02014 Ballestero, El;De 0 a 4 años;Total;1 de enero de 2020;7
02 Albacete;02014 Ballestero, El;De 0 a 4 años;Total;1 de enero de 2019;10
02 Albacete;02014 Ballestero, El;De 0 a 4 años;Total;1 de enero de 2018;15
02 Albacete;02014 Ballestero, El;De 0 a 4 años;Total;1 de enero de 2017;18
02 Albacete;02014 Ballestero, El;De 0 a 4 años;Total;1 de enero de 2016;16
02 Albacete;02014 Ballestero, El;De 0 a 4 años;Total;1 de enero de 2015;17
02 Albacete;02014 Ballestero, El;De 0 a 4 años;Total;1 de enero de 2014;21
02 Albacete;02014 Ballestero, El;De 0 a 4 años;Total;1 de enero de 2013;17
02 Albacete;02014 Ballestero, El;De 0 a 4 años;Total;1 de enero de 2012;17
02 Albacete;02014 Ballestero, El;De 0 a 4 años;Total;1 de enero de 2011;17
02 Albacete;02014 Ballestero, El;De 0 a 4 años;Total;1 de enero de 2010;16
02 Albacete;02014 Ballestero, El;De 5 a 9 años;Total;1 de enero de 2022;19
02 Albacete;02014 Ballestero, El;De 5 a 9 años;Total;1 de enero de 2021;17
02 Albacete;02014 Ballestero, El;De 5 a 9 años;Total;1 de enero de 2020;16
02 Albacete;02014 Ballestero, El;De 5 a 9 años;Total;1 de enero de 2019;17
02 Albacete;02014 Ballestero, El;De 5 a 9 años;Total;1 de enero de 2018;13
02 Albacete;02014 Ballestero, El;De 5 a 9 años;Total;1 de enero de 2017;15
02 Albacete;02014 Ballestero, El;De 5 a 9 años;Total;1 de enero de 2016;20
02 Albacete;02014 Ballestero, El;De 5 a 9 años;Total;1 de enero de 2015;17
02 Albacete;02014 Ballestero, El;De 5 a 9 años;Total;1 de enero de 2014;15
02 Albacete;02014 Ballestero, El;De 5 a 9 años;Total;1 de enero de 2013;14
02 Albacete;02014 Ballestero, El;De 5 a 9 años;Total;1 de enero de 2012;12
02 Albacete;02014 Ballestero, El;De 5 a 9 años;Total;1 de enero de 2011;11
02 Albacete;02014 Ballestero, El;De 5 a 9 años;Total;1 de enero de 2010;11
02 Albacete;02014 Ballestero, El;De 10 a 14 años;Total;1 de enero de 2022;17
02 Albacete;02014 Ballestero, El;De 10 a 14 años;Total;1 de enero de 2021;17
02 Albacete;02014 Ballestero, El;De 10 a 14 años;Total;1 de enero de 2020;14
02 Albacete;02014 Ballestero, El;De 10 a 14 años;Total;1 de enero de 2019;14
02 Albacete;02014 Ballestero, El;De 10 a 14 años;Total;1 de enero de 2018;13
02 Albacete;02014 Ballestero, El;De 10 a 14 años;Total;1 de enero de 2017;11
02 Albacete;02014 Ballestero, El;De 10 a 14 años;Total;1 de enero de 2016;10
02 Albacete;02014 Ballestero, El;De 10 a 14 años;Total;1 de enero de 2015;10
02 Albacete;02014 Ballestero, El;De 10 a 14 años;Total;1 de enero de 2014;11
02 Albacete;02014 Ballestero, El;De 10 a 14 años;Total;1 de enero de 2013;14
02 Albacete;02014 Ballestero, El;De 10 a 14 años;Total;1 de enero de 2012;16
02 Albacete;02014 Ballestero, El;De 10 a 14 años;Total;1 de enero de 2011;16
02 Albacete;02014 Ballestero, El;De 10 a 14 años;Total;1 de enero de 2010;19
02 Albacete;02014 Ballestero, El;De 65 a 69 años;Total;1 de enero de 2022;31
02 Albacete;02014 Ballestero, El;De 65 a 69 años;Total;1 de enero de 2021;34
02 Albacete;02014 Ballestero, El;De 65 a 69 años;Total;1 de enero de 2020;35
02 Albacete;02014 Ballestero, El;De 65 a 69 años;Total;1 de enero de 2019;37
02 Albacete;02014 Ballestero, El;De 65 a 69 años;Total;1 de enero de 2018;34
02 Albacete;02014 Ballestero, El;De 65 a 69 años;Total;1 de enero de 2017;34
02 Albacete;02014 Ballestero, El;De 65 a 69 años;Total;1 de enero de 2016;33
02 Albacete;02014 Ballestero, El;De 65 a 69 años;Total;1 de enero de 2015;31
02 Albacete;02014 Ballestero, El;De 65 a 69 años;Total;1 de enero de 2014;30
02 Albacete;02014 Ballestero, El;De 65 a 69 años;Total;1 de enero de 2013;30
02 Albacete;02014 Ballestero, El;De 65 a 69 años;Total;1 de enero de 2012;26
02 Albacete;02014 Ballestero, El;De 65 a 69 años;Total;1 de enero de 2011;26
02 Albacete;02014 Ballestero, El;De 65 a 69 años;Total;1 de enero de 2010;28
02 Albacete;02014 Ballestero, El;De 70 a 74 años;Total;1 de enero de 2022;35
02 Albacete;02014 Ballestero, El;De 70 a 74 años;Total;1 de enero de 2021;32
02 Albacete;02014 Ballestero, El;De 70 a 74 años;Total;1 de enero de 2020;31
02 Albacete;02014 Ballestero, El;De 70 a 74 años;Total;1 de enero de 2019;29
02 Albacete;02014 Ballestero, El;De 70 a 74 años;Total;1 de enero de 2018;25
02 Albacete;02014 Ballestero, El;De 70 a 74 años;Total;1 de enero de 2017;22
02 Albacete;02014 Ballestero, El;De 70 a 74 años;Total;1 de enero de 2016;23
02 Albacete;02014 Ballestero, El;De 70 a 74 años;Total;1 de enero de 2015;23
02 Albacete;02014 Ballestero, El;De 70 a 74 años;Total;1 de enero de 2014;21
02 Albacete;02014 Ballestero, El;De 70 a 74 años;Total;1 de enero de 2013;24
02 Albacete;02014 Ballestero, El;De 70 a 74 años;Total;1 de enero de 2012;27
02 Albacete;02014 Ballestero, El;De 70 a 74 años;Total;1 de enero de 2011;30
02 Albacete;02014 Ballestero, El;De 70 a 74 años;Total;1 de enero de 2010;32
02 Albacete;02014 Ballestero, El;De 75 a 79 años;Total;1 de enero de 2022;20
02 Albacete;02014 Ballestero, El;De 75 a 79 años;Total;1 de enero de 2021;19
02 Albacete;02014 Ballestero, El;De 75 a 79 años;Total;1 de enero de 2020;18
02 Albacete;02014 Ballestero, El;De 75 a 79 años;Total;1 de enero de 2019;18
02 Albacete;02014 Ballestero, El;De 75 a 79 años;Total;1 de enero de 2018;21
02 Albacete;02014 Ballestero, El;De 75 a 79 años;Total;1 de enero de 2017;23
02 Albacete;02014 Ballestero, El;De 75 a 79 años;Total;1 de enero de 2016;27
02 Albacete;02014 Ballestero, El;De 75 a 79 años;Total;1 de enero de 2015;27
02 Albacete;02014 Ballestero, El;De 75 a 79 años;Total;1 de enero de 2014;30
02 Albacete;02014 Ballestero, El;De 75 a 79 años;Total;1 de enero de 2013;29
02 Albacete;02014 Ballestero, El;De 75 a 79 años;Total;1 de enero de 2012;24
02 Albacete;02014 Ballestero, El;De 75 a 79 años;Total;1 de enero de 2011;28
02 Albacete;02014 Ballestero, El;De 75 a 79 años;Total;1 de enero de 2010;25
02 Albacete;02014 Ballestero, El;De 80 a 84 años;Total;1 de enero de 2022;20
02 Albacete;02014 Ballestero, El;De 80 a 84 años;Total;1 de enero de 2021;22
02 Albacete;02014 Ballestero, El;De 80 a 84 años;Total;1 de enero de 2020;24
02 Albacete;02014 Ballestero, El;De 80 a 84 años;Total;1 de enero de 2019;25
02 Albacete;02014 Ballestero, El;De 80 a 84 años;Total;1 de enero de 2018;24
02 Albacete;02014 Ballestero, El;De 80 a 84 años;Total;1 de enero de 2017;17
02 Albacete;02014 Ballestero, El;De 80 a 84 años;Total;1 de enero de 2016;20
02 Albacete;02014 Ballestero, El;De 80 a 84 años;Total;1 de enero de 2015;17
02 Albacete;02014 Ballestero, El;De 80 a 84 años;Total;1 de enero de 2014;19
02 Albacete;02014 Ballestero, El;De 80 a 84 años;Total;1 de enero de 2013;19
02 Albacete;02014 Ballestero, El;De 80 a 84 años;Total;1 de enero de 2012;19
02 Albacete;02014 Ballestero, El;De 80 a 84 años;Total;1 de enero de 2011;10
02 Albacete;02014 Ballestero, El;De 80 a 84 años;Total;1 de enero de 2010;14
02 Albacete;02014 Ballestero, El;De 85 a 89 años;Total;1 de enero de 2022;15
02 Albacete;02014 Ballestero, El;De 85 a 89 años;Total;1 de enero de 2021;14
02 Albacete;02014 Ballestero, El;De 85 a 89 años;Total;1 de enero de 2020;11
02 Albacete;02014 Ballestero, El;De 85 a 89 años;Total;1 de enero de 2019;10
02 Albacete;02014 Ballestero, El;De 85 a 89 años;Total;1 de enero de 2018;11
02 Albacete;02014 Ballestero, El;De 85 a 89 años;Total;1 de enero de 2017;11
02 Albacete;02014 Ballestero, El;De 85 a 89 años;Total;1 de enero de 2016;6
02 Albacete;02014 Ballestero, El;De 85 a 89 años;Total;1 de enero de 2015;9
02 Albacete;02014 Ballestero, El;De 85 a 89 años;Total;1 de enero de 2014;10
02 Albacete;02014 Ballestero, El;De 85 a 89 años;Total;1 de enero de 2013;14
02 Albacete;02014 Ballestero, El;De 85 a 89 años;Total;1 de enero de 2012;15
02 Albacete;02014 Ballestero, El;De 85 a 89 años;Total;1 de enero de 2011;13
02 Albacete;02014 Ballestero, El;De 85 a 89 años;Total;1 de enero de 2010;13
02 Albacete;02014 Ballestero, El;De 90 a 94 años;Total;1 de enero de 2022;6
02 Albacete;02014 Ballestero, El;De 90 a 94 años;Total;1 de enero de 2021;2
02 Albacete;02014 Ballestero, El;De 90 a 94 años;Total;1 de enero de 2020;2
02 Albacete;02014 Ballestero, El;De 90 a 94 años;Total;1 de enero de 2019;4
02 Albacete;02014 Ballestero, El;De 90 a 94 años;Total;1 de enero de 2018;5
02 Albacete;02014 Ballestero, El;De 90 a 94 años;Total;1 de enero de 2017;6
02 Albacete;02014 Ballestero, El;De 90 a 94 años;Total;1 de enero de 2016;6
02 Albacete;02014 Ballestero, El;De 90 a 94 años;Total;1 de enero de 2015;7
02 Albacete;02014 Ballestero, El;De 90 a 94 años;Total;1 de enero de 2014;6
02 Albacete;02014 Ballestero, El;De 90 a 94 años;Total;1 de enero de 2013;3
02 Albacete;02014 Ballestero, El;De 90 a 94 años;Total;1 de enero de 2012;2
02 Albacete;02014 Ballestero, El;De 90 a 94 años;Total;1 de enero de 2011;6
02 Albacete;02014 Ballestero, El;De 90 a 94 años;Total;1 de enero de 2010;5
02 Albacete;02014 Ballestero, El;De 95 a 99 años;Total;1 de enero de 2022;3
02 Albacete;02014 Ballestero, El;De 95 a 99 años;Total;1 de enero de 2021;3
02 Albacete;02014 Ballestero, El;De 95 a 99 años;Total;1 de enero de 2020;3
02 Albacete;02014 Ballestero, El;De 95 a 99 años;Total;1 de enero de 2019;3
02 Albacete;02014 Ballestero, El;De 95 a 99 años;Total;1 de enero de 2018;2
02 Albacete;02014 Ballestero, El;De 95 a 99 años;Total;1 de enero de 2017;0
02 Albacete;02014 Ballestero, El;De 95 a 99 años;Total;1 de enero de 2016;0
02 Albacete;02014 Ballestero, El;De 95 a 99 años;Total;1 de enero de 2015;0
02 Albacete;02014 Ballestero, El;De 95 a 99 años;Total;1 de enero de 2014;0
02 Albacete;02014 Ballestero, El;De 95 a 99 años;Total;1 de enero de 2013;1
02 Albacete;02014 Ballestero, El;De 95 a 99 años;Total;1 de enero de 2012;2
02 Albacete;02014 Ballestero, El;De 95 a 99 años;Total;1 de enero de 2011;1
02 Albacete;02014 Ballestero, El;De 95 a 99 años;Total;1 de enero de 2010;1
02 Albacete;02014 Ballestero, El;100 y más años;Total;1 de enero de 2022;0
02 Albacete;02014 Ballestero, El;100 y más años;Total;1 de enero de 2021;0
02 Albacete;02014 Ballestero, El;100 y más años;Total;1 de enero de 2020;0
02 Albacete;02014 Ballestero, El;100 y más años;Total;1 de enero de 2019;0
02 Albacete;02014 Ballestero, El;100 y más años;Total;1 de enero de 2018;0
02 Albacete;02014 Ballestero, El;100 y más años;Total;1 de enero de 2017;0
02 Albacete;02014 Ballestero, El;100 y más años;Total;1 de enero de 2016;0
02 Albacete;02014 Ballestero, El;100 y más años;Total;1 de enero de 2015;0
02 Albacete;02014 Ballestero, El;100 y más años;Total;1 de enero de 2014;0
02 Albacete;02014 Ballestero, El;100 y más años;Total;1 de enero de 2013;0
02 Albacete;02014 Ballestero, El;100 y más años;Total;1 de enero de 2012;0
02 Albacete;02014 Ballestero, El;100 y más años;Total;1 de enero de 2011;0
02 Albacete;02014 Ballestero, El;100 y más años;Total;1 de enero de 2010;0
02 Albacete;02013 Balsa de Ves;De 0 a 4 años;Total;1 de enero de 2022;0
02 Albacete;02013 Balsa de Ves;De 0 a 4 años;Total;1 de enero de 2021;2
02 Albacete;02013 Balsa de Ves;De 0 a 4 años;Total;1 de enero de 2020;2
02 Albacete;02013 Balsa de Ves;De 0 a 4 años;Total;1 de enero de 2019;2
02 Albacete;02013 Balsa de Ves;De 0 a 4 años;Total;1 de enero de 2018;3
02 Albacete;02013 Balsa de Ves;De 0 a 4 años;Total;1 de enero de 2017;1
02 Albacete;02013 Balsa de Ves;De 0 a 4 años;Total;1 de enero de 2016;2
02 Albacete;02013 Balsa de Ves;De 0 a 4 años;Total;1 de enero de 2015;2
02 Albacete;02013 Balsa de Ves;De 0 a 4 años;Total;1 de enero de 2014;2
02 Albacete;02013 Balsa de Ves;De 0 a 4 años;Total;1 de enero de 2013;4
02 Albacete;02013 Balsa de Ves;De 0 a 4 años;Total;1 de enero de 2012;7
02 Albacete;02013 Balsa de Ves;De 0 a 4 años;Total;1 de enero de 2011;4
02 Albacete;02013 Balsa de Ves;De 0 a 4 años;Total;1 de enero de 2010;4
02 Albacete;02013 Balsa de Ves;De 5 a 9 años;Total;1 de enero de 2022;1
02 Albacete;02013 Balsa de Ves;De 5 a 9 años;Total;1 de enero de 2021;1
02 Albacete;02013 Balsa de Ves;De 5 a 9 años;Total;1 de enero de 2020;2
02 Albacete;02013 Balsa de Ves;De 5 a 9 años;Total;1 de enero de 2019;1
02 Albacete;02013 Balsa de Ves;De 5 a 9 años;Total;1 de enero de 2018;6
02 Albacete;02013 Balsa de Ves;De 5 a 9 años;Total;1 de enero de 2017;5
02 Albacete;02013 Balsa de Ves;De 5 a 9 años;Total;1 de enero de 2016;6
02 Albacete;02013 Balsa de Ves;De 5 a 9 años;Total;1 de enero de 2015;5
02 Albacete;02013 Balsa de Ves;De 5 a 9 años;Total;1 de enero de 2014;7
02 Albacete;02013 Balsa de Ves;De 5 a 9 años;Total;1 de enero de 2013;7
02 Albacete;02013 Balsa de Ves;De 5 a 9 años;Total;1 de enero de 2012;5
02 Albacete;02013 Balsa de Ves;De 5 a 9 años;Total;1 de enero de 2011;7
02 Albacete;02013 Balsa de Ves;De 5 a 9 años;Total;1 de enero de 2010;4
02 Albacete;02013 Balsa de Ves;De 10 a 14 años;Total;1 de enero de 2022;5
02 Albacete;02013 Balsa de Ves;De 10 a 14 años;Total;1 de enero de 2021;5
02 Albacete;02013 Balsa de Ves;De 10 a 14 años;Total;1 de enero de 2020;4
02 Albacete;02013 Balsa de Ves;De 10 a 14 años;Total;1 de enero de 2019;5
02 Albacete;02013 Balsa de Ves;De 10 a 14 años;Total;1 de enero de 2018;7
02 Albacete;02013 Balsa de Ves;De 10 a 14 años;Total;1 de enero de 2017;3
02 Albacete;02013 Balsa de Ves;De 10 a 14 años;Total;1 de enero de 2016;5
02 Albacete;02013 Balsa de Ves;De 10 a 14 años;Total;1 de enero de 2015;9
02 Albacete;02013 Balsa de Ves;De 10 a 14 años;Total;1 de enero de 2014;8
02 Albacete;02013 Balsa de Ves;De 10 a 14 años;Total;1 de enero de 2013;7
02 Albacete;02013 Balsa de Ves;De 10 a 14 años;Total;1 de enero de 2012;6
02 Albacete;02013 Balsa de Ves;De 10 a 14 años;Total;1 de enero de 2011;6
02 Albacete;02013 Balsa de Ves;De 10 a 14 años;Total;1 de enero de 2010;7
02 Albacete;02013 Balsa de Ves;De 65 a 69 años;Total;1 de enero de 2022;11
02 Albacete;02013 Balsa de Ves;De 65 a 69 años;Total;1 de enero de 2021;9
02 Albacete;02013 Balsa de Ves;De 65 a 69 años;Total;1 de enero de 2020;7
02 Albacete;02013 Balsa de Ves;De 65 a 69 años;Total;1 de enero de 2019;11
02 Albacete;02013 Balsa de Ves;De 65 a 69 años;Total;1 de enero de 2018;15
02 Albacete;02013 Balsa de Ves;De 65 a 69 años;Total;1 de enero de 2017;14
02 Albacete;02013 Balsa de Ves;De 65 a 69 años;Total;1 de enero de 2016;17
02 Albacete;02013 Balsa de Ves;De 65 a 69 años;Total;1 de enero de 2015;16
02 Albacete;02013 Balsa de Ves;De 65 a 69 años;Total;1 de enero de 2014;14
02 Albacete;02013 Balsa de Ves;De 65 a 69 años;Total;1 de enero de 2013;14
02 Albacete;02013 Balsa de Ves;De 65 a 69 años;Total;1 de enero de 2012;11
02 Albacete;02013 Balsa de Ves;De 65 a 69 años;Total;1 de enero de 2011;12
02 Albacete;02013 Balsa de Ves;De 65 a 69 años;Total;1 de enero de 2010;17
02 Albacete;02013 Balsa de Ves;De 70 a 74 años;Total;1 de enero de 2022;7
02 Albacete;02013 Balsa de Ves;De 70 a 74 años;Total;1 de enero de 2021;9
02 Albacete;02013 Balsa de Ves;De 70 a 74 años;Total;1 de enero de 2020;12
02 Albacete;02013 Balsa de Ves;De 70 a 74 años;Total;1 de enero de 2019;15
02 Albacete;02013 Balsa de Ves;De 70 a 74 años;Total;1 de enero de 2018;10
02 Albacete;02013 Balsa de Ves;De 70 a 74 años;Total;1 de enero de 2017;6
02 Albacete;02013 Balsa de Ves;De 70 a 74 años;Total;1 de enero de 2016;7
02 Albacete;02013 Balsa de Ves;De 70 a 74 años;Total;1 de enero de 2015;15
02 Albacete;02013 Balsa de Ves;De 70 a 74 años;Total;1 de enero de 2014;15
02 Albacete;02013 Balsa de Ves;De 70 a 74 años;Total;1 de enero de 2013;15
02 Albacete;02013 Balsa de Ves;De 70 a 74 años;Total;1 de enero de 2012;18
02 Albacete;02013 Balsa de Ves;De 70 a 74 años;Total;1 de enero de 2011;22
02 Albacete;02013 Balsa de Ves;De 70 a 74 años;Total;1 de enero de 2010;16
02 Albacete;02013 Balsa de Ves;De 75 a 79 años;Total;1 de enero de 2022;8
02 Albacete;02013 Balsa de Ves;De 75 a 79 años;Total;1 de enero de 2021;8
02 Albacete;02013 Balsa de Ves;De 75 a 79 años;Total;1 de enero de 2020;10
02 Albacete;02013 Balsa de Ves;De 75 a 79 años;Total;1 de enero de 2019;14
02 Albacete;02013 Balsa de Ves;De 75 a 79 años;Total;1 de enero de 2018;13
02 Albacete;02013 Balsa de Ves;De 75 a 79 años;Total;1 de enero de 2017;15
02 Albacete;02013 Balsa de Ves;De 75 a 79 años;Total;1 de enero de 2016;19
02 Albacete;02013 Balsa de Ves;De 75 a 79 años;Total;1 de enero de 2015;15
02 Albacete;02013 Balsa de Ves;De 75 a 79 años;Total;1 de enero de 2014;16
02 Albacete;02013 Balsa de Ves;De 75 a 79 años;Total;1 de enero de 2013;15
02 Albacete;02013 Balsa de Ves;De 75 a 79 años;Total;1 de enero de 2012;17
02 Albacete;02013 Balsa de Ves;De 75 a 79 años;Total;1 de enero de 2011;17
02 Albacete;02013 Balsa de Ves;De 75 a 79 años;Total;1 de enero de 2010;17
02 Albacete;02013 Balsa de Ves;De 80 a 84 años;Total;1 de enero de 2022;9
02 Albacete;02013 Balsa de Ves;De 80 a 84 años;Total;1 de enero de 2021;8
02 Albacete;02013 Balsa de Ves;De 80 a 84 años;Total;1 de enero de 2020;9
02 Albacete;02013 Balsa de Ves;De 80 a 84 años;Total;1 de enero de 2019;13
02 Albacete;02013 Balsa de Ves;De 80 a 84 años;Total;1 de enero de 2018;12
02 Albacete;02013 Balsa de Ves;De 80 a 84 años;Total;1 de enero de 2017;13
02 Albacete;02013 Balsa de Ves;De 80 a 84 años;Total;1 de enero de 2016;14
02 Albacete;02013 Balsa de Ves;De 80 a 84 años;Total;1 de enero de 2015;12
02 Albacete;02013 Balsa de Ves;De 80 a 84 años;Total;1 de enero de 2014;14
02 Albacete;02013 Balsa de Ves;De 80 a 84 años;Total;1 de enero de 2013;11
02 Albacete;02013 Balsa de Ves;De 80 a 84 años;Total;1 de enero de 2012;12
02 Albacete;02013 Balsa de Ves;De 80 a 84 años;Total;1 de enero de 2011;17
02 Albacete;02013 Balsa de Ves;De 80 a 84 años;Total;1 de enero de 2010;19
02 Albacete;02013 Balsa de Ves;De 85 a 89 años;Total;1 de enero de 2022;6
02 Albacete;02013 Balsa de Ves;De 85 a 89 años;Total;1 de enero de 2021;9
02 Albacete;02013 Balsa de Ves;De 85 a 89 años;Total;1 de enero de 2020;9
02 Albacete;02013 Balsa de Ves;De 85 a 89 años;Total;1 de enero de 2019;11
02 Albacete;02013 Balsa de Ves;De 85 a 89 años;Total;1 de enero de 2018;9
02 Albacete;02013 Balsa de Ves;De 85 a 89 años;Total;1 de enero de 2017;8
02 Albacete;02013 Balsa de Ves;De 85 a 89 años;Total;1 de enero de 2016;11
02 Albacete;02013 Balsa de Ves;De 85 a 89 años;Total;1 de enero de 2015;14
02 Albacete;02013 Balsa de Ves;De 85 a 89 años;Total;1 de enero de 2014;14
02 Albacete;02013 Balsa de Ves;De 85 a 89 años;Total;1 de enero de 2013;13
02 Albacete;02013 Balsa de Ves;De 85 a 89 años;Total;1 de enero de 2012;17
02 Albacete;02013 Balsa de Ves;De 85 a 89 años;Total;1 de enero de 2011;13
02 Albacete;02013 Balsa de Ves;De 85 a 89 años;Total;1 de enero de 2010;17
02 Albacete;02013 Balsa de Ves;De 90 a 94 años;Total;1 de enero de 2022;6
02 Albacete;02013 Balsa de Ves;De 90 a 94 años;Total;1 de enero de 2021;5
02 Albacete;02013 Balsa de Ves;De 90 a 94 años;Total;1 de enero de 2020;5
02 Albacete;02013 Balsa de Ves;De 90 a 94 años;Total;1 de enero de 2019;7
02 Albacete;02013 Balsa de Ves;De 90 a 94 años;Total;1 de enero de 2018;7
02 Albacete;02013 Balsa de Ves;De 90 a 94 años;Total;1 de enero de 2017;6
02 Albacete;02013 Balsa de Ves;De 90 a 94 años;Total;1 de enero de 2016;8
02 Albacete;02013 Balsa de Ves;De 90 a 94 años;Total;1 de enero de 2015;7
02 Albacete;02013 Balsa de Ves;De 90 a 94 años;Total;1 de enero de 2014;7
02 Albacete;02013 Balsa de Ves;De 90 a 94 años;Total;1 de enero de 2013;7
02 Albacete;02013 Balsa de Ves;De 90 a 94 años;Total;1 de enero de 2012;3
02 Albacete;02013 Balsa de Ves;De 90 a 94 años;Total;1 de enero de 2011;3
02 Albacete;02013 Balsa de Ves;De 90 a 94 años;Total;1 de enero de 2010;2
02 Albacete;02013 Balsa de Ves;De 95 a 99 años;Total;1 de enero de 2022;1
02 Albacete;02013 Balsa de Ves;De 95 a 99 años;Total;1 de enero de 2021;0
02 Albacete;02013 Balsa de Ves;De 95 a 99 años;Total;1 de enero de 2020;1
02 Albacete;02013 Balsa de Ves;De 95 a 99 años;Total;1 de enero de 2019;1
02 Albacete;02013 Balsa de Ves;De 95 a 99 años;Total;1 de enero de 2018;1
02 Albacete;02013 Balsa de Ves;De 95 a 99 años;Total;1 de enero de 2017;1
02 Albacete;02013 Balsa de Ves;De 95 a 99 años;Total;1 de enero de 2016;1
02 Albacete;02013 Balsa de Ves;De 95 a 99 años;Total;1 de enero de 2015;0
02 Albacete;02013 Balsa de Ves;De 95 a 99 años;Total;1 de enero de 2014;1
02 Albacete;02013 Balsa de Ves;De 95 a 99 años;Total;1 de enero de 2013;1
02 Albacete;02013 Balsa de Ves;De 95 a 99 años;Total;1 de enero de 2012;4
02 Albacete;02013 Balsa de Ves;De 95 a 99 años;Total;1 de enero de 2011;2
02 Albacete;02013 Balsa de Ves;De 95 a 99 años;Total;1 de enero de 2010;3
02 Albacete;02013 Balsa de Ves;100 y más años;Total;1 de enero de 2022;0
02 Albacete;02013 Balsa de Ves;100 y más años;Total;1 de enero de 2021;0
02 Albacete;02013 Balsa de Ves;100 y más años;Total;1 de enero de 2020;0
02 Albacete;02013 Balsa de Ves;100 y más años;Total;1 de enero de 2019;0
02 Albacete;02013 Balsa de Ves;100 y más años;Total;1 de enero de 2018;0
02 Albacete;02013 Balsa de Ves;100 y más años;Total;1 de enero de 2017;0
02 Albacete;02013 Balsa de Ves;100 y más años;Total;1 de enero de 2016;0
02 Albacete;02013 Balsa de Ves;100 y más años;Total;1 de enero de 2015;0
02 Albacete;02013 Balsa de Ves;100 y más años;Total;1 de enero de 2014;0
02 Albacete;02013 Balsa de Ves;100 y más años;Total;1 de enero de 2013;0
02 Albacete;02013 Balsa de Ves;100 y más años;Total;1 de enero de 2012;0
02 Albacete;02013 Balsa de Ves;100 y más años;Total;1 de enero de 2011;0
02 Albacete;02013 Balsa de Ves;100 y más años;Total;1 de enero de 2010;1
02 Albacete;02015 Barrax;De 0 a 4 años;Total;1 de enero de 2022;56
02 Albacete;02015 Barrax;De 0 a 4 años;Total;1 de enero de 2021;46
02 Albacete;02015 Barrax;De 0 a 4 años;Total;1 de enero de 2020;58
02 Albacete;02015 Barrax;De 0 a 4 años;Total;1 de enero de 2019;63
02 Albacete;02015 Barrax;De 0 a 4 años;Total;1 de enero de 2018;69
02 Albacete;02015 Barrax;De 0 a 4 años;Total;1 de enero de 2017;63
02 Albacete;02015 Barrax;De 0 a 4 años;Total;1 de enero de 2016;78
02 Albacete;02015 Barrax;De 0 a 4 años;Total;1 de enero de 2015;80
02 Albacete;02015 Barrax;De 0 a 4 años;Total;1 de enero de 2014;81
02 Albacete;02015 Barrax;De 0 a 4 años;Total;1 de enero de 2013;89
02 Albacete;02015 Barrax;De 0 a 4 años;Total;1 de enero de 2012;100
02 Albacete;02015 Barrax;De 0 a 4 años;Total;1 de enero de 2011;110
02 Albacete;02015 Barrax;De 0 a 4 años;Total;1 de enero de 2010;106
02 Albacete;02015 Barrax;De 5 a 9 años;Total;1 de enero de 2022;80
02 Albacete;02015 Barrax;De 5 a 9 años;Total;1 de enero de 2021;88
02 Albacete;02015 Barrax;De 5 a 9 años;Total;1 de enero de 2020;79
02 Albacete;02015 Barrax;De 5 a 9 años;Total;1 de enero de 2019;86
02 Albacete;02015 Barrax;De 5 a 9 años;Total;1 de enero de 2018;97
02 Albacete;02015 Barrax;De 5 a 9 años;Total;1 de enero de 2017;95
02 Albacete;02015 Barrax;De 5 a 9 años;Total;1 de enero de 2016;101
02 Albacete;02015 Barrax;De 5 a 9 años;Total;1 de enero de 2015;109
02 Albacete;02015 Barrax;De 5 a 9 años;Total;1 de enero de 2014;103
02 Albacete;02015 Barrax;De 5 a 9 años;Total;1 de enero de 2013;100
02 Albacete;02015 Barrax;De 5 a 9 años;Total;1 de enero de 2012;114
02 Albacete;02015 Barrax;De 5 a 9 años;Total;1 de enero de 2011;104
02 Albacete;02015 Barrax;De 5 a 9 años;Total;1 de enero de 2010;111
02 Albacete;02015 Barrax;De 10 a 14 años;Total;1 de enero de 2022;98
02 Albacete;02015 Barrax;De 10 a 14 años;Total;1 de enero de 2021;97
02 Albacete;02015 Barrax;De 10 a 14 años;Total;1 de enero de 2020;101
02 Albacete;02015 Barrax;De 10 a 14 años;Total;1 de enero de 2019;104
02 Albacete;02015 Barrax;De 10 a 14 años;Total;1 de enero de 2018;99
02 Albacete;02015 Barrax;De 10 a 14 años;Total;1 de enero de 2017;104
02 Albacete;02015 Barrax;De 10 a 14 años;Total;1 de enero de 2016;100
02 Albacete;02015 Barrax;De 10 a 14 años;Total;1 de enero de 2015;100
02 Albacete;02015 Barrax;De 10 a 14 años;Total;1 de enero de 2014;111
02 Albacete;02015 Barrax;De 10 a 14 años;Total;1 de enero de 2013;119
02 Albacete;02015 Barrax;De 10 a 14 años;Total;1 de enero de 2012;122
02 Albacete;02015 Barrax;De 10 a 14 años;Total;1 de enero de 2011;127
02 Albacete;02015 Barrax;De 10 a 14 años;Total;1 de enero de 2010;130
02 Albacete;02015 Barrax;De 65 a 69 años;Total;1 de enero de 2022;80
02 Albacete;02015 Barrax;De 65 a 69 años;Total;1 de enero de 2021;79
02 Albacete;02015 Barrax;De 65 a 69 años;Total;1 de enero de 2020;74
02 Albacete;02015 Barrax;De 65 a 69 años;Total;1 de enero de 2019;75
02 Albacete;02015 Barrax;De 65 a 69 años;Total;1 de enero de 2018;68
02 Albacete;02015 Barrax;De 65 a 69 años;Total;1 de enero de 2017;67
02 Albacete;02015 Barrax;De 65 a 69 años;Total;1 de enero de 2016;72
02 Albacete;02015 Barrax;De 65 a 69 años;Total;1 de enero de 2015;74
02 Albacete;02015 Barrax;De 65 a 69 años;Total;1 de enero de 2014;66
02 Albacete;02015 Barrax;De 65 a 69 años;Total;1 de enero de 2013;75
02 Albacete;02015 Barrax;De 65 a 69 años;Total;1 de enero de 2012;77
02 Albacete;02015 Barrax;De 65 a 69 años;Total;1 de enero de 2011;74
02 Albacete;02015 Barrax;De 65 a 69 años;Total;1 de enero de 2010;82
02 Albacete;02015 Barrax;De 70 a 74 años;Total;1 de enero de 2022;61
02 Albacete;02015 Barrax;De 70 a 74 años;Total;1 de enero de 2021;64
02 Albacete;02015 Barrax;De 70 a 74 años;Total;1 de enero de 2020;69
02 Albacete;02015 Barrax;De 70 a 74 años;Total;1 de enero de 2019;59
02 Albacete;02015 Barrax;De 70 a 74 años;Total;1 de enero de 2018;69
02 Albacete;02015 Barrax;De 70 a 74 años;Total;1 de enero de 2017;72
02 Albacete;02015 Barrax;De 70 a 74 años;Total;1 de enero de 2016;70
02 Albacete;02015 Barrax;De 70 a 74 años;Total;1 de enero de 2015;75
02 Albacete;02015 Barrax;De 70 a 74 años;Total;1 de enero de 2014;85
02 Albacete;02015 Barrax;De 70 a 74 años;Total;1 de enero de 2013;88
02 Albacete;02015 Barrax;De 70 a 74 años;Total;1 de enero de 2012;98
02 Albacete;02015 Barrax;De 70 a 74 años;Total;1 de enero de 2011;111
02 Albacete;02015 Barrax;De 70 a 74 años;Total;1 de enero de 2010;110
02 Albacete;02015 Barrax;De 75 a 79 años;Total;1 de enero de 2022;63
02 Albacete;02015 Barrax;De 75 a 79 años;Total;1 de enero de 2021;64
02 Albacete;02015 Barrax;De 75 a 79 años;Total;1 de enero de 2020;71
02 Albacete;02015 Barrax;De 75 a 79 años;Total;1 de enero de 2019;75
02 Albacete;02015 Barrax;De 75 a 79 años;Total;1 de enero de 2018;76
02 Albacete;02015 Barrax;De 75 a 79 años;Total;1 de enero de 2017;80
02 Albacete;02015 Barrax;De 75 a 79 años;Total;1 de enero de 2016;91
02 Albacete;02015 Barrax;De 75 a 79 años;Total;1 de enero de 2015;95
02 Albacete;02015 Barrax;De 75 a 79 años;Total;1 de enero de 2014;98
02 Albacete;02015 Barrax;De 75 a 79 años;Total;1 de enero de 2013;93
02 Albacete;02015 Barrax;De 75 a 79 años;Total;1 de enero de 2012;86
02 Albacete;02015 Barrax;De 75 a 79 años;Total;1 de enero de 2011;86
02 Albacete;02015 Barrax;De 75 a 79 años;Total;1 de enero de 2010;86
02 Albacete;02015 Barrax;De 80 a 84 años;Total;1 de enero de 2022;64
02 Albacete;02015 Barrax;De 80 a 84 años;Total;1 de enero de 2021;71
02 Albacete;02015 Barrax;De 80 a 84 años;Total;1 de enero de 2020;70
02 Albacete;02015 Barrax;De 80 a 84 años;Total;1 de enero de 2019;77
02 Albacete;02015 Barrax;De 80 a 84 años;Total;1 de enero de 2018;79
02 Albacete;02015 Barrax;De 80 a 84 años;Total;1 de enero de 2017;69
02 Albacete;02015 Barrax;De 80 a 84 años;Total;1 de enero de 2016;69
02 Albacete;02015 Barrax;De 80 a 84 años;Total;1 de enero de 2015;66
02 Albacete;02015 Barrax;De 80 a 84 años;Total;1 de enero de 2014;61
02 Albacete;02015 Barrax;De 80 a 84 años;Total;1 de enero de 2013;66
02 Albacete;02015 Barrax;De 80 a 84 años;Total;1 de enero de 2012;63
02 Albacete;02015 Barrax;De 80 a 84 años;Total;1 de enero de 2011;61
02 Albacete;02015 Barrax;De 80 a 84 años;Total;1 de enero de 2010;55
02 Albacete;02015 Barrax;De 85 a 89 años;Total;1 de enero de 2022;40
02 Albacete;02015 Barrax;De 85 a 89 años;Total;1 de enero de 2021;38
02 Albacete;02015 Barrax;De 85 a 89 años;Total;1 de enero de 2020;40
02 Albacete;02015 Barrax;De 85 a 89 años;Total;1 de enero de 2019;37
02 Albacete;02015 Barrax;De 85 a 89 años;Total;1 de enero de 2018;45
02 Albacete;02015 Barrax;De 85 a 89 años;Total;1 de enero de 2017;40
02 Albacete;02015 Barrax;De 85 a 89 años;Total;1 de enero de 2016;39
02 Albacete;02015 Barrax;De 85 a 89 años;Total;1 de enero de 2015;36
02 Albacete;02015 Barrax;De 85 a 89 años;Total;1 de enero de 2014;34
02 Albacete;02015 Barrax;De 85 a 89 años;Total;1 de enero de 2013;28
02 Albacete;02015 Barrax;De 85 a 89 años;Total;1 de enero de 2012;33
02 Albacete;02015 Barrax;De 85 a 89 años;Total;1 de enero de 2011;29
02 Albacete;02015 Barrax;De 85 a 89 años;Total;1 de enero de 2010;33
02 Albacete;02015 Barrax;De 90 a 94 años;Total;1 de enero de 2022;18
02 Albacete;02015 Barrax;De 90 a 94 años;Total;1 de enero de 2021;19
02 Albacete;02015 Barrax;De 90 a 94 años;Total;1 de enero de 2020;15
02 Albacete;02015 Barrax;De 90 a 94 años;Total;1 de enero de 2019;15
02 Albacete;02015 Barrax;De 90 a 94 años;Total;1 de enero de 2018;8
02 Albacete;02015 Barrax;De 90 a 94 años;Total;1 de enero de 2017;11
02 Albacete;02015 Barrax;De 90 a 94 años;Total;1 de enero de 2016;10
02 Albacete;02015 Barrax;De 90 a 94 años;Total;1 de enero de 2015;8
02 Albacete;02015 Barrax;De 90 a 94 años;Total;1 de enero de 2014;12
02 Albacete;02015 Barrax;De 90 a 94 años;Total;1 de enero de 2013;12
02 Albacete;02015 Barrax;De 90 a 94 años;Total;1 de enero de 2012;12
02 Albacete;02015 Barrax;De 90 a 94 años;Total;1 de enero de 2011;15
02 Albacete;02015 Barrax;De 90 a 94 años;Total;1 de enero de 2010;11
02 Albacete;02015 Barrax;De 95 a 99 años;Total;1 de enero de 2022;1
02 Albacete;02015 Barrax;De 95 a 99 años;Total;1 de enero de 2021;0
02 Albacete;02015 Barrax;De 95 a 99 años;Total;1 de enero de 2020;1
02 Albacete;02015 Barrax;De 95 a 99 años;Total;1 de enero de 2019;3
02 Albacete;02015 Barrax;De 95 a 99 años;Total;1 de enero de 2018;4
02 Albacete;02015 Barrax;De 95 a 99 años;Total;1 de enero de 2017;2
02 Albacete;02015 Barrax;De 95 a 99 años;Total;1 de enero de 2016;1
02 Albacete;02015 Barrax;De 95 a 99 años;Total;1 de enero de 2015;1
02 Albacete;02015 Barrax;De 95 a 99 años;Total;1 de enero de 2014;3
02 Albacete;02015 Barrax;De 95 a 99 años;Total;1 de enero de 2013;5
02 Albacete;02015 Barrax;De 95 a 99 años;Total;1 de enero de 2012;1
02 Albacete;02015 Barrax;De 95 a 99 años;Total;1 de enero de 2011;1
02 Albacete;02015 Barrax;De 95 a 99 años;Total;1 de enero de 2010;2
02 Albacete;02015 Barrax;100 y más años;Total;1 de enero de 2022;0
02 Albacete;02015 Barrax;100 y más años;Total;1 de enero de 2021;0
02 Albacete;02015 Barrax;100 y más años;Total;1 de enero de 2020;0
02 Albacete;02015 Barrax;100 y más años;Total;1 de enero de 2019;0
02 Albacete;02015 Barrax;100 y más años;Total;1 de enero de 2018;0
02 Albacete;02015 Barrax;100 y más años;Total;1 de enero de 2017;1
02 Albacete;02015 Barrax;100 y más años;Total;1 de enero de 2016;1
02 Albacete;02015 Barrax;100 y más años;Total;1 de enero de 2015;0
02 Albacete;02015 Barrax;100 y más años;Total;1 de enero de 2014;0
02 Albacete;02015 Barrax;100 y más años;Total;1 de enero de 2013;0
02 Albacete;02015 Barrax;100 y más años;Total;1 de enero de 2012;0
02 Albacete;02015 Barrax;100 y más años;Total;1 de enero de 2011;0
02 Albacete;02015 Barrax;100 y más años;Total;1 de enero de 2010;0
02 Albacete;02016 Bienservida;De 0 a 4 años;Total;1 de enero de 2022;16
02 Albacete;02016 Bienservida;De 0 a 4 años;Total;1 de enero de 2021;19
02 Albacete;02016 Bienservida;De 0 a 4 años;Total;1 de enero de 2020;15
02 Albacete;02016 Bienservida;De 0 a 4 años;Total;1 de enero de 2019;17
02 Albacete;02016 Bienservida;De 0 a 4 años;Total;1 de enero de 2018;18
02 Albacete;02016 Bienservida;De 0 a 4 años;Total;1 de enero de 2017;13
02 Albacete;02016 Bienservida;De 0 a 4 años;Total;1 de enero de 2016;15
02 Albacete;02016 Bienservida;De 0 a 4 años;Total;1 de enero de 2015;17
02 Albacete;02016 Bienservida;De 0 a 4 años;Total;1 de enero de 2014;16
02 Albacete;02016 Bienservida;De 0 a 4 años;Total;1 de enero de 2013;18
02 Albacete;02016 Bienservida;De 0 a 4 años;Total;1 de enero de 2012;14
02 Albacete;02016 Bienservida;De 0 a 4 años;Total;1 de enero de 2011;16
02 Albacete;02016 Bienservida;De 0 a 4 años;Total;1 de enero de 2010;20
02 Albacete;02016 Bienservida;De 5 a 9 años;Total;1 de enero de 2022;15
02 Albacete;02016 Bienservida;De 5 a 9 años;Total;1 de enero de 2021;16
02 Albacete;02016 Bienservida;De 5 a 9 años;Total;1 de enero de 2020;15
02 Albacete;02016 Bienservida;De 5 a 9 años;Total;1 de enero de 2019;16
02 Albacete;02016 Bienservida;De 5 a 9 años;Total;1 de enero de 2018;15
02 Albacete;02016 Bienservida;De 5 a 9 años;Total;1 de enero de 2017;12
02 Albacete;02016 Bienservida;De 5 a 9 años;Total;1 de enero de 2016;15
02 Albacete;02016 Bienservida;De 5 a 9 años;Total;1 de enero de 2015;15
02 Albacete;02016 Bienservida;De 5 a 9 años;Total;1 de enero de 2014;20
02 Albacete;02016 Bienservida;De 5 a 9 años;Total;1 de enero de 2013;19
02 Albacete;02016 Bienservida;De 5 a 9 años;Total;1 de enero de 2012;22
02 Albacete;02016 Bienservida;De 5 a 9 años;Total;1 de enero de 2011;17
02 Albacete;02016 Bienservida;De 5 a 9 años;Total;1 de enero de 2010;18
02 Albacete;02016 Bienservida;De 10 a 14 años;Total;1 de enero de 2022;12
02 Albacete;02016 Bienservida;De 10 a 14 años;Total;1 de enero de 2021;15
02 Albacete;02016 Bienservida;De 10 a 14 años;Total;1 de enero de 2020;14
02 Albacete;02016 Bienservida;De 10 a 14 años;Total;1 de enero de 2019;15
02 Albacete;02016 Bienservida;De 10 a 14 años;Total;1 de enero de 2018;14
02 Albacete;02016 Bienservida;De 10 a 14 años;Total;1 de enero de 2017;19
02 Albacete;02016 Bienservida;De 10 a 14 años;Total;1 de enero de 2016;16
02 Albacete;02016 Bienservida;De 10 a 14 años;Total;1 de enero de 2015;17
02 Albacete;02016 Bienservida;De 10 a 14 años;Total;1 de enero de 2014;22
02 Albacete;02016 Bienservida;De 10 a 14 años;Total;1 de enero de 2013;27
02 Albacete;02016 Bienservida;De 10 a 14 años;Total;1 de enero de 2012;28
02 Albacete;02016 Bienservida;De 10 a 14 años;Total;1 de enero de 2011;35
02 Albacete;02016 Bienservida;De 10 a 14 años;Total;1 de enero de 2010;48
02 Albacete;02016 Bienservida;De 65 a 69 años;Total;1 de enero de 2022;47
02 Albacete;02016 Bienservida;De 65 a 69 años;Total;1 de enero de 2021;43
02 Albacete;02016 Bienservida;De 65 a 69 años;Total;1 de enero de 2020;37
02 Albacete;02016 Bienservida;De 65 a 69 años;Total;1 de enero de 2019;34
02 Albacete;02016 Bienservida;De 65 a 69 años;Total;1 de enero de 2018;30
02 Albacete;02016 Bienservida;De 65 a 69 años;Total;1 de enero de 2017;29
02 Albacete;02016 Bienservida;De 65 a 69 años;Total;1 de enero de 2016;26
02 Albacete;02016 Bienservida;De 65 a 69 años;Total;1 de enero de 2015;32
02 Albacete;02016 Bienservida;De 65 a 69 años;Total;1 de enero de 2014;33
02 Albacete;02016 Bienservida;De 65 a 69 años;Total;1 de enero de 2013;30
02 Albacete;02016 Bienservida;De 65 a 69 años;Total;1 de enero de 2012;29
02 Albacete;02016 Bienservida;De 65 a 69 años;Total;1 de enero de 2011;32
02 Albacete;02016 Bienservida;De 65 a 69 años;Total;1 de enero de 2010;36
02 Albacete;02016 Bienservida;De 70 a 74 años;Total;1 de enero de 2022;29
02 Albacete;02016 Bienservida;De 70 a 74 años;Total;1 de enero de 2021;26
02 Albacete;02016 Bienservida;De 70 a 74 años;Total;1 de enero de 2020;32
02 Albacete;02016 Bienservida;De 70 a 74 años;Total;1 de enero de 2019;40
02 Albacete;02016 Bienservida;De 70 a 74 años;Total;1 de enero de 2018;34
02 Albacete;02016 Bienservida;De 70 a 74 años;Total;1 de enero de 2017;30
02 Albacete;02016 Bienservida;De 70 a 74 años;Total;1 de enero de 2016;28
02 Albacete;02016 Bienservida;De 70 a 74 años;Total;1 de enero de 2015;29
02 Albacete;02016 Bienservida;De 70 a 74 años;Total;1 de enero de 2014;26
02 Albacete;02016 Bienservida;De 70 a 74 años;Total;1 de enero de 2013;32
02 Albacete;02016 Bienservida;De 70 a 74 años;Total;1 de enero de 2012;35
02 Albacete;02016 Bienservida;De 70 a 74 años;Total;1 de enero de 2011;40
02 Albacete;02016 Bienservida;De 70 a 74 años;Total;1 de enero de 2010;38
02 Albacete;02016 Bienservida;De 75 a 79 años;Total;1 de enero de 2022;27
02 Albacete;02016 Bienservida;De 75 a 79 años;Total;1 de enero de 2021;26
02 Albacete;02016 Bienservida;De 75 a 79 años;Total;1 de enero de 2020;27
02 Albacete;02016 Bienservida;De 75 a 79 años;Total;1 de enero de 2019;23
02 Albacete;02016 Bienservida;De 75 a 79 años;Total;1 de enero de 2018;27
02 Albacete;02016 Bienservida;De 75 a 79 años;Total;1 de enero de 2017;28
02 Albacete;02016 Bienservida;De 75 a 79 años;Total;1 de enero de 2016;31
02 Albacete;02016 Bienservida;De 75 a 79 años;Total;1 de enero de 2015;29
02 Albacete;02016 Bienservida;De 75 a 79 años;Total;1 de enero de 2014;39
02 Albacete;02016 Bienservida;De 75 a 79 años;Total;1 de enero de 2013;40
02 Albacete;02016 Bienservida;De 75 a 79 años;Total;1 de enero de 2012;48
02 Albacete;02016 Bienservida;De 75 a 79 años;Total;1 de enero de 2011;54
02 Albacete;02016 Bienservida;De 75 a 79 años;Total;1 de enero de 2010;51
02 Albacete;02016 Bienservida;De 80 a 84 años;Total;1 de enero de 2022;25
02 Albacete;02016 Bienservida;De 80 a 84 años;Total;1 de enero de 2021;27
02 Albacete;02016 Bienservida;De 80 a 84 años;Total;1 de enero de 2020;24
02 Albacete;02016 Bienservida;De 80 a 84 años;Total;1 de enero de 2019;31
02 Albacete;02016 Bienservida;De 80 a 84 años;Total;1 de enero de 2018;30
02 Albacete;02016 Bienservida;De 80 a 84 años;Total;1 de enero de 2017;36
02 Albacete;02016 Bienservida;De 80 a 84 años;Total;1 de enero de 2016;41
02 Albacete;02016 Bienservida;De 80 a 84 años;Total;1 de enero de 2015;42
02 Albacete;02016 Bienservida;De 80 a 84 años;Total;1 de enero de 2014;37
02 Albacete;02016 Bienservida;De 80 a 84 años;Total;1 de enero de 2013;33
02 Albacete;02016 Bienservida;De 80 a 84 años;Total;1 de enero de 2012;33
02 Albacete;02016 Bienservida;De 80 a 84 años;Total;1 de enero de 2011;33
02 Albacete;02016 Bienservida;De 80 a 84 años;Total;1 de enero de 2010;36
02 Albacete;02016 Bienservida;De 85 a 89 años;Total;1 de enero de 2022;25
02 Albacete;02016 Bienservida;De 85 a 89 años;Total;1 de enero de 2021;24
02 Albacete;02016 Bienservida;De 85 a 89 años;Total;1 de enero de 2020;25
02 Albacete;02016 Bienservida;De 85 a 89 años;Total;1 de enero de 2019;21
02 Albacete;02016 Bienservida;De 85 a 89 años;Total;1 de enero de 2018;21
02 Albacete;02016 Bienservida;De 85 a 89 años;Total;1 de enero de 2017;22
02 Albacete;02016 Bienservida;De 85 a 89 años;Total;1 de enero de 2016;19
02 Albacete;02016 Bienservida;De 85 a 89 años;Total;1 de enero de 2015;19
02 Albacete;02016 Bienservida;De 85 a 89 años;Total;1 de enero de 2014;19
02 Albacete;02016 Bienservida;De 85 a 89 años;Total;1 de enero de 2013;25
02 Albacete;02016 Bienservida;De 85 a 89 años;Total;1 de enero de 2012;23
02 Albacete;02016 Bienservida;De 85 a 89 años;Total;1 de enero de 2011;26
02 Albacete;02016 Bienservida;De 85 a 89 años;Total;1 de enero de 2010;22
02 Albacete;02016 Bienservida;De 90 a 94 años;Total;1 de enero de 2022;11
02 Albacete;02016 Bienservida;De 90 a 94 años;Total;1 de enero de 2021;8
02 Albacete;02016 Bienservida;De 90 a 94 años;Total;1 de enero de 2020;8
02 Albacete;02016 Bienservida;De 90 a 94 años;Total;1 de enero de 2019;6
02 Albacete;02016 Bienservida;De 90 a 94 años;Total;1 de enero de 2018;9
02 Albacete;02016 Bienservida;De 90 a 94 años;Total;1 de enero de 2017;8
02 Albacete;02016 Bienservida;De 90 a 94 años;Total;1 de enero de 2016;9
02 Albacete;02016 Bienservida;De 90 a 94 años;Total;1 de enero de 2015;10
02 Albacete;02016 Bienservida;De 90 a 94 años;Total;1 de enero de 2014;10
02 Albacete;02016 Bienservida;De 90 a 94 años;Total;1 de enero de 2013;8
02 Albacete;02016 Bienservida;De 90 a 94 años;Total;1 de enero de 2012;11
02 Albacete;02016 Bienservida;De 90 a 94 años;Total;1 de enero de 2011;8
02 Albacete;02016 Bienservida;De 90 a 94 años;Total;1 de enero de 2010;7
02 Albacete;02016 Bienservida;De 95 a 99 años;Total;1 de enero de 2022;2
02 Albacete;02016 Bienservida;De 95 a 99 años;Total;1 de enero de 2021;2
02 Albacete;02016 Bienservida;De 95 a 99 años;Total;1 de enero de 2020;0
02 Albacete;02016 Bienservida;De 95 a 99 años;Total;1 de enero de 2019;1
02 Albacete;02016 Bienservida;De 95 a 99 años;Total;1 de enero de 2018;1
02 Albacete;02016 Bienservida;De 95 a 99 años;Total;1 de enero de 2017;2
02 Albacete;02016 Bienservida;De 95 a 99 años;Total;1 de enero de 2016;2
02 Albacete;02016 Bienservida;De 95 a 99 años;Total;1 de enero de 2015;3
02 Albacete;02016 Bienservida;De 95 a 99 años;Total;1 de enero de 2014;4
02 Albacete;02016 Bienservida;De 95 a 99 años;Total;1 de enero de 2013;3
02 Albacete;02016 Bienservida;De 95 a 99 años;Total;1 de enero de 2012;2
02 Albacete;02016 Bienservida;De 95 a 99 años;Total;1 de enero de 2011;1
02 Albacete;02016 Bienservida;De 95 a 99 años;Total;1 de enero de 2010;1
02 Albacete;02016 Bienservida;100 y más años;Total;1 de enero de 2022;0
02 Albacete;02016 Bienservida;100 y más años;Total;1 de enero de 2021;0
02 Albacete;02016 Bienservida;100 y más años;Total;1 de enero de 2020;0
02 Albacete;02016 Bienservida;100 y más años;Total;1 de enero de 2019;0
02 Albacete;02016 Bienservida;100 y más años;Total;1 de enero de 2018;0
02 Albacete;02016 Bienservida;100 y más años;Total;1 de enero de 2017;0
02 Albacete;02016 Bienservida;100 y más años;Total;1 de enero de 2016;0
02 Albacete;02016 Bienservida;100 y más años;Total;1 de enero de 2015;0
02 Albacete;02016 Bienservida;100 y más años;Total;1 de enero de 2014;0
02 Albacete;02016 Bienservida;100 y más años;Total;1 de enero de 2013;0
02 Albacete;02016 Bienservida;100 y más años;Total;1 de enero de 2012;0
02 Albacete;02016 Bienservida;100 y más años;Total;1 de enero de 2011;0
02 Albacete;02016 Bienservida;100 y más años;Total;1 de enero de 2010;0
02 Albacete;02017 Bogarra;De 0 a 4 años;Total;1 de enero de 2022;8
02 Albacete;02017 Bogarra;De 0 a 4 años;Total;1 de enero de 2021;8
02 Albacete;02017 Bogarra;De 0 a 4 años;Total;1 de enero de 2020;12
02 Albacete;02017 Bogarra;De 0 a 4 años;Total;1 de enero de 2019;18
02 Albacete;02017 Bogarra;De 0 a 4 años;Total;1 de enero de 2018;19
02 Albacete;02017 Bogarra;De 0 a 4 años;Total;1 de enero de 2017;23
02 Albacete;02017 Bogarra;De 0 a 4 años;Total;1 de enero de 2016;28
02 Albacete;02017 Bogarra;De 0 a 4 años;Total;1 de enero de 2015;23
02 Albacete;02017 Bogarra;De 0 a 4 años;Total;1 de enero de 2014;19
02 Albacete;02017 Bogarra;De 0 a 4 años;Total;1 de enero de 2013;20
02 Albacete;02017 Bogarra;De 0 a 4 años;Total;1 de enero de 2012;17
02 Albacete;02017 Bogarra;De 0 a 4 años;Total;1 de enero de 2011;16
02 Albacete;02017 Bogarra;De 0 a 4 años;Total;1 de enero de 2010;17
02 Albacete;02017 Bogarra;De 5 a 9 años;Total;1 de enero de 2022;19
02 Albacete;02017 Bogarra;De 5 a 9 años;Total;1 de enero de 2021;18
02 Albacete;02017 Bogarra;De 5 a 9 años;Total;1 de enero de 2020;21
02 Albacete;02017 Bogarra;De 5 a 9 años;Total;1 de enero de 2019;21
02 Albacete;02017 Bogarra;De 5 a 9 años;Total;1 de enero de 2018;22
02 Albacete;02017 Bogarra;De 5 a 9 años;Total;1 de enero de 2017;23
02 Albacete;02017 Bogarra;De 5 a 9 años;Total;1 de enero de 2016;22
02 Albacete;02017 Bogarra;De 5 a 9 años;Total;1 de enero de 2015;27
02 Albacete;02017 Bogarra;De 5 a 9 años;Total;1 de enero de 2014;26
02 Albacete;02017 Bogarra;De 5 a 9 años;Total;1 de enero de 2013;21
02 Albacete;02017 Bogarra;De 5 a 9 años;Total;1 de enero de 2012;22
02 Albacete;02017 Bogarra;De 5 a 9 años;Total;1 de enero de 2011;23
02 Albacete;02017 Bogarra;De 5 a 9 años;Total;1 de enero de 2010;17
02 Albacete;02017 Bogarra;De 10 a 14 años;Total;1 de enero de 2022;18
02 Albacete;02017 Bogarra;De 10 a 14 años;Total;1 de enero de 2021;18
02 Albacete;02017 Bogarra;De 10 a 14 años;Total;1 de enero de 2020;23
02 Albacete;02017 Bogarra;De 10 a 14 años;Total;1 de enero de 2019;21
02 Albacete;02017 Bogarra;De 10 a 14 años;Total;1 de enero de 2018;21
02 Albacete;02017 Bogarra;De 10 a 14 años;Total;1 de enero de 2017;20
02 Albacete;02017 Bogarra;De 10 a 14 años;Total;1 de enero de 2016;18
02 Albacete;02017 Bogarra;De 10 a 14 años;Total;1 de enero de 2015;14
02 Albacete;02017 Bogarra;De 10 a 14 años;Total;1 de enero de 2014;23
02 Albacete;02017 Bogarra;De 10 a 14 años;Total;1 de enero de 2013;22
02 Albacete;02017 Bogarra;De 10 a 14 años;Total;1 de enero de 2012;23
02 Albacete;02017 Bogarra;De 10 a 14 años;Total;1 de enero de 2011;23
02 Albacete;02017 Bogarra;De 10 a 14 años;Total;1 de enero de 2010;24
02 Albacete;02017 Bogarra;De 65 a 69 años;Total;1 de enero de 2022;56
02 Albacete;02017 Bogarra;De 65 a 69 años;Total;1 de enero de 2021;51
02 Albacete;02017 Bogarra;De 65 a 69 años;Total;1 de enero de 2020;57
02 Albacete;02017 Bogarra;De 65 a 69 años;Total;1 de enero de 2019;66
02 Albacete;02017 Bogarra;De 65 a 69 años;Total;1 de enero de 2018;68
02 Albacete;02017 Bogarra;De 65 a 69 años;Total;1 de enero de 2017;73
02 Albacete;02017 Bogarra;De 65 a 69 años;Total;1 de enero de 2016;72
02 Albacete;02017 Bogarra;De 65 a 69 años;Total;1 de enero de 2015;75
02 Albacete;02017 Bogarra;De 65 a 69 años;Total;1 de enero de 2014;90
02 Albacete;02017 Bogarra;De 65 a 69 años;Total;1 de enero de 2013;92
02 Albacete;02017 Bogarra;De 65 a 69 años;Total;1 de enero de 2012;87
02 Albacete;02017 Bogarra;De 65 a 69 años;Total;1 de enero de 2011;90
02 Albacete;02017 Bogarra;De 65 a 69 años;Total;1 de enero de 2010;97
02 Albacete;02017 Bogarra;De 70 a 74 años;Total;1 de enero de 2022;70
02 Albacete;02017 Bogarra;De 70 a 74 años;Total;1 de enero de 2021;65
02 Albacete;02017 Bogarra;De 70 a 74 años;Total;1 de enero de 2020;70
02 Albacete;02017 Bogarra;De 70 a 74 años;Total;1 de enero de 2019;81
02 Albacete;02017 Bogarra;De 70 a 74 años;Total;1 de enero de 2018;80
02 Albacete;02017 Bogarra;De 70 a 74 años;Total;1 de enero de 2017;82
02 Albacete;02017 Bogarra;De 70 a 74 años;Total;1 de enero de 2016;85
02 Albacete;02017 Bogarra;De 70 a 74 años;Total;1 de enero de 2015;90
02 Albacete;02017 Bogarra;De 70 a 74 años;Total;1 de enero de 2014;82
02 Albacete;02017 Bogarra;De 70 a 74 años;Total;1 de enero de 2013;86
02 Albacete;02017 Bogarra;De 70 a 74 años;Total;1 de enero de 2012;87
02 Albacete;02017 Bogarra;De 70 a 74 años;Total;1 de enero de 2011;93
02 Albacete;02017 Bogarra;De 70 a 74 años;Total;1 de enero de 2010;89
02 Albacete;02017 Bogarra;De 75 a 79 años;Total;1 de enero de 2022;68
02 Albacete;02017 Bogarra;De 75 a 79 años;Total;1 de enero de 2021;78
02 Albacete;02017 Bogarra;De 75 a 79 años;Total;1 de enero de 2020;86
02 Albacete;02017 Bogarra;De 75 a 79 años;Total;1 de enero de 2019;77
02 Albacete;02017 Bogarra;De 75 a 79 años;Total;1 de enero de 2018;84
02 Albacete;02017 Bogarra;De 75 a 79 años;Total;1 de enero de 2017;78
02 Albacete;02017 Bogarra;De 75 a 79 años;Total;1 de enero de 2016;84
02 Albacete;02017 Bogarra;De 75 a 79 años;Total;1 de enero de 2015;79
02 Albacete;02017 Bogarra;De 75 a 79 años;Total;1 de enero de 2014;80
02 Albacete;02017 Bogarra;De 75 a 79 años;Total;1 de enero de 2013;82
02 Albacete;02017 Bogarra;De 75 a 79 años;Total;1 de enero de 2012;90
02 Albacete;02017 Bogarra;De 75 a 79 años;Total;1 de enero de 2011;96
02 Albacete;02017 Bogarra;De 75 a 79 años;Total;1 de enero de 2010;103
02 Albacete;02017 Bogarra;De 80 a 84 años;Total;1 de enero de 2022;66
02 Albacete;02017 Bogarra;De 80 a 84 años;Total;1 de enero de 2021;68
02 Albacete;02017 Bogarra;De 80 a 84 años;Total;1 de enero de 2020;62
02 Albacete;02017 Bogarra;De 80 a 84 años;Total;1 de enero de 2019;66
02 Albacete;02017 Bogarra;De 80 a 84 años;Total;1 de enero de 2018;68
02 Albacete;02017 Bogarra;De 80 a 84 años;Total;1 de enero de 2017;76
02 Albacete;02017 Bogarra;De 80 a 84 años;Total;1 de enero de 2016;77
02 Albacete;02017 Bogarra;De 80 a 84 años;Total;1 de enero de 2015;82
02 Albacete;02017 Bogarra;De 80 a 84 años;Total;1 de enero de 2014;85
02 Albacete;02017 Bogarra;De 80 a 84 años;Total;1 de enero de 2013;90
02 Albacete;02017 Bogarra;De 80 a 84 años;Total;1 de enero de 2012;90
02 Albacete;02017 Bogarra;De 80 a 84 años;Total;1 de enero de 2011;88
02 Albacete;02017 Bogarra;De 80 a 84 años;Total;1 de enero de 2010;86
02 Albacete;02017 Bogarra;De 85 a 89 años;Total;1 de enero de 2022;42
02 Albacete;02017 Bogarra;De 85 a 89 años;Total;1 de enero de 2021;51
02 Albacete;02017 Bogarra;De 85 a 89 años;Total;1 de enero de 2020;62
02 Albacete;02017 Bogarra;De 85 a 89 años;Total;1 de enero de 2019;63
02 Albacete;02017 Bogarra;De 85 a 89 años;Total;1 de enero de 2018;66
02 Albacete;02017 Bogarra;De 85 a 89 años;Total;1 de enero de 2017;60
02 Albacete;02017 Bogarra;De 85 a 89 años;Total;1 de enero de 2016;57
02 Albacete;02017 Bogarra;De 85 a 89 años;Total;1 de enero de 2015;49
02 Albacete;02017 Bogarra;De 85 a 89 años;Total;1 de enero de 2014;43
02 Albacete;02017 Bogarra;De 85 a 89 años;Total;1 de enero de 2013;41
02 Albacete;02017 Bogarra;De 85 a 89 años;Total;1 de enero de 2012;52
02 Albacete;02017 Bogarra;De 85 a 89 años;Total;1 de enero de 2011;53
02 Albacete;02017 Bogarra;De 85 a 89 años;Total;1 de enero de 2010;47
02 Albacete;02017 Bogarra;De 90 a 94 años;Total;1 de enero de 2022;33
02 Albacete;02017 Bogarra;De 90 a 94 años;Total;1 de enero de 2021;31
02 Albacete;02017 Bogarra;De 90 a 94 años;Total;1 de enero de 2020;26
02 Albacete;02017 Bogarra;De 90 a 94 años;Total;1 de enero de 2019;23
02 Albacete;02017 Bogarra;De 90 a 94 años;Total;1 de enero de 2018;16
02 Albacete;02017 Bogarra;De 90 a 94 años;Total;1 de enero de 2017;23
02 Albacete;02017 Bogarra;De 90 a 94 años;Total;1 de enero de 2016;25
02 Albacete;02017 Bogarra;De 90 a 94 años;Total;1 de enero de 2015;22
02 Albacete;02017 Bogarra;De 90 a 94 años;Total;1 de enero de 2014;17
02 Albacete;02017 Bogarra;De 90 a 94 años;Total;1 de enero de 2013;16
02 Albacete;02017 Bogarra;De 90 a 94 años;Total;1 de enero de 2012;16
02 Albacete;02017 Bogarra;De 90 a 94 años;Total;1 de enero de 2011;13
02 Albacete;02017 Bogarra;De 90 a 94 años;Total;1 de enero de 2010;12
02 Albacete;02017 Bogarra;De 95 a 99 años;Total;1 de enero de 2022;7
02 Albacete;02017 Bogarra;De 95 a 99 años;Total;1 de enero de 2021;8
02 Albacete;02017 Bogarra;De 95 a 99 años;Total;1 de enero de 2020;10
02 Albacete;02017 Bogarra;De 95 a 99 años;Total;1 de enero de 2019;6
02 Albacete;02017 Bogarra;De 95 a 99 años;Total;1 de enero de 2018;7
02 Albacete;02017 Bogarra;De 95 a 99 años;Total;1 de enero de 2017;5
02 Albacete;02017 Bogarra;De 95 a 99 años;Total;1 de enero de 2016;3
02 Albacete;02017 Bogarra;De 95 a 99 años;Total;1 de enero de 2015;4
02 Albacete;02017 Bogarra;De 95 a 99 años;Total;1 de enero de 2014;3
02 Albacete;02017 Bogarra;De 95 a 99 años;Total;1 de enero de 2013;3
02 Albacete;02017 Bogarra;De 95 a 99 años;Total;1 de enero de 2012;2
02 Albacete;02017 Bogarra;De 95 a 99 años;Total;1 de enero de 2011;0
02 Albacete;02017 Bogarra;De 95 a 99 años;Total;1 de enero de 2010;0
02 Albacete;02017 Bogarra;100 y más años;Total;1 de enero de 2022;3
02 Albacete;02017 Bogarra;100 y más años;Total;1 de enero de 2021;1
02 Albacete;02017 Bogarra;100 y más años;Total;1 de enero de 2020;1
02 Albacete;02017 Bogarra;100 y más años;Total;1 de enero de 2019;1
02 Albacete;02017 Bogarra;100 y más años;Total;1 de enero de 2018;0
02 Albacete;02017 Bogarra;100 y más años;Total;1 de enero de 2017;1
02 Albacete;02017 Bogarra;100 y más años;Total;1 de enero de 2016;0
02 Albacete;02017 Bogarra;100 y más años;Total;1 de enero de 2015;0
02 Albacete;02017 Bogarra;100 y más años;Total;1 de enero de 2014;0
02 Albacete;02017 Bogarra;100 y más años;Total;1 de enero de 2013;0
02 Albacete;02017 Bogarra;100 y más años;Total;1 de enero de 2012;0
02 Albacete;02017 Bogarra;100 y más años;Total;1 de enero de 2011;0
02 Albacete;02017 Bogarra;100 y más años;Total;1 de enero de 2010;0
02 Albacete;02018 Bonete;De 0 a 4 años;Total;1 de enero de 2022;20
02 Albacete;02018 Bonete;De 0 a 4 años;Total;1 de enero de 2021;31
02 Albacete;02018 Bonete;De 0 a 4 años;Total;1 de enero de 2020;33
02 Albacete;02018 Bonete;De 0 a 4 años;Total;1 de enero de 2019;35
02 Albacete;02018 Bonete;De 0 a 4 años;Total;1 de enero de 2018;35
02 Albacete;02018 Bonete;De 0 a 4 años;Total;1 de enero de 2017;45
02 Albacete;02018 Bonete;De 0 a 4 años;Total;1 de enero de 2016;43
02 Albacete;02018 Bonete;De 0 a 4 años;Total;1 de enero de 2015;38
02 Albacete;02018 Bonete;De 0 a 4 años;Total;1 de enero de 2014;38
02 Albacete;02018 Bonete;De 0 a 4 años;Total;1 de enero de 2013;40
02 Albacete;02018 Bonete;De 0 a 4 años;Total;1 de enero de 2012;44
02 Albacete;02018 Bonete;De 0 a 4 años;Total;1 de enero de 2011;48
02 Albacete;02018 Bonete;De 0 a 4 años;Total;1 de enero de 2010;45
02 Albacete;02018 Bonete;De 5 a 9 años;Total;1 de enero de 2022;37
02 Albacete;02018 Bonete;De 5 a 9 años;Total;1 de enero de 2021;38
02 Albacete;02018 Bonete;De 5 a 9 años;Total;1 de enero de 2020;37
02 Albacete;02018 Bonete;De 5 a 9 años;Total;1 de enero de 2019;36
02 Albacete;02018 Bonete;De 5 a 9 años;Total;1 de enero de 2018;37
02 Albacete;02018 Bonete;De 5 a 9 años;Total;1 de enero de 2017;41
02 Albacete;02018 Bonete;De 5 a 9 años;Total;1 de enero de 2016;43
02 Albacete;02018 Bonete;De 5 a 9 años;Total;1 de enero de 2015;41
02 Albacete;02018 Bonete;De 5 a 9 años;Total;1 de enero de 2014;44
02 Albacete;02018 Bonete;De 5 a 9 años;Total;1 de enero de 2013;45
02 Albacete;02018 Bonete;De 5 a 9 años;Total;1 de enero de 2012;47
02 Albacete;02018 Bonete;De 5 a 9 años;Total;1 de enero de 2011;40
02 Albacete;02018 Bonete;De 5 a 9 años;Total;1 de enero de 2010;45
02 Albacete;02018 Bonete;De 10 a 14 años;Total;1 de enero de 2022;41
02 Albacete;02018 Bonete;De 10 a 14 años;Total;1 de enero de 2021;41
02 Albacete;02018 Bonete;De 10 a 14 años;Total;1 de enero de 2020;41
02 Albacete;02018 Bonete;De 10 a 14 años;Total;1 de enero de 2019;47
02 Albacete;02018 Bonete;De 10 a 14 años;Total;1 de enero de 2018;43
02 Albacete;02018 Bonete;De 10 a 14 años;Total;1 de enero de 2017;41
02 Albacete;02018 Bonete;De 10 a 14 años;Total;1 de enero de 2016;45
02 Albacete;02018 Bonete;De 10 a 14 años;Total;1 de enero de 2015;47
02 Albacete;02018 Bonete;De 10 a 14 años;Total;1 de enero de 2014;40
02 Albacete;02018 Bonete;De 10 a 14 años;Total;1 de enero de 2013;55
02 Albacete;02018 Bonete;De 10 a 14 años;Total;1 de enero de 2012;58
02 Albacete;02018 Bonete;De 10 a 14 años;Total;1 de enero de 2011;58
02 Albacete;02018 Bonete;De 10 a 14 años;Total;1 de enero de 2010;53
02 Albacete;02018 Bonete;De 65 a 69 años;Total;1 de enero de 2022;61
02 Albacete;02018 Bonete;De 65 a 69 años;Total;1 de enero de 2021;56
02 Albacete;02018 Bonete;De 65 a 69 años;Total;1 de enero de 2020;56
02 Albacete;02018 Bonete;De 65 a 69 años;Total;1 de enero de 2019;59
02 Albacete;02018 Bonete;De 65 a 69 años;Total;1 de enero de 2018;61
02 Albacete;02018 Bonete;De 65 a 69 años;Total;1 de enero de 2017;51
02 Albacete;02018 Bonete;De 65 a 69 años;Total;1 de enero de 2016;53
02 Albacete;02018 Bonete;De 65 a 69 años;Total;1 de enero de 2015;49
02 Albacete;02018 Bonete;De 65 a 69 años;Total;1 de enero de 2014;48
02 Albacete;02018 Bonete;De 65 a 69 años;Total;1 de enero de 2013;42
02 Albacete;02018 Bonete;De 65 a 69 años;Total;1 de enero de 2012;37
02 Albacete;02018 Bonete;De 65 a 69 años;Total;1 de enero de 2011;40
02 Albacete;02018 Bonete;De 65 a 69 años;Total;1 de enero de 2010;55
02 Albacete;02018 Bonete;De 70 a 74 años;Total;1 de enero de 2022;46
02 Albacete;02018 Bonete;De 70 a 74 años;Total;1 de enero de 2021;47
02 Albacete;02018 Bonete;De 70 a 74 años;Total;1 de enero de 2020;44
02 Albacete;02018 Bonete;De 70 a 74 años;Total;1 de enero de 2019;45
02 Albacete;02018 Bonete;De 70 a 74 años;Total;1 de enero de 2018;39
02 Albacete;02018 Bonete;De 70 a 74 años;Total;1 de enero de 2017;36
02 Albacete;02018 Bonete;De 70 a 74 años;Total;1 de enero de 2016;37
02 Albacete;02018 Bonete;De 70 a 74 años;Total;1 de enero de 2015;50
02 Albacete;02018 Bonete;De 70 a 74 años;Total;1 de enero de 2014;47
02 Albacete;02018 Bonete;De 70 a 74 años;Total;1 de enero de 2013;53
02 Albacete;02018 Bonete;De 70 a 74 años;Total;1 de enero de 2012;68
02 Albacete;02018 Bonete;De 70 a 74 años;Total;1 de enero de 2011;69
02 Albacete;02018 Bonete;De 70 a 74 años;Total;1 de enero de 2010;64
02 Albacete;02018 Bonete;De 75 a 79 años;Total;1 de enero de 2022;33
02 Albacete;02018 Bonete;De 75 a 79 años;Total;1 de enero de 2021;33
02 Albacete;02018 Bonete;De 75 a 79 años;Total;1 de enero de 2020;43
02 Albacete;02018 Bonete;De 75 a 79 años;Total;1 de enero de 2019;43
02 Albacete;02018 Bonete;De 75 a 79 años;Total;1 de enero de 2018;42
02 Albacete;02018 Bonete;De 75 a 79 años;Total;1 de enero de 2017;56
02 Albacete;02018 Bonete;De 75 a 79 años;Total;1 de enero de 2016;58
02 Albacete;02018 Bonete;De 75 a 79 años;Total;1 de enero de 2015;55
02 Albacete;02018 Bonete;De 75 a 79 años;Total;1 de enero de 2014;63
02 Albacete;02018 Bonete;De 75 a 79 años;Total;1 de enero de 2013;63
02 Albacete;02018 Bonete;De 75 a 79 años;Total;1 de enero de 2012;58
02 Albacete;02018 Bonete;De 75 a 79 años;Total;1 de enero de 2011;57
02 Albacete;02018 Bonete;De 75 a 79 años;Total;1 de enero de 2010;75
02 Albacete;02018 Bonete;De 80 a 84 años;Total;1 de enero de 2022;48
02 Albacete;02018 Bonete;De 80 a 84 años;Total;1 de enero de 2021;48
02 Albacete;02018 Bonete;De 80 a 84 años;Total;1 de enero de 2020;43
02 Albacete;02018 Bonete;De 80 a 84 años;Total;1 de enero de 2019;51
02 Albacete;02018 Bonete;De 80 a 84 años;Total;1 de enero de 2018;52
02 Albacete;02018 Bonete;De 80 a 84 años;Total;1 de enero de 2017;47
02 Albacete;02018 Bonete;De 80 a 84 años;Total;1 de enero de 2016;45
02 Albacete;02018 Bonete;De 80 a 84 años;Total;1 de enero de 2015;57
02 Albacete;02018 Bonete;De 80 a 84 años;Total;1 de enero de 2014;58
02 Albacete;02018 Bonete;De 80 a 84 años;Total;1 de enero de 2013;59
02 Albacete;02018 Bonete;De 80 a 84 años;Total;1 de enero de 2012;62
02 Albacete;02018 Bonete;De 80 a 84 años;Total;1 de enero de 2011;64
02 Albacete;02018 Bonete;De 80 a 84 años;Total;1 de enero de 2010;47
02 Albacete;02018 Bonete;De 85 a 89 años;Total;1 de enero de 2022;30
02 Albacete;02018 Bonete;De 85 a 89 años;Total;1 de enero de 2021;27
02 Albacete;02018 Bonete;De 85 a 89 años;Total;1 de enero de 2020;36
02 Albacete;02018 Bonete;De 85 a 89 años;Total;1 de enero de 2019;38
02 Albacete;02018 Bonete;De 85 a 89 años;Total;1 de enero de 2018;37
02 Albacete;02018 Bonete;De 85 a 89 años;Total;1 de enero de 2017;37
02 Albacete;02018 Bonete;De 85 a 89 años;Total;1 de enero de 2016;46
02 Albacete;02018 Bonete;De 85 a 89 años;Total;1 de enero de 2015;35
02 Albacete;02018 Bonete;De 85 a 89 años;Total;1 de enero de 2014;29
02 Albacete;02018 Bonete;De 85 a 89 años;Total;1 de enero de 2013;33
02 Albacete;02018 Bonete;De 85 a 89 años;Total;1 de enero de 2012;26
02 Albacete;02018 Bonete;De 85 a 89 años;Total;1 de enero de 2011;27
02 Albacete;02018 Bonete;De 85 a 89 años;Total;1 de enero de 2010;31
02 Albacete;02018 Bonete;De 90 a 94 años;Total;1 de enero de 2022;20
02 Albacete;02018 Bonete;De 90 a 94 años;Total;1 de enero de 2021;22
02 Albacete;02018 Bonete;De 90 a 94 años;Total;1 de enero de 2020;17
02 Albacete;02018 Bonete;De 90 a 94 años;Total;1 de enero de 2019;16
02 Albacete;02018 Bonete;De 90 a 94 años;Total;1 de enero de 2018;14
02 Albacete;02018 Bonete;De 90 a 94 años;Total;1 de enero de 2017;8
02 Albacete;02018 Bonete;De 90 a 94 años;Total;1 de enero de 2016;7
02 Albacete;02018 Bonete;De 90 a 94 años;Total;1 de enero de 2015;13
02 Albacete;02018 Bonete;De 90 a 94 años;Total;1 de enero de 2014;16
02 Albacete;02018 Bonete;De 90 a 94 años;Total;1 de enero de 2013;11
02 Albacete;02018 Bonete;De 90 a 94 años;Total;1 de enero de 2012;14
02 Albacete;02018 Bonete;De 90 a 94 años;Total;1 de enero de 2011;10
02 Albacete;02018 Bonete;De 90 a 94 años;Total;1 de enero de 2010;8
02 Albacete;02018 Bonete;De 95 a 99 años;Total;1 de enero de 2022;3
02 Albacete;02018 Bonete;De 95 a 99 años;Total;1 de enero de 2021;4
02 Albacete;02018 Bonete;De 95 a 99 años;Total;1 de enero de 2020;2
02 Albacete;02018 Bonete;De 95 a 99 años;Total;1 de enero de 2019;2
02 Albacete;02018 Bonete;De 95 a 99 años;Total;1 de enero de 2018;2
02 Albacete;02018 Bonete;De 95 a 99 años;Total;1 de enero de 2017;4
02 Albacete;02018 Bonete;De 95 a 99 años;Total;1 de enero de 2016;4
02 Albacete;02018 Bonete;De 95 a 99 años;Total;1 de enero de 2015;1
02 Albacete;02018 Bonete;De 95 a 99 años;Total;1 de enero de 2014;1
02 Albacete;02018 Bonete;De 95 a 99 años;Total;1 de enero de 2013;1
02 Albacete;02018 Bonete;De 95 a 99 años;Total;1 de enero de 2012;3
02 Albacete;02018 Bonete;De 95 a 99 años;Total;1 de enero de 2011;1
02 Albacete;02018 Bonete;De 95 a 99 años;Total;1 de enero de 2010;1
02 Albacete;02018 Bonete;100 y más años;Total;1 de enero de 2022;1
02 Albacete;02018 Bonete;100 y más años;Total;1 de enero de 2021;0
02 Albacete;02018 Bonete;100 y más años;Total;1 de enero de 2020;0
02 Albacete;02018 Bonete;100 y más años;Total;1 de enero de 2019;0
02 Albacete;02018 Bonete;100 y más años;Total;1 de enero de 2018;0
02 Albacete;02018 Bonete;100 y más años;Total;1 de enero de 2017;0
02 Albacete;02018 Bonete;100 y más años;Total;1 de enero de 2016;0
02 Albacete;02018 Bonete;100 y más años;Total;1 de enero de 2015;0
02 Albacete;02018 Bonete;100 y más años;Total;1 de enero de 2014;0
02 Albacete;02018 Bonete;100 y más años;Total;1 de enero de 2013;0
02 Albacete;02018 Bonete;100 y más años;Total;1 de enero de 2012;0
02 Albacete;02018 Bonete;100 y más años;Total;1 de enero de 2011;0
02 Albacete;02018 Bonete;100 y más años;Total;1 de enero de 2010;0
02 Albacete;02019 Bonillo, El;De 0 a 4 años;Total;1 de enero de 2022;71
02 Albacete;02019 Bonillo, El;De 0 a 4 años;Total;1 de enero de 2021;75
02 Albacete;02019 Bonillo, El;De 0 a 4 años;Total;1 de enero de 2020;77
02 Albacete;02019 Bonillo, El;De 0 a 4 años;Total;1 de enero de 2019;74
02 Albacete;02019 Bonillo, El;De 0 a 4 años;Total;1 de enero de 2018;80
02 Albacete;02019 Bonillo, El;De 0 a 4 años;Total;1 de enero de 2017;73
02 Albacete;02019 Bonillo, El;De 0 a 4 años;Total;1 de enero de 2016;74
02 Albacete;02019 Bonillo, El;De 0 a 4 años;Total;1 de enero de 2015;80
02 Albacete;02019 Bonillo, El;De 0 a 4 años;Total;1 de enero de 2014;80
02 Albacete;02019 Bonillo, El;De 0 a 4 años;Total;1 de enero de 2013;89
02 Albacete;02019 Bonillo, El;De 0 a 4 años;Total;1 de enero de 2012;94
02 Albacete;02019 Bonillo, El;De 0 a 4 años;Total;1 de enero de 2011;100
02 Albacete;02019 Bonillo, El;De 0 a 4 años;Total;1 de enero de 2010;104
02 Albacete;02019 Bonillo, El;De 5 a 9 años;Total;1 de enero de 2022;80
02 Albacete;02019 Bonillo, El;De 5 a 9 años;Total;1 de enero de 2021;74
02 Albacete;02019 Bonillo, El;De 5 a 9 años;Total;1 de enero de 2020;75
02 Albacete;02019 Bonillo, El;De 5 a 9 años;Total;1 de enero de 2019;83
02 Albacete;02019 Bonillo, El;De 5 a 9 años;Total;1 de enero de 2018;88
02 Albacete;02019 Bonillo, El;De 5 a 9 años;Total;1 de enero de 2017;85
02 Albacete;02019 Bonillo, El;De 5 a 9 años;Total;1 de enero de 2016;102
02 Albacete;02019 Bonillo, El;De 5 a 9 años;Total;1 de enero de 2015;107
02 Albacete;02019 Bonillo, El;De 5 a 9 años;Total;1 de enero de 2014;123
02 Albacete;02019 Bonillo, El;De 5 a 9 años;Total;1 de enero de 2013;122
02 Albacete;02019 Bonillo, El;De 5 a 9 años;Total;1 de enero de 2012;138
02 Albacete;02019 Bonillo, El;De 5 a 9 años;Total;1 de enero de 2011;142
02 Albacete;02019 Bonillo, El;De 5 a 9 años;Total;1 de enero de 2010;163
02 Albacete;02019 Bonillo, El;De 10 a 14 años;Total;1 de enero de 2022;87
02 Albacete;02019 Bonillo, El;De 10 a 14 años;Total;1 de enero de 2021;97
02 Albacete;02019 Bonillo, El;De 10 a 14 años;Total;1 de enero de 2020;103
02 Albacete;02019 Bonillo, El;De 10 a 14 años;Total;1 de enero de 2019;116
02 Albacete;02019 Bonillo, El;De 10 a 14 años;Total;1 de enero de 2018;121
02 Albacete;02019 Bonillo, El;De 10 a 14 años;Total;1 de enero de 2017;136
02 Albacete;02019 Bonillo, El;De 10 a 14 años;Total;1 de enero de 2016;142
02 Albacete;02019 Bonillo, El;De 10 a 14 años;Total;1 de enero de 2015;160
02 Albacete;02019 Bonillo, El;De 10 a 14 años;Total;1 de enero de 2014;168
02 Albacete;02019 Bonillo, El;De 10 a 14 años;Total;1 de enero de 2013;171
02 Albacete;02019 Bonillo, El;De 10 a 14 años;Total;1 de enero de 2012;175
02 Albacete;02019 Bonillo, El;De 10 a 14 años;Total;1 de enero de 2011;177
02 Albacete;02019 Bonillo, El;De 10 a 14 años;Total;1 de enero de 2010;169
02 Albacete;02019 Bonillo, El;De 65 a 69 años;Total;1 de enero de 2022;123
02 Albacete;02019 Bonillo, El;De 65 a 69 años;Total;1 de enero de 2021;110
02 Albacete;02019 Bonillo, El;De 65 a 69 años;Total;1 de enero de 2020;124
02 Albacete;02019 Bonillo, El;De 65 a 69 años;Total;1 de enero de 2019;123
02 Albacete;02019 Bonillo, El;De 65 a 69 años;Total;1 de enero de 2018;131
02 Albacete;02019 Bonillo, El;De 65 a 69 años;Total;1 de enero de 2017;135
02 Albacete;02019 Bonillo, El;De 65 a 69 años;Total;1 de enero de 2016;133
02 Albacete;02019 Bonillo, El;De 65 a 69 años;Total;1 de enero de 2015;138
02 Albacete;02019 Bonillo, El;De 65 a 69 años;Total;1 de enero de 2014;142
02 Albacete;02019 Bonillo, El;De 65 a 69 años;Total;1 de enero de 2013;156
02 Albacete;02019 Bonillo, El;De 65 a 69 años;Total;1 de enero de 2012;157
02 Albacete;02019 Bonillo, El;De 65 a 69 años;Total;1 de enero de 2011;185
02 Albacete;02019 Bonillo, El;De 65 a 69 años;Total;1 de enero de 2010;185
02 Albacete;02019 Bonillo, El;De 70 a 74 años;Total;1 de enero de 2022;135
02 Albacete;02019 Bonillo, El;De 70 a 74 años;Total;1 de enero de 2021;136
02 Albacete;02019 Bonillo, El;De 70 a 74 años;Total;1 de enero de 2020;135
02 Albacete;02019 Bonillo, El;De 70 a 74 años;Total;1 de enero de 2019;139
02 Albacete;02019 Bonillo, El;De 70 a 74 años;Total;1 de enero de 2018;146
02 Albacete;02019 Bonillo, El;De 70 a 74 años;Total;1 de enero de 2017;144
02 Albacete;02019 Bonillo, El;De 70 a 74 años;Total;1 de enero de 2016;170
02 Albacete;02019 Bonillo, El;De 70 a 74 años;Total;1 de enero de 2015;173
02 Albacete;02019 Bonillo, El;De 70 a 74 años;Total;1 de enero de 2014;156
02 Albacete;02019 Bonillo, El;De 70 a 74 años;Total;1 de enero de 2013;146
02 Albacete;02019 Bonillo, El;De 70 a 74 años;Total;1 de enero de 2012;169
02 Albacete;02019 Bonillo, El;De 70 a 74 años;Total;1 de enero de 2011;166
02 Albacete;02019 Bonillo, El;De 70 a 74 años;Total;1 de enero de 2010;177
02 Albacete;02019 Bonillo, El;De 75 a 79 años;Total;1 de enero de 2022;134
02 Albacete;02019 Bonillo, El;De 75 a 79 años;Total;1 de enero de 2021;157
02 Albacete;02019 Bonillo, El;De 75 a 79 años;Total;1 de enero de 2020;163
02 Albacete;02019 Bonillo, El;De 75 a 79 años;Total;1 de enero de 2019;139
02 Albacete;02019 Bonillo, El;De 75 a 79 años;Total;1 de enero de 2018;134
02 Albacete;02019 Bonillo, El;De 75 a 79 años;Total;1 de enero de 2017;157
02 Albacete;02019 Bonillo, El;De 75 a 79 años;Total;1 de enero de 2016;156
02 Albacete;02019 Bonillo, El;De 75 a 79 años;Total;1 de enero de 2015;158
02 Albacete;02019 Bonillo, El;De 75 a 79 años;Total;1 de enero de 2014;172
02 Albacete;02019 Bonillo, El;De 75 a 79 años;Total;1 de enero de 2013;171
02 Albacete;02019 Bonillo, El;De 75 a 79 años;Total;1 de enero de 2012;163
02 Albacete;02019 Bonillo, El;De 75 a 79 años;Total;1 de enero de 2011;163
02 Albacete;02019 Bonillo, El;De 75 a 79 años;Total;1 de enero de 2010;161
02 Albacete;02019 Bonillo, El;De 80 a 84 años;Total;1 de enero de 2022;132
02 Albacete;02019 Bonillo, El;De 80 a 84 años;Total;1 de enero de 2021;122
02 Albacete;02019 Bonillo, El;De 80 a 84 años;Total;1 de enero de 2020;117
02 Albacete;02019 Bonillo, El;De 80 a 84 años;Total;1 de enero de 2019;135
02 Albacete;02019 Bonillo, El;De 80 a 84 años;Total;1 de enero de 2018;137
02 Albacete;02019 Bonillo, El;De 80 a 84 años;Total;1 de enero de 2017;124
02 Albacete;02019 Bonillo, El;De 80 a 84 años;Total;1 de enero de 2016;125
02 Albacete;02019 Bonillo, El;De 80 a 84 años;Total;1 de enero de 2015;124
02 Albacete;02019 Bonillo, El;De 80 a 84 años;Total;1 de enero de 2014;128
02 Albacete;02019 Bonillo, El;De 80 a 84 años;Total;1 de enero de 2013;135
02 Albacete;02019 Bonillo, El;De 80 a 84 años;Total;1 de enero de 2012;127
02 Albacete;02019 Bonillo, El;De 80 a 84 años;Total;1 de enero de 2011;121
02 Albacete;02019 Bonillo, El;De 80 a 84 años;Total;1 de enero de 2010;107
02 Albacete;02019 Bonillo, El;De 85 a 89 años;Total;1 de enero de 2022;79
02 Albacete;02019 Bonillo, El;De 85 a 89 años;Total;1 de enero de 2021;82
02 Albacete;02019 Bonillo, El;De 85 a 89 años;Total;1 de enero de 2020;86
02 Albacete;02019 Bonillo, El;De 85 a 89 años;Total;1 de enero de 2019;86
02 Albacete;02019 Bonillo, El;De 85 a 89 años;Total;1 de enero de 2018;89
02 Albacete;02019 Bonillo, El;De 85 a 89 años;Total;1 de enero de 2017;90
02 Albacete;02019 Bonillo, El;De 85 a 89 años;Total;1 de enero de 2016;79
02 Albacete;02019 Bonillo, El;De 85 a 89 años;Total;1 de enero de 2015;71
02 Albacete;02019 Bonillo, El;De 85 a 89 años;Total;1 de enero de 2014;77
02 Albacete;02019 Bonillo, El;De 85 a 89 años;Total;1 de enero de 2013;72
02 Albacete;02019 Bonillo, El;De 85 a 89 años;Total;1 de enero de 2012;76
02 Albacete;02019 Bonillo, El;De 85 a 89 años;Total;1 de enero de 2011;69
02 Albacete;02019 Bonillo, El;De 85 a 89 años;Total;1 de enero de 2010;72
02 Albacete;02019 Bonillo, El;De 90 a 94 años;Total;1 de enero de 2022;49
02 Albacete;02019 Bonillo, El;De 90 a 94 años;Total;1 de enero de 2021;42
02 Albacete;02019 Bonillo, El;De 90 a 94 años;Total;1 de enero de 2020;37
02 Albacete;02019 Bonillo, El;De 90 a 94 años;Total;1 de enero de 2019;33
02 Albacete;02019 Bonillo, El;De 90 a 94 años;Total;1 de enero de 2018;30
02 Albacete;02019 Bonillo, El;De 90 a 94 años;Total;1 de enero de 2017;29
02 Albacete;02019 Bonillo, El;De 90 a 94 años;Total;1 de enero de 2016;33
02 Albacete;02019 Bonillo, El;De 90 a 94 años;Total;1 de enero de 2015;33
02 Albacete;02019 Bonillo, El;De 90 a 94 años;Total;1 de enero de 2014;27
02 Albacete;02019 Bonillo, El;De 90 a 94 años;Total;1 de enero de 2013;25
02 Albacete;02019 Bonillo, El;De 90 a 94 años;Total;1 de enero de 2012;28
02 Albacete;02019 Bonillo, El;De 90 a 94 años;Total;1 de enero de 2011;25
02 Albacete;02019 Bonillo, El;De 90 a 94 años;Total;1 de enero de 2010;22
02 Albacete;02019 Bonillo, El;De 95 a 99 años;Total;1 de enero de 2022;8
02 Albacete;02019 Bonillo, El;De 95 a 99 años;Total;1 de enero de 2021;9
02 Albacete;02019 Bonillo, El;De 95 a 99 años;Total;1 de enero de 2020;9
02 Albacete;02019 Bonillo, El;De 95 a 99 años;Total;1 de enero de 2019;10
02 Albacete;02019 Bonillo, El;De 95 a 99 años;Total;1 de enero de 2018;8
02 Albacete;02019 Bonillo, El;De 95 a 99 años;Total;1 de enero de 2017;7
02 Albacete;02019 Bonillo, El;De 95 a 99 años;Total;1 de enero de 2016;6
02 Albacete;02019 Bonillo, El;De 95 a 99 años;Total;1 de enero de 2015;5
02 Albacete;02019 Bonillo, El;De 95 a 99 años;Total;1 de enero de 2014;5
02 Albacete;02019 Bonillo, El;De 95 a 99 años;Total;1 de enero de 2013;6
02 Albacete;02019 Bonillo, El;De 95 a 99 años;Total;1 de enero de 2012;5
02 Albacete;02019 Bonillo, El;De 95 a 99 años;Total;1 de enero de 2011;7
02 Albacete;02019 Bonillo, El;De 95 a 99 años;Total;1 de enero de 2010;7
02 Albacete;02019 Bonillo, El;100 y más años;Total;1 de enero de 2022;2
02 Albacete;02019 Bonillo, El;100 y más años;Total;1 de enero de 2021;1
02 Albacete;02019 Bonillo, El;100 y más años;Total;1 de enero de 2020;1
02 Albacete;02019 Bonillo, El;100 y más años;Total;1 de enero de 2019;1
02 Albacete;02019 Bonillo, El;100 y más años;Total;1 de enero de 2018;1
02 Albacete;02019 Bonillo, El;100 y más años;Total;1 de enero de 2017;0
02 Albacete;02019 Bonillo, El;100 y más años;Total;1 de enero de 2016;0
02 Albacete;02019 Bonillo, El;100 y más años;Total;1 de enero de 2015;1
02 Albacete;02019 Bonillo, El;100 y más años;Total;1 de enero de 2014;0
02 Albacete;02019 Bonillo, El;100 y más años;Total;1 de enero de 2013;0
02 Albacete;02019 Bonillo, El;100 y más años;Total;1 de enero de 2012;0
02 Albacete;02019 Bonillo, El;100 y más años;Total;1 de enero de 2011;1
02 Albacete;02019 Bonillo, El;100 y más años;Total;1 de enero de 2010;0
02 Albacete;02020 Carcelén;De 0 a 4 años;Total;1 de enero de 2022;13
02 Albacete;02020 Carcelén;De 0 a 4 años;Total;1 de enero de 2021;11
02 Albacete;02020 Carcelén;De 0 a 4 años;Total;1 de enero de 2020;9
02 Albacete;02020 Carcelén;De 0 a 4 años;Total;1 de enero de 2019;9
02 Albacete;02020 Carcelén;De 0 a 4 años;Total;1 de enero de 2018;7
02 Albacete;02020 Carcelén;De 0 a 4 años;Total;1 de enero de 2017;7
02 Albacete;02020 Carcelén;De 0 a 4 años;Total;1 de enero de 2016;13
02 Albacete;02020 Carcelén;De 0 a 4 años;Total;1 de enero de 2015;13
02 Albacete;02020 Carcelén;De 0 a 4 años;Total;1 de enero de 2014;11
02 Albacete;02020 Carcelén;De 0 a 4 años;Total;1 de enero de 2013;13
02 Albacete;02020 Carcelén;De 0 a 4 años;Total;1 de enero de 2012;16
02 Albacete;02020 Carcelén;De 0 a 4 años;Total;1 de enero de 2011;21
02 Albacete;02020 Carcelén;De 0 a 4 años;Total;1 de enero de 2010;26
02 Albacete;02020 Carcelén;De 5 a 9 años;Total;1 de enero de 2022;8
02 Albacete;02020 Carcelén;De 5 a 9 años;Total;1 de enero de 2021;16
02 Albacete;02020 Carcelén;De 5 a 9 años;Total;1 de enero de 2020;15
02 Albacete;02020 Carcelén;De 5 a 9 años;Total;1 de enero de 2019;11
02 Albacete;02020 Carcelén;De 5 a 9 años;Total;1 de enero de 2018;16
02 Albacete;02020 Carcelén;De 5 a 9 años;Total;1 de enero de 2017;17
02 Albacete;02020 Carcelén;De 5 a 9 años;Total;1 de enero de 2016;17
02 Albacete;02020 Carcelén;De 5 a 9 años;Total;1 de enero de 2015;20
02 Albacete;02020 Carcelén;De 5 a 9 años;Total;1 de enero de 2014;22
02 Albacete;02020 Carcelén;De 5 a 9 años;Total;1 de enero de 2013;26
02 Albacete;02020 Carcelén;De 5 a 9 años;Total;1 de enero de 2012;21
02 Albacete;02020 Carcelén;De 5 a 9 años;Total;1 de enero de 2011;24
02 Albacete;02020 Carcelén;De 5 a 9 años;Total;1 de enero de 2010;26
02 Albacete;02020 Carcelén;De 10 a 14 años;Total;1 de enero de 2022;17
02 Albacete;02020 Carcelén;De 10 a 14 años;Total;1 de enero de 2021;17
02 Albacete;02020 Carcelén;De 10 a 14 años;Total;1 de enero de 2020;19
02 Albacete;02020 Carcelén;De 10 a 14 años;Total;1 de enero de 2019;19
02 Albacete;02020 Carcelén;De 10 a 14 años;Total;1 de enero de 2018;19
02 Albacete;02020 Carcelén;De 10 a 14 años;Total;1 de enero de 2017;18
02 Albacete;02020 Carcelén;De 10 a 14 años;Total;1 de enero de 2016;21
02 Albacete;02020 Carcelén;De 10 a 14 años;Total;1 de enero de 2015;23
02 Albacete;02020 Carcelén;De 10 a 14 años;Total;1 de enero de 2014;27
02 Albacete;02020 Carcelén;De 10 a 14 años;Total;1 de enero de 2013;24
02 Albacete;02020 Carcelén;De 10 a 14 años;Total;1 de enero de 2012;28
02 Albacete;02020 Carcelén;De 10 a 14 años;Total;1 de enero de 2011;23
02 Albacete;02020 Carcelén;De 10 a 14 años;Total;1 de enero de 2010;20
02 Albacete;02020 Carcelén;De 65 a 69 años;Total;1 de enero de 2022;30
02 Albacete;02020 Carcelén;De 65 a 69 años;Total;1 de enero de 2021;28
02 Albacete;02020 Carcelén;De 65 a 69 años;Total;1 de enero de 2020;34
02 Albacete;02020 Carcelén;De 65 a 69 años;Total;1 de enero de 2019;37
02 Albacete;02020 Carcelén;De 65 a 69 años;Total;1 de enero de 2018;38
02 Albacete;02020 Carcelén;De 65 a 69 años;Total;1 de enero de 2017;45
02 Albacete;02020 Carcelén;De 65 a 69 años;Total;1 de enero de 2016;47
02 Albacete;02020 Carcelén;De 65 a 69 años;Total;1 de enero de 2015;44
02 Albacete;02020 Carcelén;De 65 a 69 años;Total;1 de enero de 2014;43
02 Albacete;02020 Carcelén;De 65 a 69 años;Total;1 de enero de 2013;45
02 Albacete;02020 Carcelén;De 65 a 69 años;Total;1 de enero de 2012;49
02 Albacete;02020 Carcelén;De 65 a 69 años;Total;1 de enero de 2011;59
02 Albacete;02020 Carcelén;De 65 a 69 años;Total;1 de enero de 2010;72
02 Albacete;02020 Carcelén;De 70 a 74 años;Total;1 de enero de 2022;38
02 Albacete;02020 Carcelén;De 70 a 74 años;Total;1 de enero de 2021;38
02 Albacete;02020 Carcelén;De 70 a 74 años;Total;1 de enero de 2020;36
02 Albacete;02020 Carcelén;De 70 a 74 años;Total;1 de enero de 2019;40
02 Albacete;02020 Carcelén;De 70 a 74 años;Total;1 de enero de 2018;41
02 Albacete;02020 Carcelén;De 70 a 74 años;Total;1 de enero de 2017;48
02 Albacete;02020 Carcelén;De 70 a 74 años;Total;1 de enero de 2016;48
02 Albacete;02020 Carcelén;De 70 a 74 años;Total;1 de enero de 2015;64
02 Albacete;02020 Carcelén;De 70 a 74 años;Total;1 de enero de 2014;62
02 Albacete;02020 Carcelén;De 70 a 74 años;Total;1 de enero de 2013;62
02 Albacete;02020 Carcelén;De 70 a 74 años;Total;1 de enero de 2012;57
02 Albacete;02020 Carcelén;De 70 a 74 años;Total;1 de enero de 2011;53
02 Albacete;02020 Carcelén;De 70 a 74 años;Total;1 de enero de 2010;39
02 Albacete;02020 Carcelén;De 75 a 79 años;Total;1 de enero de 2022;38
02 Albacete;02020 Carcelén;De 75 a 79 años;Total;1 de enero de 2021;46
02 Albacete;02020 Carcelén;De 75 a 79 años;Total;1 de enero de 2020;59
02 Albacete;02020 Carcelén;De 75 a 79 años;Total;1 de enero de 2019;55
02 Albacete;02020 Carcelén;De 75 a 79 años;Total;1 de enero de 2018;53
02 Albacete;02020 Carcelén;De 75 a 79 años;Total;1 de enero de 2017;52
02 Albacete;02020 Carcelén;De 75 a 79 años;Total;1 de enero de 2016;47
02 Albacete;02020 Carcelén;De 75 a 79 años;Total;1 de enero de 2015;36
02 Albacete;02020 Carcelén;De 75 a 79 años;Total;1 de enero de 2014;47
02 Albacete;02020 Carcelén;De 75 a 79 años;Total;1 de enero de 2013;49
02 Albacete;02020 Carcelén;De 75 a 79 años;Total;1 de enero de 2012;41
02 Albacete;02020 Carcelén;De 75 a 79 años;Total;1 de enero de 2011;42
02 Albacete;02020 Carcelén;De 75 a 79 años;Total;1 de enero de 2010;43
02 Albacete;02020 Carcelén;De 80 a 84 años;Total;1 de enero de 2022;42
02 Albacete;02020 Carcelén;De 80 a 84 años;Total;1 de enero de 2021;37
02 Albacete;02020 Carcelén;De 80 a 84 años;Total;1 de enero de 2020;28
02 Albacete;02020 Carcelén;De 80 a 84 años;Total;1 de enero de 2019;37
02 Albacete;02020 Carcelén;De 80 a 84 años;Total;1 de enero de 2018;40
02 Albacete;02020 Carcelén;De 80 a 84 años;Total;1 de enero de 2017;33
02 Albacete;02020 Carcelén;De 80 a 84 años;Total;1 de enero de 2016;34
02 Albacete;02020 Carcelén;De 80 a 84 años;Total;1 de enero de 2015;36
02 Albacete;02020 Carcelén;De 80 a 84 años;Total;1 de enero de 2014;28
02 Albacete;02020 Carcelén;De 80 a 84 años;Total;1 de enero de 2013;28
02 Albacete;02020 Carcelén;De 80 a 84 años;Total;1 de enero de 2012;30
02 Albacete;02020 Carcelén;De 80 a 84 años;Total;1 de enero de 2011;36
02 Albacete;02020 Carcelén;De 80 a 84 años;Total;1 de enero de 2010;34
02 Albacete;02020 Carcelén;De 85 a 89 años;Total;1 de enero de 2022;25
02 Albacete;02020 Carcelén;De 85 a 89 años;Total;1 de enero de 2021;27
02 Albacete;02020 Carcelén;De 85 a 89 años;Total;1 de enero de 2020;27
02 Albacete;02020 Carcelén;De 85 a 89 años;Total;1 de enero de 2019;22
02 Albacete;02020 Carcelén;De 85 a 89 años;Total;1 de enero de 2018;23
02 Albacete;02020 Carcelén;De 85 a 89 años;Total;1 de enero de 2017;22
02 Albacete;02020 Carcelén;De 85 a 89 años;Total;1 de enero de 2016;23
02 Albacete;02020 Carcelén;De 85 a 89 años;Total;1 de enero de 2015;19
02 Albacete;02020 Carcelén;De 85 a 89 años;Total;1 de enero de 2014;22
02 Albacete;02020 Carcelén;De 85 a 89 años;Total;1 de enero de 2013;21
02 Albacete;02020 Carcelén;De 85 a 89 años;Total;1 de enero de 2012;31
02 Albacete;02020 Carcelén;De 85 a 89 años;Total;1 de enero de 2011;31
02 Albacete;02020 Carcelén;De 85 a 89 años;Total;1 de enero de 2010;31
02 Albacete;02020 Carcelén;De 90 a 94 años;Total;1 de enero de 2022;12
02 Albacete;02020 Carcelén;De 90 a 94 años;Total;1 de enero de 2021;9
02 Albacete;02020 Carcelén;De 90 a 94 años;Total;1 de enero de 2020;8
02 Albacete;02020 Carcelén;De 90 a 94 años;Total;1 de enero de 2019;11
02 Albacete;02020 Carcelén;De 90 a 94 años;Total;1 de enero de 2018;8
02 Albacete;02020 Carcelén;De 90 a 94 años;Total;1 de enero de 2017;13
02 Albacete;02020 Carcelén;De 90 a 94 años;Total;1 de enero de 2016;11
02 Albacete;02020 Carcelén;De 90 a 94 años;Total;1 de enero de 2015;13
02 Albacete;02020 Carcelén;De 90 a 94 años;Total;1 de enero de 2014;16
02 Albacete;02020 Carcelén;De 90 a 94 años;Total;1 de enero de 2013;16
02 Albacete;02020 Carcelén;De 90 a 94 años;Total;1 de enero de 2012;13
02 Albacete;02020 Carcelén;De 90 a 94 años;Total;1 de enero de 2011;9
02 Albacete;02020 Carcelén;De 90 a 94 años;Total;1 de enero de 2010;10
02 Albacete;02020 Carcelén;De 95 a 99 años;Total;1 de enero de 2022;4
02 Albacete;02020 Carcelén;De 95 a 99 años;Total;1 de enero de 2021;3
02 Albacete;02020 Carcelén;De 95 a 99 años;Total;1 de enero de 2020;5
02 Albacete;02020 Carcelén;De 95 a 99 años;Total;1 de enero de 2019;3
02 Albacete;02020 Carcelén;De 95 a 99 años;Total;1 de enero de 2018;5
02 Albacete;02020 Carcelén;De 95 a 99 años;Total;1 de enero de 2017;2
02 Albacete;02020 Carcelén;De 95 a 99 años;Total;1 de enero de 2016;1
02 Albacete;02020 Carcelén;De 95 a 99 años;Total;1 de enero de 2015;3
02 Albacete;02020 Carcelén;De 95 a 99 años;Total;1 de enero de 2014;4
02 Albacete;02020 Carcelén;De 95 a 99 años;Total;1 de enero de 2013;4
02 Albacete;02020 Carcelén;De 95 a 99 años;Total;1 de enero de 2012;4
02 Albacete;02020 Carcelén;De 95 a 99 años;Total;1 de enero de 2011;5
02 Albacete;02020 Carcelén;De 95 a 99 años;Total;1 de enero de 2010;5
02 Albacete;02020 Carcelén;100 y más años;Total;1 de enero de 2022;1
02 Albacete;02020 Carcelén;100 y más años;Total;1 de enero de 2021;0
02 Albacete;02020 Carcelén;100 y más años;Total;1 de enero de 2020;0
02 Albacete;02020 Carcelén;100 y más años;Total;1 de enero de 2019;0
02 Albacete;02020 Carcelén;100 y más años;Total;1 de enero de 2018;1
02 Albacete;02020 Carcelén;100 y más años;Total;1 de enero de 2017;1
02 Albacete;02020 Carcelén;100 y más años;Total;1 de enero de 2016;1
02 Albacete;02020 Carcelén;100 y más años;Total;1 de enero de 2015;0
02 Albacete;02020 Carcelén;100 y más años;Total;1 de enero de 2014;1
02 Albacete;02020 Carcelén;100 y más años;Total;1 de enero de 2013;0
02 Albacete;02020 Carcelén;100 y más años;Total;1 de enero de 2012;0
02 Albacete;02020 Carcelén;100 y más años;Total;1 de enero de 2011;0
02 Albacete;02020 Carcelén;100 y más años;Total;1 de enero de 2010;0
02 Albacete;02021 Casas de Juan Núñez;De 0 a 4 años;Total;1 de enero de 2022;52
02 Albacete;02021 Casas de Juan Núñez;De 0 a 4 años;Total;1 de enero de 2021;46
02 Albacete;02021 Casas de Juan Núñez;De 0 a 4 años;Total;1 de enero de 2020;41
02 Albacete;02021 Casas de Juan Núñez;De 0 a 4 años;Total;1 de enero de 2019;47
02 Albacete;02021 Casas de Juan Núñez;De 0 a 4 años;Total;1 de enero de 2018;48
02 Albacete;02021 Casas de Juan Núñez;De 0 a 4 años;Total;1 de enero de 2017;53
02 Albacete;02021 Casas de Juan Núñez;De 0 a 4 años;Total;1 de enero de 2016;62
02 Albacete;02021 Casas de Juan Núñez;De 0 a 4 años;Total;1 de enero de 2015;71
02 Albacete;02021 Casas de Juan Núñez;De 0 a 4 años;Total;1 de enero de 2014;54
02 Albacete;02021 Casas de Juan Núñez;De 0 a 4 años;Total;1 de enero de 2013;60
02 Albacete;02021 Casas de Juan Núñez;De 0 a 4 años;Total;1 de enero de 2012;64
02 Albacete;02021 Casas de Juan Núñez;De 0 a 4 años;Total;1 de enero de 2011;63
02 Albacete;02021 Casas de Juan Núñez;De 0 a 4 años;Total;1 de enero de 2010;65
02 Albacete;02021 Casas de Juan Núñez;De 5 a 9 años;Total;1 de enero de 2022;63
02 Albacete;02021 Casas de Juan Núñez;De 5 a 9 años;Total;1 de enero de 2021;69
02 Albacete;02021 Casas de Juan Núñez;De 5 a 9 años;Total;1 de enero de 2020;58
02 Albacete;02021 Casas de Juan Núñez;De 5 a 9 años;Total;1 de enero de 2019;48
02 Albacete;02021 Casas de Juan Núñez;De 5 a 9 años;Total;1 de enero de 2018;53
02 Albacete;02021 Casas de Juan Núñez;De 5 a 9 años;Total;1 de enero de 2017;62
02 Albacete;02021 Casas de Juan Núñez;De 5 a 9 años;Total;1 de enero de 2016;59
02 Albacete;02021 Casas de Juan Núñez;De 5 a 9 años;Total;1 de enero de 2015;67
02 Albacete;02021 Casas de Juan Núñez;De 5 a 9 años;Total;1 de enero de 2014;66
02 Albacete;02021 Casas de Juan Núñez;De 5 a 9 años;Total;1 de enero de 2013;65
02 Albacete;02021 Casas de Juan Núñez;De 5 a 9 años;Total;1 de enero de 2012;57
02 Albacete;02021 Casas de Juan Núñez;De 5 a 9 años;Total;1 de enero de 2011;58
02 Albacete;02021 Casas de Juan Núñez;De 5 a 9 años;Total;1 de enero de 2010;60
02 Albacete;02021 Casas de Juan Núñez;De 10 a 14 años;Total;1 de enero de 2022;72
02 Albacete;02021 Casas de Juan Núñez;De 10 a 14 años;Total;1 de enero de 2021;72
02 Albacete;02021 Casas de Juan Núñez;De 10 a 14 años;Total;1 de enero de 2020;64
02 Albacete;02021 Casas de Juan Núñez;De 10 a 14 años;Total;1 de enero de 2019;65
02 Albacete;02021 Casas de Juan Núñez;De 10 a 14 años;Total;1 de enero de 2018;59
02 Albacete;02021 Casas de Juan Núñez;De 10 a 14 años;Total;1 de enero de 2017;50
02 Albacete;02021 Casas de Juan Núñez;De 10 a 14 años;Total;1 de enero de 2016;51
02 Albacete;02021 Casas de Juan Núñez;De 10 a 14 años;Total;1 de enero de 2015;59
02 Albacete;02021 Casas de Juan Núñez;De 10 a 14 años;Total;1 de enero de 2014;61
02 Albacete;02021 Casas de Juan Núñez;De 10 a 14 años;Total;1 de enero de 2013;76
02 Albacete;02021 Casas de Juan Núñez;De 10 a 14 años;Total;1 de enero de 2012;87
02 Albacete;02021 Casas de Juan Núñez;De 10 a 14 años;Total;1 de enero de 2011;82
02 Albacete;02021 Casas de Juan Núñez;De 10 a 14 años;Total;1 de enero de 2010;83
02 Albacete;02021 Casas de Juan Núñez;De 65 a 69 años;Total;1 de enero de 2022;64
02 Albacete;02021 Casas de Juan Núñez;De 65 a 69 años;Total;1 de enero de 2021;67
02 Albacete;02021 Casas de Juan Núñez;De 65 a 69 años;Total;1 de enero de 2020;73
02 Albacete;02021 Casas de Juan Núñez;De 65 a 69 años;Total;1 de enero de 2019;67
02 Albacete;02021 Casas de Juan Núñez;De 65 a 69 años;Total;1 de enero de 2018;66
02 Albacete;02021 Casas de Juan Núñez;De 65 a 69 años;Total;1 de enero de 2017;64
02 Albacete;02021 Casas de Juan Núñez;De 65 a 69 años;Total;1 de enero de 2016;71
02 Albacete;02021 Casas de Juan Núñez;De 65 a 69 años;Total;1 de enero de 2015;71
02 Albacete;02021 Casas de Juan Núñez;De 65 a 69 años;Total;1 de enero de 2014;70
02 Albacete;02021 Casas de Juan Núñez;De 65 a 69 años;Total;1 de enero de 2013;72
02 Albacete;02021 Casas de Juan Núñez;De 65 a 69 años;Total;1 de enero de 2012;77
02 Albacete;02021 Casas de Juan Núñez;De 65 a 69 años;Total;1 de enero de 2011;81
02 Albacete;02021 Casas de Juan Núñez;De 65 a 69 años;Total;1 de enero de 2010;80
02 Albacete;02021 Casas de Juan Núñez;De 70 a 74 años;Total;1 de enero de 2022;64
02 Albacete;02021 Casas de Juan Núñez;De 70 a 74 años;Total;1 de enero de 2021;62
02 Albacete;02021 Casas de Juan Núñez;De 70 a 74 años;Total;1 de enero de 2020;57
02 Albacete;02021 Casas de Juan Núñez;De 70 a 74 años;Total;1 de enero de 2019;57
02 Albacete;02021 Casas de Juan Núñez;De 70 a 74 años;Total;1 de enero de 2018;56
02 Albacete;02021 Casas de Juan Núñez;De 70 a 74 años;Total;1 de enero de 2017;63
02 Albacete;02021 Casas de Juan Núñez;De 70 a 74 años;Total;1 de enero de 2016;64
02 Albacete;02021 Casas de Juan Núñez;De 70 a 74 años;Total;1 de enero de 2015;68
02 Albacete;02021 Casas de Juan Núñez;De 70 a 74 años;Total;1 de enero de 2014;66
02 Albacete;02021 Casas de Juan Núñez;De 70 a 74 años;Total;1 de enero de 2013;70
02 Albacete;02021 Casas de Juan Núñez;De 70 a 74 años;Total;1 de enero de 2012;75
02 Albacete;02021 Casas de Juan Núñez;De 70 a 74 años;Total;1 de enero de 2011;67
02 Albacete;02021 Casas de Juan Núñez;De 70 a 74 años;Total;1 de enero de 2010;75
02 Albacete;02021 Casas de Juan Núñez;De 75 a 79 años;Total;1 de enero de 2022;60
02 Albacete;02021 Casas de Juan Núñez;De 75 a 79 años;Total;1 de enero de 2021;60
02 Albacete;02021 Casas de Juan Núñez;De 75 a 79 años;Total;1 de enero de 2020;66
02 Albacete;02021 Casas de Juan Núñez;De 75 a 79 años;Total;1 de enero de 2019;59
02 Albacete;02021 Casas de Juan Núñez;De 75 a 79 años;Total;1 de enero de 2018;59
02 Albacete;02021 Casas de Juan Núñez;De 75 a 79 años;Total;1 de enero de 2017;63
02 Albacete;02021 Casas de Juan Núñez;De 75 a 79 años;Total;1 de enero de 2016;60
02 Albacete;02021 Casas de Juan Núñez;De 75 a 79 años;Total;1 de enero de 2015;73
02 Albacete;02021 Casas de Juan Núñez;De 75 a 79 años;Total;1 de enero de 2014;82
02 Albacete;02021 Casas de Juan Núñez;De 75 a 79 años;Total;1 de enero de 2013;90
02 Albacete;02021 Casas de Juan Núñez;De 75 a 79 años;Total;1 de enero de 2012;78
02 Albacete;02021 Casas de Juan Núñez;De 75 a 79 años;Total;1 de enero de 2011;87
02 Albacete;02021 Casas de Juan Núñez;De 75 a 79 años;Total;1 de enero de 2010;73
02 Albacete;02021 Casas de Juan Núñez;De 80 a 84 años;Total;1 de enero de 2022;50
02 Albacete;02021 Casas de Juan Núñez;De 80 a 84 años;Total;1 de enero de 2021;53
02 Albacete;02021 Casas de Juan Núñez;De 80 a 84 años;Total;1 de enero de 2020;57
02 Albacete;02021 Casas de Juan Núñez;De 80 a 84 años;Total;1 de enero de 2019;65
02 Albacete;02021 Casas de Juan Núñez;De 80 a 84 años;Total;1 de enero de 2018;70
02 Albacete;02021 Casas de Juan Núñez;De 80 a 84 años;Total;1 de enero de 2017;58
02 Albacete;02021 Casas de Juan Núñez;De 80 a 84 años;Total;1 de enero de 2016;68
02 Albacete;02021 Casas de Juan Núñez;De 80 a 84 años;Total;1 de enero de 2015;61
02 Albacete;02021 Casas de Juan Núñez;De 80 a 84 años;Total;1 de enero de 2014;53
02 Albacete;02021 Casas de Juan Núñez;De 80 a 84 años;Total;1 de enero de 2013;51
02 Albacete;02021 Casas de Juan Núñez;De 80 a 84 años;Total;1 de enero de 2012;55
02 Albacete;02021 Casas de Juan Núñez;De 80 a 84 años;Total;1 de enero de 2011;55
02 Albacete;02021 Casas de Juan Núñez;De 80 a 84 años;Total;1 de enero de 2010;52
02 Albacete;02021 Casas de Juan Núñez;De 85 a 89 años;Total;1 de enero de 2022;39
02 Albacete;02021 Casas de Juan Núñez;De 85 a 89 años;Total;1 de enero de 2021;40
02 Albacete;02021 Casas de Juan Núñez;De 85 a 89 años;Total;1 de enero de 2020;36
02 Albacete;02021 Casas de Juan Núñez;De 85 a 89 años;Total;1 de enero de 2019;32
02 Albacete;02021 Casas de Juan Núñez;De 85 a 89 años;Total;1 de enero de 2018;31
02 Albacete;02021 Casas de Juan Núñez;De 85 a 89 años;Total;1 de enero de 2017;32
02 Albacete;02021 Casas de Juan Núñez;De 85 a 89 años;Total;1 de enero de 2016;34
02 Albacete;02021 Casas de Juan Núñez;De 85 a 89 años;Total;1 de enero de 2015;33
02 Albacete;02021 Casas de Juan Núñez;De 85 a 89 años;Total;1 de enero de 2014;31
02 Albacete;02021 Casas de Juan Núñez;De 85 a 89 años;Total;1 de enero de 2013;31
02 Albacete;02021 Casas de Juan Núñez;De 85 a 89 años;Total;1 de enero de 2012;28
02 Albacete;02021 Casas de Juan Núñez;De 85 a 89 años;Total;1 de enero de 2011;32
02 Albacete;02021 Casas de Juan Núñez;De 85 a 89 años;Total;1 de enero de 2010;33
02 Albacete;02021 Casas de Juan Núñez;De 90 a 94 años;Total;1 de enero de 2022;11
02 Albacete;02021 Casas de Juan Núñez;De 90 a 94 años;Total;1 de enero de 2021;14
02 Albacete;02021 Casas de Juan Núñez;De 90 a 94 años;Total;1 de enero de 2020;17
02 Albacete;02021 Casas de Juan Núñez;De 90 a 94 años;Total;1 de enero de 2019;15
02 Albacete;02021 Casas de Juan Núñez;De 90 a 94 años;Total;1 de enero de 2018;13
02 Albacete;02021 Casas de Juan Núñez;De 90 a 94 años;Total;1 de enero de 2017;17
02 Albacete;02021 Casas de Juan Núñez;De 90 a 94 años;Total;1 de enero de 2016;16
02 Albacete;02021 Casas de Juan Núñez;De 90 a 94 años;Total;1 de enero de 2015;15
02 Albacete;02021 Casas de Juan Núñez;De 90 a 94 años;Total;1 de enero de 2014;14
02 Albacete;02021 Casas de Juan Núñez;De 90 a 94 años;Total;1 de enero de 2013;12
02 Albacete;02021 Casas de Juan Núñez;De 90 a 94 años;Total;1 de enero de 2012;11
02 Albacete;02021 Casas de Juan Núñez;De 90 a 94 años;Total;1 de enero de 2011;11
02 Albacete;02021 Casas de Juan Núñez;De 90 a 94 años;Total;1 de enero de 2010;11
02 Albacete;02021 Casas de Juan Núñez;De 95 a 99 años;Total;1 de enero de 2022;0
02 Albacete;02021 Casas de Juan Núñez;De 95 a 99 años;Total;1 de enero de 2021;2
02 Albacete;02021 Casas de Juan Núñez;De 95 a 99 años;Total;1 de enero de 2020;3
02 Albacete;02021 Casas de Juan Núñez;De 95 a 99 años;Total;1 de enero de 2019;5
02 Albacete;02021 Casas de Juan Núñez;De 95 a 99 años;Total;1 de enero de 2018;5
02 Albacete;02021 Casas de Juan Núñez;De 95 a 99 años;Total;1 de enero de 2017;3
02 Albacete;02021 Casas de Juan Núñez;De 95 a 99 años;Total;1 de enero de 2016;3
02 Albacete;02021 Casas de Juan Núñez;De 95 a 99 años;Total;1 de enero de 2015;2
02 Albacete;02021 Casas de Juan Núñez;De 95 a 99 años;Total;1 de enero de 2014;1
02 Albacete;02021 Casas de Juan Núñez;De 95 a 99 años;Total;1 de enero de 2013;1
02 Albacete;02021 Casas de Juan Núñez;De 95 a 99 años;Total;1 de enero de 2012;2
02 Albacete;02021 Casas de Juan Núñez;De 95 a 99 años;Total;1 de enero de 2011;2
02 Albacete;02021 Casas de Juan Núñez;De 95 a 99 años;Total;1 de enero de 2010;3
02 Albacete;02021 Casas de Juan Núñez;100 y más años;Total;1 de enero de 2022;0
02 Albacete;02021 Casas de Juan Núñez;100 y más años;Total;1 de enero de 2021;0
02 Albacete;02021 Casas de Juan Núñez;100 y más años;Total;1 de enero de 2020;1
02 Albacete;02021 Casas de Juan Núñez;100 y más años;Total;1 de enero de 2019;1
02 Albacete;02021 Casas de Juan Núñez;100 y más años;Total;1 de enero de 2018;0
02 Albacete;02021 Casas de Juan Núñez;100 y más años;Total;1 de enero de 2017;0
02 Albacete;02021 Casas de Juan Núñez;100 y más años;Total;1 de enero de 2016;0
02 Albacete;02021 Casas de Juan Núñez;100 y más años;Total;1 de enero de 2015;0
02 Albacete;02021 Casas de Juan Núñez;100 y más años;Total;1 de enero de 2014;1
02 Albacete;02021 Casas de Juan Núñez;100 y más años;Total;1 de enero de 2013;1
02 Albacete;02021 Casas de Juan Núñez;100 y más años;Total;1 de enero de 2012;1
02 Albacete;02021 Casas de Juan Núñez;100 y más años;Total;1 de enero de 2011;1
02 Albacete;02021 Casas de Juan Núñez;100 y más años;Total;1 de enero de 2010;0
02 Albacete;02022 Casas de Lázaro;De 0 a 4 años;Total;1 de enero de 2022;2
02 Albacete;02022 Casas de Lázaro;De 0 a 4 años;Total;1 de enero de 2021;2
02 Albacete;02022 Casas de Lázaro;De 0 a 4 años;Total;1 de enero de 2020;1
02 Albacete;02022 Casas de Lázaro;De 0 a 4 años;Total;1 de enero de 2019;1
02 Albacete;02022 Casas de Lázaro;De 0 a 4 años;Total;1 de enero de 2018;2
02 Albacete;02022 Casas de Lázaro;De 0 a 4 años;Total;1 de enero de 2017;1
02 Albacete;02022 Casas de Lázaro;De 0 a 4 años;Total;1 de enero de 2016;2
02 Albacete;02022 Casas de Lázaro;De 0 a 4 años;Total;1 de enero de 2015;4
02 Albacete;02022 Casas de Lázaro;De 0 a 4 años;Total;1 de enero de 2014;3
02 Albacete;02022 Casas de Lázaro;De 0 a 4 años;Total;1 de enero de 2013;3
02 Albacete;02022 Casas de Lázaro;De 0 a 4 años;Total;1 de enero de 2012;2
02 Albacete;02022 Casas de Lázaro;De 0 a 4 años;Total;1 de enero de 2011;3
02 Albacete;02022 Casas de Lázaro;De 0 a 4 años;Total;1 de enero de 2010;2
02 Albacete;02022 Casas de Lázaro;De 5 a 9 años;Total;1 de enero de 2022;1
02 Albacete;02022 Casas de Lázaro;De 5 a 9 años;Total;1 de enero de 2021;2
02 Albacete;02022 Casas de Lázaro;De 5 a 9 años;Total;1 de enero de 2020;2
02 Albacete;02022 Casas de Lázaro;De 5 a 9 años;Total;1 de enero de 2019;2
02 Albacete;02022 Casas de Lázaro;De 5 a 9 años;Total;1 de enero de 2018;1
02 Albacete;02022 Casas de Lázaro;De 5 a 9 años;Total;1 de enero de 2017;2
02 Albacete;02022 Casas de Lázaro;De 5 a 9 años;Total;1 de enero de 2016;3
02 Albacete;02022 Casas de Lázaro;De 5 a 9 años;Total;1 de enero de 2015;3
02 Albacete;02022 Casas de Lázaro;De 5 a 9 años;Total;1 de enero de 2014;5
02 Albacete;02022 Casas de Lázaro;De 5 a 9 años;Total;1 de enero de 2013;7
02 Albacete;02022 Casas de Lázaro;De 5 a 9 años;Total;1 de enero de 2012;9
02 Albacete;02022 Casas de Lázaro;De 5 a 9 años;Total;1 de enero de 2011;12
02 Albacete;02022 Casas de Lázaro;De 5 a 9 años;Total;1 de enero de 2010;12
02 Albacete;02022 Casas de Lázaro;De 10 a 14 años;Total;1 de enero de 2022;1
02 Albacete;02022 Casas de Lázaro;De 10 a 14 años;Total;1 de enero de 2021;1
02 Albacete;02022 Casas de Lázaro;De 10 a 14 años;Total;1 de enero de 2020;1
02 Albacete;02022 Casas de Lázaro;De 10 a 14 años;Total;1 de enero de 2019;4
02 Albacete;02022 Casas de Lázaro;De 10 a 14 años;Total;1 de enero de 2018;6
02 Albacete;02022 Casas de Lázaro;De 10 a 14 años;Total;1 de enero de 2017;9
02 Albacete;02022 Casas de Lázaro;De 10 a 14 años;Total;1 de enero de 2016;12
02 Albacete;02022 Casas de Lázaro;De 10 a 14 años;Total;1 de enero de 2015;11
02 Albacete;02022 Casas de Lázaro;De 10 a 14 años;Total;1 de enero de 2014;10
02 Albacete;02022 Casas de Lázaro;De 10 a 14 años;Total;1 de enero de 2013;13
02 Albacete;02022 Casas de Lázaro;De 10 a 14 años;Total;1 de enero de 2012;14
02 Albacete;02022 Casas de Lázaro;De 10 a 14 años;Total;1 de enero de 2011;13
02 Albacete;02022 Casas de Lázaro;De 10 a 14 años;Total;1 de enero de 2010;11
02 Albacete;02022 Casas de Lázaro;De 65 a 69 años;Total;1 de enero de 2022;32
02 Albacete;02022 Casas de Lázaro;De 65 a 69 años;Total;1 de enero de 2021;29
02 Albacete;02022 Casas de Lázaro;De 65 a 69 años;Total;1 de enero de 2020;30
02 Albacete;02022 Casas de Lázaro;De 65 a 69 años;Total;1 de enero de 2019;29
02 Albacete;02022 Casas de Lázaro;De 65 a 69 años;Total;1 de enero de 2018;30
02 Albacete;02022 Casas de Lázaro;De 65 a 69 años;Total;1 de enero de 2017;30
02 Albacete;02022 Casas de Lázaro;De 65 a 69 años;Total;1 de enero de 2016;29
02 Albacete;02022 Casas de Lázaro;De 65 a 69 años;Total;1 de enero de 2015;30
02 Albacete;02022 Casas de Lázaro;De 65 a 69 años;Total;1 de enero de 2014;27
02 Albacete;02022 Casas de Lázaro;De 65 a 69 años;Total;1 de enero de 2013;29
02 Albacete;02022 Casas de Lázaro;De 65 a 69 años;Total;1 de enero de 2012;32
02 Albacete;02022 Casas de Lázaro;De 65 a 69 años;Total;1 de enero de 2011;36
02 Albacete;02022 Casas de Lázaro;De 65 a 69 años;Total;1 de enero de 2010;40
02 Albacete;02022 Casas de Lázaro;De 70 a 74 años;Total;1 de enero de 2022;29
02 Albacete;02022 Casas de Lázaro;De 70 a 74 años;Total;1 de enero de 2021;26
02 Albacete;02022 Casas de Lázaro;De 70 a 74 años;Total;1 de enero de 2020;25
02 Albacete;02022 Casas de Lázaro;De 70 a 74 años;Total;1 de enero de 2019;23
02 Albacete;02022 Casas de Lázaro;De 70 a 74 años;Total;1 de enero de 2018;20
02 Albacete;02022 Casas de Lázaro;De 70 a 74 años;Total;1 de enero de 2017;24
02 Albacete;02022 Casas de Lázaro;De 70 a 74 años;Total;1 de enero de 2016;33
02 Albacete;02022 Casas de Lázaro;De 70 a 74 años;Total;1 de enero de 2015;38
02 Albacete;02022 Casas de Lázaro;De 70 a 74 años;Total;1 de enero de 2014;42
02 Albacete;02022 Casas de Lázaro;De 70 a 74 años;Total;1 de enero de 2013;42
02 Albacete;02022 Casas de Lázaro;De 70 a 74 años;Total;1 de enero de 2012;43
02 Albacete;02022 Casas de Lázaro;De 70 a 74 años;Total;1 de enero de 2011;51
02 Albacete;02022 Casas de Lázaro;De 70 a 74 años;Total;1 de enero de 2010;51
02 Albacete;02022 Casas de Lázaro;De 75 a 79 años;Total;1 de enero de 2022;20
02 Albacete;02022 Casas de Lázaro;De 75 a 79 años;Total;1 de enero de 2021;24
02 Albacete;02022 Casas de Lázaro;De 75 a 79 años;Total;1 de enero de 2020;34
02 Albacete;02022 Casas de Lázaro;De 75 a 79 años;Total;1 de enero de 2019;38
02 Albacete;02022 Casas de Lázaro;De 75 a 79 años;Total;1 de enero de 2018;36
02 Albacete;02022 Casas de Lázaro;De 75 a 79 años;Total;1 de enero de 2017;34
02 Albacete;02022 Casas de Lázaro;De 75 a 79 años;Total;1 de enero de 2016;43
02 Albacete;02022 Casas de Lázaro;De 75 a 79 años;Total;1 de enero de 2015;41
02 Albacete;02022 Casas de Lázaro;De 75 a 79 años;Total;1 de enero de 2014;39
02 Albacete;02022 Casas de Lázaro;De 75 a 79 años;Total;1 de enero de 2013;37
02 Albacete;02022 Casas de Lázaro;De 75 a 79 años;Total;1 de enero de 2012;36
02 Albacete;02022 Casas de Lázaro;De 75 a 79 años;Total;1 de enero de 2011;31
02 Albacete;02022 Casas de Lázaro;De 75 a 79 años;Total;1 de enero de 2010;31
02 Albacete;02022 Casas de Lázaro;De 80 a 84 años;Total;1 de enero de 2022;28
02 Albacete;02022 Casas de Lázaro;De 80 a 84 años;Total;1 de enero de 2021;28
02 Albacete;02022 Casas de Lázaro;De 80 a 84 años;Total;1 de enero de 2020;24
02 Albacete;02022 Casas de Lázaro;De 80 a 84 años;Total;1 de enero de 2019;26
02 Albacete;02022 Casas de Lázaro;De 80 a 84 años;Total;1 de enero de 2018;27
02 Albacete;02022 Casas de Lázaro;De 80 a 84 años;Total;1 de enero de 2017;27
02 Albacete;02022 Casas de Lázaro;De 80 a 84 años;Total;1 de enero de 2016;23
02 Albacete;02022 Casas de Lázaro;De 80 a 84 años;Total;1 de enero de 2015;21
02 Albacete;02022 Casas de Lázaro;De 80 a 84 años;Total;1 de enero de 2014;29
02 Albacete;02022 Casas de Lázaro;De 80 a 84 años;Total;1 de enero de 2013;31
02 Albacete;02022 Casas de Lázaro;De 80 a 84 años;Total;1 de enero de 2012;38
02 Albacete;02022 Casas de Lázaro;De 80 a 84 años;Total;1 de enero de 2011;33
02 Albacete;02022 Casas de Lázaro;De 80 a 84 años;Total;1 de enero de 2010;30
02 Albacete;02022 Casas de Lázaro;De 85 a 89 años;Total;1 de enero de 2022;17
02 Albacete;02022 Casas de Lázaro;De 85 a 89 años;Total;1 de enero de 2021;15
02 Albacete;02022 Casas de Lázaro;De 85 a 89 años;Total;1 de enero de 2020;12
02 Albacete;02022 Casas de Lázaro;De 85 a 89 años;Total;1 de enero de 2019;17
02 Albacete;02022 Casas de Lázaro;De 85 a 89 años;Total;1 de enero de 2018;16
02 Albacete;02022 Casas de Lázaro;De 85 a 89 años;Total;1 de enero de 2017;19
02 Albacete;02022 Casas de Lázaro;De 85 a 89 años;Total;1 de enero de 2016;16
02 Albacete;02022 Casas de Lázaro;De 85 a 89 años;Total;1 de enero de 2015;22
02 Albacete;02022 Casas de Lázaro;De 85 a 89 años;Total;1 de enero de 2014;16
02 Albacete;02022 Casas de Lázaro;De 85 a 89 años;Total;1 de enero de 2013;16
02 Albacete;02022 Casas de Lázaro;De 85 a 89 años;Total;1 de enero de 2012;10
02 Albacete;02022 Casas de Lázaro;De 85 a 89 años;Total;1 de enero de 2011;17
02 Albacete;02022 Casas de Lázaro;De 85 a 89 años;Total;1 de enero de 2010;13
02 Albacete;02022 Casas de Lázaro;De 90 a 94 años;Total;1 de enero de 2022;5
02 Albacete;02022 Casas de Lázaro;De 90 a 94 años;Total;1 de enero de 2021;3
02 Albacete;02022 Casas de Lázaro;De 90 a 94 años;Total;1 de enero de 2020;6
02 Albacete;02022 Casas de Lázaro;De 90 a 94 años;Total;1 de enero de 2019;5
02 Albacete;02022 Casas de Lázaro;De 90 a 94 años;Total;1 de enero de 2018;7
02 Albacete;02022 Casas de Lázaro;De 90 a 94 años;Total;1 de enero de 2017;5
02 Albacete;02022 Casas de Lázaro;De 90 a 94 años;Total;1 de enero de 2016;6
02 Albacete;02022 Casas de Lázaro;De 90 a 94 años;Total;1 de enero de 2015;3
02 Albacete;02022 Casas de Lázaro;De 90 a 94 años;Total;1 de enero de 2014;4
02 Albacete;02022 Casas de Lázaro;De 90 a 94 años;Total;1 de enero de 2013;4
02 Albacete;02022 Casas de Lázaro;De 90 a 94 años;Total;1 de enero de 2012;6
02 Albacete;02022 Casas de Lázaro;De 90 a 94 años;Total;1 de enero de 2011;4
02 Albacete;02022 Casas de Lázaro;De 90 a 94 años;Total;1 de enero de 2010;5
02 Albacete;02022 Casas de Lázaro;De 95 a 99 años;Total;1 de enero de 2022;0
02 Albacete;02022 Casas de Lázaro;De 95 a 99 años;Total;1 de enero de 2021;1
02 Albacete;02022 Casas de Lázaro;De 95 a 99 años;Total;1 de enero de 2020;0
02 Albacete;02022 Casas de Lázaro;De 95 a 99 años;Total;1 de enero de 2019;1
02 Albacete;02022 Casas de Lázaro;De 95 a 99 años;Total;1 de enero de 2018;1
02 Albacete;02022 Casas de Lázaro;De 95 a 99 años;Total;1 de enero de 2017;1
02 Albacete;02022 Casas de Lázaro;De 95 a 99 años;Total;1 de enero de 2016;0
02 Albacete;02022 Casas de Lázaro;De 95 a 99 años;Total;1 de enero de 2015;0
02 Albacete;02022 Casas de Lázaro;De 95 a 99 años;Total;1 de enero de 2014;0
02 Albacete;02022 Casas de Lázaro;De 95 a 99 años;Total;1 de enero de 2013;0
02 Albacete;02022 Casas de Lázaro;De 95 a 99 años;Total;1 de enero de 2012;1
02 Albacete;02022 Casas de Lázaro;De 95 a 99 años;Total;1 de enero de 2011;2
02 Albacete;02022 Casas de Lázaro;De 95 a 99 años;Total;1 de enero de 2010;3
02 Albacete;02022 Casas de Lázaro;100 y más años;Total;1 de enero de 2022;0
02 Albacete;02022 Casas de Lázaro;100 y más años;Total;1 de enero de 2021;0
02 Albacete;02022 Casas de Lázaro;100 y más años;Total;1 de enero de 2020;0
02 Albacete;02022 Casas de Lázaro;100 y más años;Total;1 de enero de 2019;0
02 Albacete;02022 Casas de Lázaro;100 y más años;Total;1 de enero de 2018;0
02 Albacete;02022 Casas de Lázaro;100 y más años;Total;1 de enero de 2017;0
02 Albacete;02022 Casas de Lázaro;100 y más años;Total;1 de enero de 2016;0
02 Albacete;02022 Casas de Lázaro;100 y más años;Total;1 de enero de 2015;0
02 Albacete;02022 Casas de Lázaro;100 y más años;Total;1 de enero de 2014;0
02 Albacete;02022 Casas de Lázaro;100 y más años;Total;1 de enero de 2013;0
02 Albacete;02022 Casas de Lázaro;100 y más años;Total;1 de enero de 2012;0
02 Albacete;02022 Casas de Lázaro;100 y más años;Total;1 de enero de 2011;0
02 Albacete;02022 Casas de Lázaro;100 y más años;Total;1 de enero de 2010;0
02 Albacete;02023 Casas de Ves;De 0 a 4 años;Total;1 de enero de 2022;13
02 Albacete;02023 Casas de Ves;De 0 a 4 años;Total;1 de enero de 2021;11
02 Albacete;02023 Casas de Ves;De 0 a 4 años;Total;1 de enero de 2020;11
02 Albacete;02023 Casas de Ves;De 0 a 4 años;Total;1 de enero de 2019;7
02 Albacete;02023 Casas de Ves;De 0 a 4 años;Total;1 de enero de 2018;7
02 Albacete;02023 Casas de Ves;De 0 a 4 años;Total;1 de enero de 2017;8
02 Albacete;02023 Casas de Ves;De 0 a 4 años;Total;1 de enero de 2016;10
02 Albacete;02023 Casas de Ves;De 0 a 4 años;Total;1 de enero de 2015;9
02 Albacete;02023 Casas de Ves;De 0 a 4 años;Total;1 de enero de 2014;12
02 Albacete;02023 Casas de Ves;De 0 a 4 años;Total;1 de enero de 2013;9
02 Albacete;02023 Casas de Ves;De 0 a 4 años;Total;1 de enero de 2012;8
02 Albacete;02023 Casas de Ves;De 0 a 4 años;Total;1 de enero de 2011;12
02 Albacete;02023 Casas de Ves;De 0 a 4 años;Total;1 de enero de 2010;18
02 Albacete;02023 Casas de Ves;De 5 a 9 años;Total;1 de enero de 2022;6
02 Albacete;02023 Casas de Ves;De 5 a 9 años;Total;1 de enero de 2021;2
02 Albacete;02023 Casas de Ves;De 5 a 9 años;Total;1 de enero de 2020;2
02 Albacete;02023 Casas de Ves;De 5 a 9 años;Total;1 de enero de 2019;3
02 Albacete;02023 Casas de Ves;De 5 a 9 años;Total;1 de enero de 2018;4
02 Albacete;02023 Casas de Ves;De 5 a 9 años;Total;1 de enero de 2017;9
02 Albacete;02023 Casas de Ves;De 5 a 9 años;Total;1 de enero de 2016;10
02 Albacete;02023 Casas de Ves;De 5 a 9 años;Total;1 de enero de 2015;16
02 Albacete;02023 Casas de Ves;De 5 a 9 años;Total;1 de enero de 2014;18
02 Albacete;02023 Casas de Ves;De 5 a 9 años;Total;1 de enero de 2013;20
02 Albacete;02023 Casas de Ves;De 5 a 9 años;Total;1 de enero de 2012;23
02 Albacete;02023 Casas de Ves;De 5 a 9 años;Total;1 de enero de 2011;23
02 Albacete;02023 Casas de Ves;De 5 a 9 años;Total;1 de enero de 2010;21
02 Albacete;02023 Casas de Ves;De 10 a 14 años;Total;1 de enero de 2022;6
02 Albacete;02023 Casas de Ves;De 10 a 14 años;Total;1 de enero de 2021;6
02 Albacete;02023 Casas de Ves;De 10 a 14 años;Total;1 de enero de 2020;12
02 Albacete;02023 Casas de Ves;De 10 a 14 años;Total;1 de enero de 2019;13
02 Albacete;02023 Casas de Ves;De 10 a 14 años;Total;1 de enero de 2018;18
02 Albacete;02023 Casas de Ves;De 10 a 14 años;Total;1 de enero de 2017;24
02 Albacete;02023 Casas de Ves;De 10 a 14 años;Total;1 de enero de 2016;28
02 Albacete;02023 Casas de Ves;De 10 a 14 años;Total;1 de enero de 2015;23
02 Albacete;02023 Casas de Ves;De 10 a 14 años;Total;1 de enero de 2014;28
02 Albacete;02023 Casas de Ves;De 10 a 14 años;Total;1 de enero de 2013;25
02 Albacete;02023 Casas de Ves;De 10 a 14 años;Total;1 de enero de 2012;27
02 Albacete;02023 Casas de Ves;De 10 a 14 años;Total;1 de enero de 2011;28
02 Albacete;02023 Casas de Ves;De 10 a 14 años;Total;1 de enero de 2010;33
02 Albacete;02023 Casas de Ves;De 65 a 69 años;Total;1 de enero de 2022;46
02 Albacete;02023 Casas de Ves;De 65 a 69 años;Total;1 de enero de 2021;38
02 Albacete;02023 Casas de Ves;De 65 a 69 años;Total;1 de enero de 2020;35
02 Albacete;02023 Casas de Ves;De 65 a 69 años;Total;1 de enero de 2019;35
02 Albacete;02023 Casas de Ves;De 65 a 69 años;Total;1 de enero de 2018;38
02 Albacete;02023 Casas de Ves;De 65 a 69 años;Total;1 de enero de 2017;37
02 Albacete;02023 Casas de Ves;De 65 a 69 años;Total;1 de enero de 2016;38
02 Albacete;02023 Casas de Ves;De 65 a 69 años;Total;1 de enero de 2015;41
02 Albacete;02023 Casas de Ves;De 65 a 69 años;Total;1 de enero de 2014;41
02 Albacete;02023 Casas de Ves;De 65 a 69 años;Total;1 de enero de 2013;42
02 Albacete;02023 Casas de Ves;De 65 a 69 años;Total;1 de enero de 2012;44
02 Albacete;02023 Casas de Ves;De 65 a 69 años;Total;1 de enero de 2011;49
02 Albacete;02023 Casas de Ves;De 65 a 69 años;Total;1 de enero de 2010;63
02 Albacete;02023 Casas de Ves;De 70 a 74 años;Total;1 de enero de 2022;39
02 Albacete;02023 Casas de Ves;De 70 a 74 años;Total;1 de enero de 2021;37
02 Albacete;02023 Casas de Ves;De 70 a 74 años;Total;1 de enero de 2020;39
02 Albacete;02023 Casas de Ves;De 70 a 74 años;Total;1 de enero de 2019;40
02 Albacete;02023 Casas de Ves;De 70 a 74 años;Total;1 de enero de 2018;39
02 Albacete;02023 Casas de Ves;De 70 a 74 años;Total;1 de enero de 2017;37
02 Albacete;02023 Casas de Ves;De 70 a 74 años;Total;1 de enero de 2016;43
02 Albacete;02023 Casas de Ves;De 70 a 74 años;Total;1 de enero de 2015;52
02 Albacete;02023 Casas de Ves;De 70 a 74 años;Total;1 de enero de 2014;50
02 Albacete;02023 Casas de Ves;De 70 a 74 años;Total;1 de enero de 2013;45
02 Albacete;02023 Casas de Ves;De 70 a 74 años;Total;1 de enero de 2012;49
02 Albacete;02023 Casas de Ves;De 70 a 74 años;Total;1 de enero de 2011;51
02 Albacete;02023 Casas de Ves;De 70 a 74 años;Total;1 de enero de 2010;41
02 Albacete;02023 Casas de Ves;De 75 a 79 años;Total;1 de enero de 2022;32
02 Albacete;02023 Casas de Ves;De 75 a 79 años;Total;1 de enero de 2021;36
02 Albacete;02023 Casas de Ves;De 75 a 79 años;Total;1 de enero de 2020;44
02 Albacete;02023 Casas de Ves;De 75 a 79 años;Total;1 de enero de 2019;42
02 Albacete;02023 Casas de Ves;De 75 a 79 años;Total;1 de enero de 2018;38
02 Albacete;02023 Casas de Ves;De 75 a 79 años;Total;1 de enero de 2017;39
02 Albacete;02023 Casas de Ves;De 75 a 79 años;Total;1 de enero de 2016;43
02 Albacete;02023 Casas de Ves;De 75 a 79 años;Total;1 de enero de 2015;36
02 Albacete;02023 Casas de Ves;De 75 a 79 años;Total;1 de enero de 2014;39
02 Albacete;02023 Casas de Ves;De 75 a 79 años;Total;1 de enero de 2013;51
02 Albacete;02023 Casas de Ves;De 75 a 79 años;Total;1 de enero de 2012;53
02 Albacete;02023 Casas de Ves;De 75 a 79 años;Total;1 de enero de 2011;58
02 Albacete;02023 Casas de Ves;De 75 a 79 años;Total;1 de enero de 2010;57
02 Albacete;02023 Casas de Ves;De 80 a 84 años;Total;1 de enero de 2022;35
02 Albacete;02023 Casas de Ves;De 80 a 84 años;Total;1 de enero de 2021;40
02 Albacete;02023 Casas de Ves;De 80 a 84 años;Total;1 de enero de 2020;33
02 Albacete;02023 Casas de Ves;De 80 a 84 años;Total;1 de enero de 2019;33
02 Albacete;02023 Casas de Ves;De 80 a 84 años;Total;1 de enero de 2018;39
02 Albacete;02023 Casas de Ves;De 80 a 84 años;Total;1 de enero de 2017;43
02 Albacete;02023 Casas de Ves;De 80 a 84 años;Total;1 de enero de 2016;46
02 Albacete;02023 Casas de Ves;De 80 a 84 años;Total;1 de enero de 2015;48
02 Albacete;02023 Casas de Ves;De 80 a 84 años;Total;1 de enero de 2014;60
02 Albacete;02023 Casas de Ves;De 80 a 84 años;Total;1 de enero de 2013;54
02 Albacete;02023 Casas de Ves;De 80 a 84 años;Total;1 de enero de 2012;56
02 Albacete;02023 Casas de Ves;De 80 a 84 años;Total;1 de enero de 2011;53
02 Albacete;02023 Casas de Ves;De 80 a 84 años;Total;1 de enero de 2010;59
02 Albacete;02023 Casas de Ves;De 85 a 89 años;Total;1 de enero de 2022;27
02 Albacete;02023 Casas de Ves;De 85 a 89 años;Total;1 de enero de 2021;29
02 Albacete;02023 Casas de Ves;De 85 a 89 años;Total;1 de enero de 2020;29
02 Albacete;02023 Casas de Ves;De 85 a 89 años;Total;1 de enero de 2019;34
02 Albacete;02023 Casas de Ves;De 85 a 89 años;Total;1 de enero de 2018;35
02 Albacete;02023 Casas de Ves;De 85 a 89 años;Total;1 de enero de 2017;41
02 Albacete;02023 Casas de Ves;De 85 a 89 años;Total;1 de enero de 2016;34
02 Albacete;02023 Casas de Ves;De 85 a 89 años;Total;1 de enero de 2015;38
02 Albacete;02023 Casas de Ves;De 85 a 89 años;Total;1 de enero de 2014;33
02 Albacete;02023 Casas de Ves;De 85 a 89 años;Total;1 de enero de 2013;36
02 Albacete;02023 Casas de Ves;De 85 a 89 años;Total;1 de enero de 2012;41
02 Albacete;02023 Casas de Ves;De 85 a 89 años;Total;1 de enero de 2011;44
02 Albacete;02023 Casas de Ves;De 85 a 89 años;Total;1 de enero de 2010;43
02 Albacete;02023 Casas de Ves;De 90 a 94 años;Total;1 de enero de 2022;15
02 Albacete;02023 Casas de Ves;De 90 a 94 años;Total;1 de enero de 2021;19
02 Albacete;02023 Casas de Ves;De 90 a 94 años;Total;1 de enero de 2020;16
02 Albacete;02023 Casas de Ves;De 90 a 94 años;Total;1 de enero de 2019;18
02 Albacete;02023 Casas de Ves;De 90 a 94 años;Total;1 de enero de 2018;18
02 Albacete;02023 Casas de Ves;De 90 a 94 años;Total;1 de enero de 2017;15
02 Albacete;02023 Casas de Ves;De 90 a 94 años;Total;1 de enero de 2016;19
02 Albacete;02023 Casas de Ves;De 90 a 94 años;Total;1 de enero de 2015;19
02 Albacete;02023 Casas de Ves;De 90 a 94 años;Total;1 de enero de 2014;17
02 Albacete;02023 Casas de Ves;De 90 a 94 años;Total;1 de enero de 2013;17
02 Albacete;02023 Casas de Ves;De 90 a 94 años;Total;1 de enero de 2012;16
02 Albacete;02023 Casas de Ves;De 90 a 94 años;Total;1 de enero de 2011;13
02 Albacete;02023 Casas de Ves;De 90 a 94 años;Total;1 de enero de 2010;14
02 Albacete;02023 Casas de Ves;De 95 a 99 años;Total;1 de enero de 2022;4
02 Albacete;02023 Casas de Ves;De 95 a 99 años;Total;1 de enero de 2021;5
02 Albacete;02023 Casas de Ves;De 95 a 99 años;Total;1 de enero de 2020;7
02 Albacete;02023 Casas de Ves;De 95 a 99 años;Total;1 de enero de 2019;3
02 Albacete;02023 Casas de Ves;De 95 a 99 años;Total;1 de enero de 2018;1
02 Albacete;02023 Casas de Ves;De 95 a 99 años;Total;1 de enero de 2017;3
02 Albacete;02023 Casas de Ves;De 95 a 99 años;Total;1 de enero de 2016;4
02 Albacete;02023 Casas de Ves;De 95 a 99 años;Total;1 de enero de 2015;3
02 Albacete;02023 Casas de Ves;De 95 a 99 años;Total;1 de enero de 2014;3
02 Albacete;02023 Casas de Ves;De 95 a 99 años;Total;1 de enero de 2013;4
02 Albacete;02023 Casas de Ves;De 95 a 99 años;Total;1 de enero de 2012;4
02 Albacete;02023 Casas de Ves;De 95 a 99 años;Total;1 de enero de 2011;3
02 Albacete;02023 Casas de Ves;De 95 a 99 años;Total;1 de enero de 2010;4
02 Albacete;02023 Casas de Ves;100 y más años;Total;1 de enero de 2022;1
02 Albacete;02023 Casas de Ves;100 y más años;Total;1 de enero de 2021;0
02 Albacete;02023 Casas de Ves;100 y más años;Total;1 de enero de 2020;1
02 Albacete;02023 Casas de Ves;100 y más años;Total;1 de enero de 2019;1
02 Albacete;02023 Casas de Ves;100 y más años;Total;1 de enero de 2018;3
02 Albacete;02023 Casas de Ves;100 y más años;Total;1 de enero de 2017;3
02 Albacete;02023 Casas de Ves;100 y más años;Total;1 de enero de 2016;1
02 Albacete;02023 Casas de Ves;100 y más años;Total;1 de enero de 2015;1
02 Albacete;02023 Casas de Ves;100 y más años;Total;1 de enero de 2014;1
02 Albacete;02023 Casas de Ves;100 y más años;Total;1 de enero de 2013;1
02 Albacete;02023 Casas de Ves;100 y más años;Total;1 de enero de 2012;1
02 Albacete;02023 Casas de Ves;100 y más años;Total;1 de enero de 2011;1
02 Albacete;02023 Casas de Ves;100 y más años;Total;1 de enero de 2010;0
02 Albacete;02024 Casas-Ibáñez;De 0 a 4 años;Total;1 de enero de 2022;135
02 Albacete;02024 Casas-Ibáñez;De 0 a 4 años;Total;1 de enero de 2021;165
02 Albacete;02024 Casas-Ibáñez;De 0 a 4 años;Total;1 de enero de 2020;174
02 Albacete;02024 Casas-Ibáñez;De 0 a 4 años;Total;1 de enero de 2019;193
02 Albacete;02024 Casas-Ibáñez;De 0 a 4 años;Total;1 de enero de 2018;189
02 Albacete;02024 Casas-Ibáñez;De 0 a 4 años;Total;1 de enero de 2017;196
02 Albacete;02024 Casas-Ibáñez;De 0 a 4 años;Total;1 de enero de 2016;187
02 Albacete;02024 Casas-Ibáñez;De 0 a 4 años;Total;1 de enero de 2015;207
02 Albacete;02024 Casas-Ibáñez;De 0 a 4 años;Total;1 de enero de 2014;207
02 Albacete;02024 Casas-Ibáñez;De 0 a 4 años;Total;1 de enero de 2013;218
02 Albacete;02024 Casas-Ibáñez;De 0 a 4 años;Total;1 de enero de 2012;220
02 Albacete;02024 Casas-Ibáñez;De 0 a 4 años;Total;1 de enero de 2011;230
02 Albacete;02024 Casas-Ibáñez;De 0 a 4 años;Total;1 de enero de 2010;220
02 Albacete;02024 Casas-Ibáñez;De 5 a 9 años;Total;1 de enero de 2022;217
02 Albacete;02024 Casas-Ibáñez;De 5 a 9 años;Total;1 de enero de 2021;219
02 Albacete;02024 Casas-Ibáñez;De 5 a 9 años;Total;1 de enero de 2020;224
02 Albacete;02024 Casas-Ibáñez;De 5 a 9 años;Total;1 de enero de 2019;207
02 Albacete;02024 Casas-Ibáñez;De 5 a 9 años;Total;1 de enero de 2018;214
02 Albacete;02024 Casas-Ibáñez;De 5 a 9 años;Total;1 de enero de 2017;220
02 Albacete;02024 Casas-Ibáñez;De 5 a 9 años;Total;1 de enero de 2016;225
02 Albacete;02024 Casas-Ibáñez;De 5 a 9 años;Total;1 de enero de 2015;231
02 Albacete;02024 Casas-Ibáñez;De 5 a 9 años;Total;1 de enero de 2014;236
02 Albacete;02024 Casas-Ibáñez;De 5 a 9 años;Total;1 de enero de 2013;247
02 Albacete;02024 Casas-Ibáñez;De 5 a 9 años;Total;1 de enero de 2012;239
02 Albacete;02024 Casas-Ibáñez;De 5 a 9 años;Total;1 de enero de 2011;235
02 Albacete;02024 Casas-Ibáñez;De 5 a 9 años;Total;1 de enero de 2010;233
02 Albacete;02024 Casas-Ibáñez;De 10 a 14 años;Total;1 de enero de 2022;230
02 Albacete;02024 Casas-Ibáñez;De 10 a 14 años;Total;1 de enero de 2021;235
02 Albacete;02024 Casas-Ibáñez;De 10 a 14 años;Total;1 de enero de 2020;233
02 Albacete;02024 Casas-Ibáñez;De 10 a 14 años;Total;1 de enero de 2019;231
02 Albacete;02024 Casas-Ibáñez;De 10 a 14 años;Total;1 de enero de 2018;228
02 Albacete;02024 Casas-Ibáñez;De 10 a 14 años;Total;1 de enero de 2017;224
02 Albacete;02024 Casas-Ibáñez;De 10 a 14 años;Total;1 de enero de 2016;227
02 Albacete;02024 Casas-Ibáñez;De 10 a 14 años;Total;1 de enero de 2015;223
02 Albacete;02024 Casas-Ibáñez;De 10 a 14 años;Total;1 de enero de 2014;229
02 Albacete;02024 Casas-Ibáñez;De 10 a 14 años;Total;1 de enero de 2013;230
02 Albacete;02024 Casas-Ibáñez;De 10 a 14 años;Total;1 de enero de 2012;247
02 Albacete;02024 Casas-Ibáñez;De 10 a 14 años;Total;1 de enero de 2011;243
02 Albacete;02024 Casas-Ibáñez;De 10 a 14 años;Total;1 de enero de 2010;241
02 Albacete;02024 Casas-Ibáñez;De 65 a 69 años;Total;1 de enero de 2022;234
02 Albacete;02024 Casas-Ibáñez;De 65 a 69 años;Total;1 de enero de 2021;235
02 Albacete;02024 Casas-Ibáñez;De 65 a 69 años;Total;1 de enero de 2020;222
02 Albacete;02024 Casas-Ibáñez;De 65 a 69 años;Total;1 de enero de 2019;239
02 Albacete;02024 Casas-Ibáñez;De 65 a 69 años;Total;1 de enero de 2018;237
02 Albacete;02024 Casas-Ibáñez;De 65 a 69 años;Total;1 de enero de 2017;224
02 Albacete;02024 Casas-Ibáñez;De 65 a 69 años;Total;1 de enero de 2016;216
02 Albacete;02024 Casas-Ibáñez;De 65 a 69 años;Total;1 de enero de 2015;213
02 Albacete;02024 Casas-Ibáñez;De 65 a 69 años;Total;1 de enero de 2014;208
02 Albacete;02024 Casas-Ibáñez;De 65 a 69 años;Total;1 de enero de 2013;196
02 Albacete;02024 Casas-Ibáñez;De 65 a 69 años;Total;1 de enero de 2012;200
02 Albacete;02024 Casas-Ibáñez;De 65 a 69 años;Total;1 de enero de 2011;194
02 Albacete;02024 Casas-Ibáñez;De 65 a 69 años;Total;1 de enero de 2010;226
02 Albacete;02024 Casas-Ibáñez;De 70 a 74 años;Total;1 de enero de 2022;211
02 Albacete;02024 Casas-Ibáñez;De 70 a 74 años;Total;1 de enero de 2021;202
02 Albacete;02024 Casas-Ibáñez;De 70 a 74 años;Total;1 de enero de 2020;197
02 Albacete;02024 Casas-Ibáñez;De 70 a 74 años;Total;1 de enero de 2019;196
02 Albacete;02024 Casas-Ibáñez;De 70 a 74 años;Total;1 de enero de 2018;183
02 Albacete;02024 Casas-Ibáñez;De 70 a 74 años;Total;1 de enero de 2017;188
02 Albacete;02024 Casas-Ibáñez;De 70 a 74 años;Total;1 de enero de 2016;185
02 Albacete;02024 Casas-Ibáñez;De 70 a 74 años;Total;1 de enero de 2015;205
02 Albacete;02024 Casas-Ibáñez;De 70 a 74 años;Total;1 de enero de 2014;168
02 Albacete;02024 Casas-Ibáñez;De 70 a 74 años;Total;1 de enero de 2013;162
02 Albacete;02024 Casas-Ibáñez;De 70 a 74 años;Total;1 de enero de 2012;178
02 Albacete;02024 Casas-Ibáñez;De 70 a 74 años;Total;1 de enero de 2011;191
02 Albacete;02024 Casas-Ibáñez;De 70 a 74 años;Total;1 de enero de 2010;170
02 Albacete;02024 Casas-Ibáñez;De 75 a 79 años;Total;1 de enero de 2022;169
02 Albacete;02024 Casas-Ibáñez;De 75 a 79 años;Total;1 de enero de 2021;164
02 Albacete;02024 Casas-Ibáñez;De 75 a 79 años;Total;1 de enero de 2020;181
02 Albacete;02024 Casas-Ibáñez;De 75 a 79 años;Total;1 de enero de 2019;148
02 Albacete;02024 Casas-Ibáñez;De 75 a 79 años;Total;1 de enero de 2018;145
02 Albacete;02024 Casas-Ibáñez;De 75 a 79 años;Total;1 de enero de 2017;151
02 Albacete;02024 Casas-Ibáñez;De 75 a 79 años;Total;1 de enero de 2016;165
02 Albacete;02024 Casas-Ibáñez;De 75 a 79 años;Total;1 de enero de 2015;146
02 Albacete;02024 Casas-Ibáñez;De 75 a 79 años;Total;1 de enero de 2014;176
02 Albacete;02024 Casas-Ibáñez;De 75 a 79 años;Total;1 de enero de 2013;187
02 Albacete;02024 Casas-Ibáñez;De 75 a 79 años;Total;1 de enero de 2012;193
02 Albacete;02024 Casas-Ibáñez;De 75 a 79 años;Total;1 de enero de 2011;199
02 Albacete;02024 Casas-Ibáñez;De 75 a 79 años;Total;1 de enero de 2010;210
02 Albacete;02024 Casas-Ibáñez;De 80 a 84 años;Total;1 de enero de 2022;124
02 Albacete;02024 Casas-Ibáñez;De 80 a 84 años;Total;1 de enero de 2021;129
02 Albacete;02024 Casas-Ibáñez;De 80 a 84 años;Total;1 de enero de 2020;117
02 Albacete;02024 Casas-Ibáñez;De 80 a 84 años;Total;1 de enero de 2019;151
02 Albacete;02024 Casas-Ibáñez;De 80 a 84 años;Total;1 de enero de 2018;162
02 Albacete;02024 Casas-Ibáñez;De 80 a 84 años;Total;1 de enero de 2017;165
02 Albacete;02024 Casas-Ibáñez;De 80 a 84 años;Total;1 de enero de 2016;165
02 Albacete;02024 Casas-Ibáñez;De 80 a 84 años;Total;1 de enero de 2015;178
02 Albacete;02024 Casas-Ibáñez;De 80 a 84 años;Total;1 de enero de 2014;174
02 Albacete;02024 Casas-Ibáñez;De 80 a 84 años;Total;1 de enero de 2013;169
02 Albacete;02024 Casas-Ibáñez;De 80 a 84 años;Total;1 de enero de 2012;175
02 Albacete;02024 Casas-Ibáñez;De 80 a 84 años;Total;1 de enero de 2011;167
02 Albacete;02024 Casas-Ibáñez;De 80 a 84 años;Total;1 de enero de 2010;162
02 Albacete;02024 Casas-Ibáñez;De 85 a 89 años;Total;1 de enero de 2022;121
02 Albacete;02024 Casas-Ibáñez;De 85 a 89 años;Total;1 de enero de 2021;104
02 Albacete;02024 Casas-Ibáñez;De 85 a 89 años;Total;1 de enero de 2020;123
02 Albacete;02024 Casas-Ibáñez;De 85 a 89 años;Total;1 de enero de 2019;115
02 Albacete;02024 Casas-Ibáñez;De 85 a 89 años;Total;1 de enero de 2018;114
02 Albacete;02024 Casas-Ibáñez;De 85 a 89 años;Total;1 de enero de 2017;123
02 Albacete;02024 Casas-Ibáñez;De 85 a 89 años;Total;1 de enero de 2016;121
02 Albacete;02024 Casas-Ibáñez;De 85 a 89 años;Total;1 de enero de 2015;115
02 Albacete;02024 Casas-Ibáñez;De 85 a 89 años;Total;1 de enero de 2014;106
02 Albacete;02024 Casas-Ibáñez;De 85 a 89 años;Total;1 de enero de 2013;118
02 Albacete;02024 Casas-Ibáñez;De 85 a 89 años;Total;1 de enero de 2012;114
02 Albacete;02024 Casas-Ibáñez;De 85 a 89 años;Total;1 de enero de 2011;109
02 Albacete;02024 Casas-Ibáñez;De 85 a 89 años;Total;1 de enero de 2010;97
02 Albacete;02024 Casas-Ibáñez;De 90 a 94 años;Total;1 de enero de 2022;50
02 Albacete;02024 Casas-Ibáñez;De 90 a 94 años;Total;1 de enero de 2021;50
02 Albacete;02024 Casas-Ibáñez;De 90 a 94 años;Total;1 de enero de 2020;51
02 Albacete;02024 Casas-Ibáñez;De 90 a 94 años;Total;1 de enero de 2019;53
02 Albacete;02024 Casas-Ibáñez;De 90 a 94 años;Total;1 de enero de 2018;63
02 Albacete;02024 Casas-Ibáñez;De 90 a 94 años;Total;1 de enero de 2017;55
02 Albacete;02024 Casas-Ibáñez;De 90 a 94 años;Total;1 de enero de 2016;55
02 Albacete;02024 Casas-Ibáñez;De 90 a 94 años;Total;1 de enero de 2015;47
02 Albacete;02024 Casas-Ibáñez;De 90 a 94 años;Total;1 de enero de 2014;43
02 Albacete;02024 Casas-Ibáñez;De 90 a 94 años;Total;1 de enero de 2013;39
02 Albacete;02024 Casas-Ibáñez;De 90 a 94 años;Total;1 de enero de 2012;37
02 Albacete;02024 Casas-Ibáñez;De 90 a 94 años;Total;1 de enero de 2011;32
02 Albacete;02024 Casas-Ibáñez;De 90 a 94 años;Total;1 de enero de 2010;28
02 Albacete;02024 Casas-Ibáñez;De 95 a 99 años;Total;1 de enero de 2022;13
02 Albacete;02024 Casas-Ibáñez;De 95 a 99 años;Total;1 de enero de 2021;12
02 Albacete;02024 Casas-Ibáñez;De 95 a 99 años;Total;1 de enero de 2020;19
02 Albacete;02024 Casas-Ibáñez;De 95 a 99 años;Total;1 de enero de 2019;18
02 Albacete;02024 Casas-Ibáñez;De 95 a 99 años;Total;1 de enero de 2018;13
02 Albacete;02024 Casas-Ibáñez;De 95 a 99 años;Total;1 de enero de 2017;12
02 Albacete;02024 Casas-Ibáñez;De 95 a 99 años;Total;1 de enero de 2016;8
02 Albacete;02024 Casas-Ibáñez;De 95 a 99 años;Total;1 de enero de 2015;6
02 Albacete;02024 Casas-Ibáñez;De 95 a 99 años;Total;1 de enero de 2014;7
02 Albacete;02024 Casas-Ibáñez;De 95 a 99 años;Total;1 de enero de 2013;4
02 Albacete;02024 Casas-Ibáñez;De 95 a 99 años;Total;1 de enero de 2012;5
02 Albacete;02024 Casas-Ibáñez;De 95 a 99 años;Total;1 de enero de 2011;4
02 Albacete;02024 Casas-Ibáñez;De 95 a 99 años;Total;1 de enero de 2010;3
02 Albacete;02024 Casas-Ibáñez;100 y más años;Total;1 de enero de 2022;3
02 Albacete;02024 Casas-Ibáñez;100 y más años;Total;1 de enero de 2021;1
02 Albacete;02024 Casas-Ibáñez;100 y más años;Total;1 de enero de 2020;0
02 Albacete;02024 Casas-Ibáñez;100 y más años;Total;1 de enero de 2019;1
02 Albacete;02024 Casas-Ibáñez;100 y más años;Total;1 de enero de 2018;2
02 Albacete;02024 Casas-Ibáñez;100 y más años;Total;1 de enero de 2017;2
02 Albacete;02024 Casas-Ibáñez;100 y más años;Total;1 de enero de 2016;0
02 Albacete;02024 Casas-Ibáñez;100 y más años;Total;1 de enero de 2015;0
02 Albacete;02024 Casas-Ibáñez;100 y más años;Total;1 de enero de 2014;0
02 Albacete;02024 Casas-Ibáñez;100 y más años;Total;1 de enero de 2013;0
02 Albacete;02024 Casas-Ibáñez;100 y más años;Total;1 de enero de 2012;0
02 Albacete;02024 Casas-Ibáñez;100 y más años;Total;1 de enero de 2011;0
02 Albacete;02024 Casas-Ibáñez;100 y más años;Total;1 de enero de 2010;1
02 Albacete;02025 Caudete;De 0 a 4 años;Total;1 de enero de 2022;460
02 Albacete;02025 Caudete;De 0 a 4 años;Total;1 de enero de 2021;474
02 Albacete;02025 Caudete;De 0 a 4 años;Total;1 de enero de 2020;498
02 Albacete;02025 Caudete;De 0 a 4 años;Total;1 de enero de 2019;494
02 Albacete;02025 Caudete;De 0 a 4 años;Total;1 de enero de 2018;518
02 Albacete;02025 Caudete;De 0 a 4 años;Total;1 de enero de 2017;523
02 Albacete;02025 Caudete;De 0 a 4 años;Total;1 de enero de 2016;537
02 Albacete;02025 Caudete;De 0 a 4 años;Total;1 de enero de 2015;507
02 Albacete;02025 Caudete;De 0 a 4 años;Total;1 de enero de 2014;524
02 Albacete;02025 Caudete;De 0 a 4 años;Total;1 de enero de 2013;514
02 Albacete;02025 Caudete;De 0 a 4 años;Total;1 de enero de 2012;537
02 Albacete;02025 Caudete;De 0 a 4 años;Total;1 de enero de 2011;535
02 Albacete;02025 Caudete;De 0 a 4 años;Total;1 de enero de 2010;539
02 Albacete;02025 Caudete;De 5 a 9 años;Total;1 de enero de 2022;562
02 Albacete;02025 Caudete;De 5 a 9 años;Total;1 de enero de 2021;555
02 Albacete;02025 Caudete;De 5 a 9 años;Total;1 de enero de 2020;532
02 Albacete;02025 Caudete;De 5 a 9 años;Total;1 de enero de 2019;538
02 Albacete;02025 Caudete;De 5 a 9 años;Total;1 de enero de 2018;516
02 Albacete;02025 Caudete;De 5 a 9 años;Total;1 de enero de 2017;514
02 Albacete;02025 Caudete;De 5 a 9 años;Total;1 de enero de 2016;515
02 Albacete;02025 Caudete;De 5 a 9 años;Total;1 de enero de 2015;524
02 Albacete;02025 Caudete;De 5 a 9 años;Total;1 de enero de 2014;532
02 Albacete;02025 Caudete;De 5 a 9 años;Total;1 de enero de 2013;555
02 Albacete;02025 Caudete;De 5 a 9 años;Total;1 de enero de 2012;574
02 Albacete;02025 Caudete;De 5 a 9 años;Total;1 de enero de 2011;562
02 Albacete;02025 Caudete;De 5 a 9 años;Total;1 de enero de 2010;561
02 Albacete;02025 Caudete;De 10 a 14 años;Total;1 de enero de 2022;540
02 Albacete;02025 Caudete;De 10 a 14 años;Total;1 de enero de 2021;524
02 Albacete;02025 Caudete;De 10 a 14 años;Total;1 de enero de 2020;515
02 Albacete;02025 Caudete;De 10 a 14 años;Total;1 de enero de 2019;514
02 Albacete;02025 Caudete;De 10 a 14 años;Total;1 de enero de 2018;531
02 Albacete;02025 Caudete;De 10 a 14 años;Total;1 de enero de 2017;542
02 Albacete;02025 Caudete;De 10 a 14 años;Total;1 de enero de 2016;532
02 Albacete;02025 Caudete;De 10 a 14 años;Total;1 de enero de 2015;530
02 Albacete;02025 Caudete;De 10 a 14 años;Total;1 de enero de 2014;547
02 Albacete;02025 Caudete;De 10 a 14 años;Total;1 de enero de 2013;535
02 Albacete;02025 Caudete;De 10 a 14 años;Total;1 de enero de 2012;566
02 Albacete;02025 Caudete;De 10 a 14 años;Total;1 de enero de 2011;576
02 Albacete;02025 Caudete;De 10 a 14 años;Total;1 de enero de 2010;578
02 Albacete;02025 Caudete;De 65 a 69 años;Total;1 de enero de 2022;519
02 Albacete;02025 Caudete;De 65 a 69 años;Total;1 de enero de 2021;504
02 Albacete;02025 Caudete;De 65 a 69 años;Total;1 de enero de 2020;487
02 Albacete;02025 Caudete;De 65 a 69 años;Total;1 de enero de 2019;458
02 Albacete;02025 Caudete;De 65 a 69 años;Total;1 de enero de 2018;447
02 Albacete;02025 Caudete;De 65 a 69 años;Total;1 de enero de 2017;451
02 Albacete;02025 Caudete;De 65 a 69 años;Total;1 de enero de 2016;449
02 Albacete;02025 Caudete;De 65 a 69 años;Total;1 de enero de 2015;443
02 Albacete;02025 Caudete;De 65 a 69 años;Total;1 de enero de 2014;448
02 Albacete;02025 Caudete;De 65 a 69 años;Total;1 de enero de 2013;445
02 Albacete;02025 Caudete;De 65 a 69 años;Total;1 de enero de 2012;434
02 Albacete;02025 Caudete;De 65 a 69 años;Total;1 de enero de 2011;417
02 Albacete;02025 Caudete;De 65 a 69 años;Total;1 de enero de 2010;420
02 Albacete;02025 Caudete;De 70 a 74 años;Total;1 de enero de 2022;434
02 Albacete;02025 Caudete;De 70 a 74 años;Total;1 de enero de 2021;422
02 Albacete;02025 Caudete;De 70 a 74 años;Total;1 de enero de 2020;422
02 Albacete;02025 Caudete;De 70 a 74 años;Total;1 de enero de 2019;423
02 Albacete;02025 Caudete;De 70 a 74 años;Total;1 de enero de 2018;424
02 Albacete;02025 Caudete;De 70 a 74 años;Total;1 de enero de 2017;407
02 Albacete;02025 Caudete;De 70 a 74 años;Total;1 de enero de 2016;401
02 Albacete;02025 Caudete;De 70 a 74 años;Total;1 de enero de 2015;399
02 Albacete;02025 Caudete;De 70 a 74 años;Total;1 de enero de 2014;367
02 Albacete;02025 Caudete;De 70 a 74 años;Total;1 de enero de 2013;338
02 Albacete;02025 Caudete;De 70 a 74 años;Total;1 de enero de 2012;363
02 Albacete;02025 Caudete;De 70 a 74 años;Total;1 de enero de 2011;357
02 Albacete;02025 Caudete;De 70 a 74 años;Total;1 de enero de 2010;364
02 Albacete;02025 Caudete;De 75 a 79 años;Total;1 de enero de 2022;392
02 Albacete;02025 Caudete;De 75 a 79 años;Total;1 de enero de 2021;380
02 Albacete;02025 Caudete;De 75 a 79 años;Total;1 de enero de 2020;369
02 Albacete;02025 Caudete;De 75 a 79 años;Total;1 de enero de 2019;336
02 Albacete;02025 Caudete;De 75 a 79 años;Total;1 de enero de 2018;311
02 Albacete;02025 Caudete;De 75 a 79 años;Total;1 de enero de 2017;321
02 Albacete;02025 Caudete;De 75 a 79 años;Total;1 de enero de 2016;309
02 Albacete;02025 Caudete;De 75 a 79 años;Total;1 de enero de 2015;317
02 Albacete;02025 Caudete;De 75 a 79 años;Total;1 de enero de 2014;361
02 Albacete;02025 Caudete;De 75 a 79 años;Total;1 de enero de 2013;355
02 Albacete;02025 Caudete;De 75 a 79 años;Total;1 de enero de 2012;360
02 Albacete;02025 Caudete;De 75 a 79 años;Total;1 de enero de 2011;389
02 Albacete;02025 Caudete;De 75 a 79 años;Total;1 de enero de 2010;391
02 Albacete;02025 Caudete;De 80 a 84 años;Total;1 de enero de 2022;269
02 Albacete;02025 Caudete;De 80 a 84 años;Total;1 de enero de 2021;253
02 Albacete;02025 Caudete;De 80 a 84 años;Total;1 de enero de 2020;257
02 Albacete;02025 Caudete;De 80 a 84 años;Total;1 de enero de 2019;293
02 Albacete;02025 Caudete;De 80 a 84 años;Total;1 de enero de 2018;298
02 Albacete;02025 Caudete;De 80 a 84 años;Total;1 de enero de 2017;291
02 Albacete;02025 Caudete;De 80 a 84 años;Total;1 de enero de 2016;321
02 Albacete;02025 Caudete;De 80 a 84 años;Total;1 de enero de 2015;330
02 Albacete;02025 Caudete;De 80 a 84 años;Total;1 de enero de 2014;321
02 Albacete;02025 Caudete;De 80 a 84 años;Total;1 de enero de 2013;317
02 Albacete;02025 Caudete;De 80 a 84 años;Total;1 de enero de 2012;321
02 Albacete;02025 Caudete;De 80 a 84 años;Total;1 de enero de 2011;312
02 Albacete;02025 Caudete;De 80 a 84 años;Total;1 de enero de 2010;305
02 Albacete;02025 Caudete;De 85 a 89 años;Total;1 de enero de 2022;205
02 Albacete;02025 Caudete;De 85 a 89 años;Total;1 de enero de 2021;223
02 Albacete;02025 Caudete;De 85 a 89 años;Total;1 de enero de 2020;219
02 Albacete;02025 Caudete;De 85 a 89 años;Total;1 de enero de 2019;220
02 Albacete;02025 Caudete;De 85 a 89 años;Total;1 de enero de 2018;228
02 Albacete;02025 Caudete;De 85 a 89 años;Total;1 de enero de 2017;231
02 Albacete;02025 Caudete;De 85 a 89 años;Total;1 de enero de 2016;226
02 Albacete;02025 Caudete;De 85 a 89 años;Total;1 de enero de 2015;216
02 Albacete;02025 Caudete;De 85 a 89 años;Total;1 de enero de 2014;204
02 Albacete;02025 Caudete;De 85 a 89 años;Total;1 de enero de 2013;198
02 Albacete;02025 Caudete;De 85 a 89 años;Total;1 de enero de 2012;212
02 Albacete;02025 Caudete;De 85 a 89 años;Total;1 de enero de 2011;213
02 Albacete;02025 Caudete;De 85 a 89 años;Total;1 de enero de 2010;205
02 Albacete;02025 Caudete;De 90 a 94 años;Total;1 de enero de 2022;114
02 Albacete;02025 Caudete;De 90 a 94 años;Total;1 de enero de 2021;107
02 Albacete;02025 Caudete;De 90 a 94 años;Total;1 de enero de 2020;107
02 Albacete;02025 Caudete;De 90 a 94 años;Total;1 de enero de 2019;89
02 Albacete;02025 Caudete;De 90 a 94 años;Total;1 de enero de 2018;95
02 Albacete;02025 Caudete;De 90 a 94 años;Total;1 de enero de 2017;100
02 Albacete;02025 Caudete;De 90 a 94 años;Total;1 de enero de 2016;98
02 Albacete;02025 Caudete;De 90 a 94 años;Total;1 de enero de 2015;105
02 Albacete;02025 Caudete;De 90 a 94 años;Total;1 de enero de 2014;99
02 Albacete;02025 Caudete;De 90 a 94 años;Total;1 de enero de 2013;88
02 Albacete;02025 Caudete;De 90 a 94 años;Total;1 de enero de 2012;75
02 Albacete;02025 Caudete;De 90 a 94 años;Total;1 de enero de 2011;74
02 Albacete;02025 Caudete;De 90 a 94 años;Total;1 de enero de 2010;67
02 Albacete;02025 Caudete;De 95 a 99 años;Total;1 de enero de 2022;33
02 Albacete;02025 Caudete;De 95 a 99 años;Total;1 de enero de 2021;33
02 Albacete;02025 Caudete;De 95 a 99 años;Total;1 de enero de 2020;30
02 Albacete;02025 Caudete;De 95 a 99 años;Total;1 de enero de 2019;28
02 Albacete;02025 Caudete;De 95 a 99 años;Total;1 de enero de 2018;31
02 Albacete;02025 Caudete;De 95 a 99 años;Total;1 de enero de 2017;23
02 Albacete;02025 Caudete;De 95 a 99 años;Total;1 de enero de 2016;23
02 Albacete;02025 Caudete;De 95 a 99 años;Total;1 de enero de 2015;25
02 Albacete;02025 Caudete;De 95 a 99 años;Total;1 de enero de 2014;22
02 Albacete;02025 Caudete;De 95 a 99 años;Total;1 de enero de 2013;23
02 Albacete;02025 Caudete;De 95 a 99 años;Total;1 de enero de 2012;24
02 Albacete;02025 Caudete;De 95 a 99 años;Total;1 de enero de 2011;26
02 Albacete;02025 Caudete;De 95 a 99 años;Total;1 de enero de 2010;19
02 Albacete;02025 Caudete;100 y más años;Total;1 de enero de 2022;4
02 Albacete;02025 Caudete;100 y más años;Total;1 de enero de 2021;2
02 Albacete;02025 Caudete;100 y más años;Total;1 de enero de 2020;4
02 Albacete;02025 Caudete;100 y más años;Total;1 de enero de 2019;7
02 Albacete;02025 Caudete;100 y más años;Total;1 de enero de 2018;4
02 Albacete;02025 Caudete;100 y más años;Total;1 de enero de 2017;5
02 Albacete;02025 Caudete;100 y más años;Total;1 de enero de 2016;4
02 Albacete;02025 Caudete;100 y más años;Total;1 de enero de 2015;4
02 Albacete;02025 Caudete;100 y más años;Total;1 de enero de 2014;3
02 Albacete;02025 Caudete;100 y más años;Total;1 de enero de 2013;1
02 Albacete;02025 Caudete;100 y más años;Total;1 de enero de 2012;0
02 Albacete;02025 Caudete;100 y más años;Total;1 de enero de 2011;0
02 Albacete;02025 Caudete;100 y más años;Total;1 de enero de 2010;1
02 Albacete;02026 Cenizate;De 0 a 4 años;Total;1 de enero de 2022;39
02 Albacete;02026 Cenizate;De 0 a 4 años;Total;1 de enero de 2021;43
02 Albacete;02026 Cenizate;De 0 a 4 años;Total;1 de enero de 2020;48
02 Albacete;02026 Cenizate;De 0 a 4 años;Total;1 de enero de 2019;47
02 Albacete;02026 Cenizate;De 0 a 4 años;Total;1 de enero de 2018;58
02 Albacete;02026 Cenizate;De 0 a 4 años;Total;1 de enero de 2017;62
02 Albacete;02026 Cenizate;De 0 a 4 años;Total;1 de enero de 2016;59
02 Albacete;02026 Cenizate;De 0 a 4 años;Total;1 de enero de 2015;58
02 Albacete;02026 Cenizate;De 0 a 4 años;Total;1 de enero de 2014;59
02 Albacete;02026 Cenizate;De 0 a 4 años;Total;1 de enero de 2013;57
02 Albacete;02026 Cenizate;De 0 a 4 años;Total;1 de enero de 2012;52
02 Albacete;02026 Cenizate;De 0 a 4 años;Total;1 de enero de 2011;60
02 Albacete;02026 Cenizate;De 0 a 4 años;Total;1 de enero de 2010;58
02 Albacete;02026 Cenizate;De 5 a 9 años;Total;1 de enero de 2022;59
02 Albacete;02026 Cenizate;De 5 a 9 años;Total;1 de enero de 2021;59
02 Albacete;02026 Cenizate;De 5 a 9 años;Total;1 de enero de 2020;60
02 Albacete;02026 Cenizate;De 5 a 9 años;Total;1 de enero de 2019;60
02 Albacete;02026 Cenizate;De 5 a 9 años;Total;1 de enero de 2018;55
02 Albacete;02026 Cenizate;De 5 a 9 años;Total;1 de enero de 2017;53
02 Albacete;02026 Cenizate;De 5 a 9 años;Total;1 de enero de 2016;54
02 Albacete;02026 Cenizate;De 5 a 9 años;Total;1 de enero de 2015;55
02 Albacete;02026 Cenizate;De 5 a 9 años;Total;1 de enero de 2014;54
02 Albacete;02026 Cenizate;De 5 a 9 años;Total;1 de enero de 2013;60
02 Albacete;02026 Cenizate;De 5 a 9 años;Total;1 de enero de 2012;70
02 Albacete;02026 Cenizate;De 5 a 9 años;Total;1 de enero de 2011;63
02 Albacete;02026 Cenizate;De 5 a 9 años;Total;1 de enero de 2010;67
02 Albacete;02026 Cenizate;De 10 a 14 años;Total;1 de enero de 2022;56
02 Albacete;02026 Cenizate;De 10 a 14 años;Total;1 de enero de 2021;63
02 Albacete;02026 Cenizate;De 10 a 14 años;Total;1 de enero de 2020;59
02 Albacete;02026 Cenizate;De 10 a 14 años;Total;1 de enero de 2019;62
02 Albacete;02026 Cenizate;De 10 a 14 años;Total;1 de enero de 2018;58
02 Albacete;02026 Cenizate;De 10 a 14 años;Total;1 de enero de 2017;59
02 Albacete;02026 Cenizate;De 10 a 14 años;Total;1 de enero de 2016;64
02 Albacete;02026 Cenizate;De 10 a 14 años;Total;1 de enero de 2015;63
02 Albacete;02026 Cenizate;De 10 a 14 años;Total;1 de enero de 2014;56
02 Albacete;02026 Cenizate;De 10 a 14 años;Total;1 de enero de 2013;67
02 Albacete;02026 Cenizate;De 10 a 14 años;Total;1 de enero de 2012;65
02 Albacete;02026 Cenizate;De 10 a 14 años;Total;1 de enero de 2011;68
02 Albacete;02026 Cenizate;De 10 a 14 años;Total;1 de enero de 2010;75
02 Albacete;02026 Cenizate;De 65 a 69 años;Total;1 de enero de 2022;47
02 Albacete;02026 Cenizate;De 65 a 69 años;Total;1 de enero de 2021;46
02 Albacete;02026 Cenizate;De 65 a 69 años;Total;1 de enero de 2020;41
02 Albacete;02026 Cenizate;De 65 a 69 años;Total;1 de enero de 2019;45
02 Albacete;02026 Cenizate;De 65 a 69 años;Total;1 de enero de 2018;53
02 Albacete;02026 Cenizate;De 65 a 69 años;Total;1 de enero de 2017;49
02 Albacete;02026 Cenizate;De 65 a 69 años;Total;1 de enero de 2016;47
02 Albacete;02026 Cenizate;De 65 a 69 años;Total;1 de enero de 2015;49
02 Albacete;02026 Cenizate;De 65 a 69 años;Total;1 de enero de 2014;51
02 Albacete;02026 Cenizate;De 65 a 69 años;Total;1 de enero de 2013;51
02 Albacete;02026 Cenizate;De 65 a 69 años;Total;1 de enero de 2012;54
02 Albacete;02026 Cenizate;De 65 a 69 años;Total;1 de enero de 2011;61
02 Albacete;02026 Cenizate;De 65 a 69 años;Total;1 de enero de 2010;74
02 Albacete;02026 Cenizate;De 70 a 74 años;Total;1 de enero de 2022;46
02 Albacete;02026 Cenizate;De 70 a 74 años;Total;1 de enero de 2021;47
02 Albacete;02026 Cenizate;De 70 a 74 años;Total;1 de enero de 2020;51
02 Albacete;02026 Cenizate;De 70 a 74 años;Total;1 de enero de 2019;49
02 Albacete;02026 Cenizate;De 70 a 74 años;Total;1 de enero de 2018;45
02 Albacete;02026 Cenizate;De 70 a 74 años;Total;1 de enero de 2017;49
02 Albacete;02026 Cenizate;De 70 a 74 años;Total;1 de enero de 2016;59
02 Albacete;02026 Cenizate;De 70 a 74 años;Total;1 de enero de 2015;69
02 Albacete;02026 Cenizate;De 70 a 74 años;Total;1 de enero de 2014;59
02 Albacete;02026 Cenizate;De 70 a 74 años;Total;1 de enero de 2013;54
02 Albacete;02026 Cenizate;De 70 a 74 años;Total;1 de enero de 2012;57
02 Albacete;02026 Cenizate;De 70 a 74 años;Total;1 de enero de 2011;57
02 Albacete;02026 Cenizate;De 70 a 74 años;Total;1 de enero de 2010;48
02 Albacete;02026 Cenizate;De 75 a 79 años;Total;1 de enero de 2022;44
02 Albacete;02026 Cenizate;De 75 a 79 años;Total;1 de enero de 2021;52
02 Albacete;02026 Cenizate;De 75 a 79 años;Total;1 de enero de 2020;61
02 Albacete;02026 Cenizate;De 75 a 79 años;Total;1 de enero de 2019;51
02 Albacete;02026 Cenizate;De 75 a 79 años;Total;1 de enero de 2018;48
02 Albacete;02026 Cenizate;De 75 a 79 años;Total;1 de enero de 2017;52
02 Albacete;02026 Cenizate;De 75 a 79 años;Total;1 de enero de 2016;51
02 Albacete;02026 Cenizate;De 75 a 79 años;Total;1 de enero de 2015;42
02 Albacete;02026 Cenizate;De 75 a 79 años;Total;1 de enero de 2014;53
02 Albacete;02026 Cenizate;De 75 a 79 años;Total;1 de enero de 2013;60
02 Albacete;02026 Cenizate;De 75 a 79 años;Total;1 de enero de 2012;59
02 Albacete;02026 Cenizate;De 75 a 79 años;Total;1 de enero de 2011;57
02 Albacete;02026 Cenizate;De 75 a 79 años;Total;1 de enero de 2010;66
02 Albacete;02026 Cenizate;De 80 a 84 años;Total;1 de enero de 2022;48
02 Albacete;02026 Cenizate;De 80 a 84 años;Total;1 de enero de 2021;44
02 Albacete;02026 Cenizate;De 80 a 84 años;Total;1 de enero de 2020;38
02 Albacete;02026 Cenizate;De 80 a 84 años;Total;1 de enero de 2019;47
02 Albacete;02026 Cenizate;De 80 a 84 años;Total;1 de enero de 2018;52
02 Albacete;02026 Cenizate;De 80 a 84 años;Total;1 de enero de 2017;49
02 Albacete;02026 Cenizate;De 80 a 84 años;Total;1 de enero de 2016;49
02 Albacete;02026 Cenizate;De 80 a 84 años;Total;1 de enero de 2015;57
02 Albacete;02026 Cenizate;De 80 a 84 años;Total;1 de enero de 2014;56
02 Albacete;02026 Cenizate;De 80 a 84 años;Total;1 de enero de 2013;55
02 Albacete;02026 Cenizate;De 80 a 84 años;Total;1 de enero de 2012;55
02 Albacete;02026 Cenizate;De 80 a 84 años;Total;1 de enero de 2011;59
02 Albacete;02026 Cenizate;De 80 a 84 años;Total;1 de enero de 2010;47
02 Albacete;02026 Cenizate;De 85 a 89 años;Total;1 de enero de 2022;38
02 Albacete;02026 Cenizate;De 85 a 89 años;Total;1 de enero de 2021;39
02 Albacete;02026 Cenizate;De 85 a 89 años;Total;1 de enero de 2020;46
02 Albacete;02026 Cenizate;De 85 a 89 años;Total;1 de enero de 2019;44
02 Albacete;02026 Cenizate;De 85 a 89 años;Total;1 de enero de 2018;45
02 Albacete;02026 Cenizate;De 85 a 89 años;Total;1 de enero de 2017;44
02 Albacete;02026 Cenizate;De 85 a 89 años;Total;1 de enero de 2016;45
02 Albacete;02026 Cenizate;De 85 a 89 años;Total;1 de enero de 2015;30
02 Albacete;02026 Cenizate;De 85 a 89 años;Total;1 de enero de 2014;33
02 Albacete;02026 Cenizate;De 85 a 89 años;Total;1 de enero de 2013;30
02 Albacete;02026 Cenizate;De 85 a 89 años;Total;1 de enero de 2012;34
02 Albacete;02026 Cenizate;De 85 a 89 años;Total;1 de enero de 2011;29
02 Albacete;02026 Cenizate;De 85 a 89 años;Total;1 de enero de 2010;31
02 Albacete;02026 Cenizate;De 90 a 94 años;Total;1 de enero de 2022;27
02 Albacete;02026 Cenizate;De 90 a 94 años;Total;1 de enero de 2021;26
02 Albacete;02026 Cenizate;De 90 a 94 años;Total;1 de enero de 2020;15
02 Albacete;02026 Cenizate;De 90 a 94 años;Total;1 de enero de 2019;13
02 Albacete;02026 Cenizate;De 90 a 94 años;Total;1 de enero de 2018;14
02 Albacete;02026 Cenizate;De 90 a 94 años;Total;1 de enero de 2017;15
02 Albacete;02026 Cenizate;De 90 a 94 años;Total;1 de enero de 2016;13
02 Albacete;02026 Cenizate;De 90 a 94 años;Total;1 de enero de 2015;15
02 Albacete;02026 Cenizate;De 90 a 94 años;Total;1 de enero de 2014;11
02 Albacete;02026 Cenizate;De 90 a 94 años;Total;1 de enero de 2013;7
02 Albacete;02026 Cenizate;De 90 a 94 años;Total;1 de enero de 2012;4
02 Albacete;02026 Cenizate;De 90 a 94 años;Total;1 de enero de 2011;6
02 Albacete;02026 Cenizate;De 90 a 94 años;Total;1 de enero de 2010;7
02 Albacete;02026 Cenizate;De 95 a 99 años;Total;1 de enero de 2022;3
02 Albacete;02026 Cenizate;De 95 a 99 años;Total;1 de enero de 2021;2
02 Albacete;02026 Cenizate;De 95 a 99 años;Total;1 de enero de 2020;3
02 Albacete;02026 Cenizate;De 95 a 99 años;Total;1 de enero de 2019;5
02 Albacete;02026 Cenizate;De 95 a 99 años;Total;1 de enero de 2018;4
02 Albacete;02026 Cenizate;De 95 a 99 años;Total;1 de enero de 2017;2
02 Albacete;02026 Cenizate;De 95 a 99 años;Total;1 de enero de 2016;2
02 Albacete;02026 Cenizate;De 95 a 99 años;Total;1 de enero de 2015;1
02 Albacete;02026 Cenizate;De 95 a 99 años;Total;1 de enero de 2014;2
02 Albacete;02026 Cenizate;De 95 a 99 años;Total;1 de enero de 2013;3
02 Albacete;02026 Cenizate;De 95 a 99 años;Total;1 de enero de 2012;3
02 Albacete;02026 Cenizate;De 95 a 99 años;Total;1 de enero de 2011;1
02 Albacete;02026 Cenizate;De 95 a 99 años;Total;1 de enero de 2010;0
02 Albacete;02026 Cenizate;100 y más años;Total;1 de enero de 2022;1
02 Albacete;02026 Cenizate;100 y más años;Total;1 de enero de 2021;0
02 Albacete;02026 Cenizate;100 y más años;Total;1 de enero de 2020;0
02 Albacete;02026 Cenizate;100 y más años;Total;1 de enero de 2019;0
02 Albacete;02026 Cenizate;100 y más años;Total;1 de enero de 2018;0
02 Albacete;02026 Cenizate;100 y más años;Total;1 de enero de 2017;0
02 Albacete;02026 Cenizate;100 y más años;Total;1 de enero de 2016;0
02 Albacete;02026 Cenizate;100 y más años;Total;1 de enero de 2015;0
02 Albacete;02026 Cenizate;100 y más años;Total;1 de enero de 2014;0
02 Albacete;02026 Cenizate;100 y más años;Total;1 de enero de 2013;0
02 Albacete;02026 Cenizate;100 y más años;Total;1 de enero de 2012;0
02 Albacete;02026 Cenizate;100 y más años;Total;1 de enero de 2011;0
02 Albacete;02026 Cenizate;100 y más años;Total;1 de enero de 2010;0
02 Albacete;02029 Chinchilla de Monte-Aragón;De 0 a 4 años;Total;1 de enero de 2022;192
02 Albacete;02029 Chinchilla de Monte-Aragón;De 0 a 4 años;Total;1 de enero de 2021;188
02 Albacete;02029 Chinchilla de Monte-Aragón;De 0 a 4 años;Total;1 de enero de 2020;182
02 Albacete;02029 Chinchilla de Monte-Aragón;De 0 a 4 años;Total;1 de enero de 2019;191
02 Albacete;02029 Chinchilla de Monte-Aragón;De 0 a 4 años;Total;1 de enero de 2018;189
02 Albacete;02029 Chinchilla de Monte-Aragón;De 0 a 4 años;Total;1 de enero de 2017;207
02 Albacete;02029 Chinchilla de Monte-Aragón;De 0 a 4 años;Total;1 de enero de 2016;230
02 Albacete;02029 Chinchilla de Monte-Aragón;De 0 a 4 años;Total;1 de enero de 2015;257
02 Albacete;02029 Chinchilla de Monte-Aragón;De 0 a 4 años;Total;1 de enero de 2014;243
02 Albacete;02029 Chinchilla de Monte-Aragón;De 0 a 4 años;Total;1 de enero de 2013;266
02 Albacete;02029 Chinchilla de Monte-Aragón;De 0 a 4 años;Total;1 de enero de 2012;246
02 Albacete;02029 Chinchilla de Monte-Aragón;De 0 a 4 años;Total;1 de enero de 2011;231
02 Albacete;02029 Chinchilla de Monte-Aragón;De 0 a 4 años;Total;1 de enero de 2010;217
02 Albacete;02029 Chinchilla de Monte-Aragón;De 5 a 9 años;Total;1 de enero de 2022;219
02 Albacete;02029 Chinchilla de Monte-Aragón;De 5 a 9 años;Total;1 de enero de 2021;226
02 Albacete;02029 Chinchilla de Monte-Aragón;De 5 a 9 años;Total;1 de enero de 2020;237
02 Albacete;02029 Chinchilla de Monte-Aragón;De 5 a 9 años;Total;1 de enero de 2019;241
02 Albacete;02029 Chinchilla de Monte-Aragón;De 5 a 9 años;Total;1 de enero de 2018;254
02 Albacete;02029 Chinchilla de Monte-Aragón;De 5 a 9 años;Total;1 de enero de 2017;248
02 Albacete;02029 Chinchilla de Monte-Aragón;De 5 a 9 años;Total;1 de enero de 2016;236
02 Albacete;02029 Chinchilla de Monte-Aragón;De 5 a 9 años;Total;1 de enero de 2015;221
02 Albacete;02029 Chinchilla de Monte-Aragón;De 5 a 9 años;Total;1 de enero de 2014;201
02 Albacete;02029 Chinchilla de Monte-Aragón;De 5 a 9 años;Total;1 de enero de 2013;180
02 Albacete;02029 Chinchilla de Monte-Aragón;De 5 a 9 años;Total;1 de enero de 2012;183
02 Albacete;02029 Chinchilla de Monte-Aragón;De 5 a 9 años;Total;1 de enero de 2011;178
02 Albacete;02029 Chinchilla de Monte-Aragón;De 5 a 9 años;Total;1 de enero de 2010;176
02 Albacete;02029 Chinchilla de Monte-Aragón;De 10 a 14 años;Total;1 de enero de 2022;249
02 Albacete;02029 Chinchilla de Monte-Aragón;De 10 a 14 años;Total;1 de enero de 2021;231
02 Albacete;02029 Chinchilla de Monte-Aragón;De 10 a 14 años;Total;1 de enero de 2020;210
02 Albacete;02029 Chinchilla de Monte-Aragón;De 10 a 14 años;Total;1 de enero de 2019;198
02 Albacete;02029 Chinchilla de Monte-Aragón;De 10 a 14 años;Total;1 de enero de 2018;174
02 Albacete;02029 Chinchilla de Monte-Aragón;De 10 a 14 años;Total;1 de enero de 2017;179
02 Albacete;02029 Chinchilla de Monte-Aragón;De 10 a 14 años;Total;1 de enero de 2016;183
02 Albacete;02029 Chinchilla de Monte-Aragón;De 10 a 14 años;Total;1 de enero de 2015;180
02 Albacete;02029 Chinchilla de Monte-Aragón;De 10 a 14 años;Total;1 de enero de 2014;184
02 Albacete;02029 Chinchilla de Monte-Aragón;De 10 a 14 años;Total;1 de enero de 2013;185
02 Albacete;02029 Chinchilla de Monte-Aragón;De 10 a 14 años;Total;1 de enero de 2012;175
02 Albacete;02029 Chinchilla de Monte-Aragón;De 10 a 14 años;Total;1 de enero de 2011;183
02 Albacete;02029 Chinchilla de Monte-Aragón;De 10 a 14 años;Total;1 de enero de 2010;181
02 Albacete;02029 Chinchilla de Monte-Aragón;De 65 a 69 años;Total;1 de enero de 2022;182
02 Albacete;02029 Chinchilla de Monte-Aragón;De 65 a 69 años;Total;1 de enero de 2021;158
02 Albacete;02029 Chinchilla de Monte-Aragón;De 65 a 69 años;Total;1 de enero de 2020;162
02 Albacete;02029 Chinchilla de Monte-Aragón;De 65 a 69 años;Total;1 de enero de 2019;161
02 Albacete;02029 Chinchilla de Monte-Aragón;De 65 a 69 años;Total;1 de enero de 2018;165
02 Albacete;02029 Chinchilla de Monte-Aragón;De 65 a 69 años;Total;1 de enero de 2017;153
02 Albacete;02029 Chinchilla de Monte-Aragón;De 65 a 69 años;Total;1 de enero de 2016;161
02 Albacete;02029 Chinchilla de Monte-Aragón;De 65 a 69 años;Total;1 de enero de 2015;147
02 Albacete;02029 Chinchilla de Monte-Aragón;De 65 a 69 años;Total;1 de enero de 2014;144
02 Albacete;02029 Chinchilla de Monte-Aragón;De 65 a 69 años;Total;1 de enero de 2013;143
02 Albacete;02029 Chinchilla de Monte-Aragón;De 65 a 69 años;Total;1 de enero de 2012;154
02 Albacete;02029 Chinchilla de Monte-Aragón;De 65 a 69 años;Total;1 de enero de 2011;146
02 Albacete;02029 Chinchilla de Monte-Aragón;De 65 a 69 años;Total;1 de enero de 2010;150
02 Albacete;02029 Chinchilla de Monte-Aragón;De 70 a 74 años;Total;1 de enero de 2022;139
02 Albacete;02029 Chinchilla de Monte-Aragón;De 70 a 74 años;Total;1 de enero de 2021;148
02 Albacete;02029 Chinchilla de Monte-Aragón;De 70 a 74 años;Total;1 de enero de 2020;140
02 Albacete;02029 Chinchilla de Monte-Aragón;De 70 a 74 años;Total;1 de enero de 2019;134
02 Albacete;02029 Chinchilla de Monte-Aragón;De 70 a 74 años;Total;1 de enero de 2018;138
02 Albacete;02029 Chinchilla de Monte-Aragón;De 70 a 74 años;Total;1 de enero de 2017;145
02 Albacete;02029 Chinchilla de Monte-Aragón;De 70 a 74 años;Total;1 de enero de 2016;136
02 Albacete;02029 Chinchilla de Monte-Aragón;De 70 a 74 años;Total;1 de enero de 2015;145
02 Albacete;02029 Chinchilla de Monte-Aragón;De 70 a 74 años;Total;1 de enero de 2014;133
02 Albacete;02029 Chinchilla de Monte-Aragón;De 70 a 74 años;Total;1 de enero de 2013;131
02 Albacete;02029 Chinchilla de Monte-Aragón;De 70 a 74 años;Total;1 de enero de 2012;133
02 Albacete;02029 Chinchilla de Monte-Aragón;De 70 a 74 años;Total;1 de enero de 2011;142
02 Albacete;02029 Chinchilla de Monte-Aragón;De 70 a 74 años;Total;1 de enero de 2010;155
02 Albacete;02029 Chinchilla de Monte-Aragón;De 75 a 79 años;Total;1 de enero de 2022;129
02 Albacete;02029 Chinchilla de Monte-Aragón;De 75 a 79 años;Total;1 de enero de 2021;122
02 Albacete;02029 Chinchilla de Monte-Aragón;De 75 a 79 años;Total;1 de enero de 2020;122
02 Albacete;02029 Chinchilla de Monte-Aragón;De 75 a 79 años;Total;1 de enero de 2019;113
02 Albacete;02029 Chinchilla de Monte-Aragón;De 75 a 79 años;Total;1 de enero de 2018;119
02 Albacete;02029 Chinchilla de Monte-Aragón;De 75 a 79 años;Total;1 de enero de 2017;121
02 Albacete;02029 Chinchilla de Monte-Aragón;De 75 a 79 años;Total;1 de enero de 2016;123
02 Albacete;02029 Chinchilla de Monte-Aragón;De 75 a 79 años;Total;1 de enero de 2015;131
02 Albacete;02029 Chinchilla de Monte-Aragón;De 75 a 79 años;Total;1 de enero de 2014;159
02 Albacete;02029 Chinchilla de Monte-Aragón;De 75 a 79 años;Total;1 de enero de 2013;171
02 Albacete;02029 Chinchilla de Monte-Aragón;De 75 a 79 años;Total;1 de enero de 2012;169
02 Albacete;02029 Chinchilla de Monte-Aragón;De 75 a 79 años;Total;1 de enero de 2011;179
02 Albacete;02029 Chinchilla de Monte-Aragón;De 75 a 79 años;Total;1 de enero de 2010;183
02 Albacete;02029 Chinchilla de Monte-Aragón;De 80 a 84 años;Total;1 de enero de 2022;88
02 Albacete;02029 Chinchilla de Monte-Aragón;De 80 a 84 años;Total;1 de enero de 2021;95
02 Albacete;02029 Chinchilla de Monte-Aragón;De 80 a 84 años;Total;1 de enero de 2020;110
02 Albacete;02029 Chinchilla de Monte-Aragón;De 80 a 84 años;Total;1 de enero de 2019;136
02 Albacete;02029 Chinchilla de Monte-Aragón;De 80 a 84 años;Total;1 de enero de 2018;142
02 Albacete;02029 Chinchilla de Monte-Aragón;De 80 a 84 años;Total;1 de enero de 2017;135
02 Albacete;02029 Chinchilla de Monte-Aragón;De 80 a 84 años;Total;1 de enero de 2016;149
02 Albacete;02029 Chinchilla de Monte-Aragón;De 80 a 84 años;Total;1 de enero de 2015;144
02 Albacete;02029 Chinchilla de Monte-Aragón;De 80 a 84 años;Total;1 de enero de 2014;142
02 Albacete;02029 Chinchilla de Monte-Aragón;De 80 a 84 años;Total;1 de enero de 2013;147
02 Albacete;02029 Chinchilla de Monte-Aragón;De 80 a 84 años;Total;1 de enero de 2012;142
02 Albacete;02029 Chinchilla de Monte-Aragón;De 80 a 84 años;Total;1 de enero de 2011;139
02 Albacete;02029 Chinchilla de Monte-Aragón;De 80 a 84 años;Total;1 de enero de 2010;129
02 Albacete;02029 Chinchilla de Monte-Aragón;De 85 a 89 años;Total;1 de enero de 2022;93
02 Albacete;02029 Chinchilla de Monte-Aragón;De 85 a 89 años;Total;1 de enero de 2021;99
02 Albacete;02029 Chinchilla de Monte-Aragón;De 85 a 89 años;Total;1 de enero de 2020;101
02 Albacete;02029 Chinchilla de Monte-Aragón;De 85 a 89 años;Total;1 de enero de 2019;92
02 Albacete;02029 Chinchilla de Monte-Aragón;De 85 a 89 años;Total;1 de enero de 2018;98
02 Albacete;02029 Chinchilla de Monte-Aragón;De 85 a 89 años;Total;1 de enero de 2017;92
02 Albacete;02029 Chinchilla de Monte-Aragón;De 85 a 89 años;Total;1 de enero de 2016;86
02 Albacete;02029 Chinchilla de Monte-Aragón;De 85 a 89 años;Total;1 de enero de 2015;79
02 Albacete;02029 Chinchilla de Monte-Aragón;De 85 a 89 años;Total;1 de enero de 2014;66
02 Albacete;02029 Chinchilla de Monte-Aragón;De 85 a 89 años;Total;1 de enero de 2013;62
02 Albacete;02029 Chinchilla de Monte-Aragón;De 85 a 89 años;Total;1 de enero de 2012;60
02 Albacete;02029 Chinchilla de Monte-Aragón;De 85 a 89 años;Total;1 de enero de 2011;66
02 Albacete;02029 Chinchilla de Monte-Aragón;De 85 a 89 años;Total;1 de enero de 2010;67
02 Albacete;02029 Chinchilla de Monte-Aragón;De 90 a 94 años;Total;1 de enero de 2022;39
02 Albacete;02029 Chinchilla de Monte-Aragón;De 90 a 94 años;Total;1 de enero de 2021;33
02 Albacete;02029 Chinchilla de Monte-Aragón;De 90 a 94 años;Total;1 de enero de 2020;33
02 Albacete;02029 Chinchilla de Monte-Aragón;De 90 a 94 años;Total;1 de enero de 2019;39
02 Albacete;02029 Chinchilla de Monte-Aragón;De 90 a 94 años;Total;1 de enero de 2018;32
02 Albacete;02029 Chinchilla de Monte-Aragón;De 90 a 94 años;Total;1 de enero de 2017;32
02 Albacete;02029 Chinchilla de Monte-Aragón;De 90 a 94 años;Total;1 de enero de 2016;30
02 Albacete;02029 Chinchilla de Monte-Aragón;De 90 a 94 años;Total;1 de enero de 2015;24
02 Albacete;02029 Chinchilla de Monte-Aragón;De 90 a 94 años;Total;1 de enero de 2014;23
02 Albacete;02029 Chinchilla de Monte-Aragón;De 90 a 94 años;Total;1 de enero de 2013;20
02 Albacete;02029 Chinchilla de Monte-Aragón;De 90 a 94 años;Total;1 de enero de 2012;22
02 Albacete;02029 Chinchilla de Monte-Aragón;De 90 a 94 años;Total;1 de enero de 2011;21
02 Albacete;02029 Chinchilla de Monte-Aragón;De 90 a 94 años;Total;1 de enero de 2010;17
02 Albacete;02029 Chinchilla de Monte-Aragón;De 95 a 99 años;Total;1 de enero de 2022;9
02 Albacete;02029 Chinchilla de Monte-Aragón;De 95 a 99 años;Total;1 de enero de 2021;10
02 Albacete;02029 Chinchilla de Monte-Aragón;De 95 a 99 años;Total;1 de enero de 2020;8
02 Albacete;02029 Chinchilla de Monte-Aragón;De 95 a 99 años;Total;1 de enero de 2019;6
02 Albacete;02029 Chinchilla de Monte-Aragón;De 95 a 99 años;Total;1 de enero de 2018;4
02 Albacete;02029 Chinchilla de Monte-Aragón;De 95 a 99 años;Total;1 de enero de 2017;4
02 Albacete;02029 Chinchilla de Monte-Aragón;De 95 a 99 años;Total;1 de enero de 2016;4
02 Albacete;02029 Chinchilla de Monte-Aragón;De 95 a 99 años;Total;1 de enero de 2015;4
02 Albacete;02029 Chinchilla de Monte-Aragón;De 95 a 99 años;Total;1 de enero de 2014;4
02 Albacete;02029 Chinchilla de Monte-Aragón;De 95 a 99 años;Total;1 de enero de 2013;6
02 Albacete;02029 Chinchilla de Monte-Aragón;De 95 a 99 años;Total;1 de enero de 2012;9
02 Albacete;02029 Chinchilla de Monte-Aragón;De 95 a 99 años;Total;1 de enero de 2011;4
02 Albacete;02029 Chinchilla de Monte-Aragón;De 95 a 99 años;Total;1 de enero de 2010;5
02 Albacete;02029 Chinchilla de Monte-Aragón;100 y más años;Total;1 de enero de 2022;2
02 Albacete;02029 Chinchilla de Monte-Aragón;100 y más años;Total;1 de enero de 2021;0
02 Albacete;02029 Chinchilla de Monte-Aragón;100 y más años;Total;1 de enero de 2020;0
02 Albacete;02029 Chinchilla de Monte-Aragón;100 y más años;Total;1 de enero de 2019;0
02 Albacete;02029 Chinchilla de Monte-Aragón;100 y más años;Total;1 de enero de 2018;0
02 Albacete;02029 Chinchilla de Monte-Aragón;100 y más años;Total;1 de enero de 2017;0
02 Albacete;02029 Chinchilla de Monte-Aragón;100 y más años;Total;1 de enero de 2016;0
02 Albacete;02029 Chinchilla de Monte-Aragón;100 y más años;Total;1 de enero de 2015;0
02 Albacete;02029 Chinchilla de Monte-Aragón;100 y más años;Total;1 de enero de 2014;0
02 Albacete;02029 Chinchilla de Monte-Aragón;100 y más años;Total;1 de enero de 2013;0
02 Albacete;02029 Chinchilla de Monte-Aragón;100 y más años;Total;1 de enero de 2012;0
02 Albacete;02029 Chinchilla de Monte-Aragón;100 y más años;Total;1 de enero de 2011;1
02 Albacete;02029 Chinchilla de Monte-Aragón;100 y más años;Total;1 de enero de 2010;0
02 Albacete;02027 Corral-Rubio;De 0 a 4 años;Total;1 de enero de 2022;2
02 Albacete;02027 Corral-Rubio;De 0 a 4 años;Total;1 de enero de 2021;5
02 Albacete;02027 Corral-Rubio;De 0 a 4 años;Total;1 de enero de 2020;7
02 Albacete;02027 Corral-Rubio;De 0 a 4 años;Total;1 de enero de 2019;9
02 Albacete;02027 Corral-Rubio;De 0 a 4 años;Total;1 de enero de 2018;12
02 Albacete;02027 Corral-Rubio;De 0 a 4 años;Total;1 de enero de 2017;13
02 Albacete;02027 Corral-Rubio;De 0 a 4 años;Total;1 de enero de 2016;14
02 Albacete;02027 Corral-Rubio;De 0 a 4 años;Total;1 de enero de 2015;12
02 Albacete;02027 Corral-Rubio;De 0 a 4 años;Total;1 de enero de 2014;8
02 Albacete;02027 Corral-Rubio;De 0 a 4 años;Total;1 de enero de 2013;9
02 Albacete;02027 Corral-Rubio;De 0 a 4 años;Total;1 de enero de 2012;11
02 Albacete;02027 Corral-Rubio;De 0 a 4 años;Total;1 de enero de 2011;7
02 Albacete;02027 Corral-Rubio;De 0 a 4 años;Total;1 de enero de 2010;9
02 Albacete;02027 Corral-Rubio;De 5 a 9 años;Total;1 de enero de 2022;13
02 Albacete;02027 Corral-Rubio;De 5 a 9 años;Total;1 de enero de 2021;16
02 Albacete;02027 Corral-Rubio;De 5 a 9 años;Total;1 de enero de 2020;13
02 Albacete;02027 Corral-Rubio;De 5 a 9 años;Total;1 de enero de 2019;11
02 Albacete;02027 Corral-Rubio;De 5 a 9 años;Total;1 de enero de 2018;10
02 Albacete;02027 Corral-Rubio;De 5 a 9 años;Total;1 de enero de 2017;10
02 Albacete;02027 Corral-Rubio;De 5 a 9 años;Total;1 de enero de 2016;6
02 Albacete;02027 Corral-Rubio;De 5 a 9 años;Total;1 de enero de 2015;10
02 Albacete;02027 Corral-Rubio;De 5 a 9 años;Total;1 de enero de 2014;11
02 Albacete;02027 Corral-Rubio;De 5 a 9 años;Total;1 de enero de 2013;10
02 Albacete;02027 Corral-Rubio;De 5 a 9 años;Total;1 de enero de 2012;12
02 Albacete;02027 Corral-Rubio;De 5 a 9 años;Total;1 de enero de 2011;14
02 Albacete;02027 Corral-Rubio;De 5 a 9 años;Total;1 de enero de 2010;17
02 Albacete;02027 Corral-Rubio;De 10 a 14 años;Total;1 de enero de 2022;9
02 Albacete;02027 Corral-Rubio;De 10 a 14 años;Total;1 de enero de 2021;7
02 Albacete;02027 Corral-Rubio;De 10 a 14 años;Total;1 de enero de 2020;7
02 Albacete;02027 Corral-Rubio;De 10 a 14 años;Total;1 de enero de 2019;7
02 Albacete;02027 Corral-Rubio;De 10 a 14 años;Total;1 de enero de 2018;7
02 Albacete;02027 Corral-Rubio;De 10 a 14 años;Total;1 de enero de 2017;8
02 Albacete;02027 Corral-Rubio;De 10 a 14 años;Total;1 de enero de 2016;7
02 Albacete;02027 Corral-Rubio;De 10 a 14 años;Total;1 de enero de 2015;15
02 Albacete;02027 Corral-Rubio;De 10 a 14 años;Total;1 de enero de 2014;12
02 Albacete;02027 Corral-Rubio;De 10 a 14 años;Total;1 de enero de 2013;9
02 Albacete;02027 Corral-Rubio;De 10 a 14 años;Total;1 de enero de 2012;11
02 Albacete;02027 Corral-Rubio;De 10 a 14 años;Total;1 de enero de 2011;15
02 Albacete;02027 Corral-Rubio;De 10 a 14 años;Total;1 de enero de 2010;10
02 Albacete;02027 Corral-Rubio;De 65 a 69 años;Total;1 de enero de 2022;21
02 Albacete;02027 Corral-Rubio;De 65 a 69 años;Total;1 de enero de 2021;21
02 Albacete;02027 Corral-Rubio;De 65 a 69 años;Total;1 de enero de 2020;16
02 Albacete;02027 Corral-Rubio;De 65 a 69 años;Total;1 de enero de 2019;19
02 Albacete;02027 Corral-Rubio;De 65 a 69 años;Total;1 de enero de 2018;26
02 Albacete;02027 Corral-Rubio;De 65 a 69 años;Total;1 de enero de 2017;19
02 Albacete;02027 Corral-Rubio;De 65 a 69 años;Total;1 de enero de 2016;23
02 Albacete;02027 Corral-Rubio;De 65 a 69 años;Total;1 de enero de 2015;22
02 Albacete;02027 Corral-Rubio;De 65 a 69 años;Total;1 de enero de 2014;20
02 Albacete;02027 Corral-Rubio;De 65 a 69 años;Total;1 de enero de 2013;19
02 Albacete;02027 Corral-Rubio;De 65 a 69 años;Total;1 de enero de 2012;27
02 Albacete;02027 Corral-Rubio;De 65 a 69 años;Total;1 de enero de 2011;32
02 Albacete;02027 Corral-Rubio;De 65 a 69 años;Total;1 de enero de 2010;34
02 Albacete;02027 Corral-Rubio;De 70 a 74 años;Total;1 de enero de 2022;17
02 Albacete;02027 Corral-Rubio;De 70 a 74 años;Total;1 de enero de 2021;18
02 Albacete;02027 Corral-Rubio;De 70 a 74 años;Total;1 de enero de 2020;20
02 Albacete;02027 Corral-Rubio;De 70 a 74 años;Total;1 de enero de 2019;21
02 Albacete;02027 Corral-Rubio;De 70 a 74 años;Total;1 de enero de 2018;18
02 Albacete;02027 Corral-Rubio;De 70 a 74 años;Total;1 de enero de 2017;21
02 Albacete;02027 Corral-Rubio;De 70 a 74 años;Total;1 de enero de 2016;24
02 Albacete;02027 Corral-Rubio;De 70 a 74 años;Total;1 de enero de 2015;30
02 Albacete;02027 Corral-Rubio;De 70 a 74 años;Total;1 de enero de 2014;30
02 Albacete;02027 Corral-Rubio;De 70 a 74 años;Total;1 de enero de 2013;30
02 Albacete;02027 Corral-Rubio;De 70 a 74 años;Total;1 de enero de 2012;37
02 Albacete;02027 Corral-Rubio;De 70 a 74 años;Total;1 de enero de 2011;36
02 Albacete;02027 Corral-Rubio;De 70 a 74 años;Total;1 de enero de 2010;35
02 Albacete;02027 Corral-Rubio;De 75 a 79 años;Total;1 de enero de 2022;16
02 Albacete;02027 Corral-Rubio;De 75 a 79 años;Total;1 de enero de 2021;18
02 Albacete;02027 Corral-Rubio;De 75 a 79 años;Total;1 de enero de 2020;20
02 Albacete;02027 Corral-Rubio;De 75 a 79 años;Total;1 de enero de 2019;22
02 Albacete;02027 Corral-Rubio;De 75 a 79 años;Total;1 de enero de 2018;24
02 Albacete;02027 Corral-Rubio;De 75 a 79 años;Total;1 de enero de 2017;33
02 Albacete;02027 Corral-Rubio;De 75 a 79 años;Total;1 de enero de 2016;32
02 Albacete;02027 Corral-Rubio;De 75 a 79 años;Total;1 de enero de 2015;30
02 Albacete;02027 Corral-Rubio;De 75 a 79 años;Total;1 de enero de 2014;34
02 Albacete;02027 Corral-Rubio;De 75 a 79 años;Total;1 de enero de 2013;35
02 Albacete;02027 Corral-Rubio;De 75 a 79 años;Total;1 de enero de 2012;33
02 Albacete;02027 Corral-Rubio;De 75 a 79 años;Total;1 de enero de 2011;27
02 Albacete;02027 Corral-Rubio;De 75 a 79 años;Total;1 de enero de 2010;31
02 Albacete;02027 Corral-Rubio;De 80 a 84 años;Total;1 de enero de 2022;21
02 Albacete;02027 Corral-Rubio;De 80 a 84 años;Total;1 de enero de 2021;19
02 Albacete;02027 Corral-Rubio;De 80 a 84 años;Total;1 de enero de 2020;19
02 Albacete;02027 Corral-Rubio;De 80 a 84 años;Total;1 de enero de 2019;22
02 Albacete;02027 Corral-Rubio;De 80 a 84 años;Total;1 de enero de 2018;21
02 Albacete;02027 Corral-Rubio;De 80 a 84 años;Total;1 de enero de 2017;18
02 Albacete;02027 Corral-Rubio;De 80 a 84 años;Total;1 de enero de 2016;19
02 Albacete;02027 Corral-Rubio;De 80 a 84 años;Total;1 de enero de 2015;20
02 Albacete;02027 Corral-Rubio;De 80 a 84 años;Total;1 de enero de 2014;18
02 Albacete;02027 Corral-Rubio;De 80 a 84 años;Total;1 de enero de 2013;21
02 Albacete;02027 Corral-Rubio;De 80 a 84 años;Total;1 de enero de 2012;18
02 Albacete;02027 Corral-Rubio;De 80 a 84 años;Total;1 de enero de 2011;20
02 Albacete;02027 Corral-Rubio;De 80 a 84 años;Total;1 de enero de 2010;23
02 Albacete;02027 Corral-Rubio;De 85 a 89 años;Total;1 de enero de 2022;9
02 Albacete;02027 Corral-Rubio;De 85 a 89 años;Total;1 de enero de 2021;7
02 Albacete;02027 Corral-Rubio;De 85 a 89 años;Total;1 de enero de 2020;10
02 Albacete;02027 Corral-Rubio;De 85 a 89 años;Total;1 de enero de 2019;9
02 Albacete;02027 Corral-Rubio;De 85 a 89 años;Total;1 de enero de 2018;9
02 Albacete;02027 Corral-Rubio;De 85 a 89 años;Total;1 de enero de 2017;7
02 Albacete;02027 Corral-Rubio;De 85 a 89 años;Total;1 de enero de 2016;9
02 Albacete;02027 Corral-Rubio;De 85 a 89 años;Total;1 de enero de 2015;11
02 Albacete;02027 Corral-Rubio;De 85 a 89 años;Total;1 de enero de 2014;14
02 Albacete;02027 Corral-Rubio;De 85 a 89 años;Total;1 de enero de 2013;19
02 Albacete;02027 Corral-Rubio;De 85 a 89 años;Total;1 de enero de 2012;24
02 Albacete;02027 Corral-Rubio;De 85 a 89 años;Total;1 de enero de 2011;25
02 Albacete;02027 Corral-Rubio;De 85 a 89 años;Total;1 de enero de 2010;22
02 Albacete;02027 Corral-Rubio;De 90 a 94 años;Total;1 de enero de 2022;4
02 Albacete;02027 Corral-Rubio;De 90 a 94 años;Total;1 de enero de 2021;3
02 Albacete;02027 Corral-Rubio;De 90 a 94 años;Total;1 de enero de 2020;3
02 Albacete;02027 Corral-Rubio;De 90 a 94 años;Total;1 de enero de 2019;5
02 Albacete;02027 Corral-Rubio;De 90 a 94 años;Total;1 de enero de 2018;9
02 Albacete;02027 Corral-Rubio;De 90 a 94 años;Total;1 de enero de 2017;11
02 Albacete;02027 Corral-Rubio;De 90 a 94 años;Total;1 de enero de 2016;13
02 Albacete;02027 Corral-Rubio;De 90 a 94 años;Total;1 de enero de 2015;11
02 Albacete;02027 Corral-Rubio;De 90 a 94 años;Total;1 de enero de 2014;10
02 Albacete;02027 Corral-Rubio;De 90 a 94 años;Total;1 de enero de 2013;10
02 Albacete;02027 Corral-Rubio;De 90 a 94 años;Total;1 de enero de 2012;6
02 Albacete;02027 Corral-Rubio;De 90 a 94 años;Total;1 de enero de 2011;4
02 Albacete;02027 Corral-Rubio;De 90 a 94 años;Total;1 de enero de 2010;3
02 Albacete;02027 Corral-Rubio;De 95 a 99 años;Total;1 de enero de 2022;4
02 Albacete;02027 Corral-Rubio;De 95 a 99 años;Total;1 de enero de 2021;6
02 Albacete;02027 Corral-Rubio;De 95 a 99 años;Total;1 de enero de 2020;4
02 Albacete;02027 Corral-Rubio;De 95 a 99 años;Total;1 de enero de 2019;4
02 Albacete;02027 Corral-Rubio;De 95 a 99 años;Total;1 de enero de 2018;2
02 Albacete;02027 Corral-Rubio;De 95 a 99 años;Total;1 de enero de 2017;1
02 Albacete;02027 Corral-Rubio;De 95 a 99 años;Total;1 de enero de 2016;1
02 Albacete;02027 Corral-Rubio;De 95 a 99 años;Total;1 de enero de 2015;0
02 Albacete;02027 Corral-Rubio;De 95 a 99 años;Total;1 de enero de 2014;0
02 Albacete;02027 Corral-Rubio;De 95 a 99 años;Total;1 de enero de 2013;0
02 Albacete;02027 Corral-Rubio;De 95 a 99 años;Total;1 de enero de 2012;1
02 Albacete;02027 Corral-Rubio;De 95 a 99 años;Total;1 de enero de 2011;1
02 Albacete;02027 Corral-Rubio;De 95 a 99 años;Total;1 de enero de 2010;1
02 Albacete;02027 Corral-Rubio;100 y más años;Total;1 de enero de 2022;0
02 Albacete;02027 Corral-Rubio;100 y más años;Total;1 de enero de 2021;0
02 Albacete;02027 Corral-Rubio;100 y más años;Total;1 de enero de 2020;0
02 Albacete;02027 Corral-Rubio;100 y más años;Total;1 de enero de 2019;0
02 Albacete;02027 Corral-Rubio;100 y más años;Total;1 de enero de 2018;0
02 Albacete;02027 Corral-Rubio;100 y más años;Total;1 de enero de 2017;0
02 Albacete;02027 Corral-Rubio;100 y más años;Total;1 de enero de 2016;0
02 Albacete;02027 Corral-Rubio;100 y más años;Total;1 de enero de 2015;0
02 Albacete;02027 Corral-Rubio;100 y más años;Total;1 de enero de 2014;0
02 Albacete;02027 Corral-Rubio;100 y más años;Total;1 de enero de 2013;0
02 Albacete;02027 Corral-Rubio;100 y más años;Total;1 de enero de 2012;0
02 Albacete;02027 Corral-Rubio;100 y más años;Total;1 de enero de 2011;0
02 Albacete;02027 Corral-Rubio;100 y más años;Total;1 de enero de 2010;2
02 Albacete;02028 Cotillas;De 0 a 4 años;Total;1 de enero de 2022;2
02 Albacete;02028 Cotillas;De 0 a 4 años;Total;1 de enero de 2021;3
02 Albacete;02028 Cotillas;De 0 a 4 años;Total;1 de enero de 2020;2
02 Albacete;02028 Cotillas;De 0 a 4 años;Total;1 de enero de 2019;1
02 Albacete;02028 Cotillas;De 0 a 4 años;Total;1 de enero de 2018;0
02 Albacete;02028 Cotillas;De 0 a 4 años;Total;1 de enero de 2017;0
02 Albacete;02028 Cotillas;De 0 a 4 años;Total;1 de enero de 2016;1
02 Albacete;02028 Cotillas;De 0 a 4 años;Total;1 de enero de 2015;0
02 Albacete;02028 Cotillas;De 0 a 4 años;Total;1 de enero de 2014;0
02 Albacete;02028 Cotillas;De 0 a 4 años;Total;1 de enero de 2013;2
02 Albacete;02028 Cotillas;De 0 a 4 años;Total;1 de enero de 2012;3
02 Albacete;02028 Cotillas;De 0 a 4 años;Total;1 de enero de 2011;4
02 Albacete;02028 Cotillas;De 0 a 4 años;Total;1 de enero de 2010;4
02 Albacete;02028 Cotillas;De 5 a 9 años;Total;1 de enero de 2022;1
02 Albacete;02028 Cotillas;De 5 a 9 años;Total;1 de enero de 2021;1
02 Albacete;02028 Cotillas;De 5 a 9 años;Total;1 de enero de 2020;0
02 Albacete;02028 Cotillas;De 5 a 9 años;Total;1 de enero de 2019;0
02 Albacete;02028 Cotillas;De 5 a 9 años;Total;1 de enero de 2018;0
02 Albacete;02028 Cotillas;De 5 a 9 años;Total;1 de enero de 2017;1
02 Albacete;02028 Cotillas;De 5 a 9 años;Total;1 de enero de 2016;2
02 Albacete;02028 Cotillas;De 5 a 9 años;Total;1 de enero de 2015;3
02 Albacete;02028 Cotillas;De 5 a 9 años;Total;1 de enero de 2014;3
02 Albacete;02028 Cotillas;De 5 a 9 años;Total;1 de enero de 2013;3
02 Albacete;02028 Cotillas;De 5 a 9 años;Total;1 de enero de 2012;3
02 Albacete;02028 Cotillas;De 5 a 9 años;Total;1 de enero de 2011;2
02 Albacete;02028 Cotillas;De 5 a 9 años;Total;1 de enero de 2010;2
02 Albacete;02028 Cotillas;De 10 a 14 años;Total;1 de enero de 2022;0
02 Albacete;02028 Cotillas;De 10 a 14 años;Total;1 de enero de 2021;2
02 Albacete;02028 Cotillas;De 10 a 14 años;Total;1 de enero de 2020;2
02 Albacete;02028 Cotillas;De 10 a 14 años;Total;1 de enero de 2019;2
02 Albacete;02028 Cotillas;De 10 a 14 años;Total;1 de enero de 2018;2
02 Albacete;02028 Cotillas;De 10 a 14 años;Total;1 de enero de 2017;2
02 Albacete;02028 Cotillas;De 10 a 14 años;Total;1 de enero de 2016;2
02 Albacete;02028 Cotillas;De 10 a 14 años;Total;1 de enero de 2015;3
02 Albacete;02028 Cotillas;De 10 a 14 años;Total;1 de enero de 2014;3
02 Albacete;02028 Cotillas;De 10 a 14 años;Total;1 de enero de 2013;3
02 Albacete;02028 Cotillas;De 10 a 14 años;Total;1 de enero de 2012;5
02 Albacete;02028 Cotillas;De 10 a 14 años;Total;1 de enero de 2011;4
02 Albacete;02028 Cotillas;De 10 a 14 años;Total;1 de enero de 2010;4
02 Albacete;02028 Cotillas;De 65 a 69 años;Total;1 de enero de 2022;10
02 Albacete;02028 Cotillas;De 65 a 69 años;Total;1 de enero de 2021;11
02 Albacete;02028 Cotillas;De 65 a 69 años;Total;1 de enero de 2020;8
02 Albacete;02028 Cotillas;De 65 a 69 años;Total;1 de enero de 2019;7
02 Albacete;02028 Cotillas;De 65 a 69 años;Total;1 de enero de 2018;4
02 Albacete;02028 Cotillas;De 65 a 69 años;Total;1 de enero de 2017;4
02 Albacete;02028 Cotillas;De 65 a 69 años;Total;1 de enero de 2016;2
02 Albacete;02028 Cotillas;De 65 a 69 años;Total;1 de enero de 2015;7
02 Albacete;02028 Cotillas;De 65 a 69 años;Total;1 de enero de 2014;8
02 Albacete;02028 Cotillas;De 65 a 69 años;Total;1 de enero de 2013;8
02 Albacete;02028 Cotillas;De 65 a 69 años;Total;1 de enero de 2012;8
02 Albacete;02028 Cotillas;De 65 a 69 años;Total;1 de enero de 2011;10
02 Albacete;02028 Cotillas;De 65 a 69 años;Total;1 de enero de 2010;8
02 Albacete;02028 Cotillas;De 70 a 74 años;Total;1 de enero de 2022;3
02 Albacete;02028 Cotillas;De 70 a 74 años;Total;1 de enero de 2021;2
02 Albacete;02028 Cotillas;De 70 a 74 años;Total;1 de enero de 2020;5
02 Albacete;02028 Cotillas;De 70 a 74 años;Total;1 de enero de 2019;6
02 Albacete;02028 Cotillas;De 70 a 74 años;Total;1 de enero de 2018;7
02 Albacete;02028 Cotillas;De 70 a 74 años;Total;1 de enero de 2017;7
02 Albacete;02028 Cotillas;De 70 a 74 años;Total;1 de enero de 2016;9
02 Albacete;02028 Cotillas;De 70 a 74 años;Total;1 de enero de 2015;8
02 Albacete;02028 Cotillas;De 70 a 74 años;Total;1 de enero de 2014;7
02 Albacete;02028 Cotillas;De 70 a 74 años;Total;1 de enero de 2013;8
02 Albacete;02028 Cotillas;De 70 a 74 años;Total;1 de enero de 2012;12
02 Albacete;02028 Cotillas;De 70 a 74 años;Total;1 de enero de 2011;10
02 Albacete;02028 Cotillas;De 70 a 74 años;Total;1 de enero de 2010;12
02 Albacete;02028 Cotillas;De 75 a 79 años;Total;1 de enero de 2022;7
02 Albacete;02028 Cotillas;De 75 a 79 años;Total;1 de enero de 2021;9
02 Albacete;02028 Cotillas;De 75 a 79 años;Total;1 de enero de 2020;6
02 Albacete;02028 Cotillas;De 75 a 79 años;Total;1 de enero de 2019;6
02 Albacete;02028 Cotillas;De 75 a 79 años;Total;1 de enero de 2018;7
02 Albacete;02028 Cotillas;De 75 a 79 años;Total;1 de enero de 2017;10
02 Albacete;02028 Cotillas;De 75 a 79 años;Total;1 de enero de 2016;10
02 Albacete;02028 Cotillas;De 75 a 79 años;Total;1 de enero de 2015;11
02 Albacete;02028 Cotillas;De 75 a 79 años;Total;1 de enero de 2014;13
02 Albacete;02028 Cotillas;De 75 a 79 años;Total;1 de enero de 2013;15
02 Albacete;02028 Cotillas;De 75 a 79 años;Total;1 de enero de 2012;17
02 Albacete;02028 Cotillas;De 75 a 79 años;Total;1 de enero de 2011;18
02 Albacete;02028 Cotillas;De 75 a 79 años;Total;1 de enero de 2010;18
02 Albacete;02028 Cotillas;De 80 a 84 años;Total;1 de enero de 2022;7
02 Albacete;02028 Cotillas;De 80 a 84 años;Total;1 de enero de 2021;7
02 Albacete;02028 Cotillas;De 80 a 84 años;Total;1 de enero de 2020;7
02 Albacete;02028 Cotillas;De 80 a 84 años;Total;1 de enero de 2019;9
02 Albacete;02028 Cotillas;De 80 a 84 años;Total;1 de enero de 2018;12
02 Albacete;02028 Cotillas;De 80 a 84 años;Total;1 de enero de 2017;13
02 Albacete;02028 Cotillas;De 80 a 84 años;Total;1 de enero de 2016;15
02 Albacete;02028 Cotillas;De 80 a 84 años;Total;1 de enero de 2015;12
02 Albacete;02028 Cotillas;De 80 a 84 años;Total;1 de enero de 2014;10
02 Albacete;02028 Cotillas;De 80 a 84 años;Total;1 de enero de 2013;12
02 Albacete;02028 Cotillas;De 80 a 84 años;Total;1 de enero de 2012;9
02 Albacete;02028 Cotillas;De 80 a 84 años;Total;1 de enero de 2011;12
02 Albacete;02028 Cotillas;De 80 a 84 años;Total;1 de enero de 2010;16
02 Albacete;02028 Cotillas;De 85 a 89 años;Total;1 de enero de 2022;7
02 Albacete;02028 Cotillas;De 85 a 89 años;Total;1 de enero de 2021;8
02 Albacete;02028 Cotillas;De 85 a 89 años;Total;1 de enero de 2020;8
02 Albacete;02028 Cotillas;De 85 a 89 años;Total;1 de enero de 2019;6
02 Albacete;02028 Cotillas;De 85 a 89 años;Total;1 de enero de 2018;10
02 Albacete;02028 Cotillas;De 85 a 89 años;Total;1 de enero de 2017;7
02 Albacete;02028 Cotillas;De 85 a 89 años;Total;1 de enero de 2016;7
02 Albacete;02028 Cotillas;De 85 a 89 años;Total;1 de enero de 2015;9
02 Albacete;02028 Cotillas;De 85 a 89 años;Total;1 de enero de 2014;10
02 Albacete;02028 Cotillas;De 85 a 89 años;Total;1 de enero de 2013;9
02 Albacete;02028 Cotillas;De 85 a 89 años;Total;1 de enero de 2012;10
02 Albacete;02028 Cotillas;De 85 a 89 años;Total;1 de enero de 2011;7
02 Albacete;02028 Cotillas;De 85 a 89 años;Total;1 de enero de 2010;6
02 Albacete;02028 Cotillas;De 90 a 94 años;Total;1 de enero de 2022;2
02 Albacete;02028 Cotillas;De 90 a 94 años;Total;1 de enero de 2021;3
02 Albacete;02028 Cotillas;De 90 a 94 años;Total;1 de enero de 2020;4
02 Albacete;02028 Cotillas;De 90 a 94 años;Total;1 de enero de 2019;5
02 Albacete;02028 Cotillas;De 90 a 94 años;Total;1 de enero de 2018;3
02 Albacete;02028 Cotillas;De 90 a 94 años;Total;1 de enero de 2017;5
02 Albacete;02028 Cotillas;De 90 a 94 años;Total;1 de enero de 2016;4
02 Albacete;02028 Cotillas;De 90 a 94 años;Total;1 de enero de 2015;5
02 Albacete;02028 Cotillas;De 90 a 94 años;Total;1 de enero de 2014;4
02 Albacete;02028 Cotillas;De 90 a 94 años;Total;1 de enero de 2013;2
02 Albacete;02028 Cotillas;De 90 a 94 años;Total;1 de enero de 2012;3
02 Albacete;02028 Cotillas;De 90 a 94 años;Total;1 de enero de 2011;3
02 Albacete;02028 Cotillas;De 90 a 94 años;Total;1 de enero de 2010;2
02 Albacete;02028 Cotillas;De 95 a 99 años;Total;1 de enero de 2022;2
02 Albacete;02028 Cotillas;De 95 a 99 años;Total;1 de enero de 2021;1
02 Albacete;02028 Cotillas;De 95 a 99 años;Total;1 de enero de 2020;1
02 Albacete;02028 Cotillas;De 95 a 99 años;Total;1 de enero de 2019;2
02 Albacete;02028 Cotillas;De 95 a 99 años;Total;1 de enero de 2018;0
02 Albacete;02028 Cotillas;De 95 a 99 años;Total;1 de enero de 2017;0
02 Albacete;02028 Cotillas;De 95 a 99 años;Total;1 de enero de 2016;1
02 Albacete;02028 Cotillas;De 95 a 99 años;Total;1 de enero de 2015;0
02 Albacete;02028 Cotillas;De 95 a 99 años;Total;1 de enero de 2014;0
02 Albacete;02028 Cotillas;De 95 a 99 años;Total;1 de enero de 2013;1
02 Albacete;02028 Cotillas;De 95 a 99 años;Total;1 de enero de 2012;0
02 Albacete;02028 Cotillas;De 95 a 99 años;Total;1 de enero de 2011;0
02 Albacete;02028 Cotillas;De 95 a 99 años;Total;1 de enero de 2010;0
02 Albacete;02028 Cotillas;100 y más años;Total;1 de enero de 2022;0
02 Albacete;02028 Cotillas;100 y más años;Total;1 de enero de 2021;0
02 Albacete;02028 Cotillas;100 y más años;Total;1 de enero de 2020;0
02 Albacete;02028 Cotillas;100 y más años;Total;1 de enero de 2019;0
02 Albacete;02028 Cotillas;100 y más años;Total;1 de enero de 2018;0
02 Albacete;02028 Cotillas;100 y más años;Total;1 de enero de 2017;0
02 Albacete;02028 Cotillas;100 y más años;Total;1 de enero de 2016;0
02 Albacete;02028 Cotillas;100 y más años;Total;1 de enero de 2015;0
02 Albacete;02028 Cotillas;100 y más años;Total;1 de enero de 2014;0
02 Albacete;02028 Cotillas;100 y más años;Total;1 de enero de 2013;0
02 Albacete;02028 Cotillas;100 y más años;Total;1 de enero de 2012;0
02 Albacete;02028 Cotillas;100 y más años;Total;1 de enero de 2011;0
02 Albacete;02028 Cotillas;100 y más años;Total;1 de enero de 2010;0
02 Albacete;02030 Elche de la Sierra;De 0 a 4 años;Total;1 de enero de 2022;88
02 Albacete;02030 Elche de la Sierra;De 0 a 4 años;Total;1 de enero de 2021;107
02 Albacete;02030 Elche de la Sierra;De 0 a 4 años;Total;1 de enero de 2020;115
02 Albacete;02030 Elche de la Sierra;De 0 a 4 años;Total;1 de enero de 2019;129
02 Albacete;02030 Elche de la Sierra;De 0 a 4 años;Total;1 de enero de 2018;134
02 Albacete;02030 Elche de la Sierra;De 0 a 4 años;Total;1 de enero de 2017;134
02 Albacete;02030 Elche de la Sierra;De 0 a 4 años;Total;1 de enero de 2016;142
02 Albacete;02030 Elche de la Sierra;De 0 a 4 años;Total;1 de enero de 2015;152
02 Albacete;02030 Elche de la Sierra;De 0 a 4 años;Total;1 de enero de 2014;150
02 Albacete;02030 Elche de la Sierra;De 0 a 4 años;Total;1 de enero de 2013;163
02 Albacete;02030 Elche de la Sierra;De 0 a 4 años;Total;1 de enero de 2012;163
02 Albacete;02030 Elche de la Sierra;De 0 a 4 años;Total;1 de enero de 2011;169
02 Albacete;02030 Elche de la Sierra;De 0 a 4 años;Total;1 de enero de 2010;168
02 Albacete;02030 Elche de la Sierra;De 5 a 9 años;Total;1 de enero de 2022;144
02 Albacete;02030 Elche de la Sierra;De 5 a 9 años;Total;1 de enero de 2021;158
02 Albacete;02030 Elche de la Sierra;De 5 a 9 años;Total;1 de enero de 2020;159
02 Albacete;02030 Elche de la Sierra;De 5 a 9 años;Total;1 de enero de 2019;155
02 Albacete;02030 Elche de la Sierra;De 5 a 9 años;Total;1 de enero de 2018;171
02 Albacete;02030 Elche de la Sierra;De 5 a 9 años;Total;1 de enero de 2017;174
02 Albacete;02030 Elche de la Sierra;De 5 a 9 años;Total;1 de enero de 2016;178
02 Albacete;02030 Elche de la Sierra;De 5 a 9 años;Total;1 de enero de 2015;183
02 Albacete;02030 Elche de la Sierra;De 5 a 9 años;Total;1 de enero de 2014;191
02 Albacete;02030 Elche de la Sierra;De 5 a 9 años;Total;1 de enero de 2013;196
02 Albacete;02030 Elche de la Sierra;De 5 a 9 años;Total;1 de enero de 2012;194
02 Albacete;02030 Elche de la Sierra;De 5 a 9 años;Total;1 de enero de 2011;174
02 Albacete;02030 Elche de la Sierra;De 5 a 9 años;Total;1 de enero de 2010;187
02 Albacete;02030 Elche de la Sierra;De 10 a 14 años;Total;1 de enero de 2022;185
02 Albacete;02030 Elche de la Sierra;De 10 a 14 años;Total;1 de enero de 2021;184
02 Albacete;02030 Elche de la Sierra;De 10 a 14 años;Total;1 de enero de 2020;181
02 Albacete;02030 Elche de la Sierra;De 10 a 14 años;Total;1 de enero de 2019;187
02 Albacete;02030 Elche de la Sierra;De 10 a 14 años;Total;1 de enero de 2018;182
02 Albacete;02030 Elche de la Sierra;De 10 a 14 años;Total;1 de enero de 2017;181
02 Albacete;02030 Elche de la Sierra;De 10 a 14 años;Total;1 de enero de 2016;168
02 Albacete;02030 Elche de la Sierra;De 10 a 14 años;Total;1 de enero de 2015;185
02 Albacete;02030 Elche de la Sierra;De 10 a 14 años;Total;1 de enero de 2014;171
02 Albacete;02030 Elche de la Sierra;De 10 a 14 años;Total;1 de enero de 2013;182
02 Albacete;02030 Elche de la Sierra;De 10 a 14 años;Total;1 de enero de 2012;186
02 Albacete;02030 Elche de la Sierra;De 10 a 14 años;Total;1 de enero de 2011;211
02 Albacete;02030 Elche de la Sierra;De 10 a 14 años;Total;1 de enero de 2010;198
02 Albacete;02030 Elche de la Sierra;De 65 a 69 años;Total;1 de enero de 2022;204
02 Albacete;02030 Elche de la Sierra;De 65 a 69 años;Total;1 de enero de 2021;208
02 Albacete;02030 Elche de la Sierra;De 65 a 69 años;Total;1 de enero de 2020;203
02 Albacete;02030 Elche de la Sierra;De 65 a 69 años;Total;1 de enero de 2019;202
02 Albacete;02030 Elche de la Sierra;De 65 a 69 años;Total;1 de enero de 2018;182
02 Albacete;02030 Elche de la Sierra;De 65 a 69 años;Total;1 de enero de 2017;182
02 Albacete;02030 Elche de la Sierra;De 65 a 69 años;Total;1 de enero de 2016;176
02 Albacete;02030 Elche de la Sierra;De 65 a 69 años;Total;1 de enero de 2015;170
02 Albacete;02030 Elche de la Sierra;De 65 a 69 años;Total;1 de enero de 2014;174
02 Albacete;02030 Elche de la Sierra;De 65 a 69 años;Total;1 de enero de 2013;163
02 Albacete;02030 Elche de la Sierra;De 65 a 69 años;Total;1 de enero de 2012;152
02 Albacete;02030 Elche de la Sierra;De 65 a 69 años;Total;1 de enero de 2011;142
02 Albacete;02030 Elche de la Sierra;De 65 a 69 años;Total;1 de enero de 2010;162
02 Albacete;02030 Elche de la Sierra;De 70 a 74 años;Total;1 de enero de 2022;176
02 Albacete;02030 Elche de la Sierra;De 70 a 74 años;Total;1 de enero de 2021;171
02 Albacete;02030 Elche de la Sierra;De 70 a 74 años;Total;1 de enero de 2020;157
02 Albacete;02030 Elche de la Sierra;De 70 a 74 años;Total;1 de enero de 2019;155
02 Albacete;02030 Elche de la Sierra;De 70 a 74 años;Total;1 de enero de 2018;148
02 Albacete;02030 Elche de la Sierra;De 70 a 74 años;Total;1 de enero de 2017;142
02 Albacete;02030 Elche de la Sierra;De 70 a 74 años;Total;1 de enero de 2016;134
02 Albacete;02030 Elche de la Sierra;De 70 a 74 años;Total;1 de enero de 2015;154
02 Albacete;02030 Elche de la Sierra;De 70 a 74 años;Total;1 de enero de 2014;159
02 Albacete;02030 Elche de la Sierra;De 70 a 74 años;Total;1 de enero de 2013;169
02 Albacete;02030 Elche de la Sierra;De 70 a 74 años;Total;1 de enero de 2012;195
02 Albacete;02030 Elche de la Sierra;De 70 a 74 años;Total;1 de enero de 2011;203
02 Albacete;02030 Elche de la Sierra;De 70 a 74 años;Total;1 de enero de 2010;216
02 Albacete;02030 Elche de la Sierra;De 75 a 79 años;Total;1 de enero de 2022;134
02 Albacete;02030 Elche de la Sierra;De 75 a 79 años;Total;1 de enero de 2021;119
02 Albacete;02030 Elche de la Sierra;De 75 a 79 años;Total;1 de enero de 2020;131
02 Albacete;02030 Elche de la Sierra;De 75 a 79 años;Total;1 de enero de 2019;136
02 Albacete;02030 Elche de la Sierra;De 75 a 79 años;Total;1 de enero de 2018;149
02 Albacete;02030 Elche de la Sierra;De 75 a 79 años;Total;1 de enero de 2017;165
02 Albacete;02030 Elche de la Sierra;De 75 a 79 años;Total;1 de enero de 2016;171
02 Albacete;02030 Elche de la Sierra;De 75 a 79 años;Total;1 de enero de 2015;186
02 Albacete;02030 Elche de la Sierra;De 75 a 79 años;Total;1 de enero de 2014;196
02 Albacete;02030 Elche de la Sierra;De 75 a 79 años;Total;1 de enero de 2013;209
02 Albacete;02030 Elche de la Sierra;De 75 a 79 años;Total;1 de enero de 2012;224
02 Albacete;02030 Elche de la Sierra;De 75 a 79 años;Total;1 de enero de 2011;249
02 Albacete;02030 Elche de la Sierra;De 75 a 79 años;Total;1 de enero de 2010;250
02 Albacete;02030 Elche de la Sierra;De 80 a 84 años;Total;1 de enero de 2022;124
02 Albacete;02030 Elche de la Sierra;De 80 a 84 años;Total;1 de enero de 2021;130
02 Albacete;02030 Elche de la Sierra;De 80 a 84 años;Total;1 de enero de 2020;144
02 Albacete;02030 Elche de la Sierra;De 80 a 84 años;Total;1 de enero de 2019;156
02 Albacete;02030 Elche de la Sierra;De 80 a 84 años;Total;1 de enero de 2018;159
02 Albacete;02030 Elche de la Sierra;De 80 a 84 años;Total;1 de enero de 2017;161
02 Albacete;02030 Elche de la Sierra;De 80 a 84 años;Total;1 de enero de 2016;181
02 Albacete;02030 Elche de la Sierra;De 80 a 84 años;Total;1 de enero de 2015;178
02 Albacete;02030 Elche de la Sierra;De 80 a 84 años;Total;1 de enero de 2014;199
02 Albacete;02030 Elche de la Sierra;De 80 a 84 años;Total;1 de enero de 2013;201
02 Albacete;02030 Elche de la Sierra;De 80 a 84 años;Total;1 de enero de 2012;196
02 Albacete;02030 Elche de la Sierra;De 80 a 84 años;Total;1 de enero de 2011;177
02 Albacete;02030 Elche de la Sierra;De 80 a 84 años;Total;1 de enero de 2010;164
02 Albacete;02030 Elche de la Sierra;De 85 a 89 años;Total;1 de enero de 2022;113
02 Albacete;02030 Elche de la Sierra;De 85 a 89 años;Total;1 de enero de 2021;127
02 Albacete;02030 Elche de la Sierra;De 85 a 89 años;Total;1 de enero de 2020;114
02 Albacete;02030 Elche de la Sierra;De 85 a 89 años;Total;1 de enero de 2019;116
02 Albacete;02030 Elche de la Sierra;De 85 a 89 años;Total;1 de enero de 2018;120
02 Albacete;02030 Elche de la Sierra;De 85 a 89 años;Total;1 de enero de 2017;120
02 Albacete;02030 Elche de la Sierra;De 85 a 89 años;Total;1 de enero de 2016;113
02 Albacete;02030 Elche de la Sierra;De 85 a 89 años;Total;1 de enero de 2015;104
02 Albacete;02030 Elche de la Sierra;De 85 a 89 años;Total;1 de enero de 2014;86
02 Albacete;02030 Elche de la Sierra;De 85 a 89 años;Total;1 de enero de 2013;88
02 Albacete;02030 Elche de la Sierra;De 85 a 89 años;Total;1 de enero de 2012;84
02 Albacete;02030 Elche de la Sierra;De 85 a 89 años;Total;1 de enero de 2011;85
02 Albacete;02030 Elche de la Sierra;De 85 a 89 años;Total;1 de enero de 2010;75
02 Albacete;02030 Elche de la Sierra;De 90 a 94 años;Total;1 de enero de 2022;53
02 Albacete;02030 Elche de la Sierra;De 90 a 94 años;Total;1 de enero de 2021;41
02 Albacete;02030 Elche de la Sierra;De 90 a 94 años;Total;1 de enero de 2020;40
02 Albacete;02030 Elche de la Sierra;De 90 a 94 años;Total;1 de enero de 2019;43
02 Albacete;02030 Elche de la Sierra;De 90 a 94 años;Total;1 de enero de 2018;37
02 Albacete;02030 Elche de la Sierra;De 90 a 94 años;Total;1 de enero de 2017;28
02 Albacete;02030 Elche de la Sierra;De 90 a 94 años;Total;1 de enero de 2016;28
02 Albacete;02030 Elche de la Sierra;De 90 a 94 años;Total;1 de enero de 2015;22
02 Albacete;02030 Elche de la Sierra;De 90 a 94 años;Total;1 de enero de 2014;24
02 Albacete;02030 Elche de la Sierra;De 90 a 94 años;Total;1 de enero de 2013;22
02 Albacete;02030 Elche de la Sierra;De 90 a 94 años;Total;1 de enero de 2012;23
02 Albacete;02030 Elche de la Sierra;De 90 a 94 años;Total;1 de enero de 2011;24
02 Albacete;02030 Elche de la Sierra;De 90 a 94 años;Total;1 de enero de 2010;21
02 Albacete;02030 Elche de la Sierra;De 95 a 99 años;Total;1 de enero de 2022;7
02 Albacete;02030 Elche de la Sierra;De 95 a 99 años;Total;1 de enero de 2021;9
02 Albacete;02030 Elche de la Sierra;De 95 a 99 años;Total;1 de enero de 2020;6
02 Albacete;02030 Elche de la Sierra;De 95 a 99 años;Total;1 de enero de 2019;10
02 Albacete;02030 Elche de la Sierra;De 95 a 99 años;Total;1 de enero de 2018;7
02 Albacete;02030 Elche de la Sierra;De 95 a 99 años;Total;1 de enero de 2017;6
02 Albacete;02030 Elche de la Sierra;De 95 a 99 años;Total;1 de enero de 2016;11
02 Albacete;02030 Elche de la Sierra;De 95 a 99 años;Total;1 de enero de 2015;8
02 Albacete;02030 Elche de la Sierra;De 95 a 99 años;Total;1 de enero de 2014;5
02 Albacete;02030 Elche de la Sierra;De 95 a 99 años;Total;1 de enero de 2013;5
02 Albacete;02030 Elche de la Sierra;De 95 a 99 años;Total;1 de enero de 2012;7
02 Albacete;02030 Elche de la Sierra;De 95 a 99 años;Total;1 de enero de 2011;5
02 Albacete;02030 Elche de la Sierra;De 95 a 99 años;Total;1 de enero de 2010;4
02 Albacete;02030 Elche de la Sierra;100 y más años;Total;1 de enero de 2022;1
02 Albacete;02030 Elche de la Sierra;100 y más años;Total;1 de enero de 2021;1
02 Albacete;02030 Elche de la Sierra;100 y más años;Total;1 de enero de 2020;2
02 Albacete;02030 Elche de la Sierra;100 y más años;Total;1 de enero de 2019;1
02 Albacete;02030 Elche de la Sierra;100 y más años;Total;1 de enero de 2018;2
02 Albacete;02030 Elche de la Sierra;100 y más años;Total;1 de enero de 2017;3
02 Albacete;02030 Elche de la Sierra;100 y más años;Total;1 de enero de 2016;1
02 Albacete;02030 Elche de la Sierra;100 y más años;Total;1 de enero de 2015;1
02 Albacete;02030 Elche de la Sierra;100 y más años;Total;1 de enero de 2014;0
02 Albacete;02030 Elche de la Sierra;100 y más años;Total;1 de enero de 2013;0
02 Albacete;02030 Elche de la Sierra;100 y más años;Total;1 de enero de 2012;0
02 Albacete;02030 Elche de la Sierra;100 y más años;Total;1 de enero de 2011;0
02 Albacete;02030 Elche de la Sierra;100 y más años;Total;1 de enero de 2010;0
02 Albacete;02031 Férez;De 0 a 4 años;Total;1 de enero de 2022;13
02 Albacete;02031 Férez;De 0 a 4 años;Total;1 de enero de 2021;9
02 Albacete;02031 Férez;De 0 a 4 años;Total;1 de enero de 2020;12
02 Albacete;02031 Férez;De 0 a 4 años;Total;1 de enero de 2019;12
02 Albacete;02031 Férez;De 0 a 4 años;Total;1 de enero de 2018;14
02 Albacete;02031 Férez;De 0 a 4 años;Total;1 de enero de 2017;19
02 Albacete;02031 Férez;De 0 a 4 años;Total;1 de enero de 2016;22
02 Albacete;02031 Férez;De 0 a 4 años;Total;1 de enero de 2015;23
02 Albacete;02031 Férez;De 0 a 4 años;Total;1 de enero de 2014;25
02 Albacete;02031 Férez;De 0 a 4 años;Total;1 de enero de 2013;33
02 Albacete;02031 Férez;De 0 a 4 años;Total;1 de enero de 2012;26
02 Albacete;02031 Férez;De 0 a 4 años;Total;1 de enero de 2011;29
02 Albacete;02031 Férez;De 0 a 4 años;Total;1 de enero de 2010;27
02 Albacete;02031 Férez;De 5 a 9 años;Total;1 de enero de 2022;18
02 Albacete;02031 Férez;De 5 a 9 años;Total;1 de enero de 2021;23
02 Albacete;02031 Férez;De 5 a 9 años;Total;1 de enero de 2020;23
02 Albacete;02031 Férez;De 5 a 9 años;Total;1 de enero de 2019;26
02 Albacete;02031 Férez;De 5 a 9 años;Total;1 de enero de 2018;29
02 Albacete;02031 Férez;De 5 a 9 años;Total;1 de enero de 2017;26
02 Albacete;02031 Férez;De 5 a 9 años;Total;1 de enero de 2016;28
02 Albacete;02031 Férez;De 5 a 9 años;Total;1 de enero de 2015;29
02 Albacete;02031 Férez;De 5 a 9 años;Total;1 de enero de 2014;36
02 Albacete;02031 Férez;De 5 a 9 años;Total;1 de enero de 2013;29
02 Albacete;02031 Férez;De 5 a 9 años;Total;1 de enero de 2012;34
02 Albacete;02031 Férez;De 5 a 9 años;Total;1 de enero de 2011;38
02 Albacete;02031 Férez;De 5 a 9 años;Total;1 de enero de 2010;39
02 Albacete;02031 Férez;De 10 a 14 años;Total;1 de enero de 2022;27
02 Albacete;02031 Férez;De 10 a 14 años;Total;1 de enero de 2021;28
02 Albacete;02031 Férez;De 10 a 14 años;Total;1 de enero de 2020;25
02 Albacete;02031 Férez;De 10 a 14 años;Total;1 de enero de 2019;27
02 Albacete;02031 Férez;De 10 a 14 años;Total;1 de enero de 2018;26
02 Albacete;02031 Férez;De 10 a 14 años;Total;1 de enero de 2017;32
02 Albacete;02031 Férez;De 10 a 14 años;Total;1 de enero de 2016;38
02 Albacete;02031 Férez;De 10 a 14 años;Total;1 de enero de 2015;39
02 Albacete;02031 Férez;De 10 a 14 años;Total;1 de enero de 2014;34
02 Albacete;02031 Férez;De 10 a 14 años;Total;1 de enero de 2013;41
02 Albacete;02031 Férez;De 10 a 14 años;Total;1 de enero de 2012;41
02 Albacete;02031 Férez;De 10 a 14 años;Total;1 de enero de 2011;33
02 Albacete;02031 Férez;De 10 a 14 años;Total;1 de enero de 2010;29
02 Albacete;02031 Férez;De 65 a 69 años;Total;1 de enero de 2022;38
02 Albacete;02031 Férez;De 65 a 69 años;Total;1 de enero de 2021;41
02 Albacete;02031 Férez;De 65 a 69 años;Total;1 de enero de 2020;42
02 Albacete;02031 Férez;De 65 a 69 años;Total;1 de enero de 2019;39
02 Albacete;02031 Férez;De 65 a 69 años;Total;1 de enero de 2018;41
02 Albacete;02031 Férez;De 65 a 69 años;Total;1 de enero de 2017;46
02 Albacete;02031 Férez;De 65 a 69 años;Total;1 de enero de 2016;51
02 Albacete;02031 Férez;De 65 a 69 años;Total;1 de enero de 2015;46
02 Albacete;02031 Férez;De 65 a 69 años;Total;1 de enero de 2014;46
02 Albacete;02031 Férez;De 65 a 69 años;Total;1 de enero de 2013;44
02 Albacete;02031 Férez;De 65 a 69 años;Total;1 de enero de 2012;42
02 Albacete;02031 Férez;De 65 a 69 años;Total;1 de enero de 2011;41
02 Albacete;02031 Férez;De 65 a 69 años;Total;1 de enero de 2010;44
02 Albacete;02031 Férez;De 70 a 74 años;Total;1 de enero de 2022;38
02 Albacete;02031 Férez;De 70 a 74 años;Total;1 de enero de 2021;48
02 Albacete;02031 Férez;De 70 a 74 años;Total;1 de enero de 2020;44
02 Albacete;02031 Férez;De 70 a 74 años;Total;1 de enero de 2019;45
02 Albacete;02031 Férez;De 70 a 74 años;Total;1 de enero de 2018;40
02 Albacete;02031 Férez;De 70 a 74 años;Total;1 de enero de 2017;36
02 Albacete;02031 Férez;De 70 a 74 años;Total;1 de enero de 2016;31
02 Albacete;02031 Férez;De 70 a 74 años;Total;1 de enero de 2015;36
02 Albacete;02031 Férez;De 70 a 74 años;Total;1 de enero de 2014;36
02 Albacete;02031 Férez;De 70 a 74 años;Total;1 de enero de 2013;37
02 Albacete;02031 Férez;De 70 a 74 años;Total;1 de enero de 2012;45
02 Albacete;02031 Férez;De 70 a 74 años;Total;1 de enero de 2011;48
02 Albacete;02031 Férez;De 70 a 74 años;Total;1 de enero de 2010;50
02 Albacete;02031 Férez;De 75 a 79 años;Total;1 de enero de 2022;33
02 Albacete;02031 Férez;De 75 a 79 años;Total;1 de enero de 2021;27
02 Albacete;02031 Férez;De 75 a 79 años;Total;1 de enero de 2020;29
02 Albacete;02031 Férez;De 75 a 79 años;Total;1 de enero de 2019;30
02 Albacete;02031 Férez;De 75 a 79 años;Total;1 de enero de 2018;31
02 Albacete;02031 Férez;De 75 a 79 años;Total;1 de enero de 2017;34
02 Albacete;02031 Férez;De 75 a 79 años;Total;1 de enero de 2016;38
02 Albacete;02031 Férez;De 75 a 79 años;Total;1 de enero de 2015;42
02 Albacete;02031 Férez;De 75 a 79 años;Total;1 de enero de 2014;46
02 Albacete;02031 Férez;De 75 a 79 años;Total;1 de enero de 2013;51
02 Albacete;02031 Férez;De 75 a 79 años;Total;1 de enero de 2012;57
02 Albacete;02031 Férez;De 75 a 79 años;Total;1 de enero de 2011;58
02 Albacete;02031 Férez;De 75 a 79 años;Total;1 de enero de 2010;62
02 Albacete;02031 Férez;De 80 a 84 años;Total;1 de enero de 2022;25
02 Albacete;02031 Férez;De 80 a 84 años;Total;1 de enero de 2021;28
02 Albacete;02031 Férez;De 80 a 84 años;Total;1 de enero de 2020;34
02 Albacete;02031 Férez;De 80 a 84 años;Total;1 de enero de 2019;38
02 Albacete;02031 Férez;De 80 a 84 años;Total;1 de enero de 2018;43
02 Albacete;02031 Férez;De 80 a 84 años;Total;1 de enero de 2017;48
02 Albacete;02031 Férez;De 80 a 84 años;Total;1 de enero de 2016;43
02 Albacete;02031 Férez;De 80 a 84 años;Total;1 de enero de 2015;51
02 Albacete;02031 Férez;De 80 a 84 años;Total;1 de enero de 2014;50
02 Albacete;02031 Férez;De 80 a 84 años;Total;1 de enero de 2013;52
02 Albacete;02031 Férez;De 80 a 84 años;Total;1 de enero de 2012;46
02 Albacete;02031 Férez;De 80 a 84 años;Total;1 de enero de 2011;46
02 Albacete;02031 Férez;De 80 a 84 años;Total;1 de enero de 2010;44
02 Albacete;02031 Férez;De 85 a 89 años;Total;1 de enero de 2022;30
02 Albacete;02031 Férez;De 85 a 89 años;Total;1 de enero de 2021;29
02 Albacete;02031 Férez;De 85 a 89 años;Total;1 de enero de 2020;30
02 Albacete;02031 Férez;De 85 a 89 años;Total;1 de enero de 2019;33
02 Albacete;02031 Férez;De 85 a 89 años;Total;1 de enero de 2018;35
02 Albacete;02031 Férez;De 85 a 89 años;Total;1 de enero de 2017;27
02 Albacete;02031 Férez;De 85 a 89 años;Total;1 de enero de 2016;28
02 Albacete;02031 Férez;De 85 a 89 años;Total;1 de enero de 2015;26
02 Albacete;02031 Férez;De 85 a 89 años;Total;1 de enero de 2014;22
02 Albacete;02031 Férez;De 85 a 89 años;Total;1 de enero de 2013;19
02 Albacete;02031 Férez;De 85 a 89 años;Total;1 de enero de 2012;21
02 Albacete;02031 Férez;De 85 a 89 años;Total;1 de enero de 2011;22
02 Albacete;02031 Férez;De 85 a 89 años;Total;1 de enero de 2010;19
02 Albacete;02031 Férez;De 90 a 94 años;Total;1 de enero de 2022;13
02 Albacete;02031 Férez;De 90 a 94 años;Total;1 de enero de 2021;16
02 Albacete;02031 Férez;De 90 a 94 años;Total;1 de enero de 2020;13
02 Albacete;02031 Férez;De 90 a 94 años;Total;1 de enero de 2019;13
02 Albacete;02031 Férez;De 90 a 94 años;Total;1 de enero de 2018;13
02 Albacete;02031 Férez;De 90 a 94 años;Total;1 de enero de 2017;12
02 Albacete;02031 Férez;De 90 a 94 años;Total;1 de enero de 2016;7
02 Albacete;02031 Férez;De 90 a 94 años;Total;1 de enero de 2015;5
02 Albacete;02031 Férez;De 90 a 94 años;Total;1 de enero de 2014;8
02 Albacete;02031 Férez;De 90 a 94 años;Total;1 de enero de 2013;10
02 Albacete;02031 Férez;De 90 a 94 años;Total;1 de enero de 2012;8
02 Albacete;02031 Férez;De 90 a 94 años;Total;1 de enero de 2011;6
02 Albacete;02031 Férez;De 90 a 94 años;Total;1 de enero de 2010;7
02 Albacete;02031 Férez;De 95 a 99 años;Total;1 de enero de 2022;1
02 Albacete;02031 Férez;De 95 a 99 años;Total;1 de enero de 2021;2
02 Albacete;02031 Férez;De 95 a 99 años;Total;1 de enero de 2020;1
02 Albacete;02031 Férez;De 95 a 99 años;Total;1 de enero de 2019;1
02 Albacete;02031 Férez;De 95 a 99 años;Total;1 de enero de 2018;4
02 Albacete;02031 Férez;De 95 a 99 años;Total;1 de enero de 2017;3
02 Albacete;02031 Férez;De 95 a 99 años;Total;1 de enero de 2016;4
02 Albacete;02031 Férez;De 95 a 99 años;Total;1 de enero de 2015;4
02 Albacete;02031 Férez;De 95 a 99 años;Total;1 de enero de 2014;3
02 Albacete;02031 Férez;De 95 a 99 años;Total;1 de enero de 2013;0
02 Albacete;02031 Férez;De 95 a 99 años;Total;1 de enero de 2012;1
02 Albacete;02031 Férez;De 95 a 99 años;Total;1 de enero de 2011;1
02 Albacete;02031 Férez;De 95 a 99 años;Total;1 de enero de 2010;1
02 Albacete;02031 Férez;100 y más años;Total;1 de enero de 2022;0
02 Albacete;02031 Férez;100 y más años;Total;1 de enero de 2021;1
02 Albacete;02031 Férez;100 y más años;Total;1 de enero de 2020;2
02 Albacete;02031 Férez;100 y más años;Total;1 de enero de 2019;2
02 Albacete;02031 Férez;100 y más años;Total;1 de enero de 2018;0
02 Albacete;02031 Férez;100 y más años;Total;1 de enero de 2017;0
02 Albacete;02031 Férez;100 y más años;Total;1 de enero de 2016;0
02 Albacete;02031 Férez;100 y más años;Total;1 de enero de 2015;0
02 Albacete;02031 Férez;100 y más años;Total;1 de enero de 2014;0
02 Albacete;02031 Férez;100 y más años;Total;1 de enero de 2013;0
02 Albacete;02031 Férez;100 y más años;Total;1 de enero de 2012;0
02 Albacete;02031 Férez;100 y más años;Total;1 de enero de 2011;0
02 Albacete;02031 Férez;100 y más años;Total;1 de enero de 2010;0
02 Albacete;02032 Fuensanta;De 0 a 4 años;Total;1 de enero de 2022;2
02 Albacete;02032 Fuensanta;De 0 a 4 años;Total;1 de enero de 2021;3
02 Albacete;02032 Fuensanta;De 0 a 4 años;Total;1 de enero de 2020;6
02 Albacete;02032 Fuensanta;De 0 a 4 años;Total;1 de enero de 2019;7
02 Albacete;02032 Fuensanta;De 0 a 4 años;Total;1 de enero de 2018;7
02 Albacete;02032 Fuensanta;De 0 a 4 años;Total;1 de enero de 2017;7
02 Albacete;02032 Fuensanta;De 0 a 4 años;Total;1 de enero de 2016;4
02 Albacete;02032 Fuensanta;De 0 a 4 años;Total;1 de enero de 2015;3
02 Albacete;02032 Fuensanta;De 0 a 4 años;Total;1 de enero de 2014;4
02 Albacete;02032 Fuensanta;De 0 a 4 años;Total;1 de enero de 2013;4
02 Albacete;02032 Fuensanta;De 0 a 4 años;Total;1 de enero de 2012;8
02 Albacete;02032 Fuensanta;De 0 a 4 años;Total;1 de enero de 2011;8
02 Albacete;02032 Fuensanta;De 0 a 4 años;Total;1 de enero de 2010;9
02 Albacete;02032 Fuensanta;De 5 a 9 años;Total;1 de enero de 2022;4
02 Albacete;02032 Fuensanta;De 5 a 9 años;Total;1 de enero de 2021;2
02 Albacete;02032 Fuensanta;De 5 a 9 años;Total;1 de enero de 2020;2
02 Albacete;02032 Fuensanta;De 5 a 9 años;Total;1 de enero de 2019;4
02 Albacete;02032 Fuensanta;De 5 a 9 años;Total;1 de enero de 2018;5
02 Albacete;02032 Fuensanta;De 5 a 9 años;Total;1 de enero de 2017;5
02 Albacete;02032 Fuensanta;De 5 a 9 años;Total;1 de enero de 2016;7
02 Albacete;02032 Fuensanta;De 5 a 9 años;Total;1 de enero de 2015;7
02 Albacete;02032 Fuensanta;De 5 a 9 años;Total;1 de enero de 2014;12
02 Albacete;02032 Fuensanta;De 5 a 9 años;Total;1 de enero de 2013;13
02 Albacete;02032 Fuensanta;De 5 a 9 años;Total;1 de enero de 2012;8
02 Albacete;02032 Fuensanta;De 5 a 9 años;Total;1 de enero de 2011;7
02 Albacete;02032 Fuensanta;De 5 a 9 años;Total;1 de enero de 2010;6
02 Albacete;02032 Fuensanta;De 10 a 14 años;Total;1 de enero de 2022;7
02 Albacete;02032 Fuensanta;De 10 a 14 años;Total;1 de enero de 2021;7
02 Albacete;02032 Fuensanta;De 10 a 14 años;Total;1 de enero de 2020;6
02 Albacete;02032 Fuensanta;De 10 a 14 años;Total;1 de enero de 2019;11
02 Albacete;02032 Fuensanta;De 10 a 14 años;Total;1 de enero de 2018;13
02 Albacete;02032 Fuensanta;De 10 a 14 años;Total;1 de enero de 2017;8
02 Albacete;02032 Fuensanta;De 10 a 14 años;Total;1 de enero de 2016;6
02 Albacete;02032 Fuensanta;De 10 a 14 años;Total;1 de enero de 2015;11
02 Albacete;02032 Fuensanta;De 10 a 14 años;Total;1 de enero de 2014;5
02 Albacete;02032 Fuensanta;De 10 a 14 años;Total;1 de enero de 2013;6
02 Albacete;02032 Fuensanta;De 10 a 14 años;Total;1 de enero de 2012;8
02 Albacete;02032 Fuensanta;De 10 a 14 años;Total;1 de enero de 2011;8
02 Albacete;02032 Fuensanta;De 10 a 14 años;Total;1 de enero de 2010;9
02 Albacete;02032 Fuensanta;De 65 a 69 años;Total;1 de enero de 2022;21
02 Albacete;02032 Fuensanta;De 65 a 69 años;Total;1 de enero de 2021;17
02 Albacete;02032 Fuensanta;De 65 a 69 años;Total;1 de enero de 2020;19
02 Albacete;02032 Fuensanta;De 65 a 69 años;Total;1 de enero de 2019;20
02 Albacete;02032 Fuensanta;De 65 a 69 años;Total;1 de enero de 2018;20
02 Albacete;02032 Fuensanta;De 65 a 69 años;Total;1 de enero de 2017;23
02 Albacete;02032 Fuensanta;De 65 a 69 años;Total;1 de enero de 2016;27
02 Albacete;02032 Fuensanta;De 65 a 69 años;Total;1 de enero de 2015;26
02 Albacete;02032 Fuensanta;De 65 a 69 años;Total;1 de enero de 2014;25
02 Albacete;02032 Fuensanta;De 65 a 69 años;Total;1 de enero de 2013;25
02 Albacete;02032 Fuensanta;De 65 a 69 años;Total;1 de enero de 2012;24
02 Albacete;02032 Fuensanta;De 65 a 69 años;Total;1 de enero de 2011;22
02 Albacete;02032 Fuensanta;De 65 a 69 años;Total;1 de enero de 2010;22
02 Albacete;02032 Fuensanta;De 70 a 74 años;Total;1 de enero de 2022;24
02 Albacete;02032 Fuensanta;De 70 a 74 años;Total;1 de enero de 2021;33
02 Albacete;02032 Fuensanta;De 70 a 74 años;Total;1 de enero de 2020;33
02 Albacete;02032 Fuensanta;De 70 a 74 años;Total;1 de enero de 2019;28
02 Albacete;02032 Fuensanta;De 70 a 74 años;Total;1 de enero de 2018;25
02 Albacete;02032 Fuensanta;De 70 a 74 años;Total;1 de enero de 2017;21
02 Albacete;02032 Fuensanta;De 70 a 74 años;Total;1 de enero de 2016;19
02 Albacete;02032 Fuensanta;De 70 a 74 años;Total;1 de enero de 2015;22
02 Albacete;02032 Fuensanta;De 70 a 74 años;Total;1 de enero de 2014;23
02 Albacete;02032 Fuensanta;De 70 a 74 años;Total;1 de enero de 2013;25
02 Albacete;02032 Fuensanta;De 70 a 74 años;Total;1 de enero de 2012;32
02 Albacete;02032 Fuensanta;De 70 a 74 años;Total;1 de enero de 2011;34
02 Albacete;02032 Fuensanta;De 70 a 74 años;Total;1 de enero de 2010;39
02 Albacete;02032 Fuensanta;De 75 a 79 años;Total;1 de enero de 2022;18
02 Albacete;02032 Fuensanta;De 75 a 79 años;Total;1 de enero de 2021;13
02 Albacete;02032 Fuensanta;De 75 a 79 años;Total;1 de enero de 2020;15
02 Albacete;02032 Fuensanta;De 75 a 79 años;Total;1 de enero de 2019;15
02 Albacete;02032 Fuensanta;De 75 a 79 años;Total;1 de enero de 2018;20
02 Albacete;02032 Fuensanta;De 75 a 79 años;Total;1 de enero de 2017;27
02 Albacete;02032 Fuensanta;De 75 a 79 años;Total;1 de enero de 2016;27
02 Albacete;02032 Fuensanta;De 75 a 79 años;Total;1 de enero de 2015;27
02 Albacete;02032 Fuensanta;De 75 a 79 años;Total;1 de enero de 2014;34
02 Albacete;02032 Fuensanta;De 75 a 79 años;Total;1 de enero de 2013;29
02 Albacete;02032 Fuensanta;De 75 a 79 años;Total;1 de enero de 2012;32
02 Albacete;02032 Fuensanta;De 75 a 79 años;Total;1 de enero de 2011;31
02 Albacete;02032 Fuensanta;De 75 a 79 años;Total;1 de enero de 2010;24
02 Albacete;02032 Fuensanta;De 80 a 84 años;Total;1 de enero de 2022;18
02 Albacete;02032 Fuensanta;De 80 a 84 años;Total;1 de enero de 2021;19
02 Albacete;02032 Fuensanta;De 80 a 84 años;Total;1 de enero de 2020;23
02 Albacete;02032 Fuensanta;De 80 a 84 años;Total;1 de enero de 2019;27
02 Albacete;02032 Fuensanta;De 80 a 84 años;Total;1 de enero de 2018;19
02 Albacete;02032 Fuensanta;De 80 a 84 años;Total;1 de enero de 2017;19
02 Albacete;02032 Fuensanta;De 80 a 84 años;Total;1 de enero de 2016;19
02 Albacete;02032 Fuensanta;De 80 a 84 años;Total;1 de enero de 2015;20
02 Albacete;02032 Fuensanta;De 80 a 84 años;Total;1 de enero de 2014;16
02 Albacete;02032 Fuensanta;De 80 a 84 años;Total;1 de enero de 2013;16
02 Albacete;02032 Fuensanta;De 80 a 84 años;Total;1 de enero de 2012;16
02 Albacete;02032 Fuensanta;De 80 a 84 años;Total;1 de enero de 2011;19
02 Albacete;02032 Fuensanta;De 80 a 84 años;Total;1 de enero de 2010;20
02 Albacete;02032 Fuensanta;De 85 a 89 años;Total;1 de enero de 2022;14
02 Albacete;02032 Fuensanta;De 85 a 89 años;Total;1 de enero de 2021;18
02 Albacete;02032 Fuensanta;De 85 a 89 años;Total;1 de enero de 2020;15
02 Albacete;02032 Fuensanta;De 85 a 89 años;Total;1 de enero de 2019;12
02 Albacete;02032 Fuensanta;De 85 a 89 años;Total;1 de enero de 2018;9
02 Albacete;02032 Fuensanta;De 85 a 89 años;Total;1 de enero de 2017;11
02 Albacete;02032 Fuensanta;De 85 a 89 años;Total;1 de enero de 2016;13
02 Albacete;02032 Fuensanta;De 85 a 89 años;Total;1 de enero de 2015;12
02 Albacete;02032 Fuensanta;De 85 a 89 años;Total;1 de enero de 2014;13
02 Albacete;02032 Fuensanta;De 85 a 89 años;Total;1 de enero de 2013;13
02 Albacete;02032 Fuensanta;De 85 a 89 años;Total;1 de enero de 2012;14
02 Albacete;02032 Fuensanta;De 85 a 89 años;Total;1 de enero de 2011;12
02 Albacete;02032 Fuensanta;De 85 a 89 años;Total;1 de enero de 2010;13
02 Albacete;02032 Fuensanta;De 90 a 94 años;Total;1 de enero de 2022;5
02 Albacete;02032 Fuensanta;De 90 a 94 años;Total;1 de enero de 2021;2
02 Albacete;02032 Fuensanta;De 90 a 94 años;Total;1 de enero de 2020;3
02 Albacete;02032 Fuensanta;De 90 a 94 años;Total;1 de enero de 2019;3
02 Albacete;02032 Fuensanta;De 90 a 94 años;Total;1 de enero de 2018;5
02 Albacete;02032 Fuensanta;De 90 a 94 años;Total;1 de enero de 2017;5
02 Albacete;02032 Fuensanta;De 90 a 94 años;Total;1 de enero de 2016;3
02 Albacete;02032 Fuensanta;De 90 a 94 años;Total;1 de enero de 2015;5
02 Albacete;02032 Fuensanta;De 90 a 94 años;Total;1 de enero de 2014;5
02 Albacete;02032 Fuensanta;De 90 a 94 años;Total;1 de enero de 2013;4
02 Albacete;02032 Fuensanta;De 90 a 94 años;Total;1 de enero de 2012;4
02 Albacete;02032 Fuensanta;De 90 a 94 años;Total;1 de enero de 2011;4
02 Albacete;02032 Fuensanta;De 90 a 94 años;Total;1 de enero de 2010;3
02 Albacete;02032 Fuensanta;De 95 a 99 años;Total;1 de enero de 2022;0
02 Albacete;02032 Fuensanta;De 95 a 99 años;Total;1 de enero de 2021;0
02 Albacete;02032 Fuensanta;De 95 a 99 años;Total;1 de enero de 2020;0
02 Albacete;02032 Fuensanta;De 95 a 99 años;Total;1 de enero de 2019;0
02 Albacete;02032 Fuensanta;De 95 a 99 años;Total;1 de enero de 2018;0
02 Albacete;02032 Fuensanta;De 95 a 99 años;Total;1 de enero de 2017;0
02 Albacete;02032 Fuensanta;De 95 a 99 años;Total;1 de enero de 2016;1
02 Albacete;02032 Fuensanta;De 95 a 99 años;Total;1 de enero de 2015;0
02 Albacete;02032 Fuensanta;De 95 a 99 años;Total;1 de enero de 2014;0
02 Albacete;02032 Fuensanta;De 95 a 99 años;Total;1 de enero de 2013;0
02 Albacete;02032 Fuensanta;De 95 a 99 años;Total;1 de enero de 2012;1
02 Albacete;02032 Fuensanta;De 95 a 99 años;Total;1 de enero de 2011;1
02 Albacete;02032 Fuensanta;De 95 a 99 años;Total;1 de enero de 2010;1
02 Albacete;02032 Fuensanta;100 y más años;Total;1 de enero de 2022;0
02 Albacete;02032 Fuensanta;100 y más años;Total;1 de enero de 2021;0
02 Albacete;02032 Fuensanta;100 y más años;Total;1 de enero de 2020;0
02 Albacete;02032 Fuensanta;100 y más años;Total;1 de enero de 2019;0
02 Albacete;02032 Fuensanta;100 y más años;Total;1 de enero de 2018;0
02 Albacete;02032 Fuensanta;100 y más años;Total;1 de enero de 2017;0
02 Albacete;02032 Fuensanta;100 y más años;Total;1 de enero de 2016;0
02 Albacete;02032 Fuensanta;100 y más años;Total;1 de enero de 2015;0
02 Albacete;02032 Fuensanta;100 y más años;Total;1 de enero de 2014;1
02 Albacete;02032 Fuensanta;100 y más años;Total;1 de enero de 2013;1
02 Albacete;02032 Fuensanta;100 y más años;Total;1 de enero de 2012;0
02 Albacete;02032 Fuensanta;100 y más años;Total;1 de enero de 2011;0
02 Albacete;02032 Fuensanta;100 y más años;Total;1 de enero de 2010;0
02 Albacete;02033 Fuente-Álamo;De 0 a 4 años;Total;1 de enero de 2022;98
02 Albacete;02033 Fuente-Álamo;De 0 a 4 años;Total;1 de enero de 2021;93
02 Albacete;02033 Fuente-Álamo;De 0 a 4 años;Total;1 de enero de 2020;105
02 Albacete;02033 Fuente-Álamo;De 0 a 4 años;Total;1 de enero de 2019;102
02 Albacete;02033 Fuente-Álamo;De 0 a 4 años;Total;1 de enero de 2018;100
02 Albacete;02033 Fuente-Álamo;De 0 a 4 años;Total;1 de enero de 2017;109
02 Albacete;02033 Fuente-Álamo;De 0 a 4 años;Total;1 de enero de 2016;118
02 Albacete;02033 Fuente-Álamo;De 0 a 4 años;Total;1 de enero de 2015;109
02 Albacete;02033 Fuente-Álamo;De 0 a 4 años;Total;1 de enero de 2014;120
02 Albacete;02033 Fuente-Álamo;De 0 a 4 años;Total;1 de enero de 2013;116
02 Albacete;02033 Fuente-Álamo;De 0 a 4 años;Total;1 de enero de 2012;117
02 Albacete;02033 Fuente-Álamo;De 0 a 4 años;Total;1 de enero de 2011;114
02 Albacete;02033 Fuente-Álamo;De 0 a 4 años;Total;1 de enero de 2010;122
02 Albacete;02033 Fuente-Álamo;De 5 a 9 años;Total;1 de enero de 2022;114
02 Albacete;02033 Fuente-Álamo;De 5 a 9 años;Total;1 de enero de 2021;111
02 Albacete;02033 Fuente-Álamo;De 5 a 9 años;Total;1 de enero de 2020;106
02 Albacete;02033 Fuente-Álamo;De 5 a 9 años;Total;1 de enero de 2019;110
02 Albacete;02033 Fuente-Álamo;De 5 a 9 años;Total;1 de enero de 2018;109
02 Albacete;02033 Fuente-Álamo;De 5 a 9 años;Total;1 de enero de 2017;120
02 Albacete;02033 Fuente-Álamo;De 5 a 9 años;Total;1 de enero de 2016;120
02 Albacete;02033 Fuente-Álamo;De 5 a 9 años;Total;1 de enero de 2015;129
02 Albacete;02033 Fuente-Álamo;De 5 a 9 años;Total;1 de enero de 2014;132
02 Albacete;02033 Fuente-Álamo;De 5 a 9 años;Total;1 de enero de 2013;133
02 Albacete;02033 Fuente-Álamo;De 5 a 9 años;Total;1 de enero de 2012;117
02 Albacete;02033 Fuente-Álamo;De 5 a 9 años;Total;1 de enero de 2011;122
02 Albacete;02033 Fuente-Álamo;De 5 a 9 años;Total;1 de enero de 2010;138
02 Albacete;02033 Fuente-Álamo;De 10 a 14 años;Total;1 de enero de 2022;115
02 Albacete;02033 Fuente-Álamo;De 10 a 14 años;Total;1 de enero de 2021;117
02 Albacete;02033 Fuente-Álamo;De 10 a 14 años;Total;1 de enero de 2020;121
02 Albacete;02033 Fuente-Álamo;De 10 a 14 años;Total;1 de enero de 2019;131
02 Albacete;02033 Fuente-Álamo;De 10 a 14 años;Total;1 de enero de 2018;130
02 Albacete;02033 Fuente-Álamo;De 10 a 14 años;Total;1 de enero de 2017;124
02 Albacete;02033 Fuente-Álamo;De 10 a 14 años;Total;1 de enero de 2016;123
02 Albacete;02033 Fuente-Álamo;De 10 a 14 años;Total;1 de enero de 2015;134
02 Albacete;02033 Fuente-Álamo;De 10 a 14 años;Total;1 de enero de 2014;142
02 Albacete;02033 Fuente-Álamo;De 10 a 14 años;Total;1 de enero de 2013;148
02 Albacete;02033 Fuente-Álamo;De 10 a 14 años;Total;1 de enero de 2012;151
02 Albacete;02033 Fuente-Álamo;De 10 a 14 años;Total;1 de enero de 2011;159
02 Albacete;02033 Fuente-Álamo;De 10 a 14 años;Total;1 de enero de 2010;145
02 Albacete;02033 Fuente-Álamo;De 65 a 69 años;Total;1 de enero de 2022;112
02 Albacete;02033 Fuente-Álamo;De 65 a 69 años;Total;1 de enero de 2021;118
02 Albacete;02033 Fuente-Álamo;De 65 a 69 años;Total;1 de enero de 2020;127
02 Albacete;02033 Fuente-Álamo;De 65 a 69 años;Total;1 de enero de 2019;122
02 Albacete;02033 Fuente-Álamo;De 65 a 69 años;Total;1 de enero de 2018;129
02 Albacete;02033 Fuente-Álamo;De 65 a 69 años;Total;1 de enero de 2017;121
02 Albacete;02033 Fuente-Álamo;De 65 a 69 años;Total;1 de enero de 2016;116
02 Albacete;02033 Fuente-Álamo;De 65 a 69 años;Total;1 de enero de 2015;121
02 Albacete;02033 Fuente-Álamo;De 65 a 69 años;Total;1 de enero de 2014;124
02 Albacete;02033 Fuente-Álamo;De 65 a 69 años;Total;1 de enero de 2013;117
02 Albacete;02033 Fuente-Álamo;De 65 a 69 años;Total;1 de enero de 2012;121
02 Albacete;02033 Fuente-Álamo;De 65 a 69 años;Total;1 de enero de 2011;128
02 Albacete;02033 Fuente-Álamo;De 65 a 69 años;Total;1 de enero de 2010;133
02 Albacete;02033 Fuente-Álamo;De 70 a 74 años;Total;1 de enero de 2022;114
02 Albacete;02033 Fuente-Álamo;De 70 a 74 años;Total;1 de enero de 2021;105
02 Albacete;02033 Fuente-Álamo;De 70 a 74 años;Total;1 de enero de 2020;107
02 Albacete;02033 Fuente-Álamo;De 70 a 74 años;Total;1 de enero de 2019;110
02 Albacete;02033 Fuente-Álamo;De 70 a 74 años;Total;1 de enero de 2018;108
02 Albacete;02033 Fuente-Álamo;De 70 a 74 años;Total;1 de enero de 2017;121
02 Albacete;02033 Fuente-Álamo;De 70 a 74 años;Total;1 de enero de 2016;128
02 Albacete;02033 Fuente-Álamo;De 70 a 74 años;Total;1 de enero de 2015;131
02 Albacete;02033 Fuente-Álamo;De 70 a 74 años;Total;1 de enero de 2014;128
02 Albacete;02033 Fuente-Álamo;De 70 a 74 años;Total;1 de enero de 2013;128
02 Albacete;02033 Fuente-Álamo;De 70 a 74 años;Total;1 de enero de 2012;125
02 Albacete;02033 Fuente-Álamo;De 70 a 74 años;Total;1 de enero de 2011;117
02 Albacete;02033 Fuente-Álamo;De 70 a 74 años;Total;1 de enero de 2010;116
02 Albacete;02033 Fuente-Álamo;De 75 a 79 años;Total;1 de enero de 2022;110
02 Albacete;02033 Fuente-Álamo;De 75 a 79 años;Total;1 de enero de 2021;111
02 Albacete;02033 Fuente-Álamo;De 75 a 79 años;Total;1 de enero de 2020;118
02 Albacete;02033 Fuente-Álamo;De 75 a 79 años;Total;1 de enero de 2019;116
02 Albacete;02033 Fuente-Álamo;De 75 a 79 años;Total;1 de enero de 2018;119
02 Albacete;02033 Fuente-Álamo;De 75 a 79 años;Total;1 de enero de 2017;119
02 Albacete;02033 Fuente-Álamo;De 75 a 79 años;Total;1 de enero de 2016;111
02 Albacete;02033 Fuente-Álamo;De 75 a 79 años;Total;1 de enero de 2015;107
02 Albacete;02033 Fuente-Álamo;De 75 a 79 años;Total;1 de enero de 2014;115
02 Albacete;02033 Fuente-Álamo;De 75 a 79 años;Total;1 de enero de 2013;120
02 Albacete;02033 Fuente-Álamo;De 75 a 79 años;Total;1 de enero de 2012;115
02 Albacete;02033 Fuente-Álamo;De 75 a 79 años;Total;1 de enero de 2011;130
02 Albacete;02033 Fuente-Álamo;De 75 a 79 años;Total;1 de enero de 2010;121
02 Albacete;02033 Fuente-Álamo;De 80 a 84 años;Total;1 de enero de 2022;99
02 Albacete;02033 Fuente-Álamo;De 80 a 84 años;Total;1 de enero de 2021;97
02 Albacete;02033 Fuente-Álamo;De 80 a 84 años;Total;1 de enero de 2020;95
02 Albacete;02033 Fuente-Álamo;De 80 a 84 años;Total;1 de enero de 2019;103
02 Albacete;02033 Fuente-Álamo;De 80 a 84 años;Total;1 de enero de 2018;107
02 Albacete;02033 Fuente-Álamo;De 80 a 84 años;Total;1 de enero de 2017;102
02 Albacete;02033 Fuente-Álamo;De 80 a 84 años;Total;1 de enero de 2016;107
02 Albacete;02033 Fuente-Álamo;De 80 a 84 años;Total;1 de enero de 2015;96
02 Albacete;02033 Fuente-Álamo;De 80 a 84 años;Total;1 de enero de 2014;96
02 Albacete;02033 Fuente-Álamo;De 80 a 84 años;Total;1 de enero de 2013;98
02 Albacete;02033 Fuente-Álamo;De 80 a 84 años;Total;1 de enero de 2012;98
02 Albacete;02033 Fuente-Álamo;De 80 a 84 años;Total;1 de enero de 2011;94
02 Albacete;02033 Fuente-Álamo;De 80 a 84 años;Total;1 de enero de 2010;94
02 Albacete;02033 Fuente-Álamo;De 85 a 89 años;Total;1 de enero de 2022;68
02 Albacete;02033 Fuente-Álamo;De 85 a 89 años;Total;1 de enero de 2021;71
02 Albacete;02033 Fuente-Álamo;De 85 a 89 años;Total;1 de enero de 2020;65
02 Albacete;02033 Fuente-Álamo;De 85 a 89 años;Total;1 de enero de 2019;60
02 Albacete;02033 Fuente-Álamo;De 85 a 89 años;Total;1 de enero de 2018;55
02 Albacete;02033 Fuente-Álamo;De 85 a 89 años;Total;1 de enero de 2017;58
02 Albacete;02033 Fuente-Álamo;De 85 a 89 años;Total;1 de enero de 2016;58
02 Albacete;02033 Fuente-Álamo;De 85 a 89 años;Total;1 de enero de 2015;65
02 Albacete;02033 Fuente-Álamo;De 85 a 89 años;Total;1 de enero de 2014;61
02 Albacete;02033 Fuente-Álamo;De 85 a 89 años;Total;1 de enero de 2013;62
02 Albacete;02033 Fuente-Álamo;De 85 a 89 años;Total;1 de enero de 2012;56
02 Albacete;02033 Fuente-Álamo;De 85 a 89 años;Total;1 de enero de 2011;55
02 Albacete;02033 Fuente-Álamo;De 85 a 89 años;Total;1 de enero de 2010;48
02 Albacete;02033 Fuente-Álamo;De 90 a 94 años;Total;1 de enero de 2022;20
02 Albacete;02033 Fuente-Álamo;De 90 a 94 años;Total;1 de enero de 2021;20
02 Albacete;02033 Fuente-Álamo;De 90 a 94 años;Total;1 de enero de 2020;26
02 Albacete;02033 Fuente-Álamo;De 90 a 94 años;Total;1 de enero de 2019;28
02 Albacete;02033 Fuente-Álamo;De 90 a 94 años;Total;1 de enero de 2018;31
02 Albacete;02033 Fuente-Álamo;De 90 a 94 años;Total;1 de enero de 2017;27
02 Albacete;02033 Fuente-Álamo;De 90 a 94 años;Total;1 de enero de 2016;25
02 Albacete;02033 Fuente-Álamo;De 90 a 94 años;Total;1 de enero de 2015;22
02 Albacete;02033 Fuente-Álamo;De 90 a 94 años;Total;1 de enero de 2014;21
02 Albacete;02033 Fuente-Álamo;De 90 a 94 años;Total;1 de enero de 2013;13
02 Albacete;02033 Fuente-Álamo;De 90 a 94 años;Total;1 de enero de 2012;17
02 Albacete;02033 Fuente-Álamo;De 90 a 94 años;Total;1 de enero de 2011;17
02 Albacete;02033 Fuente-Álamo;De 90 a 94 años;Total;1 de enero de 2010;16
02 Albacete;02033 Fuente-Álamo;De 95 a 99 años;Total;1 de enero de 2022;8
02 Albacete;02033 Fuente-Álamo;De 95 a 99 años;Total;1 de enero de 2021;6
02 Albacete;02033 Fuente-Álamo;De 95 a 99 años;Total;1 de enero de 2020;8
02 Albacete;02033 Fuente-Álamo;De 95 a 99 años;Total;1 de enero de 2019;6
02 Albacete;02033 Fuente-Álamo;De 95 a 99 años;Total;1 de enero de 2018;4
02 Albacete;02033 Fuente-Álamo;De 95 a 99 años;Total;1 de enero de 2017;4
02 Albacete;02033 Fuente-Álamo;De 95 a 99 años;Total;1 de enero de 2016;3
02 Albacete;02033 Fuente-Álamo;De 95 a 99 años;Total;1 de enero de 2015;3
02 Albacete;02033 Fuente-Álamo;De 95 a 99 años;Total;1 de enero de 2014;4
02 Albacete;02033 Fuente-Álamo;De 95 a 99 años;Total;1 de enero de 2013;3
02 Albacete;02033 Fuente-Álamo;De 95 a 99 años;Total;1 de enero de 2012;6
02 Albacete;02033 Fuente-Álamo;De 95 a 99 años;Total;1 de enero de 2011;5
02 Albacete;02033 Fuente-Álamo;De 95 a 99 años;Total;1 de enero de 2010;4
02 Albacete;02033 Fuente-Álamo;100 y más años;Total;1 de enero de 2022;1
02 Albacete;02033 Fuente-Álamo;100 y más años;Total;1 de enero de 2021;1
02 Albacete;02033 Fuente-Álamo;100 y más años;Total;1 de enero de 2020;1
02 Albacete;02033 Fuente-Álamo;100 y más años;Total;1 de enero de 2019;1
02 Albacete;02033 Fuente-Álamo;100 y más años;Total;1 de enero de 2018;1
02 Albacete;02033 Fuente-Álamo;100 y más años;Total;1 de enero de 2017;2
02 Albacete;02033 Fuente-Álamo;100 y más años;Total;1 de enero de 2016;2
02 Albacete;02033 Fuente-Álamo;100 y más años;Total;1 de enero de 2015;2
02 Albacete;02033 Fuente-Álamo;100 y más años;Total;1 de enero de 2014;2
02 Albacete;02033 Fuente-Álamo;100 y más años;Total;1 de enero de 2013;2
02 Albacete;02033 Fuente-Álamo;100 y más años;Total;1 de enero de 2012;1
02 Albacete;02033 Fuente-Álamo;100 y más años;Total;1 de enero de 2011;0
02 Albacete;02033 Fuente-Álamo;100 y más años;Total;1 de enero de 2010;0
02 Albacete;02034 Fuentealbilla;De 0 a 4 años;Total;1 de enero de 2022;58
02 Albacete;02034 Fuentealbilla;De 0 a 4 años;Total;1 de enero de 2021;66
02 Albacete;02034 Fuentealbilla;De 0 a 4 años;Total;1 de enero de 2020;66
02 Albacete;02034 Fuentealbilla;De 0 a 4 años;Total;1 de enero de 2019;64
02 Albacete;02034 Fuentealbilla;De 0 a 4 años;Total;1 de enero de 2018;64
02 Albacete;02034 Fuentealbilla;De 0 a 4 años;Total;1 de enero de 2017;76
02 Albacete;02034 Fuentealbilla;De 0 a 4 años;Total;1 de enero de 2016;72
02 Albacete;02034 Fuentealbilla;De 0 a 4 años;Total;1 de enero de 2015;64
02 Albacete;02034 Fuentealbilla;De 0 a 4 años;Total;1 de enero de 2014;72
02 Albacete;02034 Fuentealbilla;De 0 a 4 años;Total;1 de enero de 2013;75
02 Albacete;02034 Fuentealbilla;De 0 a 4 años;Total;1 de enero de 2012;85
02 Albacete;02034 Fuentealbilla;De 0 a 4 años;Total;1 de enero de 2011;96
02 Albacete;02034 Fuentealbilla;De 0 a 4 años;Total;1 de enero de 2010;103
02 Albacete;02034 Fuentealbilla;De 5 a 9 años;Total;1 de enero de 2022;72
02 Albacete;02034 Fuentealbilla;De 5 a 9 años;Total;1 de enero de 2021;71
02 Albacete;02034 Fuentealbilla;De 5 a 9 años;Total;1 de enero de 2020;68
02 Albacete;02034 Fuentealbilla;De 5 a 9 años;Total;1 de enero de 2019;75
02 Albacete;02034 Fuentealbilla;De 5 a 9 años;Total;1 de enero de 2018;81
02 Albacete;02034 Fuentealbilla;De 5 a 9 años;Total;1 de enero de 2017;87
02 Albacete;02034 Fuentealbilla;De 5 a 9 años;Total;1 de enero de 2016;94
02 Albacete;02034 Fuentealbilla;De 5 a 9 años;Total;1 de enero de 2015;92
02 Albacete;02034 Fuentealbilla;De 5 a 9 años;Total;1 de enero de 2014;98
02 Albacete;02034 Fuentealbilla;De 5 a 9 años;Total;1 de enero de 2013;95
02 Albacete;02034 Fuentealbilla;De 5 a 9 años;Total;1 de enero de 2012;85
02 Albacete;02034 Fuentealbilla;De 5 a 9 años;Total;1 de enero de 2011;87
02 Albacete;02034 Fuentealbilla;De 5 a 9 años;Total;1 de enero de 2010;85
02 Albacete;02034 Fuentealbilla;De 10 a 14 años;Total;1 de enero de 2022;89
02 Albacete;02034 Fuentealbilla;De 10 a 14 años;Total;1 de enero de 2021;93
02 Albacete;02034 Fuentealbilla;De 10 a 14 años;Total;1 de enero de 2020;90
02 Albacete;02034 Fuentealbilla;De 10 a 14 años;Total;1 de enero de 2019;95
02 Albacete;02034 Fuentealbilla;De 10 a 14 años;Total;1 de enero de 2018;98
02 Albacete;02034 Fuentealbilla;De 10 a 14 años;Total;1 de enero de 2017;81
02 Albacete;02034 Fuentealbilla;De 10 a 14 años;Total;1 de enero de 2016;84
02 Albacete;02034 Fuentealbilla;De 10 a 14 años;Total;1 de enero de 2015;80
02 Albacete;02034 Fuentealbilla;De 10 a 14 años;Total;1 de enero de 2014;75
02 Albacete;02034 Fuentealbilla;De 10 a 14 años;Total;1 de enero de 2013;74
02 Albacete;02034 Fuentealbilla;De 10 a 14 años;Total;1 de enero de 2012;94
02 Albacete;02034 Fuentealbilla;De 10 a 14 años;Total;1 de enero de 2011;97
02 Albacete;02034 Fuentealbilla;De 10 a 14 años;Total;1 de enero de 2010;105
02 Albacete;02034 Fuentealbilla;De 65 a 69 años;Total;1 de enero de 2022;92
02 Albacete;02034 Fuentealbilla;De 65 a 69 años;Total;1 de enero de 2021;95
02 Albacete;02034 Fuentealbilla;De 65 a 69 años;Total;1 de enero de 2020;95
02 Albacete;02034 Fuentealbilla;De 65 a 69 años;Total;1 de enero de 2019;104
02 Albacete;02034 Fuentealbilla;De 65 a 69 años;Total;1 de enero de 2018;101
02 Albacete;02034 Fuentealbilla;De 65 a 69 años;Total;1 de enero de 2017;87
02 Albacete;02034 Fuentealbilla;De 65 a 69 años;Total;1 de enero de 2016;92
02 Albacete;02034 Fuentealbilla;De 65 a 69 años;Total;1 de enero de 2015;96
02 Albacete;02034 Fuentealbilla;De 65 a 69 años;Total;1 de enero de 2014;90
02 Albacete;02034 Fuentealbilla;De 65 a 69 años;Total;1 de enero de 2013;86
02 Albacete;02034 Fuentealbilla;De 65 a 69 años;Total;1 de enero de 2012;88
02 Albacete;02034 Fuentealbilla;De 65 a 69 años;Total;1 de enero de 2011;87
02 Albacete;02034 Fuentealbilla;De 65 a 69 años;Total;1 de enero de 2010;96
02 Albacete;02034 Fuentealbilla;De 70 a 74 años;Total;1 de enero de 2022;86
02 Albacete;02034 Fuentealbilla;De 70 a 74 años;Total;1 de enero de 2021;89
02 Albacete;02034 Fuentealbilla;De 70 a 74 años;Total;1 de enero de 2020;89
02 Albacete;02034 Fuentealbilla;De 70 a 74 años;Total;1 de enero de 2019;82
02 Albacete;02034 Fuentealbilla;De 70 a 74 años;Total;1 de enero de 2018;82
02 Albacete;02034 Fuentealbilla;De 70 a 74 años;Total;1 de enero de 2017;77
02 Albacete;02034 Fuentealbilla;De 70 a 74 años;Total;1 de enero de 2016;76
02 Albacete;02034 Fuentealbilla;De 70 a 74 años;Total;1 de enero de 2015;90
02 Albacete;02034 Fuentealbilla;De 70 a 74 años;Total;1 de enero de 2014;76
02 Albacete;02034 Fuentealbilla;De 70 a 74 años;Total;1 de enero de 2013;81
02 Albacete;02034 Fuentealbilla;De 70 a 74 años;Total;1 de enero de 2012;92
02 Albacete;02034 Fuentealbilla;De 70 a 74 años;Total;1 de enero de 2011;103
02 Albacete;02034 Fuentealbilla;De 70 a 74 años;Total;1 de enero de 2010;102
02 Albacete;02034 Fuentealbilla;De 75 a 79 años;Total;1 de enero de 2022;76
02 Albacete;02034 Fuentealbilla;De 75 a 79 años;Total;1 de enero de 2021;75
02 Albacete;02034 Fuentealbilla;De 75 a 79 años;Total;1 de enero de 2020;86
02 Albacete;02034 Fuentealbilla;De 75 a 79 años;Total;1 de enero de 2019;72
02 Albacete;02034 Fuentealbilla;De 75 a 79 años;Total;1 de enero de 2018;72
02 Albacete;02034 Fuentealbilla;De 75 a 79 años;Total;1 de enero de 2017;81
02 Albacete;02034 Fuentealbilla;De 75 a 79 años;Total;1 de enero de 2016;95
02 Albacete;02034 Fuentealbilla;De 75 a 79 años;Total;1 de enero de 2015;89
02 Albacete;02034 Fuentealbilla;De 75 a 79 años;Total;1 de enero de 2014;105
02 Albacete;02034 Fuentealbilla;De 75 a 79 años;Total;1 de enero de 2013;105
02 Albacete;02034 Fuentealbilla;De 75 a 79 años;Total;1 de enero de 2012;99
02 Albacete;02034 Fuentealbilla;De 75 a 79 años;Total;1 de enero de 2011;99
02 Albacete;02034 Fuentealbilla;De 75 a 79 años;Total;1 de enero de 2010;96
02 Albacete;02034 Fuentealbilla;De 80 a 84 años;Total;1 de enero de 2022;73
02 Albacete;02034 Fuentealbilla;De 80 a 84 años;Total;1 de enero de 2021;81
02 Albacete;02034 Fuentealbilla;De 80 a 84 años;Total;1 de enero de 2020;74
02 Albacete;02034 Fuentealbilla;De 80 a 84 años;Total;1 de enero de 2019;82
02 Albacete;02034 Fuentealbilla;De 80 a 84 años;Total;1 de enero de 2018;85
02 Albacete;02034 Fuentealbilla;De 80 a 84 años;Total;1 de enero de 2017;82
02 Albacete;02034 Fuentealbilla;De 80 a 84 años;Total;1 de enero de 2016;78
02 Albacete;02034 Fuentealbilla;De 80 a 84 años;Total;1 de enero de 2015;76
02 Albacete;02034 Fuentealbilla;De 80 a 84 años;Total;1 de enero de 2014;83
02 Albacete;02034 Fuentealbilla;De 80 a 84 años;Total;1 de enero de 2013;93
02 Albacete;02034 Fuentealbilla;De 80 a 84 años;Total;1 de enero de 2012;93
02 Albacete;02034 Fuentealbilla;De 80 a 84 años;Total;1 de enero de 2011;88
02 Albacete;02034 Fuentealbilla;De 80 a 84 años;Total;1 de enero de 2010;82
02 Albacete;02034 Fuentealbilla;De 85 a 89 años;Total;1 de enero de 2022;57
02 Albacete;02034 Fuentealbilla;De 85 a 89 años;Total;1 de enero de 2021;53
02 Albacete;02034 Fuentealbilla;De 85 a 89 años;Total;1 de enero de 2020;56
02 Albacete;02034 Fuentealbilla;De 85 a 89 años;Total;1 de enero de 2019;55
02 Albacete;02034 Fuentealbilla;De 85 a 89 años;Total;1 de enero de 2018;55
02 Albacete;02034 Fuentealbilla;De 85 a 89 años;Total;1 de enero de 2017;58
02 Albacete;02034 Fuentealbilla;De 85 a 89 años;Total;1 de enero de 2016;64
02 Albacete;02034 Fuentealbilla;De 85 a 89 años;Total;1 de enero de 2015;62
02 Albacete;02034 Fuentealbilla;De 85 a 89 años;Total;1 de enero de 2014;60
02 Albacete;02034 Fuentealbilla;De 85 a 89 años;Total;1 de enero de 2013;49
02 Albacete;02034 Fuentealbilla;De 85 a 89 años;Total;1 de enero de 2012;47
02 Albacete;02034 Fuentealbilla;De 85 a 89 años;Total;1 de enero de 2011;38
02 Albacete;02034 Fuentealbilla;De 85 a 89 años;Total;1 de enero de 2010;45
02 Albacete;02034 Fuentealbilla;De 90 a 94 años;Total;1 de enero de 2022;23
02 Albacete;02034 Fuentealbilla;De 90 a 94 años;Total;1 de enero de 2021;28
02 Albacete;02034 Fuentealbilla;De 90 a 94 años;Total;1 de enero de 2020;25
02 Albacete;02034 Fuentealbilla;De 90 a 94 años;Total;1 de enero de 2019;23
02 Albacete;02034 Fuentealbilla;De 90 a 94 años;Total;1 de enero de 2018;20
02 Albacete;02034 Fuentealbilla;De 90 a 94 años;Total;1 de enero de 2017;17
02 Albacete;02034 Fuentealbilla;De 90 a 94 años;Total;1 de enero de 2016;13
02 Albacete;02034 Fuentealbilla;De 90 a 94 años;Total;1 de enero de 2015;17
02 Albacete;02034 Fuentealbilla;De 90 a 94 años;Total;1 de enero de 2014;12
02 Albacete;02034 Fuentealbilla;De 90 a 94 años;Total;1 de enero de 2013;14
02 Albacete;02034 Fuentealbilla;De 90 a 94 años;Total;1 de enero de 2012;13
02 Albacete;02034 Fuentealbilla;De 90 a 94 años;Total;1 de enero de 2011;13
02 Albacete;02034 Fuentealbilla;De 90 a 94 años;Total;1 de enero de 2010;10
02 Albacete;02034 Fuentealbilla;De 95 a 99 años;Total;1 de enero de 2022;2
02 Albacete;02034 Fuentealbilla;De 95 a 99 años;Total;1 de enero de 2021;3
02 Albacete;02034 Fuentealbilla;De 95 a 99 años;Total;1 de enero de 2020;4
02 Albacete;02034 Fuentealbilla;De 95 a 99 años;Total;1 de enero de 2019;3
02 Albacete;02034 Fuentealbilla;De 95 a 99 años;Total;1 de enero de 2018;5
02 Albacete;02034 Fuentealbilla;De 95 a 99 años;Total;1 de enero de 2017;5
02 Albacete;02034 Fuentealbilla;De 95 a 99 años;Total;1 de enero de 2016;5
02 Albacete;02034 Fuentealbilla;De 95 a 99 años;Total;1 de enero de 2015;3
02 Albacete;02034 Fuentealbilla;De 95 a 99 años;Total;1 de enero de 2014;3
02 Albacete;02034 Fuentealbilla;De 95 a 99 años;Total;1 de enero de 2013;2
02 Albacete;02034 Fuentealbilla;De 95 a 99 años;Total;1 de enero de 2012;4
02 Albacete;02034 Fuentealbilla;De 95 a 99 años;Total;1 de enero de 2011;1
02 Albacete;02034 Fuentealbilla;De 95 a 99 años;Total;1 de enero de 2010;0
02 Albacete;02034 Fuentealbilla;100 y más años;Total;1 de enero de 2022;1
02 Albacete;02034 Fuentealbilla;100 y más años;Total;1 de enero de 2021;2
02 Albacete;02034 Fuentealbilla;100 y más años;Total;1 de enero de 2020;1
02 Albacete;02034 Fuentealbilla;100 y más años;Total;1 de enero de 2019;1
02 Albacete;02034 Fuentealbilla;100 y más años;Total;1 de enero de 2018;0
02 Albacete;02034 Fuentealbilla;100 y más años;Total;1 de enero de 2017;0
02 Albacete;02034 Fuentealbilla;100 y más años;Total;1 de enero de 2016;0
02 Albacete;02034 Fuentealbilla;100 y más años;Total;1 de enero de 2015;0
02 Albacete;02034 Fuentealbilla;100 y más años;Total;1 de enero de 2014;0
02 Albacete;02034 Fuentealbilla;100 y más años;Total;1 de enero de 2013;0
02 Albacete;02034 Fuentealbilla;100 y más años;Total;1 de enero de 2012;0
02 Albacete;02034 Fuentealbilla;100 y más años;Total;1 de enero de 2011;0
02 Albacete;02034 Fuentealbilla;100 y más años;Total;1 de enero de 2010;0
02 Albacete;02035 Gineta, La;De 0 a 4 años;Total;1 de enero de 2022;126
02 Albacete;02035 Gineta, La;De 0 a 4 años;Total;1 de enero de 2021;125
02 Albacete;02035 Gineta, La;De 0 a 4 años;Total;1 de enero de 2020;129
02 Albacete;02035 Gineta, La;De 0 a 4 años;Total;1 de enero de 2019;130
02 Albacete;02035 Gineta, La;De 0 a 4 años;Total;1 de enero de 2018;124
02 Albacete;02035 Gineta, La;De 0 a 4 años;Total;1 de enero de 2017;123
02 Albacete;02035 Gineta, La;De 0 a 4 años;Total;1 de enero de 2016;138
02 Albacete;02035 Gineta, La;De 0 a 4 años;Total;1 de enero de 2015;150
02 Albacete;02035 Gineta, La;De 0 a 4 años;Total;1 de enero de 2014;144
02 Albacete;02035 Gineta, La;De 0 a 4 años;Total;1 de enero de 2013;148
02 Albacete;02035 Gineta, La;De 0 a 4 años;Total;1 de enero de 2012;151
02 Albacete;02035 Gineta, La;De 0 a 4 años;Total;1 de enero de 2011;136
02 Albacete;02035 Gineta, La;De 0 a 4 años;Total;1 de enero de 2010;139
02 Albacete;02035 Gineta, La;De 5 a 9 años;Total;1 de enero de 2022;154
02 Albacete;02035 Gineta, La;De 5 a 9 años;Total;1 de enero de 2021;151
02 Albacete;02035 Gineta, La;De 5 a 9 años;Total;1 de enero de 2020;153
02 Albacete;02035 Gineta, La;De 5 a 9 años;Total;1 de enero de 2019;148
02 Albacete;02035 Gineta, La;De 5 a 9 años;Total;1 de enero de 2018;139
02 Albacete;02035 Gineta, La;De 5 a 9 años;Total;1 de enero de 2017;145
02 Albacete;02035 Gineta, La;De 5 a 9 años;Total;1 de enero de 2016;138
02 Albacete;02035 Gineta, La;De 5 a 9 años;Total;1 de enero de 2015;136
02 Albacete;02035 Gineta, La;De 5 a 9 años;Total;1 de enero de 2014;126
02 Albacete;02035 Gineta, La;De 5 a 9 años;Total;1 de enero de 2013;121
02 Albacete;02035 Gineta, La;De 5 a 9 años;Total;1 de enero de 2012;111
02 Albacete;02035 Gineta, La;De 5 a 9 años;Total;1 de enero de 2011;110
02 Albacete;02035 Gineta, La;De 5 a 9 años;Total;1 de enero de 2010;110
02 Albacete;02035 Gineta, La;De 10 a 14 años;Total;1 de enero de 2022;154
02 Albacete;02035 Gineta, La;De 10 a 14 años;Total;1 de enero de 2021;145
02 Albacete;02035 Gineta, La;De 10 a 14 años;Total;1 de enero de 2020;133
02 Albacete;02035 Gineta, La;De 10 a 14 años;Total;1 de enero de 2019;129
02 Albacete;02035 Gineta, La;De 10 a 14 años;Total;1 de enero de 2018;110
02 Albacete;02035 Gineta, La;De 10 a 14 años;Total;1 de enero de 2017;102
02 Albacete;02035 Gineta, La;De 10 a 14 años;Total;1 de enero de 2016;97
02 Albacete;02035 Gineta, La;De 10 a 14 años;Total;1 de enero de 2015;97
02 Albacete;02035 Gineta, La;De 10 a 14 años;Total;1 de enero de 2014;90
02 Albacete;02035 Gineta, La;De 10 a 14 años;Total;1 de enero de 2013;102
02 Albacete;02035 Gineta, La;De 10 a 14 años;Total;1 de enero de 2012;112
02 Albacete;02035 Gineta, La;De 10 a 14 años;Total;1 de enero de 2011;118
02 Albacete;02035 Gineta, La;De 10 a 14 años;Total;1 de enero de 2010;109
02 Albacete;02035 Gineta, La;De 65 a 69 años;Total;1 de enero de 2022;123
02 Albacete;02035 Gineta, La;De 65 a 69 años;Total;1 de enero de 2021;129
02 Albacete;02035 Gineta, La;De 65 a 69 años;Total;1 de enero de 2020;132
02 Albacete;02035 Gineta, La;De 65 a 69 años;Total;1 de enero de 2019;125
02 Albacete;02035 Gineta, La;De 65 a 69 años;Total;1 de enero de 2018;136
02 Albacete;02035 Gineta, La;De 65 a 69 años;Total;1 de enero de 2017;117
02 Albacete;02035 Gineta, La;De 65 a 69 años;Total;1 de enero de 2016;114
02 Albacete;02035 Gineta, La;De 65 a 69 años;Total;1 de enero de 2015;112
02 Albacete;02035 Gineta, La;De 65 a 69 años;Total;1 de enero de 2014;109
02 Albacete;02035 Gineta, La;De 65 a 69 años;Total;1 de enero de 2013;98
02 Albacete;02035 Gineta, La;De 65 a 69 años;Total;1 de enero de 2012;100
02 Albacete;02035 Gineta, La;De 65 a 69 años;Total;1 de enero de 2011;90
02 Albacete;02035 Gineta, La;De 65 a 69 años;Total;1 de enero de 2010;93
02 Albacete;02035 Gineta, La;De 70 a 74 años;Total;1 de enero de 2022;114
02 Albacete;02035 Gineta, La;De 70 a 74 años;Total;1 de enero de 2021;108
02 Albacete;02035 Gineta, La;De 70 a 74 años;Total;1 de enero de 2020;105
02 Albacete;02035 Gineta, La;De 70 a 74 años;Total;1 de enero de 2019;101
02 Albacete;02035 Gineta, La;De 70 a 74 años;Total;1 de enero de 2018;87
02 Albacete;02035 Gineta, La;De 70 a 74 años;Total;1 de enero de 2017;90
02 Albacete;02035 Gineta, La;De 70 a 74 años;Total;1 de enero de 2016;84
02 Albacete;02035 Gineta, La;De 70 a 74 años;Total;1 de enero de 2015;85
02 Albacete;02035 Gineta, La;De 70 a 74 años;Total;1 de enero de 2014;83
02 Albacete;02035 Gineta, La;De 70 a 74 años;Total;1 de enero de 2013;78
02 Albacete;02035 Gineta, La;De 70 a 74 años;Total;1 de enero de 2012;79
02 Albacete;02035 Gineta, La;De 70 a 74 años;Total;1 de enero de 2011;77
02 Albacete;02035 Gineta, La;De 70 a 74 años;Total;1 de enero de 2010;77
02 Albacete;02035 Gineta, La;De 75 a 79 años;Total;1 de enero de 2022;86
02 Albacete;02035 Gineta, La;De 75 a 79 años;Total;1 de enero de 2021;77
02 Albacete;02035 Gineta, La;De 75 a 79 años;Total;1 de enero de 2020;75
02 Albacete;02035 Gineta, La;De 75 a 79 años;Total;1 de enero de 2019;75
02 Albacete;02035 Gineta, La;De 75 a 79 años;Total;1 de enero de 2018;66
02 Albacete;02035 Gineta, La;De 75 a 79 años;Total;1 de enero de 2017;64
02 Albacete;02035 Gineta, La;De 75 a 79 años;Total;1 de enero de 2016;62
02 Albacete;02035 Gineta, La;De 75 a 79 años;Total;1 de enero de 2015;64
02 Albacete;02035 Gineta, La;De 75 a 79 años;Total;1 de enero de 2014;67
02 Albacete;02035 Gineta, La;De 75 a 79 años;Total;1 de enero de 2013;75
02 Albacete;02035 Gineta, La;De 75 a 79 años;Total;1 de enero de 2012;74
02 Albacete;02035 Gineta, La;De 75 a 79 años;Total;1 de enero de 2011;81
02 Albacete;02035 Gineta, La;De 75 a 79 años;Total;1 de enero de 2010;89
02 Albacete;02035 Gineta, La;De 80 a 84 años;Total;1 de enero de 2022;43
02 Albacete;02035 Gineta, La;De 80 a 84 años;Total;1 de enero de 2021;43
02 Albacete;02035 Gineta, La;De 80 a 84 años;Total;1 de enero de 2020;48
02 Albacete;02035 Gineta, La;De 80 a 84 años;Total;1 de enero de 2019;54
02 Albacete;02035 Gineta, La;De 80 a 84 años;Total;1 de enero de 2018;59
02 Albacete;02035 Gineta, La;De 80 a 84 años;Total;1 de enero de 2017;60
02 Albacete;02035 Gineta, La;De 80 a 84 años;Total;1 de enero de 2016;64
02 Albacete;02035 Gineta, La;De 80 a 84 años;Total;1 de enero de 2015;67
02 Albacete;02035 Gineta, La;De 80 a 84 años;Total;1 de enero de 2014;63
02 Albacete;02035 Gineta, La;De 80 a 84 años;Total;1 de enero de 2013;62
02 Albacete;02035 Gineta, La;De 80 a 84 años;Total;1 de enero de 2012;73
02 Albacete;02035 Gineta, La;De 80 a 84 años;Total;1 de enero de 2011;86
02 Albacete;02035 Gineta, La;De 80 a 84 años;Total;1 de enero de 2010;81
02 Albacete;02035 Gineta, La;De 85 a 89 años;Total;1 de enero de 2022;40
02 Albacete;02035 Gineta, La;De 85 a 89 años;Total;1 de enero de 2021;45
02 Albacete;02035 Gineta, La;De 85 a 89 años;Total;1 de enero de 2020;44
02 Albacete;02035 Gineta, La;De 85 a 89 años;Total;1 de enero de 2019;43
02 Albacete;02035 Gineta, La;De 85 a 89 años;Total;1 de enero de 2018;44
02 Albacete;02035 Gineta, La;De 85 a 89 años;Total;1 de enero de 2017;52
02 Albacete;02035 Gineta, La;De 85 a 89 años;Total;1 de enero de 2016;58
02 Albacete;02035 Gineta, La;De 85 a 89 años;Total;1 de enero de 2015;52
02 Albacete;02035 Gineta, La;De 85 a 89 años;Total;1 de enero de 2014;59
02 Albacete;02035 Gineta, La;De 85 a 89 años;Total;1 de enero de 2013;63
02 Albacete;02035 Gineta, La;De 85 a 89 años;Total;1 de enero de 2012;61
02 Albacete;02035 Gineta, La;De 85 a 89 años;Total;1 de enero de 2011;49
02 Albacete;02035 Gineta, La;De 85 a 89 años;Total;1 de enero de 2010;49
02 Albacete;02035 Gineta, La;De 90 a 94 años;Total;1 de enero de 2022;19
02 Albacete;02035 Gineta, La;De 90 a 94 años;Total;1 de enero de 2021;21
02 Albacete;02035 Gineta, La;De 90 a 94 años;Total;1 de enero de 2020;25
02 Albacete;02035 Gineta, La;De 90 a 94 años;Total;1 de enero de 2019;29
02 Albacete;02035 Gineta, La;De 90 a 94 años;Total;1 de enero de 2018;33
02 Albacete;02035 Gineta, La;De 90 a 94 años;Total;1 de enero de 2017;26
02 Albacete;02035 Gineta, La;De 90 a 94 años;Total;1 de enero de 2016;21
02 Albacete;02035 Gineta, La;De 90 a 94 años;Total;1 de enero de 2015;20
02 Albacete;02035 Gineta, La;De 90 a 94 años;Total;1 de enero de 2014;12
02 Albacete;02035 Gineta, La;De 90 a 94 años;Total;1 de enero de 2013;13
02 Albacete;02035 Gineta, La;De 90 a 94 años;Total;1 de enero de 2012;8
02 Albacete;02035 Gineta, La;De 90 a 94 años;Total;1 de enero de 2011;11
02 Albacete;02035 Gineta, La;De 90 a 94 años;Total;1 de enero de 2010;8
02 Albacete;02035 Gineta, La;De 95 a 99 años;Total;1 de enero de 2022;8
02 Albacete;02035 Gineta, La;De 95 a 99 años;Total;1 de enero de 2021;9
02 Albacete;02035 Gineta, La;De 95 a 99 años;Total;1 de enero de 2020;10
02 Albacete;02035 Gineta, La;De 95 a 99 años;Total;1 de enero de 2019;5
02 Albacete;02035 Gineta, La;De 95 a 99 años;Total;1 de enero de 2018;2
02 Albacete;02035 Gineta, La;De 95 a 99 años;Total;1 de enero de 2017;1
02 Albacete;02035 Gineta, La;De 95 a 99 años;Total;1 de enero de 2016;1
02 Albacete;02035 Gineta, La;De 95 a 99 años;Total;1 de enero de 2015;1
02 Albacete;02035 Gineta, La;De 95 a 99 años;Total;1 de enero de 2014;3
02 Albacete;02035 Gineta, La;De 95 a 99 años;Total;1 de enero de 2013;3
02 Albacete;02035 Gineta, La;De 95 a 99 años;Total;1 de enero de 2012;4
02 Albacete;02035 Gineta, La;De 95 a 99 años;Total;1 de enero de 2011;3
02 Albacete;02035 Gineta, La;De 95 a 99 años;Total;1 de enero de 2010;4
02 Albacete;02035 Gineta, La;100 y más años;Total;1 de enero de 2022;0
02 Albacete;02035 Gineta, La;100 y más años;Total;1 de enero de 2021;0
02 Albacete;02035 Gineta, La;100 y más años;Total;1 de enero de 2020;0
02 Albacete;02035 Gineta, La;100 y más años;Total;1 de enero de 2019;0
02 Albacete;02035 Gineta, La;100 y más años;Total;1 de enero de 2018;0
02 Albacete;02035 Gineta, La;100 y más años;Total;1 de enero de 2017;2
02 Albacete;02035 Gineta, La;100 y más años;Total;1 de enero de 2016;2
02 Albacete;02035 Gineta, La;100 y más años;Total;1 de enero de 2015;2
02 Albacete;02035 Gineta, La;100 y más años;Total;1 de enero de 2014;0
02 Albacete;02035 Gineta, La;100 y más años;Total;1 de enero de 2013;0
02 Albacete;02035 Gineta, La;100 y más años;Total;1 de enero de 2012;0
02 Albacete;02035 Gineta, La;100 y más años;Total;1 de enero de 2011;0
02 Albacete;02035 Gineta, La;100 y más años;Total;1 de enero de 2010;1
02 Albacete;02036 Golosalvo;De 0 a 4 años;Total;1 de enero de 2022;1
02 Albacete;02036 Golosalvo;De 0 a 4 años;Total;1 de enero de 2021;0
02 Albacete;02036 Golosalvo;De 0 a 4 años;Total;1 de enero de 2020;1
02 Albacete;02036 Golosalvo;De 0 a 4 años;Total;1 de enero de 2019;1
02 Albacete;02036 Golosalvo;De 0 a 4 años;Total;1 de enero de 2018;1
02 Albacete;02036 Golosalvo;De 0 a 4 años;Total;1 de enero de 2017;1
02 Albacete;02036 Golosalvo;De 0 a 4 años;Total;1 de enero de 2016;1
02 Albacete;02036 Golosalvo;De 0 a 4 años;Total;1 de enero de 2015;0
02 Albacete;02036 Golosalvo;De 0 a 4 años;Total;1 de enero de 2014;2
02 Albacete;02036 Golosalvo;De 0 a 4 años;Total;1 de enero de 2013;3
02 Albacete;02036 Golosalvo;De 0 a 4 años;Total;1 de enero de 2012;1
02 Albacete;02036 Golosalvo;De 0 a 4 años;Total;1 de enero de 2011;2
02 Albacete;02036 Golosalvo;De 0 a 4 años;Total;1 de enero de 2010;4
02 Albacete;02036 Golosalvo;De 5 a 9 años;Total;1 de enero de 2022;1
02 Albacete;02036 Golosalvo;De 5 a 9 años;Total;1 de enero de 2021;1
02 Albacete;02036 Golosalvo;De 5 a 9 años;Total;1 de enero de 2020;0
02 Albacete;02036 Golosalvo;De 5 a 9 años;Total;1 de enero de 2019;1
02 Albacete;02036 Golosalvo;De 5 a 9 años;Total;1 de enero de 2018;1
02 Albacete;02036 Golosalvo;De 5 a 9 años;Total;1 de enero de 2017;1
02 Albacete;02036 Golosalvo;De 5 a 9 años;Total;1 de enero de 2016;2
02 Albacete;02036 Golosalvo;De 5 a 9 años;Total;1 de enero de 2015;4
02 Albacete;02036 Golosalvo;De 5 a 9 años;Total;1 de enero de 2014;4
02 Albacete;02036 Golosalvo;De 5 a 9 años;Total;1 de enero de 2013;3
02 Albacete;02036 Golosalvo;De 5 a 9 años;Total;1 de enero de 2012;4
02 Albacete;02036 Golosalvo;De 5 a 9 años;Total;1 de enero de 2011;4
02 Albacete;02036 Golosalvo;De 5 a 9 años;Total;1 de enero de 2010;3
02 Albacete;02036 Golosalvo;De 10 a 14 años;Total;1 de enero de 2022;1
02 Albacete;02036 Golosalvo;De 10 a 14 años;Total;1 de enero de 2021;2
02 Albacete;02036 Golosalvo;De 10 a 14 años;Total;1 de enero de 2020;4
02 Albacete;02036 Golosalvo;De 10 a 14 años;Total;1 de enero de 2019;3
02 Albacete;02036 Golosalvo;De 10 a 14 años;Total;1 de enero de 2018;3
02 Albacete;02036 Golosalvo;De 10 a 14 años;Total;1 de enero de 2017;4
02 Albacete;02036 Golosalvo;De 10 a 14 años;Total;1 de enero de 2016;4
02 Albacete;02036 Golosalvo;De 10 a 14 años;Total;1 de enero de 2015;3
02 Albacete;02036 Golosalvo;De 10 a 14 años;Total;1 de enero de 2014;3
02 Albacete;02036 Golosalvo;De 10 a 14 años;Total;1 de enero de 2013;3
02 Albacete;02036 Golosalvo;De 10 a 14 años;Total;1 de enero de 2012;2
02 Albacete;02036 Golosalvo;De 10 a 14 años;Total;1 de enero de 2011;1
02 Albacete;02036 Golosalvo;De 10 a 14 años;Total;1 de enero de 2010;0
02 Albacete;02036 Golosalvo;De 65 a 69 años;Total;1 de enero de 2022;11
02 Albacete;02036 Golosalvo;De 65 a 69 años;Total;1 de enero de 2021;12
02 Albacete;02036 Golosalvo;De 65 a 69 años;Total;1 de enero de 2020;11
02 Albacete;02036 Golosalvo;De 65 a 69 años;Total;1 de enero de 2019;11
02 Albacete;02036 Golosalvo;De 65 a 69 años;Total;1 de enero de 2018;12
02 Albacete;02036 Golosalvo;De 65 a 69 años;Total;1 de enero de 2017;8
02 Albacete;02036 Golosalvo;De 65 a 69 años;Total;1 de enero de 2016;6
02 Albacete;02036 Golosalvo;De 65 a 69 años;Total;1 de enero de 2015;5
02 Albacete;02036 Golosalvo;De 65 a 69 años;Total;1 de enero de 2014;3
02 Albacete;02036 Golosalvo;De 65 a 69 años;Total;1 de enero de 2013;2
02 Albacete;02036 Golosalvo;De 65 a 69 años;Total;1 de enero de 2012;2
02 Albacete;02036 Golosalvo;De 65 a 69 años;Total;1 de enero de 2011;4
02 Albacete;02036 Golosalvo;De 65 a 69 años;Total;1 de enero de 2010;7
02 Albacete;02036 Golosalvo;De 70 a 74 años;Total;1 de enero de 2022;8
02 Albacete;02036 Golosalvo;De 70 a 74 años;Total;1 de enero de 2021;7
02 Albacete;02036 Golosalvo;De 70 a 74 años;Total;1 de enero de 2020;5
02 Albacete;02036 Golosalvo;De 70 a 74 años;Total;1 de enero de 2019;4
02 Albacete;02036 Golosalvo;De 70 a 74 años;Total;1 de enero de 2018;4
02 Albacete;02036 Golosalvo;De 70 a 74 años;Total;1 de enero de 2017;3
02 Albacete;02036 Golosalvo;De 70 a 74 años;Total;1 de enero de 2016;4
02 Albacete;02036 Golosalvo;De 70 a 74 años;Total;1 de enero de 2015;6
02 Albacete;02036 Golosalvo;De 70 a 74 años;Total;1 de enero de 2014;7
02 Albacete;02036 Golosalvo;De 70 a 74 años;Total;1 de enero de 2013;7
02 Albacete;02036 Golosalvo;De 70 a 74 años;Total;1 de enero de 2012;8
02 Albacete;02036 Golosalvo;De 70 a 74 años;Total;1 de enero de 2011;8
02 Albacete;02036 Golosalvo;De 70 a 74 años;Total;1 de enero de 2010;5
02 Albacete;02036 Golosalvo;De 75 a 79 años;Total;1 de enero de 2022;6
02 Albacete;02036 Golosalvo;De 75 a 79 años;Total;1 de enero de 2021;5
02 Albacete;02036 Golosalvo;De 75 a 79 años;Total;1 de enero de 2020;7
02 Albacete;02036 Golosalvo;De 75 a 79 años;Total;1 de enero de 2019;8
02 Albacete;02036 Golosalvo;De 75 a 79 años;Total;1 de enero de 2018;7
02 Albacete;02036 Golosalvo;De 75 a 79 años;Total;1 de enero de 2017;8
02 Albacete;02036 Golosalvo;De 75 a 79 años;Total;1 de enero de 2016;7
02 Albacete;02036 Golosalvo;De 75 a 79 años;Total;1 de enero de 2015;5
02 Albacete;02036 Golosalvo;De 75 a 79 años;Total;1 de enero de 2014;6
02 Albacete;02036 Golosalvo;De 75 a 79 años;Total;1 de enero de 2013;8
02 Albacete;02036 Golosalvo;De 75 a 79 años;Total;1 de enero de 2012;8
02 Albacete;02036 Golosalvo;De 75 a 79 años;Total;1 de enero de 2011;11
02 Albacete;02036 Golosalvo;De 75 a 79 años;Total;1 de enero de 2010;14
02 Albacete;02036 Golosalvo;De 80 a 84 años;Total;1 de enero de 2022;7
02 Albacete;02036 Golosalvo;De 80 a 84 años;Total;1 de enero de 2021;7
02 Albacete;02036 Golosalvo;De 80 a 84 años;Total;1 de enero de 2020;5
02 Albacete;02036 Golosalvo;De 80 a 84 años;Total;1 de enero de 2019;5
02 Albacete;02036 Golosalvo;De 80 a 84 años;Total;1 de enero de 2018;7
02 Albacete;02036 Golosalvo;De 80 a 84 años;Total;1 de enero de 2017;7
02 Albacete;02036 Golosalvo;De 80 a 84 años;Total;1 de enero de 2016;10
02 Albacete;02036 Golosalvo;De 80 a 84 años;Total;1 de enero de 2015;13
02 Albacete;02036 Golosalvo;De 80 a 84 años;Total;1 de enero de 2014;15
02 Albacete;02036 Golosalvo;De 80 a 84 años;Total;1 de enero de 2013;15
02 Albacete;02036 Golosalvo;De 80 a 84 años;Total;1 de enero de 2012;13
02 Albacete;02036 Golosalvo;De 80 a 84 años;Total;1 de enero de 2011;9
02 Albacete;02036 Golosalvo;De 80 a 84 años;Total;1 de enero de 2010;9
02 Albacete;02036 Golosalvo;De 85 a 89 años;Total;1 de enero de 2022;6
02 Albacete;02036 Golosalvo;De 85 a 89 años;Total;1 de enero de 2021;8
02 Albacete;02036 Golosalvo;De 85 a 89 años;Total;1 de enero de 2020;9
02 Albacete;02036 Golosalvo;De 85 a 89 años;Total;1 de enero de 2019;10
02 Albacete;02036 Golosalvo;De 85 a 89 años;Total;1 de enero de 2018;12
02 Albacete;02036 Golosalvo;De 85 a 89 años;Total;1 de enero de 2017;10
02 Albacete;02036 Golosalvo;De 85 a 89 años;Total;1 de enero de 2016;8
02 Albacete;02036 Golosalvo;De 85 a 89 años;Total;1 de enero de 2015;9
02 Albacete;02036 Golosalvo;De 85 a 89 años;Total;1 de enero de 2014;7
02 Albacete;02036 Golosalvo;De 85 a 89 años;Total;1 de enero de 2013;4
02 Albacete;02036 Golosalvo;De 85 a 89 años;Total;1 de enero de 2012;4
02 Albacete;02036 Golosalvo;De 85 a 89 años;Total;1 de enero de 2011;4
02 Albacete;02036 Golosalvo;De 85 a 89 años;Total;1 de enero de 2010;3
02 Albacete;02036 Golosalvo;De 90 a 94 años;Total;1 de enero de 2022;3
02 Albacete;02036 Golosalvo;De 90 a 94 años;Total;1 de enero de 2021;2
02 Albacete;02036 Golosalvo;De 90 a 94 años;Total;1 de enero de 2020;4
02 Albacete;02036 Golosalvo;De 90 a 94 años;Total;1 de enero de 2019;4
02 Albacete;02036 Golosalvo;De 90 a 94 años;Total;1 de enero de 2018;2
02 Albacete;02036 Golosalvo;De 90 a 94 años;Total;1 de enero de 2017;2
02 Albacete;02036 Golosalvo;De 90 a 94 años;Total;1 de enero de 2016;2
02 Albacete;02036 Golosalvo;De 90 a 94 años;Total;1 de enero de 2015;1
02 Albacete;02036 Golosalvo;De 90 a 94 años;Total;1 de enero de 2014;0
02 Albacete;02036 Golosalvo;De 90 a 94 años;Total;1 de enero de 2013;0
02 Albacete;02036 Golosalvo;De 90 a 94 años;Total;1 de enero de 2012;0
02 Albacete;02036 Golosalvo;De 90 a 94 años;Total;1 de enero de 2011;3
02 Albacete;02036 Golosalvo;De 90 a 94 años;Total;1 de enero de 2010;3
02 Albacete;02036 Golosalvo;De 95 a 99 años;Total;1 de enero de 2022;1
02 Albacete;02036 Golosalvo;De 95 a 99 años;Total;1 de enero de 2021;1
02 Albacete;02036 Golosalvo;De 95 a 99 años;Total;1 de enero de 2020;0
02 Albacete;02036 Golosalvo;De 95 a 99 años;Total;1 de enero de 2019;0
02 Albacete;02036 Golosalvo;De 95 a 99 años;Total;1 de enero de 2018;0
02 Albacete;02036 Golosalvo;De 95 a 99 años;Total;1 de enero de 2017;0
02 Albacete;02036 Golosalvo;De 95 a 99 años;Total;1 de enero de 2016;0
02 Albacete;02036 Golosalvo;De 95 a 99 años;Total;1 de enero de 2015;0
02 Albacete;02036 Golosalvo;De 95 a 99 años;Total;1 de enero de 2014;0
02 Albacete;02036 Golosalvo;De 95 a 99 años;Total;1 de enero de 2013;0
02 Albacete;02036 Golosalvo;De 95 a 99 años;Total;1 de enero de 2012;1
02 Albacete;02036 Golosalvo;De 95 a 99 años;Total;1 de enero de 2011;1
02 Albacete;02036 Golosalvo;De 95 a 99 años;Total;1 de enero de 2010;2
02 Albacete;02036 Golosalvo;100 y más años;Total;1 de enero de 2022;0
02 Albacete;02036 Golosalvo;100 y más años;Total;1 de enero de 2021;0
02 Albacete;02036 Golosalvo;100 y más años;Total;1 de enero de 2020;0
02 Albacete;02036 Golosalvo;100 y más años;Total;1 de enero de 2019;0
02 Albacete;02036 Golosalvo;100 y más años;Total;1 de enero de 2018;0
02 Albacete;02036 Golosalvo;100 y más años;Total;1 de enero de 2017;0
02 Albacete;02036 Golosalvo;100 y más años;Total;1 de enero de 2016;0
02 Albacete;02036 Golosalvo;100 y más años;Total;1 de enero de 2015;0
02 Albacete;02036 Golosalvo;100 y más años;Total;1 de enero de 2014;1
02 Albacete;02036 Golosalvo;100 y más años;Total;1 de enero de 2013;1
02 Albacete;02036 Golosalvo;100 y más años;Total;1 de enero de 2012;0
02 Albacete;02036 Golosalvo;100 y más años;Total;1 de enero de 2011;1
02 Albacete;02036 Golosalvo;100 y más años;Total;1 de enero de 2010;0
02 Albacete;02037 Hellín;De 0 a 4 años;Total;1 de enero de 2022;1.274
02 Albacete;02037 Hellín;De 0 a 4 años;Total;1 de enero de 2021;1.263
02 Albacete;02037 Hellín;De 0 a 4 años;Total;1 de enero de 2020;1.221
02 Albacete;02037 Hellín;De 0 a 4 años;Total;1 de enero de 2019;1.259
02 Albacete;02037 Hellín;De 0 a 4 años;Total;1 de enero de 2018;1.307
02 Albacete;02037 Hellín;De 0 a 4 años;Total;1 de enero de 2017;1.318
02 Albacete;02037 Hellín;De 0 a 4 años;Total;1 de enero de 2016;1.391
02 Albacete;02037 Hellín;De 0 a 4 años;Total;1 de enero de 2015;1.476
02 Albacete;02037 Hellín;De 0 a 4 años;Total;1 de enero de 2014;1.587
02 Albacete;02037 Hellín;De 0 a 4 años;Total;1 de enero de 2013;1.620
02 Albacete;02037 Hellín;De 0 a 4 años;Total;1 de enero de 2012;1.697
02 Albacete;02037 Hellín;De 0 a 4 años;Total;1 de enero de 2011;1.690
02 Albacete;02037 Hellín;De 0 a 4 años;Total;1 de enero de 2010;1.686
02 Albacete;02037 Hellín;De 5 a 9 años;Total;1 de enero de 2022;1.384
02 Albacete;02037 Hellín;De 5 a 9 años;Total;1 de enero de 2021;1.448
02 Albacete;02037 Hellín;De 5 a 9 años;Total;1 de enero de 2020;1.497
02 Albacete;02037 Hellín;De 5 a 9 años;Total;1 de enero de 2019;1.548
02 Albacete;02037 Hellín;De 5 a 9 años;Total;1 de enero de 2018;1.583
02 Albacete;02037 Hellín;De 5 a 9 años;Total;1 de enero de 2017;1.636
02 Albacete;02037 Hellín;De 5 a 9 años;Total;1 de enero de 2016;1.689
02 Albacete;02037 Hellín;De 5 a 9 años;Total;1 de enero de 2015;1.695
02 Albacete;02037 Hellín;De 5 a 9 años;Total;1 de enero de 2014;1.664
02 Albacete;02037 Hellín;De 5 a 9 años;Total;1 de enero de 2013;1.723
02 Albacete;02037 Hellín;De 5 a 9 años;Total;1 de enero de 2012;1.770
02 Albacete;02037 Hellín;De 5 a 9 años;Total;1 de enero de 2011;1.799
02 Albacete;02037 Hellín;De 5 a 9 años;Total;1 de enero de 2010;1.823
02 Albacete;02037 Hellín;De 10 a 14 años;Total;1 de enero de 2022;1.654
02 Albacete;02037 Hellín;De 10 a 14 años;Total;1 de enero de 2021;1.678
02 Albacete;02037 Hellín;De 10 a 14 años;Total;1 de enero de 2020;1.670
02 Albacete;02037 Hellín;De 10 a 14 años;Total;1 de enero de 2019;1.637
02 Albacete;02037 Hellín;De 10 a 14 años;Total;1 de enero de 2018;1.679
02 Albacete;02037 Hellín;De 10 a 14 años;Total;1 de enero de 2017;1.726
02 Albacete;02037 Hellín;De 10 a 14 años;Total;1 de enero de 2016;1.778
02 Albacete;02037 Hellín;De 10 a 14 años;Total;1 de enero de 2015;1.823
02 Albacete;02037 Hellín;De 10 a 14 años;Total;1 de enero de 2014;1.885
02 Albacete;02037 Hellín;De 10 a 14 años;Total;1 de enero de 2013;1.917
02 Albacete;02037 Hellín;De 10 a 14 años;Total;1 de enero de 2012;1.913
02 Albacete;02037 Hellín;De 10 a 14 años;Total;1 de enero de 2011;1.868
02 Albacete;02037 Hellín;De 10 a 14 años;Total;1 de enero de 2010;1.881
02 Albacete;02037 Hellín;De 65 a 69 años;Total;1 de enero de 2022;1.341
02 Albacete;02037 Hellín;De 65 a 69 años;Total;1 de enero de 2021;1.307
02 Albacete;02037 Hellín;De 65 a 69 años;Total;1 de enero de 2020;1.273
02 Albacete;02037 Hellín;De 65 a 69 años;Total;1 de enero de 2019;1.254
02 Albacete;02037 Hellín;De 65 a 69 años;Total;1 de enero de 2018;1.245
02 Albacete;02037 Hellín;De 65 a 69 años;Total;1 de enero de 2017;1.244
02 Albacete;02037 Hellín;De 65 a 69 años;Total;1 de enero de 2016;1.232
02 Albacete;02037 Hellín;De 65 a 69 años;Total;1 de enero de 2015;1.235
02 Albacete;02037 Hellín;De 65 a 69 años;Total;1 de enero de 2014;1.256
02 Albacete;02037 Hellín;De 65 a 69 años;Total;1 de enero de 2013;1.279
02 Albacete;02037 Hellín;De 65 a 69 años;Total;1 de enero de 2012;1.226
02 Albacete;02037 Hellín;De 65 a 69 años;Total;1 de enero de 2011;1.208
02 Albacete;02037 Hellín;De 65 a 69 años;Total;1 de enero de 2010;1.242
02 Albacete;02037 Hellín;De 70 a 74 años;Total;1 de enero de 2022;1.160
02 Albacete;02037 Hellín;De 70 a 74 años;Total;1 de enero de 2021;1.151
02 Albacete;02037 Hellín;De 70 a 74 años;Total;1 de enero de 2020;1.149
02 Albacete;02037 Hellín;De 70 a 74 años;Total;1 de enero de 2019;1.165
02 Albacete;02037 Hellín;De 70 a 74 años;Total;1 de enero de 2018;1.184
02 Albacete;02037 Hellín;De 70 a 74 años;Total;1 de enero de 2017;1.141
02 Albacete;02037 Hellín;De 70 a 74 años;Total;1 de enero de 2016;1.125
02 Albacete;02037 Hellín;De 70 a 74 años;Total;1 de enero de 2015;1.154
02 Albacete;02037 Hellín;De 70 a 74 años;Total;1 de enero de 2014;1.045
02 Albacete;02037 Hellín;De 70 a 74 años;Total;1 de enero de 2013;1.015
02 Albacete;02037 Hellín;De 70 a 74 años;Total;1 de enero de 2012;1.024
02 Albacete;02037 Hellín;De 70 a 74 años;Total;1 de enero de 2011;1.101
02 Albacete;02037 Hellín;De 70 a 74 años;Total;1 de enero de 2010;1.079
02 Albacete;02037 Hellín;De 75 a 79 años;Total;1 de enero de 2022;1.023
02 Albacete;02037 Hellín;De 75 a 79 años;Total;1 de enero de 2021;1.007
02 Albacete;02037 Hellín;De 75 a 79 años;Total;1 de enero de 2020;1.037
02 Albacete;02037 Hellín;De 75 a 79 años;Total;1 de enero de 2019;952
02 Albacete;02037 Hellín;De 75 a 79 años;Total;1 de enero de 2018;932
02 Albacete;02037 Hellín;De 75 a 79 años;Total;1 de enero de 2017;934
02 Albacete;02037 Hellín;De 75 a 79 años;Total;1 de enero de 2016;977
02 Albacete;02037 Hellín;De 75 a 79 años;Total;1 de enero de 2015;947
02 Albacete;02037 Hellín;De 75 a 79 años;Total;1 de enero de 2014;1.061
02 Albacete;02037 Hellín;De 75 a 79 años;Total;1 de enero de 2013;1.092
02 Albacete;02037 Hellín;De 75 a 79 años;Total;1 de enero de 2012;1.137
02 Albacete;02037 Hellín;De 75 a 79 años;Total;1 de enero de 2011;1.116
02 Albacete;02037 Hellín;De 75 a 79 años;Total;1 de enero de 2010;1.132
02 Albacete;02037 Hellín;De 80 a 84 años;Total;1 de enero de 2022;753
02 Albacete;02037 Hellín;De 80 a 84 años;Total;1 de enero de 2021;784
02 Albacete;02037 Hellín;De 80 a 84 años;Total;1 de enero de 2020;750
02 Albacete;02037 Hellín;De 80 a 84 años;Total;1 de enero de 2019;835
02 Albacete;02037 Hellín;De 80 a 84 años;Total;1 de enero de 2018;869
02 Albacete;02037 Hellín;De 80 a 84 años;Total;1 de enero de 2017;902
02 Albacete;02037 Hellín;De 80 a 84 años;Total;1 de enero de 2016;894
02 Albacete;02037 Hellín;De 80 a 84 años;Total;1 de enero de 2015;911
02 Albacete;02037 Hellín;De 80 a 84 años;Total;1 de enero de 2014;929
02 Albacete;02037 Hellín;De 80 a 84 años;Total;1 de enero de 2013;898
02 Albacete;02037 Hellín;De 80 a 84 años;Total;1 de enero de 2012;882
02 Albacete;02037 Hellín;De 80 a 84 años;Total;1 de enero de 2011;878
02 Albacete;02037 Hellín;De 80 a 84 años;Total;1 de enero de 2010;858
02 Albacete;02037 Hellín;De 85 a 89 años;Total;1 de enero de 2022;587
02 Albacete;02037 Hellín;De 85 a 89 años;Total;1 de enero de 2021;582
02 Albacete;02037 Hellín;De 85 a 89 años;Total;1 de enero de 2020;610
02 Albacete;02037 Hellín;De 85 a 89 años;Total;1 de enero de 2019;623
02 Albacete;02037 Hellín;De 85 a 89 años;Total;1 de enero de 2018;600
02 Albacete;02037 Hellín;De 85 a 89 años;Total;1 de enero de 2017;589
02 Albacete;02037 Hellín;De 85 a 89 años;Total;1 de enero de 2016;593
02 Albacete;02037 Hellín;De 85 a 89 años;Total;1 de enero de 2015;574
02 Albacete;02037 Hellín;De 85 a 89 años;Total;1 de enero de 2014;522
02 Albacete;02037 Hellín;De 85 a 89 años;Total;1 de enero de 2013;514
02 Albacete;02037 Hellín;De 85 a 89 años;Total;1 de enero de 2012;498
02 Albacete;02037 Hellín;De 85 a 89 años;Total;1 de enero de 2011;461
02 Albacete;02037 Hellín;De 85 a 89 años;Total;1 de enero de 2010;418
02 Albacete;02037 Hellín;De 90 a 94 años;Total;1 de enero de 2022;276
02 Albacete;02037 Hellín;De 90 a 94 años;Total;1 de enero de 2021;263
02 Albacete;02037 Hellín;De 90 a 94 años;Total;1 de enero de 2020;276
02 Albacete;02037 Hellín;De 90 a 94 años;Total;1 de enero de 2019;243
02 Albacete;02037 Hellín;De 90 a 94 años;Total;1 de enero de 2018;239
02 Albacete;02037 Hellín;De 90 a 94 años;Total;1 de enero de 2017;249
02 Albacete;02037 Hellín;De 90 a 94 años;Total;1 de enero de 2016;223
02 Albacete;02037 Hellín;De 90 a 94 años;Total;1 de enero de 2015;185
02 Albacete;02037 Hellín;De 90 a 94 años;Total;1 de enero de 2014;176
02 Albacete;02037 Hellín;De 90 a 94 años;Total;1 de enero de 2013;160
02 Albacete;02037 Hellín;De 90 a 94 años;Total;1 de enero de 2012;130
02 Albacete;02037 Hellín;De 90 a 94 años;Total;1 de enero de 2011;109
02 Albacete;02037 Hellín;De 90 a 94 años;Total;1 de enero de 2010;104
02 Albacete;02037 Hellín;De 95 a 99 años;Total;1 de enero de 2022;60
02 Albacete;02037 Hellín;De 95 a 99 años;Total;1 de enero de 2021;62
02 Albacete;02037 Hellín;De 95 a 99 años;Total;1 de enero de 2020;48
02 Albacete;02037 Hellín;De 95 a 99 años;Total;1 de enero de 2019;49
02 Albacete;02037 Hellín;De 95 a 99 años;Total;1 de enero de 2018;39
02 Albacete;02037 Hellín;De 95 a 99 años;Total;1 de enero de 2017;27
02 Albacete;02037 Hellín;De 95 a 99 años;Total;1 de enero de 2016;30
02 Albacete;02037 Hellín;De 95 a 99 años;Total;1 de enero de 2015;26
02 Albacete;02037 Hellín;De 95 a 99 años;Total;1 de enero de 2014;25
02 Albacete;02037 Hellín;De 95 a 99 años;Total;1 de enero de 2013;22
02 Albacete;02037 Hellín;De 95 a 99 años;Total;1 de enero de 2012;32
02 Albacete;02037 Hellín;De 95 a 99 años;Total;1 de enero de 2011;27
02 Albacete;02037 Hellín;De 95 a 99 años;Total;1 de enero de 2010;30
02 Albacete;02037 Hellín;100 y más años;Total;1 de enero de 2022;3
02 Albacete;02037 Hellín;100 y más años;Total;1 de enero de 2021;3
02 Albacete;02037 Hellín;100 y más años;Total;1 de enero de 2020;6
02 Albacete;02037 Hellín;100 y más años;Total;1 de enero de 2019;5
02 Albacete;02037 Hellín;100 y más años;Total;1 de enero de 2018;4
02 Albacete;02037 Hellín;100 y más años;Total;1 de enero de 2017;5
02 Albacete;02037 Hellín;100 y más años;Total;1 de enero de 2016;7
02 Albacete;02037 Hellín;100 y más años;Total;1 de enero de 2015;10
02 Albacete;02037 Hellín;100 y más años;Total;1 de enero de 2014;9
02 Albacete;02037 Hellín;100 y más años;Total;1 de enero de 2013;6
02 Albacete;02037 Hellín;100 y más años;Total;1 de enero de 2012;2
02 Albacete;02037 Hellín;100 y más años;Total;1 de enero de 2011;4
02 Albacete;02037 Hellín;100 y más años;Total;1 de enero de 2010;6
02 Albacete;02038 Herrera, La;De 0 a 4 años;Total;1 de enero de 2022;13
02 Albacete;02038 Herrera, La;De 0 a 4 años;Total;1 de enero de 2021;10
02 Albacete;02038 Herrera, La;De 0 a 4 años;Total;1 de enero de 2020;8
02 Albacete;02038 Herrera, La;De 0 a 4 años;Total;1 de enero de 2019;11
02 Albacete;02038 Herrera, La;De 0 a 4 años;Total;1 de enero de 2018;15
02 Albacete;02038 Herrera, La;De 0 a 4 años;Total;1 de enero de 2017;11
02 Albacete;02038 Herrera, La;De 0 a 4 años;Total;1 de enero de 2016;12
02 Albacete;02038 Herrera, La;De 0 a 4 años;Total;1 de enero de 2015;14
02 Albacete;02038 Herrera, La;De 0 a 4 años;Total;1 de enero de 2014;11
02 Albacete;02038 Herrera, La;De 0 a 4 años;Total;1 de enero de 2013;7
02 Albacete;02038 Herrera, La;De 0 a 4 años;Total;1 de enero de 2012;6
02 Albacete;02038 Herrera, La;De 0 a 4 años;Total;1 de enero de 2011;7
02 Albacete;02038 Herrera, La;De 0 a 4 años;Total;1 de enero de 2010;5
02 Albacete;02038 Herrera, La;De 5 a 9 años;Total;1 de enero de 2022;10
02 Albacete;02038 Herrera, La;De 5 a 9 años;Total;1 de enero de 2021;12
02 Albacete;02038 Herrera, La;De 5 a 9 años;Total;1 de enero de 2020;16
02 Albacete;02038 Herrera, La;De 5 a 9 años;Total;1 de enero de 2019;11
02 Albacete;02038 Herrera, La;De 5 a 9 años;Total;1 de enero de 2018;10
02 Albacete;02038 Herrera, La;De 5 a 9 años;Total;1 de enero de 2017;6
02 Albacete;02038 Herrera, La;De 5 a 9 años;Total;1 de enero de 2016;6
02 Albacete;02038 Herrera, La;De 5 a 9 años;Total;1 de enero de 2015;6
02 Albacete;02038 Herrera, La;De 5 a 9 años;Total;1 de enero de 2014;7
02 Albacete;02038 Herrera, La;De 5 a 9 años;Total;1 de enero de 2013;9
02 Albacete;02038 Herrera, La;De 5 a 9 años;Total;1 de enero de 2012;8
02 Albacete;02038 Herrera, La;De 5 a 9 años;Total;1 de enero de 2011;6
02 Albacete;02038 Herrera, La;De 5 a 9 años;Total;1 de enero de 2010;4
02 Albacete;02038 Herrera, La;De 10 a 14 años;Total;1 de enero de 2022;9
02 Albacete;02038 Herrera, La;De 10 a 14 años;Total;1 de enero de 2021;8
02 Albacete;02038 Herrera, La;De 10 a 14 años;Total;1 de enero de 2020;9
02 Albacete;02038 Herrera, La;De 10 a 14 años;Total;1 de enero de 2019;8
02 Albacete;02038 Herrera, La;De 10 a 14 años;Total;1 de enero de 2018;8
02 Albacete;02038 Herrera, La;De 10 a 14 años;Total;1 de enero de 2017;6
02 Albacete;02038 Herrera, La;De 10 a 14 años;Total;1 de enero de 2016;5
02 Albacete;02038 Herrera, La;De 10 a 14 años;Total;1 de enero de 2015;4
02 Albacete;02038 Herrera, La;De 10 a 14 años;Total;1 de enero de 2014;6
02 Albacete;02038 Herrera, La;De 10 a 14 años;Total;1 de enero de 2013;10
02 Albacete;02038 Herrera, La;De 10 a 14 años;Total;1 de enero de 2012;10
02 Albacete;02038 Herrera, La;De 10 a 14 años;Total;1 de enero de 2011;15
02 Albacete;02038 Herrera, La;De 10 a 14 años;Total;1 de enero de 2010;13
02 Albacete;02038 Herrera, La;De 65 a 69 años;Total;1 de enero de 2022;13
02 Albacete;02038 Herrera, La;De 65 a 69 años;Total;1 de enero de 2021;15
02 Albacete;02038 Herrera, La;De 65 a 69 años;Total;1 de enero de 2020;12
02 Albacete;02038 Herrera, La;De 65 a 69 años;Total;1 de enero de 2019;14
02 Albacete;02038 Herrera, La;De 65 a 69 años;Total;1 de enero de 2018;20
02 Albacete;02038 Herrera, La;De 65 a 69 años;Total;1 de enero de 2017;23
02 Albacete;02038 Herrera, La;De 65 a 69 años;Total;1 de enero de 2016;22
02 Albacete;02038 Herrera, La;De 65 a 69 años;Total;1 de enero de 2015;25
02 Albacete;02038 Herrera, La;De 65 a 69 años;Total;1 de enero de 2014;23
02 Albacete;02038 Herrera, La;De 65 a 69 años;Total;1 de enero de 2013;24
02 Albacete;02038 Herrera, La;De 65 a 69 años;Total;1 de enero de 2012;21
02 Albacete;02038 Herrera, La;De 65 a 69 años;Total;1 de enero de 2011;20
02 Albacete;02038 Herrera, La;De 65 a 69 años;Total;1 de enero de 2010;18
02 Albacete;02038 Herrera, La;De 70 a 74 años;Total;1 de enero de 2022;17
02 Albacete;02038 Herrera, La;De 70 a 74 años;Total;1 de enero de 2021;18
02 Albacete;02038 Herrera, La;De 70 a 74 años;Total;1 de enero de 2020;23
02 Albacete;02038 Herrera, La;De 70 a 74 años;Total;1 de enero de 2019;23
02 Albacete;02038 Herrera, La;De 70 a 74 años;Total;1 de enero de 2018;23
02 Albacete;02038 Herrera, La;De 70 a 74 años;Total;1 de enero de 2017;20
02 Albacete;02038 Herrera, La;De 70 a 74 años;Total;1 de enero de 2016;16
02 Albacete;02038 Herrera, La;De 70 a 74 años;Total;1 de enero de 2015;16
02 Albacete;02038 Herrera, La;De 70 a 74 años;Total;1 de enero de 2014;15
02 Albacete;02038 Herrera, La;De 70 a 74 años;Total;1 de enero de 2013;19
02 Albacete;02038 Herrera, La;De 70 a 74 años;Total;1 de enero de 2012;22
02 Albacete;02038 Herrera, La;De 70 a 74 años;Total;1 de enero de 2011;27
02 Albacete;02038 Herrera, La;De 70 a 74 años;Total;1 de enero de 2010;25
02 Albacete;02038 Herrera, La;De 75 a 79 años;Total;1 de enero de 2022;15
02 Albacete;02038 Herrera, La;De 75 a 79 años;Total;1 de enero de 2021;11
02 Albacete;02038 Herrera, La;De 75 a 79 años;Total;1 de enero de 2020;11
02 Albacete;02038 Herrera, La;De 75 a 79 años;Total;1 de enero de 2019;11
02 Albacete;02038 Herrera, La;De 75 a 79 años;Total;1 de enero de 2018;17
02 Albacete;02038 Herrera, La;De 75 a 79 años;Total;1 de enero de 2017;19
02 Albacete;02038 Herrera, La;De 75 a 79 años;Total;1 de enero de 2016;26
02 Albacete;02038 Herrera, La;De 75 a 79 años;Total;1 de enero de 2015;23
02 Albacete;02038 Herrera, La;De 75 a 79 años;Total;1 de enero de 2014;26
02 Albacete;02038 Herrera, La;De 75 a 79 años;Total;1 de enero de 2013;20
02 Albacete;02038 Herrera, La;De 75 a 79 años;Total;1 de enero de 2012;20
02 Albacete;02038 Herrera, La;De 75 a 79 años;Total;1 de enero de 2011;17
02 Albacete;02038 Herrera, La;De 75 a 79 años;Total;1 de enero de 2010;18
02 Albacete;02038 Herrera, La;De 80 a 84 años;Total;1 de enero de 2022;15
02 Albacete;02038 Herrera, La;De 80 a 84 años;Total;1 de enero de 2021;20
02 Albacete;02038 Herrera, La;De 80 a 84 años;Total;1 de enero de 2020;18
02 Albacete;02038 Herrera, La;De 80 a 84 años;Total;1 de enero de 2019;20
02 Albacete;02038 Herrera, La;De 80 a 84 años;Total;1 de enero de 2018;15
02 Albacete;02038 Herrera, La;De 80 a 84 años;Total;1 de enero de 2017;13
02 Albacete;02038 Herrera, La;De 80 a 84 años;Total;1 de enero de 2016;12
02 Albacete;02038 Herrera, La;De 80 a 84 años;Total;1 de enero de 2015;13
02 Albacete;02038 Herrera, La;De 80 a 84 años;Total;1 de enero de 2014;17
02 Albacete;02038 Herrera, La;De 80 a 84 años;Total;1 de enero de 2013;16
02 Albacete;02038 Herrera, La;De 80 a 84 años;Total;1 de enero de 2012;17
02 Albacete;02038 Herrera, La;De 80 a 84 años;Total;1 de enero de 2011;19
02 Albacete;02038 Herrera, La;De 80 a 84 años;Total;1 de enero de 2010;20
02 Albacete;02038 Herrera, La;De 85 a 89 años;Total;1 de enero de 2022;6
02 Albacete;02038 Herrera, La;De 85 a 89 años;Total;1 de enero de 2021;6
02 Albacete;02038 Herrera, La;De 85 a 89 años;Total;1 de enero de 2020;6
02 Albacete;02038 Herrera, La;De 85 a 89 años;Total;1 de enero de 2019;6
02 Albacete;02038 Herrera, La;De 85 a 89 años;Total;1 de enero de 2018;9
02 Albacete;02038 Herrera, La;De 85 a 89 años;Total;1 de enero de 2017;11
02 Albacete;02038 Herrera, La;De 85 a 89 años;Total;1 de enero de 2016;9
02 Albacete;02038 Herrera, La;De 85 a 89 años;Total;1 de enero de 2015;11
02 Albacete;02038 Herrera, La;De 85 a 89 años;Total;1 de enero de 2014;8
02 Albacete;02038 Herrera, La;De 85 a 89 años;Total;1 de enero de 2013;10
02 Albacete;02038 Herrera, La;De 85 a 89 años;Total;1 de enero de 2012;12
02 Albacete;02038 Herrera, La;De 85 a 89 años;Total;1 de enero de 2011;10
02 Albacete;02038 Herrera, La;De 85 a 89 años;Total;1 de enero de 2010;8
02 Albacete;02038 Herrera, La;De 90 a 94 años;Total;1 de enero de 2022;4
02 Albacete;02038 Herrera, La;De 90 a 94 años;Total;1 de enero de 2021;3
02 Albacete;02038 Herrera, La;De 90 a 94 años;Total;1 de enero de 2020;4
02 Albacete;02038 Herrera, La;De 90 a 94 años;Total;1 de enero de 2019;4
02 Albacete;02038 Herrera, La;De 90 a 94 años;Total;1 de enero de 2018;5
02 Albacete;02038 Herrera, La;De 90 a 94 años;Total;1 de enero de 2017;6
02 Albacete;02038 Herrera, La;De 90 a 94 años;Total;1 de enero de 2016;5
02 Albacete;02038 Herrera, La;De 90 a 94 años;Total;1 de enero de 2015;4
02 Albacete;02038 Herrera, La;De 90 a 94 años;Total;1 de enero de 2014;4
02 Albacete;02038 Herrera, La;De 90 a 94 años;Total;1 de enero de 2013;2
02 Albacete;02038 Herrera, La;De 90 a 94 años;Total;1 de enero de 2012;2
02 Albacete;02038 Herrera, La;De 90 a 94 años;Total;1 de enero de 2011;3
02 Albacete;02038 Herrera, La;De 90 a 94 años;Total;1 de enero de 2010;4
02 Albacete;02038 Herrera, La;De 95 a 99 años;Total;1 de enero de 2022;2
02 Albacete;02038 Herrera, La;De 95 a 99 años;Total;1 de enero de 2021;2
02 Albacete;02038 Herrera, La;De 95 a 99 años;Total;1 de enero de 2020;1
02 Albacete;02038 Herrera, La;De 95 a 99 años;Total;1 de enero de 2019;0
02 Albacete;02038 Herrera, La;De 95 a 99 años;Total;1 de enero de 2018;1
02 Albacete;02038 Herrera, La;De 95 a 99 años;Total;1 de enero de 2017;2
02 Albacete;02038 Herrera, La;De 95 a 99 años;Total;1 de enero de 2016;2
02 Albacete;02038 Herrera, La;De 95 a 99 años;Total;1 de enero de 2015;1
02 Albacete;02038 Herrera, La;De 95 a 99 años;Total;1 de enero de 2014;2
02 Albacete;02038 Herrera, La;De 95 a 99 años;Total;1 de enero de 2013;2
02 Albacete;02038 Herrera, La;De 95 a 99 años;Total;1 de enero de 2012;1
02 Albacete;02038 Herrera, La;De 95 a 99 años;Total;1 de enero de 2011;1
02 Albacete;02038 Herrera, La;De 95 a 99 años;Total;1 de enero de 2010;0
02 Albacete;02038 Herrera, La;100 y más años;Total;1 de enero de 2022;0
02 Albacete;02038 Herrera, La;100 y más años;Total;1 de enero de 2021;0
02 Albacete;02038 Herrera, La;100 y más años;Total;1 de enero de 2020;0
02 Albacete;02038 Herrera, La;100 y más años;Total;1 de enero de 2019;0
02 Albacete;02038 Herrera, La;100 y más años;Total;1 de enero de 2018;0
02 Albacete;02038 Herrera, La;100 y más años;Total;1 de enero de 2017;0
02 Albacete;02038 Herrera, La;100 y más años;Total;1 de enero de 2016;0
02 Albacete;02038 Herrera, La;100 y más años;Total;1 de enero de 2015;0
02 Albacete;02038 Herrera, La;100 y más años;Total;1 de enero de 2014;0
02 Albacete;02038 Herrera, La;100 y más años;Total;1 de enero de 2013;0
02 Albacete;02038 Herrera, La;100 y más años;Total;1 de enero de 2012;0
02 Albacete;02038 Herrera, La;100 y más años;Total;1 de enero de 2011;0
02 Albacete;02038 Herrera, La;100 y más años;Total;1 de enero de 2010;0
02 Albacete;02039 Higueruela;De 0 a 4 años;Total;1 de enero de 2022;26
02 Albacete;02039 Higueruela;De 0 a 4 años;Total;1 de enero de 2021;25
02 Albacete;02039 Higueruela;De 0 a 4 años;Total;1 de enero de 2020;32
02 Albacete;02039 Higueruela;De 0 a 4 años;Total;1 de enero de 2019;39
02 Albacete;02039 Higueruela;De 0 a 4 años;Total;1 de enero de 2018;40
02 Albacete;02039 Higueruela;De 0 a 4 años;Total;1 de enero de 2017;43
02 Albacete;02039 Higueruela;De 0 a 4 años;Total;1 de enero de 2016;45
02 Albacete;02039 Higueruela;De 0 a 4 años;Total;1 de enero de 2015;46
02 Albacete;02039 Higueruela;De 0 a 4 años;Total;1 de enero de 2014;48
02 Albacete;02039 Higueruela;De 0 a 4 años;Total;1 de enero de 2013;49
02 Albacete;02039 Higueruela;De 0 a 4 años;Total;1 de enero de 2012;55
02 Albacete;02039 Higueruela;De 0 a 4 años;Total;1 de enero de 2011;56
02 Albacete;02039 Higueruela;De 0 a 4 años;Total;1 de enero de 2010;56
02 Albacete;02039 Higueruela;De 5 a 9 años;Total;1 de enero de 2022;38
02 Albacete;02039 Higueruela;De 5 a 9 años;Total;1 de enero de 2021;40
02 Albacete;02039 Higueruela;De 5 a 9 años;Total;1 de enero de 2020;41
02 Albacete;02039 Higueruela;De 5 a 9 años;Total;1 de enero de 2019;49
02 Albacete;02039 Higueruela;De 5 a 9 años;Total;1 de enero de 2018;51
02 Albacete;02039 Higueruela;De 5 a 9 años;Total;1 de enero de 2017;56
02 Albacete;02039 Higueruela;De 5 a 9 años;Total;1 de enero de 2016;55
02 Albacete;02039 Higueruela;De 5 a 9 años;Total;1 de enero de 2015;54
02 Albacete;02039 Higueruela;De 5 a 9 años;Total;1 de enero de 2014;58
02 Albacete;02039 Higueruela;De 5 a 9 años;Total;1 de enero de 2013;63
02 Albacete;02039 Higueruela;De 5 a 9 años;Total;1 de enero de 2012;60
02 Albacete;02039 Higueruela;De 5 a 9 años;Total;1 de enero de 2011;59
02 Albacete;02039 Higueruela;De 5 a 9 años;Total;1 de enero de 2010;59
02 Albacete;02039 Higueruela;De 10 a 14 años;Total;1 de enero de 2022;51
02 Albacete;02039 Higueruela;De 10 a 14 años;Total;1 de enero de 2021;50
02 Albacete;02039 Higueruela;De 10 a 14 años;Total;1 de enero de 2020;47
02 Albacete;02039 Higueruela;De 10 a 14 años;Total;1 de enero de 2019;51
02 Albacete;02039 Higueruela;De 10 a 14 años;Total;1 de enero de 2018;58
02 Albacete;02039 Higueruela;De 10 a 14 años;Total;1 de enero de 2017;57
02 Albacete;02039 Higueruela;De 10 a 14 años;Total;1 de enero de 2016;56
02 Albacete;02039 Higueruela;De 10 a 14 años;Total;1 de enero de 2015;57
02 Albacete;02039 Higueruela;De 10 a 14 años;Total;1 de enero de 2014;57
02 Albacete;02039 Higueruela;De 10 a 14 años;Total;1 de enero de 2013;58
02 Albacete;02039 Higueruela;De 10 a 14 años;Total;1 de enero de 2012;53
02 Albacete;02039 Higueruela;De 10 a 14 años;Total;1 de enero de 2011;48
02 Albacete;02039 Higueruela;De 10 a 14 años;Total;1 de enero de 2010;45
02 Albacete;02039 Higueruela;De 65 a 69 años;Total;1 de enero de 2022;58
02 Albacete;02039 Higueruela;De 65 a 69 años;Total;1 de enero de 2021;67
02 Albacete;02039 Higueruela;De 65 a 69 años;Total;1 de enero de 2020;69
02 Albacete;02039 Higueruela;De 65 a 69 años;Total;1 de enero de 2019;69
02 Albacete;02039 Higueruela;De 65 a 69 años;Total;1 de enero de 2018;79
02 Albacete;02039 Higueruela;De 65 a 69 años;Total;1 de enero de 2017;80
02 Albacete;02039 Higueruela;De 65 a 69 años;Total;1 de enero de 2016;69
02 Albacete;02039 Higueruela;De 65 a 69 años;Total;1 de enero de 2015;70
02 Albacete;02039 Higueruela;De 65 a 69 años;Total;1 de enero de 2014;66
02 Albacete;02039 Higueruela;De 65 a 69 años;Total;1 de enero de 2013;69
02 Albacete;02039 Higueruela;De 65 a 69 años;Total;1 de enero de 2012;79
02 Albacete;02039 Higueruela;De 65 a 69 años;Total;1 de enero de 2011;80
02 Albacete;02039 Higueruela;De 65 a 69 años;Total;1 de enero de 2010;87
02 Albacete;02039 Higueruela;De 70 a 74 años;Total;1 de enero de 2022;75
02 Albacete;02039 Higueruela;De 70 a 74 años;Total;1 de enero de 2021;69
02 Albacete;02039 Higueruela;De 70 a 74 años;Total;1 de enero de 2020;70
02 Albacete;02039 Higueruela;De 70 a 74 años;Total;1 de enero de 2019;65
02 Albacete;02039 Higueruela;De 70 a 74 años;Total;1 de enero de 2018;67
02 Albacete;02039 Higueruela;De 70 a 74 años;Total;1 de enero de 2017;73
02 Albacete;02039 Higueruela;De 70 a 74 años;Total;1 de enero de 2016;76
02 Albacete;02039 Higueruela;De 70 a 74 años;Total;1 de enero de 2015;84
02 Albacete;02039 Higueruela;De 70 a 74 años;Total;1 de enero de 2014;87
02 Albacete;02039 Higueruela;De 70 a 74 años;Total;1 de enero de 2013;74
02 Albacete;02039 Higueruela;De 70 a 74 años;Total;1 de enero de 2012;64
02 Albacete;02039 Higueruela;De 70 a 74 años;Total;1 de enero de 2011;72
02 Albacete;02039 Higueruela;De 70 a 74 años;Total;1 de enero de 2010;60
02 Albacete;02039 Higueruela;De 75 a 79 años;Total;1 de enero de 2022;58
02 Albacete;02039 Higueruela;De 75 a 79 años;Total;1 de enero de 2021;66
02 Albacete;02039 Higueruela;De 75 a 79 años;Total;1 de enero de 2020;73
02 Albacete;02039 Higueruela;De 75 a 79 años;Total;1 de enero de 2019;80
02 Albacete;02039 Higueruela;De 75 a 79 años;Total;1 de enero de 2018;69
02 Albacete;02039 Higueruela;De 75 a 79 años;Total;1 de enero de 2017;60
02 Albacete;02039 Higueruela;De 75 a 79 años;Total;1 de enero de 2016;69
02 Albacete;02039 Higueruela;De 75 a 79 años;Total;1 de enero de 2015;62
02 Albacete;02039 Higueruela;De 75 a 79 años;Total;1 de enero de 2014;63
02 Albacete;02039 Higueruela;De 75 a 79 años;Total;1 de enero de 2013;68
02 Albacete;02039 Higueruela;De 75 a 79 años;Total;1 de enero de 2012;75
02 Albacete;02039 Higueruela;De 75 a 79 años;Total;1 de enero de 2011;72
02 Albacete;02039 Higueruela;De 75 a 79 años;Total;1 de enero de 2010;74
02 Albacete;02039 Higueruela;De 80 a 84 años;Total;1 de enero de 2022;55
02 Albacete;02039 Higueruela;De 80 a 84 años;Total;1 de enero de 2021;61
02 Albacete;02039 Higueruela;De 80 a 84 años;Total;1 de enero de 2020;55
02 Albacete;02039 Higueruela;De 80 a 84 años;Total;1 de enero de 2019;52
02 Albacete;02039 Higueruela;De 80 a 84 años;Total;1 de enero de 2018;54
02 Albacete;02039 Higueruela;De 80 a 84 años;Total;1 de enero de 2017;64
02 Albacete;02039 Higueruela;De 80 a 84 años;Total;1 de enero de 2016;58
02 Albacete;02039 Higueruela;De 80 a 84 años;Total;1 de enero de 2015;59
02 Albacete;02039 Higueruela;De 80 a 84 años;Total;1 de enero de 2014;71
02 Albacete;02039 Higueruela;De 80 a 84 años;Total;1 de enero de 2013;72
02 Albacete;02039 Higueruela;De 80 a 84 años;Total;1 de enero de 2012;68
02 Albacete;02039 Higueruela;De 80 a 84 años;Total;1 de enero de 2011;68
02 Albacete;02039 Higueruela;De 80 a 84 años;Total;1 de enero de 2010;66
02 Albacete;02039 Higueruela;De 85 a 89 años;Total;1 de enero de 2022;42
02 Albacete;02039 Higueruela;De 85 a 89 años;Total;1 de enero de 2021;37
02 Albacete;02039 Higueruela;De 85 a 89 años;Total;1 de enero de 2020;41
02 Albacete;02039 Higueruela;De 85 a 89 años;Total;1 de enero de 2019;46
02 Albacete;02039 Higueruela;De 85 a 89 años;Total;1 de enero de 2018;46
02 Albacete;02039 Higueruela;De 85 a 89 años;Total;1 de enero de 2017;37
02 Albacete;02039 Higueruela;De 85 a 89 años;Total;1 de enero de 2016;38
02 Albacete;02039 Higueruela;De 85 a 89 años;Total;1 de enero de 2015;45
02 Albacete;02039 Higueruela;De 85 a 89 años;Total;1 de enero de 2014;36
02 Albacete;02039 Higueruela;De 85 a 89 años;Total;1 de enero de 2013;34
02 Albacete;02039 Higueruela;De 85 a 89 años;Total;1 de enero de 2012;37
02 Albacete;02039 Higueruela;De 85 a 89 años;Total;1 de enero de 2011;36
02 Albacete;02039 Higueruela;De 85 a 89 años;Total;1 de enero de 2010;27
02 Albacete;02039 Higueruela;De 90 a 94 años;Total;1 de enero de 2022;17
02 Albacete;02039 Higueruela;De 90 a 94 años;Total;1 de enero de 2021;18
02 Albacete;02039 Higueruela;De 90 a 94 años;Total;1 de enero de 2020;19
02 Albacete;02039 Higueruela;De 90 a 94 años;Total;1 de enero de 2019;14
02 Albacete;02039 Higueruela;De 90 a 94 años;Total;1 de enero de 2018;8
02 Albacete;02039 Higueruela;De 90 a 94 años;Total;1 de enero de 2017;6
02 Albacete;02039 Higueruela;De 90 a 94 años;Total;1 de enero de 2016;7
02 Albacete;02039 Higueruela;De 90 a 94 años;Total;1 de enero de 2015;9
02 Albacete;02039 Higueruela;De 90 a 94 años;Total;1 de enero de 2014;8
02 Albacete;02039 Higueruela;De 90 a 94 años;Total;1 de enero de 2013;11
02 Albacete;02039 Higueruela;De 90 a 94 años;Total;1 de enero de 2012;9
02 Albacete;02039 Higueruela;De 90 a 94 años;Total;1 de enero de 2011;11
02 Albacete;02039 Higueruela;De 90 a 94 años;Total;1 de enero de 2010;12
02 Albacete;02039 Higueruela;De 95 a 99 años;Total;1 de enero de 2022;2
02 Albacete;02039 Higueruela;De 95 a 99 años;Total;1 de enero de 2021;1
02 Albacete;02039 Higueruela;De 95 a 99 años;Total;1 de enero de 2020;2
02 Albacete;02039 Higueruela;De 95 a 99 años;Total;1 de enero de 2019;2
02 Albacete;02039 Higueruela;De 95 a 99 años;Total;1 de enero de 2018;2
02 Albacete;02039 Higueruela;De 95 a 99 años;Total;1 de enero de 2017;3
02 Albacete;02039 Higueruela;De 95 a 99 años;Total;1 de enero de 2016;4
02 Albacete;02039 Higueruela;De 95 a 99 años;Total;1 de enero de 2015;4
02 Albacete;02039 Higueruela;De 95 a 99 años;Total;1 de enero de 2014;8
02 Albacete;02039 Higueruela;De 95 a 99 años;Total;1 de enero de 2013;7
02 Albacete;02039 Higueruela;De 95 a 99 años;Total;1 de enero de 2012;9
02 Albacete;02039 Higueruela;De 95 a 99 años;Total;1 de enero de 2011;8
02 Albacete;02039 Higueruela;De 95 a 99 años;Total;1 de enero de 2010;7
02 Albacete;02039 Higueruela;100 y más años;Total;1 de enero de 2022;0
02 Albacete;02039 Higueruela;100 y más años;Total;1 de enero de 2021;1
02 Albacete;02039 Higueruela;100 y más años;Total;1 de enero de 2020;0
02 Albacete;02039 Higueruela;100 y más años;Total;1 de enero de 2019;0
02 Albacete;02039 Higueruela;100 y más años;Total;1 de enero de 2018;0
02 Albacete;02039 Higueruela;100 y más años;Total;1 de enero de 2017;1
02 Albacete;02039 Higueruela;100 y más años;Total;1 de enero de 2016;1
02 Albacete;02039 Higueruela;100 y más años;Total;1 de enero de 2015;2
02 Albacete;02039 Higueruela;100 y más años;Total;1 de enero de 2014;3
02 Albacete;02039 Higueruela;100 y más años;Total;1 de enero de 2013;2
02 Albacete;02039 Higueruela;100 y más años;Total;1 de enero de 2012;0
02 Albacete;02039 Higueruela;100 y más años;Total;1 de enero de 2011;0
02 Albacete;02039 Higueruela;100 y más años;Total;1 de enero de 2010;1
02 Albacete;02040 Hoya-Gonzalo;De 0 a 4 años;Total;1 de enero de 2022;10
02 Albacete;02040 Hoya-Gonzalo;De 0 a 4 años;Total;1 de enero de 2021;7
02 Albacete;02040 Hoya-Gonzalo;De 0 a 4 años;Total;1 de enero de 2020;12
02 Albacete;02040 Hoya-Gonzalo;De 0 a 4 años;Total;1 de enero de 2019;11
02 Albacete;02040 Hoya-Gonzalo;De 0 a 4 años;Total;1 de enero de 2018;12
02 Albacete;02040 Hoya-Gonzalo;De 0 a 4 años;Total;1 de enero de 2017;16
02 Albacete;02040 Hoya-Gonzalo;De 0 a 4 años;Total;1 de enero de 2016;15
02 Albacete;02040 Hoya-Gonzalo;De 0 a 4 años;Total;1 de enero de 2015;20
02 Albacete;02040 Hoya-Gonzalo;De 0 a 4 años;Total;1 de enero de 2014;21
02 Albacete;02040 Hoya-Gonzalo;De 0 a 4 años;Total;1 de enero de 2013;19
02 Albacete;02040 Hoya-Gonzalo;De 0 a 4 años;Total;1 de enero de 2012;20
02 Albacete;02040 Hoya-Gonzalo;De 0 a 4 años;Total;1 de enero de 2011;23
02 Albacete;02040 Hoya-Gonzalo;De 0 a 4 años;Total;1 de enero de 2010;20
02 Albacete;02040 Hoya-Gonzalo;De 5 a 9 años;Total;1 de enero de 2022;14
02 Albacete;02040 Hoya-Gonzalo;De 5 a 9 años;Total;1 de enero de 2021;12
02 Albacete;02040 Hoya-Gonzalo;De 5 a 9 años;Total;1 de enero de 2020;21
02 Albacete;02040 Hoya-Gonzalo;De 5 a 9 años;Total;1 de enero de 2019;21
02 Albacete;02040 Hoya-Gonzalo;De 5 a 9 años;Total;1 de enero de 2018;22
02 Albacete;02040 Hoya-Gonzalo;De 5 a 9 años;Total;1 de enero de 2017;21
02 Albacete;02040 Hoya-Gonzalo;De 5 a 9 años;Total;1 de enero de 2016;26
02 Albacete;02040 Hoya-Gonzalo;De 5 a 9 años;Total;1 de enero de 2015;27
02 Albacete;02040 Hoya-Gonzalo;De 5 a 9 años;Total;1 de enero de 2014;23
02 Albacete;02040 Hoya-Gonzalo;De 5 a 9 años;Total;1 de enero de 2013;20
02 Albacete;02040 Hoya-Gonzalo;De 5 a 9 años;Total;1 de enero de 2012;28
02 Albacete;02040 Hoya-Gonzalo;De 5 a 9 años;Total;1 de enero de 2011;27
02 Albacete;02040 Hoya-Gonzalo;De 5 a 9 años;Total;1 de enero de 2010;34
02 Albacete;02040 Hoya-Gonzalo;De 10 a 14 años;Total;1 de enero de 2022;19
02 Albacete;02040 Hoya-Gonzalo;De 10 a 14 años;Total;1 de enero de 2021;26
02 Albacete;02040 Hoya-Gonzalo;De 10 a 14 años;Total;1 de enero de 2020;26
02 Albacete;02040 Hoya-Gonzalo;De 10 a 14 años;Total;1 de enero de 2019;20
02 Albacete;02040 Hoya-Gonzalo;De 10 a 14 años;Total;1 de enero de 2018;16
02 Albacete;02040 Hoya-Gonzalo;De 10 a 14 años;Total;1 de enero de 2017;24
02 Albacete;02040 Hoya-Gonzalo;De 10 a 14 años;Total;1 de enero de 2016;25
02 Albacete;02040 Hoya-Gonzalo;De 10 a 14 años;Total;1 de enero de 2015;31
02 Albacete;02040 Hoya-Gonzalo;De 10 a 14 años;Total;1 de enero de 2014;34
02 Albacete;02040 Hoya-Gonzalo;De 10 a 14 años;Total;1 de enero de 2013;39
02 Albacete;02040 Hoya-Gonzalo;De 10 a 14 años;Total;1 de enero de 2012;34
02 Albacete;02040 Hoya-Gonzalo;De 10 a 14 años;Total;1 de enero de 2011;32
02 Albacete;02040 Hoya-Gonzalo;De 10 a 14 años;Total;1 de enero de 2010;27
02 Albacete;02040 Hoya-Gonzalo;De 65 a 69 años;Total;1 de enero de 2022;42
02 Albacete;02040 Hoya-Gonzalo;De 65 a 69 años;Total;1 de enero de 2021;37
02 Albacete;02040 Hoya-Gonzalo;De 65 a 69 años;Total;1 de enero de 2020;32
02 Albacete;02040 Hoya-Gonzalo;De 65 a 69 años;Total;1 de enero de 2019;45
02 Albacete;02040 Hoya-Gonzalo;De 65 a 69 años;Total;1 de enero de 2018;45
02 Albacete;02040 Hoya-Gonzalo;De 65 a 69 años;Total;1 de enero de 2017;49
02 Albacete;02040 Hoya-Gonzalo;De 65 a 69 años;Total;1 de enero de 2016;53
02 Albacete;02040 Hoya-Gonzalo;De 65 a 69 años;Total;1 de enero de 2015;57
02 Albacete;02040 Hoya-Gonzalo;De 65 a 69 años;Total;1 de enero de 2014;58
02 Albacete;02040 Hoya-Gonzalo;De 65 a 69 años;Total;1 de enero de 2013;51
02 Albacete;02040 Hoya-Gonzalo;De 65 a 69 años;Total;1 de enero de 2012;48
02 Albacete;02040 Hoya-Gonzalo;De 65 a 69 años;Total;1 de enero de 2011;47
02 Albacete;02040 Hoya-Gonzalo;De 65 a 69 años;Total;1 de enero de 2010;44
02 Albacete;02040 Hoya-Gonzalo;De 70 a 74 años;Total;1 de enero de 2022;43
02 Albacete;02040 Hoya-Gonzalo;De 70 a 74 años;Total;1 de enero de 2021;46
02 Albacete;02040 Hoya-Gonzalo;De 70 a 74 años;Total;1 de enero de 2020;48
02 Albacete;02040 Hoya-Gonzalo;De 70 a 74 años;Total;1 de enero de 2019;56
02 Albacete;02040 Hoya-Gonzalo;De 70 a 74 años;Total;1 de enero de 2018;49
02 Albacete;02040 Hoya-Gonzalo;De 70 a 74 años;Total;1 de enero de 2017;47
02 Albacete;02040 Hoya-Gonzalo;De 70 a 74 años;Total;1 de enero de 2016;46
02 Albacete;02040 Hoya-Gonzalo;De 70 a 74 años;Total;1 de enero de 2015;43
02 Albacete;02040 Hoya-Gonzalo;De 70 a 74 años;Total;1 de enero de 2014;42
02 Albacete;02040 Hoya-Gonzalo;De 70 a 74 años;Total;1 de enero de 2013;40
02 Albacete;02040 Hoya-Gonzalo;De 70 a 74 años;Total;1 de enero de 2012;37
02 Albacete;02040 Hoya-Gonzalo;De 70 a 74 años;Total;1 de enero de 2011;45
02 Albacete;02040 Hoya-Gonzalo;De 70 a 74 años;Total;1 de enero de 2010;38
02 Albacete;02040 Hoya-Gonzalo;De 75 a 79 años;Total;1 de enero de 2022;37
02 Albacete;02040 Hoya-Gonzalo;De 75 a 79 años;Total;1 de enero de 2021;37
02 Albacete;02040 Hoya-Gonzalo;De 75 a 79 años;Total;1 de enero de 2020;41
02 Albacete;02040 Hoya-Gonzalo;De 75 a 79 años;Total;1 de enero de 2019;39
02 Albacete;02040 Hoya-Gonzalo;De 75 a 79 años;Total;1 de enero de 2018;38
02 Albacete;02040 Hoya-Gonzalo;De 75 a 79 años;Total;1 de enero de 2017;33
02 Albacete;02040 Hoya-Gonzalo;De 75 a 79 años;Total;1 de enero de 2016;38
02 Albacete;02040 Hoya-Gonzalo;De 75 a 79 años;Total;1 de enero de 2015;39
02 Albacete;02040 Hoya-Gonzalo;De 75 a 79 años;Total;1 de enero de 2014;32
02 Albacete;02040 Hoya-Gonzalo;De 75 a 79 años;Total;1 de enero de 2013;35
02 Albacete;02040 Hoya-Gonzalo;De 75 a 79 años;Total;1 de enero de 2012;40
02 Albacete;02040 Hoya-Gonzalo;De 75 a 79 años;Total;1 de enero de 2011;34
02 Albacete;02040 Hoya-Gonzalo;De 75 a 79 años;Total;1 de enero de 2010;37
02 Albacete;02040 Hoya-Gonzalo;De 80 a 84 años;Total;1 de enero de 2022;28
02 Albacete;02040 Hoya-Gonzalo;De 80 a 84 años;Total;1 de enero de 2021;28
02 Albacete;02040 Hoya-Gonzalo;De 80 a 84 años;Total;1 de enero de 2020;27
02 Albacete;02040 Hoya-Gonzalo;De 80 a 84 años;Total;1 de enero de 2019;26
02 Albacete;02040 Hoya-Gonzalo;De 80 a 84 años;Total;1 de enero de 2018;24
02 Albacete;02040 Hoya-Gonzalo;De 80 a 84 años;Total;1 de enero de 2017;32
02 Albacete;02040 Hoya-Gonzalo;De 80 a 84 años;Total;1 de enero de 2016;29
02 Albacete;02040 Hoya-Gonzalo;De 80 a 84 años;Total;1 de enero de 2015;32
02 Albacete;02040 Hoya-Gonzalo;De 80 a 84 años;Total;1 de enero de 2014;31
02 Albacete;02040 Hoya-Gonzalo;De 80 a 84 años;Total;1 de enero de 2013;33
02 Albacete;02040 Hoya-Gonzalo;De 80 a 84 años;Total;1 de enero de 2012;30
02 Albacete;02040 Hoya-Gonzalo;De 80 a 84 años;Total;1 de enero de 2011;28
02 Albacete;02040 Hoya-Gonzalo;De 80 a 84 años;Total;1 de enero de 2010;24
02 Albacete;02040 Hoya-Gonzalo;De 85 a 89 años;Total;1 de enero de 2022;15
02 Albacete;02040 Hoya-Gonzalo;De 85 a 89 años;Total;1 de enero de 2021;16
02 Albacete;02040 Hoya-Gonzalo;De 85 a 89 años;Total;1 de enero de 2020;18
02 Albacete;02040 Hoya-Gonzalo;De 85 a 89 años;Total;1 de enero de 2019;18
02 Albacete;02040 Hoya-Gonzalo;De 85 a 89 años;Total;1 de enero de 2018;17
02 Albacete;02040 Hoya-Gonzalo;De 85 a 89 años;Total;1 de enero de 2017;15
02 Albacete;02040 Hoya-Gonzalo;De 85 a 89 años;Total;1 de enero de 2016;13
02 Albacete;02040 Hoya-Gonzalo;De 85 a 89 años;Total;1 de enero de 2015;15
02 Albacete;02040 Hoya-Gonzalo;De 85 a 89 años;Total;1 de enero de 2014;14
02 Albacete;02040 Hoya-Gonzalo;De 85 a 89 años;Total;1 de enero de 2013;13
02 Albacete;02040 Hoya-Gonzalo;De 85 a 89 años;Total;1 de enero de 2012;13
02 Albacete;02040 Hoya-Gonzalo;De 85 a 89 años;Total;1 de enero de 2011;16
02 Albacete;02040 Hoya-Gonzalo;De 85 a 89 años;Total;1 de enero de 2010;19
02 Albacete;02040 Hoya-Gonzalo;De 90 a 94 años;Total;1 de enero de 2022;10
02 Albacete;02040 Hoya-Gonzalo;De 90 a 94 años;Total;1 de enero de 2021;9
02 Albacete;02040 Hoya-Gonzalo;De 90 a 94 años;Total;1 de enero de 2020;7
02 Albacete;02040 Hoya-Gonzalo;De 90 a 94 años;Total;1 de enero de 2019;7
02 Albacete;02040 Hoya-Gonzalo;De 90 a 94 años;Total;1 de enero de 2018;5
02 Albacete;02040 Hoya-Gonzalo;De 90 a 94 años;Total;1 de enero de 2017;4
02 Albacete;02040 Hoya-Gonzalo;De 90 a 94 años;Total;1 de enero de 2016;5
02 Albacete;02040 Hoya-Gonzalo;De 90 a 94 años;Total;1 de enero de 2015;9
02 Albacete;02040 Hoya-Gonzalo;De 90 a 94 años;Total;1 de enero de 2014;11
02 Albacete;02040 Hoya-Gonzalo;De 90 a 94 años;Total;1 de enero de 2013;11
02 Albacete;02040 Hoya-Gonzalo;De 90 a 94 años;Total;1 de enero de 2012;14
02 Albacete;02040 Hoya-Gonzalo;De 90 a 94 años;Total;1 de enero de 2011;13
02 Albacete;02040 Hoya-Gonzalo;De 90 a 94 años;Total;1 de enero de 2010;7
02 Albacete;02040 Hoya-Gonzalo;De 95 a 99 años;Total;1 de enero de 2022;2
02 Albacete;02040 Hoya-Gonzalo;De 95 a 99 años;Total;1 de enero de 2021;3
02 Albacete;02040 Hoya-Gonzalo;De 95 a 99 años;Total;1 de enero de 2020;4
02 Albacete;02040 Hoya-Gonzalo;De 95 a 99 años;Total;1 de enero de 2019;3
02 Albacete;02040 Hoya-Gonzalo;De 95 a 99 años;Total;1 de enero de 2018;3
02 Albacete;02040 Hoya-Gonzalo;De 95 a 99 años;Total;1 de enero de 2017;6
02 Albacete;02040 Hoya-Gonzalo;De 95 a 99 años;Total;1 de enero de 2016;6
02 Albacete;02040 Hoya-Gonzalo;De 95 a 99 años;Total;1 de enero de 2015;4
02 Albacete;02040 Hoya-Gonzalo;De 95 a 99 años;Total;1 de enero de 2014;3
02 Albacete;02040 Hoya-Gonzalo;De 95 a 99 años;Total;1 de enero de 2013;2
02 Albacete;02040 Hoya-Gonzalo;De 95 a 99 años;Total;1 de enero de 2012;0
02 Albacete;02040 Hoya-Gonzalo;De 95 a 99 años;Total;1 de enero de 2011;0
02 Albacete;02040 Hoya-Gonzalo;De 95 a 99 años;Total;1 de enero de 2010;1
02 Albacete;02040 Hoya-Gonzalo;100 y más años;Total;1 de enero de 2022;0
02 Albacete;02040 Hoya-Gonzalo;100 y más años;Total;1 de enero de 2021;0
02 Albacete;02040 Hoya-Gonzalo;100 y más años;Total;1 de enero de 2020;1
02 Albacete;02040 Hoya-Gonzalo;100 y más años;Total;1 de enero de 2019;1
02 Albacete;02040 Hoya-Gonzalo;100 y más años;Total;1 de enero de 2018;1
02 Albacete;02040 Hoya-Gonzalo;100 y más años;Total;1 de enero de 2017;0
02 Albacete;02040 Hoya-Gonzalo;100 y más años;Total;1 de enero de 2016;0
02 Albacete;02040 Hoya-Gonzalo;100 y más años;Total;1 de enero de 2015;0
02 Albacete;02040 Hoya-Gonzalo;100 y más años;Total;1 de enero de 2014;0
02 Albacete;02040 Hoya-Gonzalo;100 y más años;Total;1 de enero de 2013;0
02 Albacete;02040 Hoya-Gonzalo;100 y más años;Total;1 de enero de 2012;0
02 Albacete;02040 Hoya-Gonzalo;100 y más años;Total;1 de enero de 2011;0
02 Albacete;02040 Hoya-Gonzalo;100 y más años;Total;1 de enero de 2010;0
02 Albacete;02041 Jorquera;De 0 a 4 años;Total;1 de enero de 2022;2
02 Albacete;02041 Jorquera;De 0 a 4 años;Total;1 de enero de 2021;6
02 Albacete;02041 Jorquera;De 0 a 4 años;Total;1 de enero de 2020;5
02 Albacete;02041 Jorquera;De 0 a 4 años;Total;1 de enero de 2019;5
02 Albacete;02041 Jorquera;De 0 a 4 años;Total;1 de enero de 2018;6
02 Albacete;02041 Jorquera;De 0 a 4 años;Total;1 de enero de 2017;8
02 Albacete;02041 Jorquera;De 0 a 4 años;Total;1 de enero de 2016;5
02 Albacete;02041 Jorquera;De 0 a 4 años;Total;1 de enero de 2015;8
02 Albacete;02041 Jorquera;De 0 a 4 años;Total;1 de enero de 2014;9
02 Albacete;02041 Jorquera;De 0 a 4 años;Total;1 de enero de 2013;10
02 Albacete;02041 Jorquera;De 0 a 4 años;Total;1 de enero de 2012;11
02 Albacete;02041 Jorquera;De 0 a 4 años;Total;1 de enero de 2011;12
02 Albacete;02041 Jorquera;De 0 a 4 años;Total;1 de enero de 2010;11
02 Albacete;02041 Jorquera;De 5 a 9 años;Total;1 de enero de 2022;5
02 Albacete;02041 Jorquera;De 5 a 9 años;Total;1 de enero de 2021;6
02 Albacete;02041 Jorquera;De 5 a 9 años;Total;1 de enero de 2020;8
02 Albacete;02041 Jorquera;De 5 a 9 años;Total;1 de enero de 2019;9
02 Albacete;02041 Jorquera;De 5 a 9 años;Total;1 de enero de 2018;9
02 Albacete;02041 Jorquera;De 5 a 9 años;Total;1 de enero de 2017;7
02 Albacete;02041 Jorquera;De 5 a 9 años;Total;1 de enero de 2016;9
02 Albacete;02041 Jorquera;De 5 a 9 años;Total;1 de enero de 2015;11
02 Albacete;02041 Jorquera;De 5 a 9 años;Total;1 de enero de 2014;14
02 Albacete;02041 Jorquera;De 5 a 9 años;Total;1 de enero de 2013;13
02 Albacete;02041 Jorquera;De 5 a 9 años;Total;1 de enero de 2012;11
02 Albacete;02041 Jorquera;De 5 a 9 años;Total;1 de enero de 2011;12
02 Albacete;02041 Jorquera;De 5 a 9 años;Total;1 de enero de 2010;9
02 Albacete;02041 Jorquera;De 10 a 14 años;Total;1 de enero de 2022;9
02 Albacete;02041 Jorquera;De 10 a 14 años;Total;1 de enero de 2021;9
02 Albacete;02041 Jorquera;De 10 a 14 años;Total;1 de enero de 2020;10
02 Albacete;02041 Jorquera;De 10 a 14 años;Total;1 de enero de 2019;13
02 Albacete;02041 Jorquera;De 10 a 14 años;Total;1 de enero de 2018;11
02 Albacete;02041 Jorquera;De 10 a 14 años;Total;1 de enero de 2017;12
02 Albacete;02041 Jorquera;De 10 a 14 años;Total;1 de enero de 2016;12
02 Albacete;02041 Jorquera;De 10 a 14 años;Total;1 de enero de 2015;9
02 Albacete;02041 Jorquera;De 10 a 14 años;Total;1 de enero de 2014;11
02 Albacete;02041 Jorquera;De 10 a 14 años;Total;1 de enero de 2013;10
02 Albacete;02041 Jorquera;De 10 a 14 años;Total;1 de enero de 2012;10
02 Albacete;02041 Jorquera;De 10 a 14 años;Total;1 de enero de 2011;11
02 Albacete;02041 Jorquera;De 10 a 14 años;Total;1 de enero de 2010;12
02 Albacete;02041 Jorquera;De 65 a 69 años;Total;1 de enero de 2022;22
02 Albacete;02041 Jorquera;De 65 a 69 años;Total;1 de enero de 2021;19
02 Albacete;02041 Jorquera;De 65 a 69 años;Total;1 de enero de 2020;19
02 Albacete;02041 Jorquera;De 65 a 69 años;Total;1 de enero de 2019;20
02 Albacete;02041 Jorquera;De 65 a 69 años;Total;1 de enero de 2018;21
02 Albacete;02041 Jorquera;De 65 a 69 años;Total;1 de enero de 2017;21
02 Albacete;02041 Jorquera;De 65 a 69 años;Total;1 de enero de 2016;27
02 Albacete;02041 Jorquera;De 65 a 69 años;Total;1 de enero de 2015;28
02 Albacete;02041 Jorquera;De 65 a 69 años;Total;1 de enero de 2014;35
02 Albacete;02041 Jorquera;De 65 a 69 años;Total;1 de enero de 2013;34
02 Albacete;02041 Jorquera;De 65 a 69 años;Total;1 de enero de 2012;43
02 Albacete;02041 Jorquera;De 65 a 69 años;Total;1 de enero de 2011;31
02 Albacete;02041 Jorquera;De 65 a 69 años;Total;1 de enero de 2010;43
02 Albacete;02041 Jorquera;De 70 a 74 años;Total;1 de enero de 2022;22
02 Albacete;02041 Jorquera;De 70 a 74 años;Total;1 de enero de 2021;27
02 Albacete;02041 Jorquera;De 70 a 74 años;Total;1 de enero de 2020;24
02 Albacete;02041 Jorquera;De 70 a 74 años;Total;1 de enero de 2019;32
02 Albacete;02041 Jorquera;De 70 a 74 años;Total;1 de enero de 2018;30
02 Albacete;02041 Jorquera;De 70 a 74 años;Total;1 de enero de 2017;37
02 Albacete;02041 Jorquera;De 70 a 74 años;Total;1 de enero de 2016;28
02 Albacete;02041 Jorquera;De 70 a 74 años;Total;1 de enero de 2015;38
02 Albacete;02041 Jorquera;De 70 a 74 años;Total;1 de enero de 2014;33
02 Albacete;02041 Jorquera;De 70 a 74 años;Total;1 de enero de 2013;34
02 Albacete;02041 Jorquera;De 70 a 74 años;Total;1 de enero de 2012;28
02 Albacete;02041 Jorquera;De 70 a 74 años;Total;1 de enero de 2011;37
02 Albacete;02041 Jorquera;De 70 a 74 años;Total;1 de enero de 2010;38
02 Albacete;02041 Jorquera;De 75 a 79 años;Total;1 de enero de 2022;31
02 Albacete;02041 Jorquera;De 75 a 79 años;Total;1 de enero de 2021;24
02 Albacete;02041 Jorquera;De 75 a 79 años;Total;1 de enero de 2020;32
02 Albacete;02041 Jorquera;De 75 a 79 años;Total;1 de enero de 2019;24
02 Albacete;02041 Jorquera;De 75 a 79 años;Total;1 de enero de 2018;26
02 Albacete;02041 Jorquera;De 75 a 79 años;Total;1 de enero de 2017;22
02 Albacete;02041 Jorquera;De 75 a 79 años;Total;1 de enero de 2016;33
02 Albacete;02041 Jorquera;De 75 a 79 años;Total;1 de enero de 2015;29
02 Albacete;02041 Jorquera;De 75 a 79 años;Total;1 de enero de 2014;29
02 Albacete;02041 Jorquera;De 75 a 79 años;Total;1 de enero de 2013;33
02 Albacete;02041 Jorquera;De 75 a 79 años;Total;1 de enero de 2012;39
02 Albacete;02041 Jorquera;De 75 a 79 años;Total;1 de enero de 2011;35
02 Albacete;02041 Jorquera;De 75 a 79 años;Total;1 de enero de 2010;41
02 Albacete;02041 Jorquera;De 80 a 84 años;Total;1 de enero de 2022;18
02 Albacete;02041 Jorquera;De 80 a 84 años;Total;1 de enero de 2021;24
02 Albacete;02041 Jorquera;De 80 a 84 años;Total;1 de enero de 2020;25
02 Albacete;02041 Jorquera;De 80 a 84 años;Total;1 de enero de 2019;26
02 Albacete;02041 Jorquera;De 80 a 84 años;Total;1 de enero de 2018;31
02 Albacete;02041 Jorquera;De 80 a 84 años;Total;1 de enero de 2017;35
02 Albacete;02041 Jorquera;De 80 a 84 años;Total;1 de enero de 2016;30
02 Albacete;02041 Jorquera;De 80 a 84 años;Total;1 de enero de 2015;31
02 Albacete;02041 Jorquera;De 80 a 84 años;Total;1 de enero de 2014;32
02 Albacete;02041 Jorquera;De 80 a 84 años;Total;1 de enero de 2013;34
02 Albacete;02041 Jorquera;De 80 a 84 años;Total;1 de enero de 2012;36
02 Albacete;02041 Jorquera;De 80 a 84 años;Total;1 de enero de 2011;38
02 Albacete;02041 Jorquera;De 80 a 84 años;Total;1 de enero de 2010;32
02 Albacete;02041 Jorquera;De 85 a 89 años;Total;1 de enero de 2022;23
02 Albacete;02041 Jorquera;De 85 a 89 años;Total;1 de enero de 2021;26
02 Albacete;02041 Jorquera;De 85 a 89 años;Total;1 de enero de 2020;17
02 Albacete;02041 Jorquera;De 85 a 89 años;Total;1 de enero de 2019;23
02 Albacete;02041 Jorquera;De 85 a 89 años;Total;1 de enero de 2018;23
02 Albacete;02041 Jorquera;De 85 a 89 años;Total;1 de enero de 2017;21
02 Albacete;02041 Jorquera;De 85 a 89 años;Total;1 de enero de 2016;21
02 Albacete;02041 Jorquera;De 85 a 89 años;Total;1 de enero de 2015;18
02 Albacete;02041 Jorquera;De 85 a 89 años;Total;1 de enero de 2014;20
02 Albacete;02041 Jorquera;De 85 a 89 años;Total;1 de enero de 2013;17
02 Albacete;02041 Jorquera;De 85 a 89 años;Total;1 de enero de 2012;19
02 Albacete;02041 Jorquera;De 85 a 89 años;Total;1 de enero de 2011;18
02 Albacete;02041 Jorquera;De 85 a 89 años;Total;1 de enero de 2010;18
02 Albacete;02041 Jorquera;De 90 a 94 años;Total;1 de enero de 2022;7
02 Albacete;02041 Jorquera;De 90 a 94 años;Total;1 de enero de 2021;10
02 Albacete;02041 Jorquera;De 90 a 94 años;Total;1 de enero de 2020;11
02 Albacete;02041 Jorquera;De 90 a 94 años;Total;1 de enero de 2019;11
02 Albacete;02041 Jorquera;De 90 a 94 años;Total;1 de enero de 2018;9
02 Albacete;02041 Jorquera;De 90 a 94 años;Total;1 de enero de 2017;9
02 Albacete;02041 Jorquera;De 90 a 94 años;Total;1 de enero de 2016;8
02 Albacete;02041 Jorquera;De 90 a 94 años;Total;1 de enero de 2015;9
02 Albacete;02041 Jorquera;De 90 a 94 años;Total;1 de enero de 2014;10
02 Albacete;02041 Jorquera;De 90 a 94 años;Total;1 de enero de 2013;8
02 Albacete;02041 Jorquera;De 90 a 94 años;Total;1 de enero de 2012;5
02 Albacete;02041 Jorquera;De 90 a 94 años;Total;1 de enero de 2011;4
02 Albacete;02041 Jorquera;De 90 a 94 años;Total;1 de enero de 2010;5
02 Albacete;02041 Jorquera;De 95 a 99 años;Total;1 de enero de 2022;4
02 Albacete;02041 Jorquera;De 95 a 99 años;Total;1 de enero de 2021;4
02 Albacete;02041 Jorquera;De 95 a 99 años;Total;1 de enero de 2020;3
02 Albacete;02041 Jorquera;De 95 a 99 años;Total;1 de enero de 2019;2
02 Albacete;02041 Jorquera;De 95 a 99 años;Total;1 de enero de 2018;1
02 Albacete;02041 Jorquera;De 95 a 99 años;Total;1 de enero de 2017;2
02 Albacete;02041 Jorquera;De 95 a 99 años;Total;1 de enero de 2016;1
02 Albacete;02041 Jorquera;De 95 a 99 años;Total;1 de enero de 2015;1
02 Albacete;02041 Jorquera;De 95 a 99 años;Total;1 de enero de 2014;1
02 Albacete;02041 Jorquera;De 95 a 99 años;Total;1 de enero de 2013;1
02 Albacete;02041 Jorquera;De 95 a 99 años;Total;1 de enero de 2012;2
02 Albacete;02041 Jorquera;De 95 a 99 años;Total;1 de enero de 2011;2
02 Albacete;02041 Jorquera;De 95 a 99 años;Total;1 de enero de 2010;1
02 Albacete;02041 Jorquera;100 y más años;Total;1 de enero de 2022;1
02 Albacete;02041 Jorquera;100 y más años;Total;1 de enero de 2021;1
02 Albacete;02041 Jorquera;100 y más años;Total;1 de enero de 2020;1
02 Albacete;02041 Jorquera;100 y más años;Total;1 de enero de 2019;1
02 Albacete;02041 Jorquera;100 y más años;Total;1 de enero de 2018;1
02 Albacete;02041 Jorquera;100 y más años;Total;1 de enero de 2017;1
02 Albacete;02041 Jorquera;100 y más años;Total;1 de enero de 2016;1
02 Albacete;02041 Jorquera;100 y más años;Total;1 de enero de 2015;1
02 Albacete;02041 Jorquera;100 y más años;Total;1 de enero de 2014;0
02 Albacete;02041 Jorquera;100 y más años;Total;1 de enero de 2013;0
02 Albacete;02041 Jorquera;100 y más años;Total;1 de enero de 2012;0
02 Albacete;02041 Jorquera;100 y más años;Total;1 de enero de 2011;0
02 Albacete;02041 Jorquera;100 y más años;Total;1 de enero de 2010;0
02 Albacete;02042 Letur;De 0 a 4 años;Total;1 de enero de 2022;16
02 Albacete;02042 Letur;De 0 a 4 años;Total;1 de enero de 2021;14
02 Albacete;02042 Letur;De 0 a 4 años;Total;1 de enero de 2020;12
02 Albacete;02042 Letur;De 0 a 4 años;Total;1 de enero de 2019;19
02 Albacete;02042 Letur;De 0 a 4 años;Total;1 de enero de 2018;19
02 Albacete;02042 Letur;De 0 a 4 años;Total;1 de enero de 2017;20
02 Albacete;02042 Letur;De 0 a 4 años;Total;1 de enero de 2016;15
02 Albacete;02042 Letur;De 0 a 4 años;Total;1 de enero de 2015;19
02 Albacete;02042 Letur;De 0 a 4 años;Total;1 de enero de 2014;21
02 Albacete;02042 Letur;De 0 a 4 años;Total;1 de enero de 2013;21
02 Albacete;02042 Letur;De 0 a 4 años;Total;1 de enero de 2012;20
02 Albacete;02042 Letur;De 0 a 4 años;Total;1 de enero de 2011;22
02 Albacete;02042 Letur;De 0 a 4 años;Total;1 de enero de 2010;20
02 Albacete;02042 Letur;De 5 a 9 años;Total;1 de enero de 2022;17
02 Albacete;02042 Letur;De 5 a 9 años;Total;1 de enero de 2021;15
02 Albacete;02042 Letur;De 5 a 9 años;Total;1 de enero de 2020;19
02 Albacete;02042 Letur;De 5 a 9 años;Total;1 de enero de 2019;19
02 Albacete;02042 Letur;De 5 a 9 años;Total;1 de enero de 2018;18
02 Albacete;02042 Letur;De 5 a 9 años;Total;1 de enero de 2017;18
02 Albacete;02042 Letur;De 5 a 9 años;Total;1 de enero de 2016;20
02 Albacete;02042 Letur;De 5 a 9 años;Total;1 de enero de 2015;20
02 Albacete;02042 Letur;De 5 a 9 años;Total;1 de enero de 2014;21
02 Albacete;02042 Letur;De 5 a 9 años;Total;1 de enero de 2013;26
02 Albacete;02042 Letur;De 5 a 9 años;Total;1 de enero de 2012;39
02 Albacete;02042 Letur;De 5 a 9 años;Total;1 de enero de 2011;31
02 Albacete;02042 Letur;De 5 a 9 años;Total;1 de enero de 2010;36
02 Albacete;02042 Letur;De 10 a 14 años;Total;1 de enero de 2022;17
02 Albacete;02042 Letur;De 10 a 14 años;Total;1 de enero de 2021;22
02 Albacete;02042 Letur;De 10 a 14 años;Total;1 de enero de 2020;22
02 Albacete;02042 Letur;De 10 a 14 años;Total;1 de enero de 2019;23
02 Albacete;02042 Letur;De 10 a 14 años;Total;1 de enero de 2018;30
02 Albacete;02042 Letur;De 10 a 14 años;Total;1 de enero de 2017;39
02 Albacete;02042 Letur;De 10 a 14 años;Total;1 de enero de 2016;32
02 Albacete;02042 Letur;De 10 a 14 años;Total;1 de enero de 2015;39
02 Albacete;02042 Letur;De 10 a 14 años;Total;1 de enero de 2014;53
02 Albacete;02042 Letur;De 10 a 14 años;Total;1 de enero de 2013;55
02 Albacete;02042 Letur;De 10 a 14 años;Total;1 de enero de 2012;58
02 Albacete;02042 Letur;De 10 a 14 años;Total;1 de enero de 2011;65
02 Albacete;02042 Letur;De 10 a 14 años;Total;1 de enero de 2010;67
02 Albacete;02042 Letur;De 65 a 69 años;Total;1 de enero de 2022;67
02 Albacete;02042 Letur;De 65 a 69 años;Total;1 de enero de 2021;65
02 Albacete;02042 Letur;De 65 a 69 años;Total;1 de enero de 2020;58
02 Albacete;02042 Letur;De 65 a 69 años;Total;1 de enero de 2019;55
02 Albacete;02042 Letur;De 65 a 69 años;Total;1 de enero de 2018;58
02 Albacete;02042 Letur;De 65 a 69 años;Total;1 de enero de 2017;49
02 Albacete;02042 Letur;De 65 a 69 años;Total;1 de enero de 2016;48
02 Albacete;02042 Letur;De 65 a 69 años;Total;1 de enero de 2015;50
02 Albacete;02042 Letur;De 65 a 69 años;Total;1 de enero de 2014;50
02 Albacete;02042 Letur;De 65 a 69 años;Total;1 de enero de 2013;49
02 Albacete;02042 Letur;De 65 a 69 años;Total;1 de enero de 2012;52
02 Albacete;02042 Letur;De 65 a 69 años;Total;1 de enero de 2011;58
02 Albacete;02042 Letur;De 65 a 69 años;Total;1 de enero de 2010;57
02 Albacete;02042 Letur;De 70 a 74 años;Total;1 de enero de 2022;52
02 Albacete;02042 Letur;De 70 a 74 años;Total;1 de enero de 2021;45
02 Albacete;02042 Letur;De 70 a 74 años;Total;1 de enero de 2020;45
02 Albacete;02042 Letur;De 70 a 74 años;Total;1 de enero de 2019;46
02 Albacete;02042 Letur;De 70 a 74 años;Total;1 de enero de 2018;41
02 Albacete;02042 Letur;De 70 a 74 años;Total;1 de enero de 2017;40
02 Albacete;02042 Letur;De 70 a 74 años;Total;1 de enero de 2016;47
02 Albacete;02042 Letur;De 70 a 74 años;Total;1 de enero de 2015;52
02 Albacete;02042 Letur;De 70 a 74 años;Total;1 de enero de 2014;49
02 Albacete;02042 Letur;De 70 a 74 años;Total;1 de enero de 2013;51
02 Albacete;02042 Letur;De 70 a 74 años;Total;1 de enero de 2012;58
02 Albacete;02042 Letur;De 70 a 74 años;Total;1 de enero de 2011;61
02 Albacete;02042 Letur;De 70 a 74 años;Total;1 de enero de 2010;69
02 Albacete;02042 Letur;De 75 a 79 años;Total;1 de enero de 2022;39
02 Albacete;02042 Letur;De 75 a 79 años;Total;1 de enero de 2021;41
02 Albacete;02042 Letur;De 75 a 79 años;Total;1 de enero de 2020;48
02 Albacete;02042 Letur;De 75 a 79 años;Total;1 de enero de 2019;45
02 Albacete;02042 Letur;De 75 a 79 años;Total;1 de enero de 2018;46
02 Albacete;02042 Letur;De 75 a 79 años;Total;1 de enero de 2017;54
02 Albacete;02042 Letur;De 75 a 79 años;Total;1 de enero de 2016;56
02 Albacete;02042 Letur;De 75 a 79 años;Total;1 de enero de 2015;61
02 Albacete;02042 Letur;De 75 a 79 años;Total;1 de enero de 2014;68
02 Albacete;02042 Letur;De 75 a 79 años;Total;1 de enero de 2013;72
02 Albacete;02042 Letur;De 75 a 79 años;Total;1 de enero de 2012;86
02 Albacete;02042 Letur;De 75 a 79 años;Total;1 de enero de 2011;93
02 Albacete;02042 Letur;De 75 a 79 años;Total;1 de enero de 2010;90
02 Albacete;02042 Letur;De 80 a 84 años;Total;1 de enero de 2022;41
02 Albacete;02042 Letur;De 80 a 84 años;Total;1 de enero de 2021;47
02 Albacete;02042 Letur;De 80 a 84 años;Total;1 de enero de 2020;50
02 Albacete;02042 Letur;De 80 a 84 años;Total;1 de enero de 2019;61
02 Albacete;02042 Letur;De 80 a 84 años;Total;1 de enero de 2018;62
02 Albacete;02042 Letur;De 80 a 84 años;Total;1 de enero de 2017;62
02 Albacete;02042 Letur;De 80 a 84 años;Total;1 de enero de 2016;72
02 Albacete;02042 Letur;De 80 a 84 años;Total;1 de enero de 2015;64
02 Albacete;02042 Letur;De 80 a 84 años;Total;1 de enero de 2014;70
02 Albacete;02042 Letur;De 80 a 84 años;Total;1 de enero de 2013;63
02 Albacete;02042 Letur;De 80 a 84 años;Total;1 de enero de 2012;57
02 Albacete;02042 Letur;De 80 a 84 años;Total;1 de enero de 2011;58
02 Albacete;02042 Letur;De 80 a 84 años;Total;1 de enero de 2010;60
02 Albacete;02042 Letur;De 85 a 89 años;Total;1 de enero de 2022;39
02 Albacete;02042 Letur;De 85 a 89 años;Total;1 de enero de 2021;44
02 Albacete;02042 Letur;De 85 a 89 años;Total;1 de enero de 2020;39
02 Albacete;02042 Letur;De 85 a 89 años;Total;1 de enero de 2019;44
02 Albacete;02042 Letur;De 85 a 89 años;Total;1 de enero de 2018;40
02 Albacete;02042 Letur;De 85 a 89 años;Total;1 de enero de 2017;44
02 Albacete;02042 Letur;De 85 a 89 años;Total;1 de enero de 2016;44
02 Albacete;02042 Letur;De 85 a 89 años;Total;1 de enero de 2015;41
02 Albacete;02042 Letur;De 85 a 89 años;Total;1 de enero de 2014;39
02 Albacete;02042 Letur;De 85 a 89 años;Total;1 de enero de 2013;33
02 Albacete;02042 Letur;De 85 a 89 años;Total;1 de enero de 2012;33
02 Albacete;02042 Letur;De 85 a 89 años;Total;1 de enero de 2011;28
02 Albacete;02042 Letur;De 85 a 89 años;Total;1 de enero de 2010;30
02 Albacete;02042 Letur;De 90 a 94 años;Total;1 de enero de 2022;22
02 Albacete;02042 Letur;De 90 a 94 años;Total;1 de enero de 2021;18
02 Albacete;02042 Letur;De 90 a 94 años;Total;1 de enero de 2020;21
02 Albacete;02042 Letur;De 90 a 94 años;Total;1 de enero de 2019;15
02 Albacete;02042 Letur;De 90 a 94 años;Total;1 de enero de 2018;18
02 Albacete;02042 Letur;De 90 a 94 años;Total;1 de enero de 2017;17
02 Albacete;02042 Letur;De 90 a 94 años;Total;1 de enero de 2016;15
02 Albacete;02042 Letur;De 90 a 94 años;Total;1 de enero de 2015;13
02 Albacete;02042 Letur;De 90 a 94 años;Total;1 de enero de 2014;10
02 Albacete;02042 Letur;De 90 a 94 años;Total;1 de enero de 2013;11
02 Albacete;02042 Letur;De 90 a 94 años;Total;1 de enero de 2012;12
02 Albacete;02042 Letur;De 90 a 94 años;Total;1 de enero de 2011;9
02 Albacete;02042 Letur;De 90 a 94 años;Total;1 de enero de 2010;5
02 Albacete;02042 Letur;De 95 a 99 años;Total;1 de enero de 2022;4
02 Albacete;02042 Letur;De 95 a 99 años;Total;1 de enero de 2021;4
02 Albacete;02042 Letur;De 95 a 99 años;Total;1 de enero de 2020;5
02 Albacete;02042 Letur;De 95 a 99 años;Total;1 de enero de 2019;4
02 Albacete;02042 Letur;De 95 a 99 años;Total;1 de enero de 2018;4
02 Albacete;02042 Letur;De 95 a 99 años;Total;1 de enero de 2017;4
02 Albacete;02042 Letur;De 95 a 99 años;Total;1 de enero de 2016;2
02 Albacete;02042 Letur;De 95 a 99 años;Total;1 de enero de 2015;3
02 Albacete;02042 Letur;De 95 a 99 años;Total;1 de enero de 2014;3
02 Albacete;02042 Letur;De 95 a 99 años;Total;1 de enero de 2013;4
02 Albacete;02042 Letur;De 95 a 99 años;Total;1 de enero de 2012;6
02 Albacete;02042 Letur;De 95 a 99 años;Total;1 de enero de 2011;5
02 Albacete;02042 Letur;De 95 a 99 años;Total;1 de enero de 2010;5
02 Albacete;02042 Letur;100 y más años;Total;1 de enero de 2022;0
02 Albacete;02042 Letur;100 y más años;Total;1 de enero de 2021;1
02 Albacete;02042 Letur;100 y más años;Total;1 de enero de 2020;0
02 Albacete;02042 Letur;100 y más años;Total;1 de enero de 2019;0
02 Albacete;02042 Letur;100 y más años;Total;1 de enero de 2018;1
02 Albacete;02042 Letur;100 y más años;Total;1 de enero de 2017;1
02 Albacete;02042 Letur;100 y más años;Total;1 de enero de 2016;1
02 Albacete;02042 Letur;100 y más años;Total;1 de enero de 2015;1
02 Albacete;02042 Letur;100 y más años;Total;1 de enero de 2014;0
02 Albacete;02042 Letur;100 y más años;Total;1 de enero de 2013;0
02 Albacete;02042 Letur;100 y más años;Total;1 de enero de 2012;0
02 Albacete;02042 Letur;100 y más años;Total;1 de enero de 2011;1
02 Albacete;02042 Letur;100 y más años;Total;1 de enero de 2010;0
02 Albacete;02043 Lezuza;De 0 a 4 años;Total;1 de enero de 2022;20
02 Albacete;02043 Lezuza;De 0 a 4 años;Total;1 de enero de 2021;21
02 Albacete;02043 Lezuza;De 0 a 4 años;Total;1 de enero de 2020;15
02 Albacete;02043 Lezuza;De 0 a 4 años;Total;1 de enero de 2019;26
02 Albacete;02043 Lezuza;De 0 a 4 años;Total;1 de enero de 2018;24
02 Albacete;02043 Lezuza;De 0 a 4 años;Total;1 de enero de 2017;26
02 Albacete;02043 Lezuza;De 0 a 4 años;Total;1 de enero de 2016;40
02 Albacete;02043 Lezuza;De 0 a 4 años;Total;1 de enero de 2015;37
02 Albacete;02043 Lezuza;De 0 a 4 años;Total;1 de enero de 2014;32
02 Albacete;02043 Lezuza;De 0 a 4 años;Total;1 de enero de 2013;38
02 Albacete;02043 Lezuza;De 0 a 4 años;Total;1 de enero de 2012;42
02 Albacete;02043 Lezuza;De 0 a 4 años;Total;1 de enero de 2011;46
02 Albacete;02043 Lezuza;De 0 a 4 años;Total;1 de enero de 2010;45
02 Albacete;02043 Lezuza;De 5 a 9 años;Total;1 de enero de 2022;30
02 Albacete;02043 Lezuza;De 5 a 9 años;Total;1 de enero de 2021;30
02 Albacete;02043 Lezuza;De 5 a 9 años;Total;1 de enero de 2020;30
02 Albacete;02043 Lezuza;De 5 a 9 años;Total;1 de enero de 2019;29
02 Albacete;02043 Lezuza;De 5 a 9 años;Total;1 de enero de 2018;33
02 Albacete;02043 Lezuza;De 5 a 9 años;Total;1 de enero de 2017;39
02 Albacete;02043 Lezuza;De 5 a 9 años;Total;1 de enero de 2016;40
02 Albacete;02043 Lezuza;De 5 a 9 años;Total;1 de enero de 2015;40
02 Albacete;02043 Lezuza;De 5 a 9 años;Total;1 de enero de 2014;58
02 Albacete;02043 Lezuza;De 5 a 9 años;Total;1 de enero de 2013;61
02 Albacete;02043 Lezuza;De 5 a 9 años;Total;1 de enero de 2012;60
02 Albacete;02043 Lezuza;De 5 a 9 años;Total;1 de enero de 2011;62
02 Albacete;02043 Lezuza;De 5 a 9 años;Total;1 de enero de 2010;64
02 Albacete;02043 Lezuza;De 10 a 14 años;Total;1 de enero de 2022;38
02 Albacete;02043 Lezuza;De 10 a 14 años;Total;1 de enero de 2021;39
02 Albacete;02043 Lezuza;De 10 a 14 años;Total;1 de enero de 2020;41
02 Albacete;02043 Lezuza;De 10 a 14 años;Total;1 de enero de 2019;53
02 Albacete;02043 Lezuza;De 10 a 14 años;Total;1 de enero de 2018;57
02 Albacete;02043 Lezuza;De 10 a 14 años;Total;1 de enero de 2017;58
02 Albacete;02043 Lezuza;De 10 a 14 años;Total;1 de enero de 2016;61
02 Albacete;02043 Lezuza;De 10 a 14 años;Total;1 de enero de 2015;64
02 Albacete;02043 Lezuza;De 10 a 14 años;Total;1 de enero de 2014;57
02 Albacete;02043 Lezuza;De 10 a 14 años;Total;1 de enero de 2013;65
02 Albacete;02043 Lezuza;De 10 a 14 años;Total;1 de enero de 2012;63
02 Albacete;02043 Lezuza;De 10 a 14 años;Total;1 de enero de 2011;68
02 Albacete;02043 Lezuza;De 10 a 14 años;Total;1 de enero de 2010;71
02 Albacete;02043 Lezuza;De 65 a 69 años;Total;1 de enero de 2022;66
02 Albacete;02043 Lezuza;De 65 a 69 años;Total;1 de enero de 2021;62
02 Albacete;02043 Lezuza;De 65 a 69 años;Total;1 de enero de 2020;68
02 Albacete;02043 Lezuza;De 65 a 69 años;Total;1 de enero de 2019;73
02 Albacete;02043 Lezuza;De 65 a 69 años;Total;1 de enero de 2018;74
02 Albacete;02043 Lezuza;De 65 a 69 años;Total;1 de enero de 2017;70
02 Albacete;02043 Lezuza;De 65 a 69 años;Total;1 de enero de 2016;69
02 Albacete;02043 Lezuza;De 65 a 69 años;Total;1 de enero de 2015;76
02 Albacete;02043 Lezuza;De 65 a 69 años;Total;1 de enero de 2014;78
02 Albacete;02043 Lezuza;De 65 a 69 años;Total;1 de enero de 2013;88
02 Albacete;02043 Lezuza;De 65 a 69 años;Total;1 de enero de 2012;99
02 Albacete;02043 Lezuza;De 65 a 69 años;Total;1 de enero de 2011;96
02 Albacete;02043 Lezuza;De 65 a 69 años;Total;1 de enero de 2010;102
02 Albacete;02043 Lezuza;De 70 a 74 años;Total;1 de enero de 2022;63
02 Albacete;02043 Lezuza;De 70 a 74 años;Total;1 de enero de 2021;63
02 Albacete;02043 Lezuza;De 70 a 74 años;Total;1 de enero de 2020;71
02 Albacete;02043 Lezuza;De 70 a 74 años;Total;1 de enero de 2019;68
02 Albacete;02043 Lezuza;De 70 a 74 años;Total;1 de enero de 2018;80
02 Albacete;02043 Lezuza;De 70 a 74 años;Total;1 de enero de 2017;91
02 Albacete;02043 Lezuza;De 70 a 74 años;Total;1 de enero de 2016;89
02 Albacete;02043 Lezuza;De 70 a 74 años;Total;1 de enero de 2015;91
02 Albacete;02043 Lezuza;De 70 a 74 años;Total;1 de enero de 2014;99
02 Albacete;02043 Lezuza;De 70 a 74 años;Total;1 de enero de 2013;97
02 Albacete;02043 Lezuza;De 70 a 74 años;Total;1 de enero de 2012;105
02 Albacete;02043 Lezuza;De 70 a 74 años;Total;1 de enero de 2011;121
02 Albacete;02043 Lezuza;De 70 a 74 años;Total;1 de enero de 2010;122
02 Albacete;02043 Lezuza;De 75 a 79 años;Total;1 de enero de 2022;77
02 Albacete;02043 Lezuza;De 75 a 79 años;Total;1 de enero de 2021;74
02 Albacete;02043 Lezuza;De 75 a 79 años;Total;1 de enero de 2020;76
02 Albacete;02043 Lezuza;De 75 a 79 años;Total;1 de enero de 2019;82
02 Albacete;02043 Lezuza;De 75 a 79 años;Total;1 de enero de 2018;88
02 Albacete;02043 Lezuza;De 75 a 79 años;Total;1 de enero de 2017;89
02 Albacete;02043 Lezuza;De 75 a 79 años;Total;1 de enero de 2016;104
02 Albacete;02043 Lezuza;De 75 a 79 años;Total;1 de enero de 2015;112
02 Albacete;02043 Lezuza;De 75 a 79 años;Total;1 de enero de 2014;103
02 Albacete;02043 Lezuza;De 75 a 79 años;Total;1 de enero de 2013;110
02 Albacete;02043 Lezuza;De 75 a 79 años;Total;1 de enero de 2012;108
02 Albacete;02043 Lezuza;De 75 a 79 años;Total;1 de enero de 2011;117
02 Albacete;02043 Lezuza;De 75 a 79 años;Total;1 de enero de 2010;119
02 Albacete;02043 Lezuza;De 80 a 84 años;Total;1 de enero de 2022;77
02 Albacete;02043 Lezuza;De 80 a 84 años;Total;1 de enero de 2021;87
02 Albacete;02043 Lezuza;De 80 a 84 años;Total;1 de enero de 2020;95
02 Albacete;02043 Lezuza;De 80 a 84 años;Total;1 de enero de 2019;85
02 Albacete;02043 Lezuza;De 80 a 84 años;Total;1 de enero de 2018;88
02 Albacete;02043 Lezuza;De 80 a 84 años;Total;1 de enero de 2017;84
02 Albacete;02043 Lezuza;De 80 a 84 años;Total;1 de enero de 2016;88
02 Albacete;02043 Lezuza;De 80 a 84 años;Total;1 de enero de 2015;87
02 Albacete;02043 Lezuza;De 80 a 84 años;Total;1 de enero de 2014;95
02 Albacete;02043 Lezuza;De 80 a 84 años;Total;1 de enero de 2013;94
02 Albacete;02043 Lezuza;De 80 a 84 años;Total;1 de enero de 2012;90
02 Albacete;02043 Lezuza;De 80 a 84 años;Total;1 de enero de 2011;71
02 Albacete;02043 Lezuza;De 80 a 84 años;Total;1 de enero de 2010;67
02 Albacete;02043 Lezuza;De 85 a 89 años;Total;1 de enero de 2022;51
02 Albacete;02043 Lezuza;De 85 a 89 años;Total;1 de enero de 2021;53
02 Albacete;02043 Lezuza;De 85 a 89 años;Total;1 de enero de 2020;52
02 Albacete;02043 Lezuza;De 85 a 89 años;Total;1 de enero de 2019;59
02 Albacete;02043 Lezuza;De 85 a 89 años;Total;1 de enero de 2018;64
02 Albacete;02043 Lezuza;De 85 a 89 años;Total;1 de enero de 2017;61
02 Albacete;02043 Lezuza;De 85 a 89 años;Total;1 de enero de 2016;51
02 Albacete;02043 Lezuza;De 85 a 89 años;Total;1 de enero de 2015;42
02 Albacete;02043 Lezuza;De 85 a 89 años;Total;1 de enero de 2014;38
02 Albacete;02043 Lezuza;De 85 a 89 años;Total;1 de enero de 2013;33
02 Albacete;02043 Lezuza;De 85 a 89 años;Total;1 de enero de 2012;36
02 Albacete;02043 Lezuza;De 85 a 89 años;Total;1 de enero de 2011;37
02 Albacete;02043 Lezuza;De 85 a 89 años;Total;1 de enero de 2010;34
02 Albacete;02043 Lezuza;De 90 a 94 años;Total;1 de enero de 2022;32
02 Albacete;02043 Lezuza;De 90 a 94 años;Total;1 de enero de 2021;23
02 Albacete;02043 Lezuza;De 90 a 94 años;Total;1 de enero de 2020;20
02 Albacete;02043 Lezuza;De 90 a 94 años;Total;1 de enero de 2019;19
02 Albacete;02043 Lezuza;De 90 a 94 años;Total;1 de enero de 2018;12
02 Albacete;02043 Lezuza;De 90 a 94 años;Total;1 de enero de 2017;10
02 Albacete;02043 Lezuza;De 90 a 94 años;Total;1 de enero de 2016;8
02 Albacete;02043 Lezuza;De 90 a 94 años;Total;1 de enero de 2015;12
02 Albacete;02043 Lezuza;De 90 a 94 años;Total;1 de enero de 2014;15
02 Albacete;02043 Lezuza;De 90 a 94 años;Total;1 de enero de 2013;13
02 Albacete;02043 Lezuza;De 90 a 94 años;Total;1 de enero de 2012;13
02 Albacete;02043 Lezuza;De 90 a 94 años;Total;1 de enero de 2011;17
02 Albacete;02043 Lezuza;De 90 a 94 años;Total;1 de enero de 2010;17
02 Albacete;02043 Lezuza;De 95 a 99 años;Total;1 de enero de 2022;0
02 Albacete;02043 Lezuza;De 95 a 99 años;Total;1 de enero de 2021;0
02 Albacete;02043 Lezuza;De 95 a 99 años;Total;1 de enero de 2020;2
02 Albacete;02043 Lezuza;De 95 a 99 años;Total;1 de enero de 2019;1
02 Albacete;02043 Lezuza;De 95 a 99 años;Total;1 de enero de 2018;3
02 Albacete;02043 Lezuza;De 95 a 99 años;Total;1 de enero de 2017;4
02 Albacete;02043 Lezuza;De 95 a 99 años;Total;1 de enero de 2016;7
02 Albacete;02043 Lezuza;De 95 a 99 años;Total;1 de enero de 2015;6
02 Albacete;02043 Lezuza;De 95 a 99 años;Total;1 de enero de 2014;3
02 Albacete;02043 Lezuza;De 95 a 99 años;Total;1 de enero de 2013;3
02 Albacete;02043 Lezuza;De 95 a 99 años;Total;1 de enero de 2012;8
02 Albacete;02043 Lezuza;De 95 a 99 años;Total;1 de enero de 2011;8
02 Albacete;02043 Lezuza;De 95 a 99 años;Total;1 de enero de 2010;6
02 Albacete;02043 Lezuza;100 y más años;Total;1 de enero de 2022;1
02 Albacete;02043 Lezuza;100 y más años;Total;1 de enero de 2021;1
02 Albacete;02043 Lezuza;100 y más años;Total;1 de enero de 2020;1
02 Albacete;02043 Lezuza;100 y más años;Total;1 de enero de 2019;1
02 Albacete;02043 Lezuza;100 y más años;Total;1 de enero de 2018;1
02 Albacete;02043 Lezuza;100 y más años;Total;1 de enero de 2017;0
02 Albacete;02043 Lezuza;100 y más años;Total;1 de enero de 2016;0
02 Albacete;02043 Lezuza;100 y más años;Total;1 de enero de 2015;0
02 Albacete;02043 Lezuza;100 y más años;Total;1 de enero de 2014;0
02 Albacete;02043 Lezuza;100 y más años;Total;1 de enero de 2013;1
02 Albacete;02043 Lezuza;100 y más años;Total;1 de enero de 2012;0
02 Albacete;02043 Lezuza;100 y más años;Total;1 de enero de 2011;0
02 Albacete;02043 Lezuza;100 y más años;Total;1 de enero de 2010;0
02 Albacete;02044 Liétor;De 0 a 4 años;Total;1 de enero de 2022;14
02 Albacete;02044 Liétor;De 0 a 4 años;Total;1 de enero de 2021;16
02 Albacete;02044 Liétor;De 0 a 4 años;Total;1 de enero de 2020;18
02 Albacete;02044 Liétor;De 0 a 4 años;Total;1 de enero de 2019;14
02 Albacete;02044 Liétor;De 0 a 4 años;Total;1 de enero de 2018;19
02 Albacete;02044 Liétor;De 0 a 4 años;Total;1 de enero de 2017;22
02 Albacete;02044 Liétor;De 0 a 4 años;Total;1 de enero de 2016;27
02 Albacete;02044 Liétor;De 0 a 4 años;Total;1 de enero de 2015;28
02 Albacete;02044 Liétor;De 0 a 4 años;Total;1 de enero de 2014;36
02 Albacete;02044 Liétor;De 0 a 4 años;Total;1 de enero de 2013;41
02 Albacete;02044 Liétor;De 0 a 4 años;Total;1 de enero de 2012;46
02 Albacete;02044 Liétor;De 0 a 4 años;Total;1 de enero de 2011;54
02 Albacete;02044 Liétor;De 0 a 4 años;Total;1 de enero de 2010;63
02 Albacete;02044 Liétor;De 5 a 9 años;Total;1 de enero de 2022;14
02 Albacete;02044 Liétor;De 5 a 9 años;Total;1 de enero de 2021;16
02 Albacete;02044 Liétor;De 5 a 9 años;Total;1 de enero de 2020;20
02 Albacete;02044 Liétor;De 5 a 9 años;Total;1 de enero de 2019;24
02 Albacete;02044 Liétor;De 5 a 9 años;Total;1 de enero de 2018;23
02 Albacete;02044 Liétor;De 5 a 9 años;Total;1 de enero de 2017;34
02 Albacete;02044 Liétor;De 5 a 9 años;Total;1 de enero de 2016;45
02 Albacete;02044 Liétor;De 5 a 9 años;Total;1 de enero de 2015;56
02 Albacete;02044 Liétor;De 5 a 9 años;Total;1 de enero de 2014;52
02 Albacete;02044 Liétor;De 5 a 9 años;Total;1 de enero de 2013;58
02 Albacete;02044 Liétor;De 5 a 9 años;Total;1 de enero de 2012;58
02 Albacete;02044 Liétor;De 5 a 9 años;Total;1 de enero de 2011;64
02 Albacete;02044 Liétor;De 5 a 9 años;Total;1 de enero de 2010;59
02 Albacete;02044 Liétor;De 10 a 14 años;Total;1 de enero de 2022;32
02 Albacete;02044 Liétor;De 10 a 14 años;Total;1 de enero de 2021;39
02 Albacete;02044 Liétor;De 10 a 14 años;Total;1 de enero de 2020;48
02 Albacete;02044 Liétor;De 10 a 14 años;Total;1 de enero de 2019;46
02 Albacete;02044 Liétor;De 10 a 14 años;Total;1 de enero de 2018;50
02 Albacete;02044 Liétor;De 10 a 14 años;Total;1 de enero de 2017;53
02 Albacete;02044 Liétor;De 10 a 14 años;Total;1 de enero de 2016;57
02 Albacete;02044 Liétor;De 10 a 14 años;Total;1 de enero de 2015;55
02 Albacete;02044 Liétor;De 10 a 14 años;Total;1 de enero de 2014;57
02 Albacete;02044 Liétor;De 10 a 14 años;Total;1 de enero de 2013;57
02 Albacete;02044 Liétor;De 10 a 14 años;Total;1 de enero de 2012;50
02 Albacete;02044 Liétor;De 10 a 14 años;Total;1 de enero de 2011;49
02 Albacete;02044 Liétor;De 10 a 14 años;Total;1 de enero de 2010;57
02 Albacete;02044 Liétor;De 65 a 69 años;Total;1 de enero de 2022;65
02 Albacete;02044 Liétor;De 65 a 69 años;Total;1 de enero de 2021;69
02 Albacete;02044 Liétor;De 65 a 69 años;Total;1 de enero de 2020;70
02 Albacete;02044 Liétor;De 65 a 69 años;Total;1 de enero de 2019;70
02 Albacete;02044 Liétor;De 65 a 69 años;Total;1 de enero de 2018;75
02 Albacete;02044 Liétor;De 65 a 69 años;Total;1 de enero de 2017;76
02 Albacete;02044 Liétor;De 65 a 69 años;Total;1 de enero de 2016;73
02 Albacete;02044 Liétor;De 65 a 69 años;Total;1 de enero de 2015;81
02 Albacete;02044 Liétor;De 65 a 69 años;Total;1 de enero de 2014;81
02 Albacete;02044 Liétor;De 65 a 69 años;Total;1 de enero de 2013;76
02 Albacete;02044 Liétor;De 65 a 69 años;Total;1 de enero de 2012;75
02 Albacete;02044 Liétor;De 65 a 69 años;Total;1 de enero de 2011;74
02 Albacete;02044 Liétor;De 65 a 69 años;Total;1 de enero de 2010;82
02 Albacete;02044 Liétor;De 70 a 74 años;Total;1 de enero de 2022;74
02 Albacete;02044 Liétor;De 70 a 74 años;Total;1 de enero de 2021;71
02 Albacete;02044 Liétor;De 70 a 74 años;Total;1 de enero de 2020;75
02 Albacete;02044 Liétor;De 70 a 74 años;Total;1 de enero de 2019;78
02 Albacete;02044 Liétor;De 70 a 74 años;Total;1 de enero de 2018;73
02 Albacete;02044 Liétor;De 70 a 74 años;Total;1 de enero de 2017;76
02 Albacete;02044 Liétor;De 70 a 74 años;Total;1 de enero de 2016;73
02 Albacete;02044 Liétor;De 70 a 74 años;Total;1 de enero de 2015;72
02 Albacete;02044 Liétor;De 70 a 74 años;Total;1 de enero de 2014;67
02 Albacete;02044 Liétor;De 70 a 74 años;Total;1 de enero de 2013;78
02 Albacete;02044 Liétor;De 70 a 74 años;Total;1 de enero de 2012;88
02 Albacete;02044 Liétor;De 70 a 74 años;Total;1 de enero de 2011;90
02 Albacete;02044 Liétor;De 70 a 74 años;Total;1 de enero de 2010;89
02 Albacete;02044 Liétor;De 75 a 79 años;Total;1 de enero de 2022;61
02 Albacete;02044 Liétor;De 75 a 79 años;Total;1 de enero de 2021;62
02 Albacete;02044 Liétor;De 75 a 79 años;Total;1 de enero de 2020;63
02 Albacete;02044 Liétor;De 75 a 79 años;Total;1 de enero de 2019;58
02 Albacete;02044 Liétor;De 75 a 79 años;Total;1 de enero de 2018;66
02 Albacete;02044 Liétor;De 75 a 79 años;Total;1 de enero de 2017;77
02 Albacete;02044 Liétor;De 75 a 79 años;Total;1 de enero de 2016;78
02 Albacete;02044 Liétor;De 75 a 79 años;Total;1 de enero de 2015;79
02 Albacete;02044 Liétor;De 75 a 79 años;Total;1 de enero de 2014;96
02 Albacete;02044 Liétor;De 75 a 79 años;Total;1 de enero de 2013;100
02 Albacete;02044 Liétor;De 75 a 79 años;Total;1 de enero de 2012;101
02 Albacete;02044 Liétor;De 75 a 79 años;Total;1 de enero de 2011;111
02 Albacete;02044 Liétor;De 75 a 79 años;Total;1 de enero de 2010;121
02 Albacete;02044 Liétor;De 80 a 84 años;Total;1 de enero de 2022;59
02 Albacete;02044 Liétor;De 80 a 84 años;Total;1 de enero de 2021;63
02 Albacete;02044 Liétor;De 80 a 84 años;Total;1 de enero de 2020;67
02 Albacete;02044 Liétor;De 80 a 84 años;Total;1 de enero de 2019;80
02 Albacete;02044 Liétor;De 80 a 84 años;Total;1 de enero de 2018;84
02 Albacete;02044 Liétor;De 80 a 84 años;Total;1 de enero de 2017;82
02 Albacete;02044 Liétor;De 80 a 84 años;Total;1 de enero de 2016;89
02 Albacete;02044 Liétor;De 80 a 84 años;Total;1 de enero de 2015;88
02 Albacete;02044 Liétor;De 80 a 84 años;Total;1 de enero de 2014;84
02 Albacete;02044 Liétor;De 80 a 84 años;Total;1 de enero de 2013;87
02 Albacete;02044 Liétor;De 80 a 84 años;Total;1 de enero de 2012;80
02 Albacete;02044 Liétor;De 80 a 84 años;Total;1 de enero de 2011;77
02 Albacete;02044 Liétor;De 80 a 84 años;Total;1 de enero de 2010;68
02 Albacete;02044 Liétor;De 85 a 89 años;Total;1 de enero de 2022;52
02 Albacete;02044 Liétor;De 85 a 89 años;Total;1 de enero de 2021;55
02 Albacete;02044 Liétor;De 85 a 89 años;Total;1 de enero de 2020;59
02 Albacete;02044 Liétor;De 85 a 89 años;Total;1 de enero de 2019;60
02 Albacete;02044 Liétor;De 85 a 89 años;Total;1 de enero de 2018;57
02 Albacete;02044 Liétor;De 85 a 89 años;Total;1 de enero de 2017;58
02 Albacete;02044 Liétor;De 85 a 89 años;Total;1 de enero de 2016;51
02 Albacete;02044 Liétor;De 85 a 89 años;Total;1 de enero de 2015;44
02 Albacete;02044 Liétor;De 85 a 89 años;Total;1 de enero de 2014;40
02 Albacete;02044 Liétor;De 85 a 89 años;Total;1 de enero de 2013;33
02 Albacete;02044 Liétor;De 85 a 89 años;Total;1 de enero de 2012;36
02 Albacete;02044 Liétor;De 85 a 89 años;Total;1 de enero de 2011;41
02 Albacete;02044 Liétor;De 85 a 89 años;Total;1 de enero de 2010;42
02 Albacete;02044 Liétor;De 90 a 94 años;Total;1 de enero de 2022;28
02 Albacete;02044 Liétor;De 90 a 94 años;Total;1 de enero de 2021;25
02 Albacete;02044 Liétor;De 90 a 94 años;Total;1 de enero de 2020;26
02 Albacete;02044 Liétor;De 90 a 94 años;Total;1 de enero de 2019;22
02 Albacete;02044 Liétor;De 90 a 94 años;Total;1 de enero de 2018;20
02 Albacete;02044 Liétor;De 90 a 94 años;Total;1 de enero de 2017;19
02 Albacete;02044 Liétor;De 90 a 94 años;Total;1 de enero de 2016;18
02 Albacete;02044 Liétor;De 90 a 94 años;Total;1 de enero de 2015;22
02 Albacete;02044 Liétor;De 90 a 94 años;Total;1 de enero de 2014;24
02 Albacete;02044 Liétor;De 90 a 94 años;Total;1 de enero de 2013;18
02 Albacete;02044 Liétor;De 90 a 94 años;Total;1 de enero de 2012;16
02 Albacete;02044 Liétor;De 90 a 94 años;Total;1 de enero de 2011;11
02 Albacete;02044 Liétor;De 90 a 94 años;Total;1 de enero de 2010;10
02 Albacete;02044 Liétor;De 95 a 99 años;Total;1 de enero de 2022;5
02 Albacete;02044 Liétor;De 95 a 99 años;Total;1 de enero de 2021;7
02 Albacete;02044 Liétor;De 95 a 99 años;Total;1 de enero de 2020;7
02 Albacete;02044 Liétor;De 95 a 99 años;Total;1 de enero de 2019;8
02 Albacete;02044 Liétor;De 95 a 99 años;Total;1 de enero de 2018;6
02 Albacete;02044 Liétor;De 95 a 99 años;Total;1 de enero de 2017;4
02 Albacete;02044 Liétor;De 95 a 99 años;Total;1 de enero de 2016;4
02 Albacete;02044 Liétor;De 95 a 99 años;Total;1 de enero de 2015;0
02 Albacete;02044 Liétor;De 95 a 99 años;Total;1 de enero de 2014;1
02 Albacete;02044 Liétor;De 95 a 99 años;Total;1 de enero de 2013;0
02 Albacete;02044 Liétor;De 95 a 99 años;Total;1 de enero de 2012;2
02 Albacete;02044 Liétor;De 95 a 99 años;Total;1 de enero de 2011;4
02 Albacete;02044 Liétor;De 95 a 99 años;Total;1 de enero de 2010;3
02 Albacete;02044 Liétor;100 y más años;Total;1 de enero de 2022;1
02 Albacete;02044 Liétor;100 y más años;Total;1 de enero de 2021;1
02 Albacete;02044 Liétor;100 y más años;Total;1 de enero de 2020;0
02 Albacete;02044 Liétor;100 y más años;Total;1 de enero de 2019;1
02 Albacete;02044 Liétor;100 y más años;Total;1 de enero de 2018;1
02 Albacete;02044 Liétor;100 y más años;Total;1 de enero de 2017;1
02 Albacete;02044 Liétor;100 y más años;Total;1 de enero de 2016;1
02 Albacete;02044 Liétor;100 y más años;Total;1 de enero de 2015;1
02 Albacete;02044 Liétor;100 y más años;Total;1 de enero de 2014;1
02 Albacete;02044 Liétor;100 y más años;Total;1 de enero de 2013;1
02 Albacete;02044 Liétor;100 y más años;Total;1 de enero de 2012;0
02 Albacete;02044 Liétor;100 y más años;Total;1 de enero de 2011;0
02 Albacete;02044 Liétor;100 y más años;Total;1 de enero de 2010;0
02 Albacete;02045 Madrigueras;De 0 a 4 años;Total;1 de enero de 2022;207
02 Albacete;02045 Madrigueras;De 0 a 4 años;Total;1 de enero de 2021;203
02 Albacete;02045 Madrigueras;De 0 a 4 años;Total;1 de enero de 2020;216
02 Albacete;02045 Madrigueras;De 0 a 4 años;Total;1 de enero de 2019;231
02 Albacete;02045 Madrigueras;De 0 a 4 años;Total;1 de enero de 2018;236
02 Albacete;02045 Madrigueras;De 0 a 4 años;Total;1 de enero de 2017;227
02 Albacete;02045 Madrigueras;De 0 a 4 años;Total;1 de enero de 2016;243
02 Albacete;02045 Madrigueras;De 0 a 4 años;Total;1 de enero de 2015;219
02 Albacete;02045 Madrigueras;De 0 a 4 años;Total;1 de enero de 2014;224
02 Albacete;02045 Madrigueras;De 0 a 4 años;Total;1 de enero de 2013;223
02 Albacete;02045 Madrigueras;De 0 a 4 años;Total;1 de enero de 2012;234
02 Albacete;02045 Madrigueras;De 0 a 4 años;Total;1 de enero de 2011;236
02 Albacete;02045 Madrigueras;De 0 a 4 años;Total;1 de enero de 2010;255
02 Albacete;02045 Madrigueras;De 5 a 9 años;Total;1 de enero de 2022;235
02 Albacete;02045 Madrigueras;De 5 a 9 años;Total;1 de enero de 2021;242
02 Albacete;02045 Madrigueras;De 5 a 9 años;Total;1 de enero de 2020;223
02 Albacete;02045 Madrigueras;De 5 a 9 años;Total;1 de enero de 2019;224
02 Albacete;02045 Madrigueras;De 5 a 9 años;Total;1 de enero de 2018;219
02 Albacete;02045 Madrigueras;De 5 a 9 años;Total;1 de enero de 2017;217
02 Albacete;02045 Madrigueras;De 5 a 9 años;Total;1 de enero de 2016;228
02 Albacete;02045 Madrigueras;De 5 a 9 años;Total;1 de enero de 2015;244
02 Albacete;02045 Madrigueras;De 5 a 9 años;Total;1 de enero de 2014;241
02 Albacete;02045 Madrigueras;De 5 a 9 años;Total;1 de enero de 2013;220
02 Albacete;02045 Madrigueras;De 5 a 9 años;Total;1 de enero de 2012;217
02 Albacete;02045 Madrigueras;De 5 a 9 años;Total;1 de enero de 2011;206
02 Albacete;02045 Madrigueras;De 5 a 9 años;Total;1 de enero de 2010;202
02 Albacete;02045 Madrigueras;De 10 a 14 años;Total;1 de enero de 2022;237
02 Albacete;02045 Madrigueras;De 10 a 14 años;Total;1 de enero de 2021;241
02 Albacete;02045 Madrigueras;De 10 a 14 años;Total;1 de enero de 2020;240
02 Albacete;02045 Madrigueras;De 10 a 14 años;Total;1 de enero de 2019;239
02 Albacete;02045 Madrigueras;De 10 a 14 años;Total;1 de enero de 2018;220
02 Albacete;02045 Madrigueras;De 10 a 14 años;Total;1 de enero de 2017;212
02 Albacete;02045 Madrigueras;De 10 a 14 años;Total;1 de enero de 2016;200
02 Albacete;02045 Madrigueras;De 10 a 14 años;Total;1 de enero de 2015;200
02 Albacete;02045 Madrigueras;De 10 a 14 años;Total;1 de enero de 2014;189
02 Albacete;02045 Madrigueras;De 10 a 14 años;Total;1 de enero de 2013;197
02 Albacete;02045 Madrigueras;De 10 a 14 años;Total;1 de enero de 2012;207
02 Albacete;02045 Madrigueras;De 10 a 14 años;Total;1 de enero de 2011;226
02 Albacete;02045 Madrigueras;De 10 a 14 años;Total;1 de enero de 2010;231
02 Albacete;02045 Madrigueras;De 65 a 69 años;Total;1 de enero de 2022;255
02 Albacete;02045 Madrigueras;De 65 a 69 años;Total;1 de enero de 2021;222
02 Albacete;02045 Madrigueras;De 65 a 69 años;Total;1 de enero de 2020;218
02 Albacete;02045 Madrigueras;De 65 a 69 años;Total;1 de enero de 2019;227
02 Albacete;02045 Madrigueras;De 65 a 69 años;Total;1 de enero de 2018;243
02 Albacete;02045 Madrigueras;De 65 a 69 años;Total;1 de enero de 2017;252
02 Albacete;02045 Madrigueras;De 65 a 69 años;Total;1 de enero de 2016;261
02 Albacete;02045 Madrigueras;De 65 a 69 años;Total;1 de enero de 2015;272
02 Albacete;02045 Madrigueras;De 65 a 69 años;Total;1 de enero de 2014;269
02 Albacete;02045 Madrigueras;De 65 a 69 años;Total;1 de enero de 2013;243
02 Albacete;02045 Madrigueras;De 65 a 69 años;Total;1 de enero de 2012;234
02 Albacete;02045 Madrigueras;De 65 a 69 años;Total;1 de enero de 2011;232
02 Albacete;02045 Madrigueras;De 65 a 69 años;Total;1 de enero de 2010;258
02 Albacete;02045 Madrigueras;De 70 a 74 años;Total;1 de enero de 2022;238
02 Albacete;02045 Madrigueras;De 70 a 74 años;Total;1 de enero de 2021;247
02 Albacete;02045 Madrigueras;De 70 a 74 años;Total;1 de enero de 2020;260
02 Albacete;02045 Madrigueras;De 70 a 74 años;Total;1 de enero de 2019;257
02 Albacete;02045 Madrigueras;De 70 a 74 años;Total;1 de enero de 2018;234
02 Albacete;02045 Madrigueras;De 70 a 74 años;Total;1 de enero de 2017;229
02 Albacete;02045 Madrigueras;De 70 a 74 años;Total;1 de enero de 2016;227
02 Albacete;02045 Madrigueras;De 70 a 74 años;Total;1 de enero de 2015;251
02 Albacete;02045 Madrigueras;De 70 a 74 años;Total;1 de enero de 2014;236
02 Albacete;02045 Madrigueras;De 70 a 74 años;Total;1 de enero de 2013;228
02 Albacete;02045 Madrigueras;De 70 a 74 años;Total;1 de enero de 2012;229
02 Albacete;02045 Madrigueras;De 70 a 74 años;Total;1 de enero de 2011;231
02 Albacete;02045 Madrigueras;De 70 a 74 años;Total;1 de enero de 2010;194
02 Albacete;02045 Madrigueras;De 75 a 79 años;Total;1 de enero de 2022;206
02 Albacete;02045 Madrigueras;De 75 a 79 años;Total;1 de enero de 2021;206
02 Albacete;02045 Madrigueras;De 75 a 79 años;Total;1 de enero de 2020;228
02 Albacete;02045 Madrigueras;De 75 a 79 años;Total;1 de enero de 2019;213
02 Albacete;02045 Madrigueras;De 75 a 79 años;Total;1 de enero de 2018;208
02 Albacete;02045 Madrigueras;De 75 a 79 años;Total;1 de enero de 2017;213
02 Albacete;02045 Madrigueras;De 75 a 79 años;Total;1 de enero de 2016;208
02 Albacete;02045 Madrigueras;De 75 a 79 años;Total;1 de enero de 2015;169
02 Albacete;02045 Madrigueras;De 75 a 79 años;Total;1 de enero de 2014;194
02 Albacete;02045 Madrigueras;De 75 a 79 años;Total;1 de enero de 2013;211
02 Albacete;02045 Madrigueras;De 75 a 79 años;Total;1 de enero de 2012;213
02 Albacete;02045 Madrigueras;De 75 a 79 años;Total;1 de enero de 2011;217
02 Albacete;02045 Madrigueras;De 75 a 79 años;Total;1 de enero de 2010;233
02 Albacete;02045 Madrigueras;De 80 a 84 años;Total;1 de enero de 2022;166
02 Albacete;02045 Madrigueras;De 80 a 84 años;Total;1 de enero de 2021;170
02 Albacete;02045 Madrigueras;De 80 a 84 años;Total;1 de enero de 2020;140
02 Albacete;02045 Madrigueras;De 80 a 84 años;Total;1 de enero de 2019;160
02 Albacete;02045 Madrigueras;De 80 a 84 años;Total;1 de enero de 2018;174
02 Albacete;02045 Madrigueras;De 80 a 84 años;Total;1 de enero de 2017;169
02 Albacete;02045 Madrigueras;De 80 a 84 años;Total;1 de enero de 2016;168
02 Albacete;02045 Madrigueras;De 80 a 84 años;Total;1 de enero de 2015;181
02 Albacete;02045 Madrigueras;De 80 a 84 años;Total;1 de enero de 2014;177
02 Albacete;02045 Madrigueras;De 80 a 84 años;Total;1 de enero de 2013;166
02 Albacete;02045 Madrigueras;De 80 a 84 años;Total;1 de enero de 2012;183
02 Albacete;02045 Madrigueras;De 80 a 84 años;Total;1 de enero de 2011;182
02 Albacete;02045 Madrigueras;De 80 a 84 años;Total;1 de enero de 2010;163
02 Albacete;02045 Madrigueras;De 85 a 89 años;Total;1 de enero de 2022;112
02 Albacete;02045 Madrigueras;De 85 a 89 años;Total;1 de enero de 2021;116
02 Albacete;02045 Madrigueras;De 85 a 89 años;Total;1 de enero de 2020;124
02 Albacete;02045 Madrigueras;De 85 a 89 años;Total;1 de enero de 2019;118
02 Albacete;02045 Madrigueras;De 85 a 89 años;Total;1 de enero de 2018;112
02 Albacete;02045 Madrigueras;De 85 a 89 años;Total;1 de enero de 2017;112
02 Albacete;02045 Madrigueras;De 85 a 89 años;Total;1 de enero de 2016;118
02 Albacete;02045 Madrigueras;De 85 a 89 años;Total;1 de enero de 2015;110
02 Albacete;02045 Madrigueras;De 85 a 89 años;Total;1 de enero de 2014;98
02 Albacete;02045 Madrigueras;De 85 a 89 años;Total;1 de enero de 2013;104
02 Albacete;02045 Madrigueras;De 85 a 89 años;Total;1 de enero de 2012;91
02 Albacete;02045 Madrigueras;De 85 a 89 años;Total;1 de enero de 2011;87
02 Albacete;02045 Madrigueras;De 85 a 89 años;Total;1 de enero de 2010;96
02 Albacete;02045 Madrigueras;De 90 a 94 años;Total;1 de enero de 2022;51
02 Albacete;02045 Madrigueras;De 90 a 94 años;Total;1 de enero de 2021;49
02 Albacete;02045 Madrigueras;De 90 a 94 años;Total;1 de enero de 2020;44
02 Albacete;02045 Madrigueras;De 90 a 94 años;Total;1 de enero de 2019;43
02 Albacete;02045 Madrigueras;De 90 a 94 años;Total;1 de enero de 2018;34
02 Albacete;02045 Madrigueras;De 90 a 94 años;Total;1 de enero de 2017;33
02 Albacete;02045 Madrigueras;De 90 a 94 años;Total;1 de enero de 2016;31
02 Albacete;02045 Madrigueras;De 90 a 94 años;Total;1 de enero de 2015;44
02 Albacete;02045 Madrigueras;De 90 a 94 años;Total;1 de enero de 2014;50
02 Albacete;02045 Madrigueras;De 90 a 94 años;Total;1 de enero de 2013;45
02 Albacete;02045 Madrigueras;De 90 a 94 años;Total;1 de enero de 2012;43
02 Albacete;02045 Madrigueras;De 90 a 94 años;Total;1 de enero de 2011;29
02 Albacete;02045 Madrigueras;De 90 a 94 años;Total;1 de enero de 2010;24
02 Albacete;02045 Madrigueras;De 95 a 99 años;Total;1 de enero de 2022;8
02 Albacete;02045 Madrigueras;De 95 a 99 años;Total;1 de enero de 2021;8
02 Albacete;02045 Madrigueras;De 95 a 99 años;Total;1 de enero de 2020;8
02 Albacete;02045 Madrigueras;De 95 a 99 años;Total;1 de enero de 2019;12
02 Albacete;02045 Madrigueras;De 95 a 99 años;Total;1 de enero de 2018;11
02 Albacete;02045 Madrigueras;De 95 a 99 años;Total;1 de enero de 2017;10
02 Albacete;02045 Madrigueras;De 95 a 99 años;Total;1 de enero de 2016;11
02 Albacete;02045 Madrigueras;De 95 a 99 años;Total;1 de enero de 2015;11
02 Albacete;02045 Madrigueras;De 95 a 99 años;Total;1 de enero de 2014;9
02 Albacete;02045 Madrigueras;De 95 a 99 años;Total;1 de enero de 2013;7
02 Albacete;02045 Madrigueras;De 95 a 99 años;Total;1 de enero de 2012;6
02 Albacete;02045 Madrigueras;De 95 a 99 años;Total;1 de enero de 2011;5
02 Albacete;02045 Madrigueras;De 95 a 99 años;Total;1 de enero de 2010;5
02 Albacete;02045 Madrigueras;100 y más años;Total;1 de enero de 2022;1
02 Albacete;02045 Madrigueras;100 y más años;Total;1 de enero de 2021;3
02 Albacete;02045 Madrigueras;100 y más años;Total;1 de enero de 2020;2
02 Albacete;02045 Madrigueras;100 y más años;Total;1 de enero de 2019;1
02 Albacete;02045 Madrigueras;100 y más años;Total;1 de enero de 2018;2
02 Albacete;02045 Madrigueras;100 y más años;Total;1 de enero de 2017;2
02 Albacete;02045 Madrigueras;100 y más años;Total;1 de enero de 2016;2
02 Albacete;02045 Madrigueras;100 y más años;Total;1 de enero de 2015;2
02 Albacete;02045 Madrigueras;100 y más años;Total;1 de enero de 2014;1
02 Albacete;02045 Madrigueras;100 y más años;Total;1 de enero de 2013;0
02 Albacete;02045 Madrigueras;100 y más años;Total;1 de enero de 2012;0
02 Albacete;02045 Madrigueras;100 y más años;Total;1 de enero de 2011;1
02 Albacete;02045 Madrigueras;100 y más años;Total;1 de enero de 2010;1
02 Albacete;02046 Mahora;De 0 a 4 años;Total;1 de enero de 2022;57
02 Albacete;02046 Mahora;De 0 a 4 años;Total;1 de enero de 2021;60
02 Albacete;02046 Mahora;De 0 a 4 años;Total;1 de enero de 2020;57
02 Albacete;02046 Mahora;De 0 a 4 años;Total;1 de enero de 2019;53
02 Albacete;02046 Mahora;De 0 a 4 años;Total;1 de enero de 2018;54
02 Albacete;02046 Mahora;De 0 a 4 años;Total;1 de enero de 2017;57
02 Albacete;02046 Mahora;De 0 a 4 años;Total;1 de enero de 2016;38
02 Albacete;02046 Mahora;De 0 a 4 años;Total;1 de enero de 2015;47
02 Albacete;02046 Mahora;De 0 a 4 años;Total;1 de enero de 2014;56
02 Albacete;02046 Mahora;De 0 a 4 años;Total;1 de enero de 2013;63
02 Albacete;02046 Mahora;De 0 a 4 años;Total;1 de enero de 2012;64
02 Albacete;02046 Mahora;De 0 a 4 años;Total;1 de enero de 2011;74
02 Albacete;02046 Mahora;De 0 a 4 años;Total;1 de enero de 2010;72
02 Albacete;02046 Mahora;De 5 a 9 años;Total;1 de enero de 2022;69
02 Albacete;02046 Mahora;De 5 a 9 años;Total;1 de enero de 2021;51
02 Albacete;02046 Mahora;De 5 a 9 años;Total;1 de enero de 2020;48
02 Albacete;02046 Mahora;De 5 a 9 años;Total;1 de enero de 2019;53
02 Albacete;02046 Mahora;De 5 a 9 años;Total;1 de enero de 2018;59
02 Albacete;02046 Mahora;De 5 a 9 años;Total;1 de enero de 2017;61
02 Albacete;02046 Mahora;De 5 a 9 años;Total;1 de enero de 2016;68
02 Albacete;02046 Mahora;De 5 a 9 años;Total;1 de enero de 2015;74
02 Albacete;02046 Mahora;De 5 a 9 años;Total;1 de enero de 2014;67
02 Albacete;02046 Mahora;De 5 a 9 años;Total;1 de enero de 2013;63
02 Albacete;02046 Mahora;De 5 a 9 años;Total;1 de enero de 2012;74
02 Albacete;02046 Mahora;De 5 a 9 años;Total;1 de enero de 2011;63
02 Albacete;02046 Mahora;De 5 a 9 años;Total;1 de enero de 2010;62
02 Albacete;02046 Mahora;De 10 a 14 años;Total;1 de enero de 2022;67
02 Albacete;02046 Mahora;De 10 a 14 años;Total;1 de enero de 2021;71
02 Albacete;02046 Mahora;De 10 a 14 años;Total;1 de enero de 2020;76
02 Albacete;02046 Mahora;De 10 a 14 años;Total;1 de enero de 2019;70
02 Albacete;02046 Mahora;De 10 a 14 años;Total;1 de enero de 2018;63
02 Albacete;02046 Mahora;De 10 a 14 años;Total;1 de enero de 2017;72
02 Albacete;02046 Mahora;De 10 a 14 años;Total;1 de enero de 2016;60
02 Albacete;02046 Mahora;De 10 a 14 años;Total;1 de enero de 2015;58
02 Albacete;02046 Mahora;De 10 a 14 años;Total;1 de enero de 2014;60
02 Albacete;02046 Mahora;De 10 a 14 años;Total;1 de enero de 2013;68
02 Albacete;02046 Mahora;De 10 a 14 años;Total;1 de enero de 2012;59
02 Albacete;02046 Mahora;De 10 a 14 años;Total;1 de enero de 2011;63
02 Albacete;02046 Mahora;De 10 a 14 años;Total;1 de enero de 2010;57
02 Albacete;02046 Mahora;De 65 a 69 años;Total;1 de enero de 2022;74
02 Albacete;02046 Mahora;De 65 a 69 años;Total;1 de enero de 2021;75
02 Albacete;02046 Mahora;De 65 a 69 años;Total;1 de enero de 2020;66
02 Albacete;02046 Mahora;De 65 a 69 años;Total;1 de enero de 2019;67
02 Albacete;02046 Mahora;De 65 a 69 años;Total;1 de enero de 2018;67
02 Albacete;02046 Mahora;De 65 a 69 años;Total;1 de enero de 2017;60
02 Albacete;02046 Mahora;De 65 a 69 años;Total;1 de enero de 2016;62
02 Albacete;02046 Mahora;De 65 a 69 años;Total;1 de enero de 2015;71
02 Albacete;02046 Mahora;De 65 a 69 años;Total;1 de enero de 2014;77
02 Albacete;02046 Mahora;De 65 a 69 años;Total;1 de enero de 2013;76
02 Albacete;02046 Mahora;De 65 a 69 años;Total;1 de enero de 2012;83
02 Albacete;02046 Mahora;De 65 a 69 años;Total;1 de enero de 2011;90
02 Albacete;02046 Mahora;De 65 a 69 años;Total;1 de enero de 2010;87
02 Albacete;02046 Mahora;De 70 a 74 años;Total;1 de enero de 2022;60
02 Albacete;02046 Mahora;De 70 a 74 años;Total;1 de enero de 2021;59
02 Albacete;02046 Mahora;De 70 a 74 años;Total;1 de enero de 2020;68
02 Albacete;02046 Mahora;De 70 a 74 años;Total;1 de enero de 2019;70
02 Albacete;02046 Mahora;De 70 a 74 años;Total;1 de enero de 2018;66
02 Albacete;02046 Mahora;De 70 a 74 años;Total;1 de enero de 2017;74
02 Albacete;02046 Mahora;De 70 a 74 años;Total;1 de enero de 2016;81
02 Albacete;02046 Mahora;De 70 a 74 años;Total;1 de enero de 2015;80
02 Albacete;02046 Mahora;De 70 a 74 años;Total;1 de enero de 2014;75
02 Albacete;02046 Mahora;De 70 a 74 años;Total;1 de enero de 2013;71
02 Albacete;02046 Mahora;De 70 a 74 años;Total;1 de enero de 2012;78
02 Albacete;02046 Mahora;De 70 a 74 años;Total;1 de enero de 2011;70
02 Albacete;02046 Mahora;De 70 a 74 años;Total;1 de enero de 2010;69
02 Albacete;02046 Mahora;De 75 a 79 años;Total;1 de enero de 2022;72
02 Albacete;02046 Mahora;De 75 a 79 años;Total;1 de enero de 2021;77
02 Albacete;02046 Mahora;De 75 a 79 años;Total;1 de enero de 2020;72
02 Albacete;02046 Mahora;De 75 a 79 años;Total;1 de enero de 2019;67
02 Albacete;02046 Mahora;De 75 a 79 años;Total;1 de enero de 2018;64
02 Albacete;02046 Mahora;De 75 a 79 años;Total;1 de enero de 2017;72
02 Albacete;02046 Mahora;De 75 a 79 años;Total;1 de enero de 2016;61
02 Albacete;02046 Mahora;De 75 a 79 años;Total;1 de enero de 2015;61
02 Albacete;02046 Mahora;De 75 a 79 años;Total;1 de enero de 2014;63
02 Albacete;02046 Mahora;De 75 a 79 años;Total;1 de enero de 2013;70
02 Albacete;02046 Mahora;De 75 a 79 años;Total;1 de enero de 2012;56
02 Albacete;02046 Mahora;De 75 a 79 años;Total;1 de enero de 2011;63
02 Albacete;02046 Mahora;De 75 a 79 años;Total;1 de enero de 2010;66
02 Albacete;02046 Mahora;De 80 a 84 años;Total;1 de enero de 2022;59
02 Albacete;02046 Mahora;De 80 a 84 años;Total;1 de enero de 2021;50
02 Albacete;02046 Mahora;De 80 a 84 años;Total;1 de enero de 2020;51
02 Albacete;02046 Mahora;De 80 a 84 años;Total;1 de enero de 2019;55
02 Albacete;02046 Mahora;De 80 a 84 años;Total;1 de enero de 2018;54
02 Albacete;02046 Mahora;De 80 a 84 años;Total;1 de enero de 2017;45
02 Albacete;02046 Mahora;De 80 a 84 años;Total;1 de enero de 2016;53
02 Albacete;02046 Mahora;De 80 a 84 años;Total;1 de enero de 2015;55
02 Albacete;02046 Mahora;De 80 a 84 años;Total;1 de enero de 2014;55
02 Albacete;02046 Mahora;De 80 a 84 años;Total;1 de enero de 2013;51
02 Albacete;02046 Mahora;De 80 a 84 años;Total;1 de enero de 2012;56
02 Albacete;02046 Mahora;De 80 a 84 años;Total;1 de enero de 2011;52
02 Albacete;02046 Mahora;De 80 a 84 años;Total;1 de enero de 2010;51
02 Albacete;02046 Mahora;De 85 a 89 años;Total;1 de enero de 2022;37
02 Albacete;02046 Mahora;De 85 a 89 años;Total;1 de enero de 2021;38
02 Albacete;02046 Mahora;De 85 a 89 años;Total;1 de enero de 2020;36
02 Albacete;02046 Mahora;De 85 a 89 años;Total;1 de enero de 2019;36
02 Albacete;02046 Mahora;De 85 a 89 años;Total;1 de enero de 2018;28
02 Albacete;02046 Mahora;De 85 a 89 años;Total;1 de enero de 2017;33
02 Albacete;02046 Mahora;De 85 a 89 años;Total;1 de enero de 2016;34
02 Albacete;02046 Mahora;De 85 a 89 años;Total;1 de enero de 2015;40
02 Albacete;02046 Mahora;De 85 a 89 años;Total;1 de enero de 2014;44
02 Albacete;02046 Mahora;De 85 a 89 años;Total;1 de enero de 2013;35
02 Albacete;02046 Mahora;De 85 a 89 años;Total;1 de enero de 2012;32
02 Albacete;02046 Mahora;De 85 a 89 años;Total;1 de enero de 2011;31
02 Albacete;02046 Mahora;De 85 a 89 años;Total;1 de enero de 2010;34
02 Albacete;02046 Mahora;De 90 a 94 años;Total;1 de enero de 2022;14
02 Albacete;02046 Mahora;De 90 a 94 años;Total;1 de enero de 2021;13
02 Albacete;02046 Mahora;De 90 a 94 años;Total;1 de enero de 2020;15
02 Albacete;02046 Mahora;De 90 a 94 años;Total;1 de enero de 2019;18
02 Albacete;02046 Mahora;De 90 a 94 años;Total;1 de enero de 2018;16
02 Albacete;02046 Mahora;De 90 a 94 años;Total;1 de enero de 2017;16
02 Albacete;02046 Mahora;De 90 a 94 años;Total;1 de enero de 2016;13
02 Albacete;02046 Mahora;De 90 a 94 años;Total;1 de enero de 2015;14
02 Albacete;02046 Mahora;De 90 a 94 años;Total;1 de enero de 2014;12
02 Albacete;02046 Mahora;De 90 a 94 años;Total;1 de enero de 2013;11
02 Albacete;02046 Mahora;De 90 a 94 años;Total;1 de enero de 2012;13
02 Albacete;02046 Mahora;De 90 a 94 años;Total;1 de enero de 2011;16
02 Albacete;02046 Mahora;De 90 a 94 años;Total;1 de enero de 2010;14
02 Albacete;02046 Mahora;De 95 a 99 años;Total;1 de enero de 2022;1
02 Albacete;02046 Mahora;De 95 a 99 años;Total;1 de enero de 2021;2
02 Albacete;02046 Mahora;De 95 a 99 años;Total;1 de enero de 2020;3
02 Albacete;02046 Mahora;De 95 a 99 años;Total;1 de enero de 2019;4
02 Albacete;02046 Mahora;De 95 a 99 años;Total;1 de enero de 2018;5
02 Albacete;02046 Mahora;De 95 a 99 años;Total;1 de enero de 2017;2
02 Albacete;02046 Mahora;De 95 a 99 años;Total;1 de enero de 2016;6
02 Albacete;02046 Mahora;De 95 a 99 años;Total;1 de enero de 2015;4
02 Albacete;02046 Mahora;De 95 a 99 años;Total;1 de enero de 2014;2
02 Albacete;02046 Mahora;De 95 a 99 años;Total;1 de enero de 2013;2
02 Albacete;02046 Mahora;De 95 a 99 años;Total;1 de enero de 2012;2
02 Albacete;02046 Mahora;De 95 a 99 años;Total;1 de enero de 2011;2
02 Albacete;02046 Mahora;De 95 a 99 años;Total;1 de enero de 2010;2
02 Albacete;02046 Mahora;100 y más años;Total;1 de enero de 2022;1
02 Albacete;02046 Mahora;100 y más años;Total;1 de enero de 2021;1
02 Albacete;02046 Mahora;100 y más años;Total;1 de enero de 2020;0
02 Albacete;02046 Mahora;100 y más años;Total;1 de enero de 2019;0
02 Albacete;02046 Mahora;100 y más años;Total;1 de enero de 2018;0
02 Albacete;02046 Mahora;100 y más años;Total;1 de enero de 2017;1
02 Albacete;02046 Mahora;100 y más años;Total;1 de enero de 2016;1
02 Albacete;02046 Mahora;100 y más años;Total;1 de enero de 2015;1
02 Albacete;02046 Mahora;100 y más años;Total;1 de enero de 2014;2
02 Albacete;02046 Mahora;100 y más años;Total;1 de enero de 2013;1
02 Albacete;02046 Mahora;100 y más años;Total;1 de enero de 2012;0
02 Albacete;02046 Mahora;100 y más años;Total;1 de enero de 2011;0
02 Albacete;02046 Mahora;100 y más años;Total;1 de enero de 2010;0
02 Albacete;02047 Masegoso;De 0 a 4 años;Total;1 de enero de 2022;1
02 Albacete;02047 Masegoso;De 0 a 4 años;Total;1 de enero de 2021;0
02 Albacete;02047 Masegoso;De 0 a 4 años;Total;1 de enero de 2020;0
02 Albacete;02047 Masegoso;De 0 a 4 años;Total;1 de enero de 2019;0
02 Albacete;02047 Masegoso;De 0 a 4 años;Total;1 de enero de 2018;0
02 Albacete;02047 Masegoso;De 0 a 4 años;Total;1 de enero de 2017;0
02 Albacete;02047 Masegoso;De 0 a 4 años;Total;1 de enero de 2016;2
02 Albacete;02047 Masegoso;De 0 a 4 años;Total;1 de enero de 2015;2
02 Albacete;02047 Masegoso;De 0 a 4 años;Total;1 de enero de 2014;2
02 Albacete;02047 Masegoso;De 0 a 4 años;Total;1 de enero de 2013;2
02 Albacete;02047 Masegoso;De 0 a 4 años;Total;1 de enero de 2012;3
02 Albacete;02047 Masegoso;De 0 a 4 años;Total;1 de enero de 2011;1
02 Albacete;02047 Masegoso;De 0 a 4 años;Total;1 de enero de 2010;0
02 Albacete;02047 Masegoso;De 5 a 9 años;Total;1 de enero de 2022;1
02 Albacete;02047 Masegoso;De 5 a 9 años;Total;1 de enero de 2021;0
02 Albacete;02047 Masegoso;De 5 a 9 años;Total;1 de enero de 2020;0
02 Albacete;02047 Masegoso;De 5 a 9 años;Total;1 de enero de 2019;1
02 Albacete;02047 Masegoso;De 5 a 9 años;Total;1 de enero de 2018;2
02 Albacete;02047 Masegoso;De 5 a 9 años;Total;1 de enero de 2017;2
02 Albacete;02047 Masegoso;De 5 a 9 años;Total;1 de enero de 2016;1
02 Albacete;02047 Masegoso;De 5 a 9 años;Total;1 de enero de 2015;2
02 Albacete;02047 Masegoso;De 5 a 9 años;Total;1 de enero de 2014;2
02 Albacete;02047 Masegoso;De 5 a 9 años;Total;1 de enero de 2013;2
02 Albacete;02047 Masegoso;De 5 a 9 años;Total;1 de enero de 2012;1
02 Albacete;02047 Masegoso;De 5 a 9 años;Total;1 de enero de 2011;0
02 Albacete;02047 Masegoso;De 5 a 9 años;Total;1 de enero de 2010;0
02 Albacete;02047 Masegoso;De 10 a 14 años;Total;1 de enero de 2022;0
02 Albacete;02047 Masegoso;De 10 a 14 años;Total;1 de enero de 2021;0
02 Albacete;02047 Masegoso;De 10 a 14 años;Total;1 de enero de 2020;1
02 Albacete;02047 Masegoso;De 10 a 14 años;Total;1 de enero de 2019;2
02 Albacete;02047 Masegoso;De 10 a 14 años;Total;1 de enero de 2018;1
02 Albacete;02047 Masegoso;De 10 a 14 años;Total;1 de enero de 2017;1
02 Albacete;02047 Masegoso;De 10 a 14 años;Total;1 de enero de 2016;0
02 Albacete;02047 Masegoso;De 10 a 14 años;Total;1 de enero de 2015;0
02 Albacete;02047 Masegoso;De 10 a 14 años;Total;1 de enero de 2014;0
02 Albacete;02047 Masegoso;De 10 a 14 años;Total;1 de enero de 2013;0
02 Albacete;02047 Masegoso;De 10 a 14 años;Total;1 de enero de 2012;0
02 Albacete;02047 Masegoso;De 10 a 14 años;Total;1 de enero de 2011;0
02 Albacete;02047 Masegoso;De 10 a 14 años;Total;1 de enero de 2010;0
02 Albacete;02047 Masegoso;De 65 a 69 años;Total;1 de enero de 2022;12
02 Albacete;02047 Masegoso;De 65 a 69 años;Total;1 de enero de 2021;15
02 Albacete;02047 Masegoso;De 65 a 69 años;Total;1 de enero de 2020;13
02 Albacete;02047 Masegoso;De 65 a 69 años;Total;1 de enero de 2019;11
02 Albacete;02047 Masegoso;De 65 a 69 años;Total;1 de enero de 2018;11
02 Albacete;02047 Masegoso;De 65 a 69 años;Total;1 de enero de 2017;10
02 Albacete;02047 Masegoso;De 65 a 69 años;Total;1 de enero de 2016;5
02 Albacete;02047 Masegoso;De 65 a 69 años;Total;1 de enero de 2015;8
02 Albacete;02047 Masegoso;De 65 a 69 años;Total;1 de enero de 2014;11
02 Albacete;02047 Masegoso;De 65 a 69 años;Total;1 de enero de 2013;9
02 Albacete;02047 Masegoso;De 65 a 69 años;Total;1 de enero de 2012;11
02 Albacete;02047 Masegoso;De 65 a 69 años;Total;1 de enero de 2011;13
02 Albacete;02047 Masegoso;De 65 a 69 años;Total;1 de enero de 2010;11
02 Albacete;02047 Masegoso;De 70 a 74 años;Total;1 de enero de 2022;13
02 Albacete;02047 Masegoso;De 70 a 74 años;Total;1 de enero de 2021;6
02 Albacete;02047 Masegoso;De 70 a 74 años;Total;1 de enero de 2020;10
02 Albacete;02047 Masegoso;De 70 a 74 años;Total;1 de enero de 2019;12
02 Albacete;02047 Masegoso;De 70 a 74 años;Total;1 de enero de 2018;9
02 Albacete;02047 Masegoso;De 70 a 74 años;Total;1 de enero de 2017;11
02 Albacete;02047 Masegoso;De 70 a 74 años;Total;1 de enero de 2016;14
02 Albacete;02047 Masegoso;De 70 a 74 años;Total;1 de enero de 2015;10
02 Albacete;02047 Masegoso;De 70 a 74 años;Total;1 de enero de 2014;9
02 Albacete;02047 Masegoso;De 70 a 74 años;Total;1 de enero de 2013;12
02 Albacete;02047 Masegoso;De 70 a 74 años;Total;1 de enero de 2012;13
02 Albacete;02047 Masegoso;De 70 a 74 años;Total;1 de enero de 2011;13
02 Albacete;02047 Masegoso;De 70 a 74 años;Total;1 de enero de 2010;12
02 Albacete;02047 Masegoso;De 75 a 79 años;Total;1 de enero de 2022;10
02 Albacete;02047 Masegoso;De 75 a 79 años;Total;1 de enero de 2021;13
02 Albacete;02047 Masegoso;De 75 a 79 años;Total;1 de enero de 2020;12
02 Albacete;02047 Masegoso;De 75 a 79 años;Total;1 de enero de 2019;11
02 Albacete;02047 Masegoso;De 75 a 79 años;Total;1 de enero de 2018;12
02 Albacete;02047 Masegoso;De 75 a 79 años;Total;1 de enero de 2017;12
02 Albacete;02047 Masegoso;De 75 a 79 años;Total;1 de enero de 2016;12
02 Albacete;02047 Masegoso;De 75 a 79 años;Total;1 de enero de 2015;14
02 Albacete;02047 Masegoso;De 75 a 79 años;Total;1 de enero de 2014;17
02 Albacete;02047 Masegoso;De 75 a 79 años;Total;1 de enero de 2013;17
02 Albacete;02047 Masegoso;De 75 a 79 años;Total;1 de enero de 2012;17
02 Albacete;02047 Masegoso;De 75 a 79 años;Total;1 de enero de 2011;15
02 Albacete;02047 Masegoso;De 75 a 79 años;Total;1 de enero de 2010;16
02 Albacete;02047 Masegoso;De 80 a 84 años;Total;1 de enero de 2022;10
02 Albacete;02047 Masegoso;De 80 a 84 años;Total;1 de enero de 2021;8
02 Albacete;02047 Masegoso;De 80 a 84 años;Total;1 de enero de 2020;9
02 Albacete;02047 Masegoso;De 80 a 84 años;Total;1 de enero de 2019;10
02 Albacete;02047 Masegoso;De 80 a 84 años;Total;1 de enero de 2018;11
02 Albacete;02047 Masegoso;De 80 a 84 años;Total;1 de enero de 2017;12
02 Albacete;02047 Masegoso;De 80 a 84 años;Total;1 de enero de 2016;13
02 Albacete;02047 Masegoso;De 80 a 84 años;Total;1 de enero de 2015;12
02 Albacete;02047 Masegoso;De 80 a 84 años;Total;1 de enero de 2014;9
02 Albacete;02047 Masegoso;De 80 a 84 años;Total;1 de enero de 2013;8
02 Albacete;02047 Masegoso;De 80 a 84 años;Total;1 de enero de 2012;7
02 Albacete;02047 Masegoso;De 80 a 84 años;Total;1 de enero de 2011;7
02 Albacete;02047 Masegoso;De 80 a 84 años;Total;1 de enero de 2010;7
02 Albacete;02047 Masegoso;De 85 a 89 años;Total;1 de enero de 2022;7
02 Albacete;02047 Masegoso;De 85 a 89 años;Total;1 de enero de 2021;6
02 Albacete;02047 Masegoso;De 85 a 89 años;Total;1 de enero de 2020;4
02 Albacete;02047 Masegoso;De 85 a 89 años;Total;1 de enero de 2019;5
02 Albacete;02047 Masegoso;De 85 a 89 años;Total;1 de enero de 2018;3
02 Albacete;02047 Masegoso;De 85 a 89 años;Total;1 de enero de 2017;5
02 Albacete;02047 Masegoso;De 85 a 89 años;Total;1 de enero de 2016;5
02 Albacete;02047 Masegoso;De 85 a 89 años;Total;1 de enero de 2015;5
02 Albacete;02047 Masegoso;De 85 a 89 años;Total;1 de enero de 2014;4
02 Albacete;02047 Masegoso;De 85 a 89 años;Total;1 de enero de 2013;6
02 Albacete;02047 Masegoso;De 85 a 89 años;Total;1 de enero de 2012;6
02 Albacete;02047 Masegoso;De 85 a 89 años;Total;1 de enero de 2011;6
02 Albacete;02047 Masegoso;De 85 a 89 años;Total;1 de enero de 2010;4
02 Albacete;02047 Masegoso;De 90 a 94 años;Total;1 de enero de 2022;1
02 Albacete;02047 Masegoso;De 90 a 94 años;Total;1 de enero de 2021;1
02 Albacete;02047 Masegoso;De 90 a 94 años;Total;1 de enero de 2020;1
02 Albacete;02047 Masegoso;De 90 a 94 años;Total;1 de enero de 2019;3
02 Albacete;02047 Masegoso;De 90 a 94 años;Total;1 de enero de 2018;3
02 Albacete;02047 Masegoso;De 90 a 94 años;Total;1 de enero de 2017;2
02 Albacete;02047 Masegoso;De 90 a 94 años;Total;1 de enero de 2016;3
02 Albacete;02047 Masegoso;De 90 a 94 años;Total;1 de enero de 2015;1
02 Albacete;02047 Masegoso;De 90 a 94 años;Total;1 de enero de 2014;3
02 Albacete;02047 Masegoso;De 90 a 94 años;Total;1 de enero de 2013;3
02 Albacete;02047 Masegoso;De 90 a 94 años;Total;1 de enero de 2012;3
02 Albacete;02047 Masegoso;De 90 a 94 años;Total;1 de enero de 2011;3
02 Albacete;02047 Masegoso;De 90 a 94 años;Total;1 de enero de 2010;3
02 Albacete;02047 Masegoso;De 95 a 99 años;Total;1 de enero de 2022;0
02 Albacete;02047 Masegoso;De 95 a 99 años;Total;1 de enero de 2021;0
02 Albacete;02047 Masegoso;De 95 a 99 años;Total;1 de enero de 2020;0
02 Albacete;02047 Masegoso;De 95 a 99 años;Total;1 de enero de 2019;1
02 Albacete;02047 Masegoso;De 95 a 99 años;Total;1 de enero de 2018;1
02 Albacete;02047 Masegoso;De 95 a 99 años;Total;1 de enero de 2017;2
02 Albacete;02047 Masegoso;De 95 a 99 años;Total;1 de enero de 2016;2
02 Albacete;02047 Masegoso;De 95 a 99 años;Total;1 de enero de 2015;2
02 Albacete;02047 Masegoso;De 95 a 99 años;Total;1 de enero de 2014;1
02 Albacete;02047 Masegoso;De 95 a 99 años;Total;1 de enero de 2013;1
02 Albacete;02047 Masegoso;De 95 a 99 años;Total;1 de enero de 2012;2
02 Albacete;02047 Masegoso;De 95 a 99 años;Total;1 de enero de 2011;2
02 Albacete;02047 Masegoso;De 95 a 99 años;Total;1 de enero de 2010;3
02 Albacete;02047 Masegoso;100 y más años;Total;1 de enero de 2022;0
02 Albacete;02047 Masegoso;100 y más años;Total;1 de enero de 2021;0
02 Albacete;02047 Masegoso;100 y más años;Total;1 de enero de 2020;1
02 Albacete;02047 Masegoso;100 y más años;Total;1 de enero de 2019;0
02 Albacete;02047 Masegoso;100 y más años;Total;1 de enero de 2018;1
02 Albacete;02047 Masegoso;100 y más años;Total;1 de enero de 2017;1
02 Albacete;02047 Masegoso;100 y más años;Total;1 de enero de 2016;1
02 Albacete;02047 Masegoso;100 y más años;Total;1 de enero de 2015;1
02 Albacete;02047 Masegoso;100 y más años;Total;1 de enero de 2014;1
02 Albacete;02047 Masegoso;100 y más años;Total;1 de enero de 2013;1
02 Albacete;02047 Masegoso;100 y más años;Total;1 de enero de 2012;1
02 Albacete;02047 Masegoso;100 y más años;Total;1 de enero de 2011;1
02 Albacete;02047 Masegoso;100 y más años;Total;1 de enero de 2010;0
02 Albacete;02048 Minaya;De 0 a 4 años;Total;1 de enero de 2022;32
02 Albacete;02048 Minaya;De 0 a 4 años;Total;1 de enero de 2021;28
02 Albacete;02048 Minaya;De 0 a 4 años;Total;1 de enero de 2020;39
02 Albacete;02048 Minaya;De 0 a 4 años;Total;1 de enero de 2019;37
02 Albacete;02048 Minaya;De 0 a 4 años;Total;1 de enero de 2018;43
02 Albacete;02048 Minaya;De 0 a 4 años;Total;1 de enero de 2017;48
02 Albacete;02048 Minaya;De 0 a 4 años;Total;1 de enero de 2016;48
02 Albacete;02048 Minaya;De 0 a 4 años;Total;1 de enero de 2015;56
02 Albacete;02048 Minaya;De 0 a 4 años;Total;1 de enero de 2014;54
02 Albacete;02048 Minaya;De 0 a 4 años;Total;1 de enero de 2013;48
02 Albacete;02048 Minaya;De 0 a 4 años;Total;1 de enero de 2012;55
02 Albacete;02048 Minaya;De 0 a 4 años;Total;1 de enero de 2011;56
02 Albacete;02048 Minaya;De 0 a 4 años;Total;1 de enero de 2010;57
02 Albacete;02048 Minaya;De 5 a 9 años;Total;1 de enero de 2022;58
02 Albacete;02048 Minaya;De 5 a 9 años;Total;1 de enero de 2021;64
02 Albacete;02048 Minaya;De 5 a 9 años;Total;1 de enero de 2020;63
02 Albacete;02048 Minaya;De 5 a 9 años;Total;1 de enero de 2019;58
02 Albacete;02048 Minaya;De 5 a 9 años;Total;1 de enero de 2018;57
02 Albacete;02048 Minaya;De 5 a 9 años;Total;1 de enero de 2017;54
02 Albacete;02048 Minaya;De 5 a 9 años;Total;1 de enero de 2016;56
02 Albacete;02048 Minaya;De 5 a 9 años;Total;1 de enero de 2015;53
02 Albacete;02048 Minaya;De 5 a 9 años;Total;1 de enero de 2014;53
02 Albacete;02048 Minaya;De 5 a 9 años;Total;1 de enero de 2013;61
02 Albacete;02048 Minaya;De 5 a 9 años;Total;1 de enero de 2012;56
02 Albacete;02048 Minaya;De 5 a 9 años;Total;1 de enero de 2011;58
02 Albacete;02048 Minaya;De 5 a 9 años;Total;1 de enero de 2010;57
02 Albacete;02048 Minaya;De 10 a 14 años;Total;1 de enero de 2022;58
02 Albacete;02048 Minaya;De 10 a 14 años;Total;1 de enero de 2021;62
02 Albacete;02048 Minaya;De 10 a 14 años;Total;1 de enero de 2020;56
02 Albacete;02048 Minaya;De 10 a 14 años;Total;1 de enero de 2019;61
02 Albacete;02048 Minaya;De 10 a 14 años;Total;1 de enero de 2018;59
02 Albacete;02048 Minaya;De 10 a 14 años;Total;1 de enero de 2017;55
02 Albacete;02048 Minaya;De 10 a 14 años;Total;1 de enero de 2016;52
02 Albacete;02048 Minaya;De 10 a 14 años;Total;1 de enero de 2015;49
02 Albacete;02048 Minaya;De 10 a 14 años;Total;1 de enero de 2014;52
02 Albacete;02048 Minaya;De 10 a 14 años;Total;1 de enero de 2013;52
02 Albacete;02048 Minaya;De 10 a 14 años;Total;1 de enero de 2012;57
02 Albacete;02048 Minaya;De 10 a 14 años;Total;1 de enero de 2011;50
02 Albacete;02048 Minaya;De 10 a 14 años;Total;1 de enero de 2010;54
02 Albacete;02048 Minaya;De 65 a 69 años;Total;1 de enero de 2022;95
02 Albacete;02048 Minaya;De 65 a 69 años;Total;1 de enero de 2021;91
02 Albacete;02048 Minaya;De 65 a 69 años;Total;1 de enero de 2020;89
02 Albacete;02048 Minaya;De 65 a 69 años;Total;1 de enero de 2019;88
02 Albacete;02048 Minaya;De 65 a 69 años;Total;1 de enero de 2018;93
02 Albacete;02048 Minaya;De 65 a 69 años;Total;1 de enero de 2017;98
02 Albacete;02048 Minaya;De 65 a 69 años;Total;1 de enero de 2016;104
02 Albacete;02048 Minaya;De 65 a 69 años;Total;1 de enero de 2015;105
02 Albacete;02048 Minaya;De 65 a 69 años;Total;1 de enero de 2014;111
02 Albacete;02048 Minaya;De 65 a 69 años;Total;1 de enero de 2013;97
02 Albacete;02048 Minaya;De 65 a 69 años;Total;1 de enero de 2012;93
02 Albacete;02048 Minaya;De 65 a 69 años;Total;1 de enero de 2011;86
02 Albacete;02048 Minaya;De 65 a 69 años;Total;1 de enero de 2010;84
02 Albacete;02048 Minaya;De 70 a 74 años;Total;1 de enero de 2022;95
02 Albacete;02048 Minaya;De 70 a 74 años;Total;1 de enero de 2021;103
02 Albacete;02048 Minaya;De 70 a 74 años;Total;1 de enero de 2020;100
02 Albacete;02048 Minaya;De 70 a 74 años;Total;1 de enero de 2019;111
02 Albacete;02048 Minaya;De 70 a 74 años;Total;1 de enero de 2018;98
02 Albacete;02048 Minaya;De 70 a 74 años;Total;1 de enero de 2017;92
02 Albacete;02048 Minaya;De 70 a 74 años;Total;1 de enero de 2016;84
02 Albacete;02048 Minaya;De 70 a 74 años;Total;1 de enero de 2015;79
02 Albacete;02048 Minaya;De 70 a 74 años;Total;1 de enero de 2014;70
02 Albacete;02048 Minaya;De 70 a 74 años;Total;1 de enero de 2013;73
02 Albacete;02048 Minaya;De 70 a 74 años;Total;1 de enero de 2012;75
02 Albacete;02048 Minaya;De 70 a 74 años;Total;1 de enero de 2011;85
02 Albacete;02048 Minaya;De 70 a 74 años;Total;1 de enero de 2010;95
02 Albacete;02048 Minaya;De 75 a 79 años;Total;1 de enero de 2022;89
02 Albacete;02048 Minaya;De 75 a 79 años;Total;1 de enero de 2021;81
02 Albacete;02048 Minaya;De 75 a 79 años;Total;1 de enero de 2020;80
02 Albacete;02048 Minaya;De 75 a 79 años;Total;1 de enero de 2019;67
02 Albacete;02048 Minaya;De 75 a 79 años;Total;1 de enero de 2018;63
02 Albacete;02048 Minaya;De 75 a 79 años;Total;1 de enero de 2017;63
02 Albacete;02048 Minaya;De 75 a 79 años;Total;1 de enero de 2016;70
02 Albacete;02048 Minaya;De 75 a 79 años;Total;1 de enero de 2015;75
02 Albacete;02048 Minaya;De 75 a 79 años;Total;1 de enero de 2014;76
02 Albacete;02048 Minaya;De 75 a 79 años;Total;1 de enero de 2013;86
02 Albacete;02048 Minaya;De 75 a 79 años;Total;1 de enero de 2012;97
02 Albacete;02048 Minaya;De 75 a 79 años;Total;1 de enero de 2011;103
02 Albacete;02048 Minaya;De 75 a 79 años;Total;1 de enero de 2010;117
02 Albacete;02048 Minaya;De 80 a 84 años;Total;1 de enero de 2022;52
02 Albacete;02048 Minaya;De 80 a 84 años;Total;1 de enero de 2021;62
02 Albacete;02048 Minaya;De 80 a 84 años;Total;1 de enero de 2020;64
02 Albacete;02048 Minaya;De 80 a 84 años;Total;1 de enero de 2019;61
02 Albacete;02048 Minaya;De 80 a 84 años;Total;1 de enero de 2018;74
02 Albacete;02048 Minaya;De 80 a 84 años;Total;1 de enero de 2017;83
02 Albacete;02048 Minaya;De 80 a 84 años;Total;1 de enero de 2016;81
02 Albacete;02048 Minaya;De 80 a 84 años;Total;1 de enero de 2015;88
02 Albacete;02048 Minaya;De 80 a 84 años;Total;1 de enero de 2014;93
02 Albacete;02048 Minaya;De 80 a 84 años;Total;1 de enero de 2013;91
02 Albacete;02048 Minaya;De 80 a 84 años;Total;1 de enero de 2012;103
02 Albacete;02048 Minaya;De 80 a 84 años;Total;1 de enero de 2011;100
02 Albacete;02048 Minaya;De 80 a 84 años;Total;1 de enero de 2010;92
02 Albacete;02048 Minaya;De 85 a 89 años;Total;1 de enero de 2022;48
02 Albacete;02048 Minaya;De 85 a 89 años;Total;1 de enero de 2021;54
02 Albacete;02048 Minaya;De 85 a 89 años;Total;1 de enero de 2020;56
02 Albacete;02048 Minaya;De 85 a 89 años;Total;1 de enero de 2019;60
02 Albacete;02048 Minaya;De 85 a 89 años;Total;1 de enero de 2018;60
02 Albacete;02048 Minaya;De 85 a 89 años;Total;1 de enero de 2017;56
02 Albacete;02048 Minaya;De 85 a 89 años;Total;1 de enero de 2016;54
02 Albacete;02048 Minaya;De 85 a 89 años;Total;1 de enero de 2015;51
02 Albacete;02048 Minaya;De 85 a 89 años;Total;1 de enero de 2014;60
02 Albacete;02048 Minaya;De 85 a 89 años;Total;1 de enero de 2013;67
02 Albacete;02048 Minaya;De 85 a 89 años;Total;1 de enero de 2012;55
02 Albacete;02048 Minaya;De 85 a 89 años;Total;1 de enero de 2011;43
02 Albacete;02048 Minaya;De 85 a 89 años;Total;1 de enero de 2010;42
02 Albacete;02048 Minaya;De 90 a 94 años;Total;1 de enero de 2022;31
02 Albacete;02048 Minaya;De 90 a 94 años;Total;1 de enero de 2021;28
02 Albacete;02048 Minaya;De 90 a 94 años;Total;1 de enero de 2020;23
02 Albacete;02048 Minaya;De 90 a 94 años;Total;1 de enero de 2019;26
02 Albacete;02048 Minaya;De 90 a 94 años;Total;1 de enero de 2018;30
02 Albacete;02048 Minaya;De 90 a 94 años;Total;1 de enero de 2017;27
02 Albacete;02048 Minaya;De 90 a 94 años;Total;1 de enero de 2016;23
02 Albacete;02048 Minaya;De 90 a 94 años;Total;1 de enero de 2015;19
02 Albacete;02048 Minaya;De 90 a 94 años;Total;1 de enero de 2014;13
02 Albacete;02048 Minaya;De 90 a 94 años;Total;1 de enero de 2013;9
02 Albacete;02048 Minaya;De 90 a 94 años;Total;1 de enero de 2012;8
02 Albacete;02048 Minaya;De 90 a 94 años;Total;1 de enero de 2011;12
02 Albacete;02048 Minaya;De 90 a 94 años;Total;1 de enero de 2010;12
02 Albacete;02048 Minaya;De 95 a 99 años;Total;1 de enero de 2022;7
02 Albacete;02048 Minaya;De 95 a 99 años;Total;1 de enero de 2021;5
02 Albacete;02048 Minaya;De 95 a 99 años;Total;1 de enero de 2020;4
02 Albacete;02048 Minaya;De 95 a 99 años;Total;1 de enero de 2019;3
02 Albacete;02048 Minaya;De 95 a 99 años;Total;1 de enero de 2018;3
02 Albacete;02048 Minaya;De 95 a 99 años;Total;1 de enero de 2017;1
02 Albacete;02048 Minaya;De 95 a 99 años;Total;1 de enero de 2016;2
02 Albacete;02048 Minaya;De 95 a 99 años;Total;1 de enero de 2015;2
02 Albacete;02048 Minaya;De 95 a 99 años;Total;1 de enero de 2014;1
02 Albacete;02048 Minaya;De 95 a 99 años;Total;1 de enero de 2013;2
02 Albacete;02048 Minaya;De 95 a 99 años;Total;1 de enero de 2012;5
02 Albacete;02048 Minaya;De 95 a 99 años;Total;1 de enero de 2011;5
02 Albacete;02048 Minaya;De 95 a 99 años;Total;1 de enero de 2010;6
02 Albacete;02048 Minaya;100 y más años;Total;1 de enero de 2022;2
02 Albacete;02048 Minaya;100 y más años;Total;1 de enero de 2021;2
02 Albacete;02048 Minaya;100 y más años;Total;1 de enero de 2020;2
02 Albacete;02048 Minaya;100 y más años;Total;1 de enero de 2019;1
02 Albacete;02048 Minaya;100 y más años;Total;1 de enero de 2018;1
02 Albacete;02048 Minaya;100 y más años;Total;1 de enero de 2017;1
02 Albacete;02048 Minaya;100 y más años;Total;1 de enero de 2016;0
02 Albacete;02048 Minaya;100 y más años;Total;1 de enero de 2015;0
02 Albacete;02048 Minaya;100 y más años;Total;1 de enero de 2014;0
02 Albacete;02048 Minaya;100 y más años;Total;1 de enero de 2013;1
02 Albacete;02048 Minaya;100 y más años;Total;1 de enero de 2012;0
02 Albacete;02048 Minaya;100 y más años;Total;1 de enero de 2011;0
02 Albacete;02048 Minaya;100 y más años;Total;1 de enero de 2010;0
02 Albacete;02049 Molinicos;De 0 a 4 años;Total;1 de enero de 2022;12
02 Albacete;02049 Molinicos;De 0 a 4 años;Total;1 de enero de 2021;11
02 Albacete;02049 Molinicos;De 0 a 4 años;Total;1 de enero de 2020;14
02 Albacete;02049 Molinicos;De 0 a 4 años;Total;1 de enero de 2019;15
02 Albacete;02049 Molinicos;De 0 a 4 años;Total;1 de enero de 2018;12
02 Albacete;02049 Molinicos;De 0 a 4 años;Total;1 de enero de 2017;12
02 Albacete;02049 Molinicos;De 0 a 4 años;Total;1 de enero de 2016;20
02 Albacete;02049 Molinicos;De 0 a 4 años;Total;1 de enero de 2015;19
02 Albacete;02049 Molinicos;De 0 a 4 años;Total;1 de enero de 2014;18
02 Albacete;02049 Molinicos;De 0 a 4 años;Total;1 de enero de 2013;22
02 Albacete;02049 Molinicos;De 0 a 4 años;Total;1 de enero de 2012;25
02 Albacete;02049 Molinicos;De 0 a 4 años;Total;1 de enero de 2011;22
02 Albacete;02049 Molinicos;De 0 a 4 años;Total;1 de enero de 2010;20
02 Albacete;02049 Molinicos;De 5 a 9 años;Total;1 de enero de 2022;11
02 Albacete;02049 Molinicos;De 5 a 9 años;Total;1 de enero de 2021;16
02 Albacete;02049 Molinicos;De 5 a 9 años;Total;1 de enero de 2020;18
02 Albacete;02049 Molinicos;De 5 a 9 años;Total;1 de enero de 2019;20
02 Albacete;02049 Molinicos;De 5 a 9 años;Total;1 de enero de 2018;25
02 Albacete;02049 Molinicos;De 5 a 9 años;Total;1 de enero de 2017;25
02 Albacete;02049 Molinicos;De 5 a 9 años;Total;1 de enero de 2016;20
02 Albacete;02049 Molinicos;De 5 a 9 años;Total;1 de enero de 2015;16
02 Albacete;02049 Molinicos;De 5 a 9 años;Total;1 de enero de 2014;19
02 Albacete;02049 Molinicos;De 5 a 9 años;Total;1 de enero de 2013;18
02 Albacete;02049 Molinicos;De 5 a 9 años;Total;1 de enero de 2012;24
02 Albacete;02049 Molinicos;De 5 a 9 años;Total;1 de enero de 2011;22
02 Albacete;02049 Molinicos;De 5 a 9 años;Total;1 de enero de 2010;23
02 Albacete;02049 Molinicos;De 10 a 14 años;Total;1 de enero de 2022;26
02 Albacete;02049 Molinicos;De 10 a 14 años;Total;1 de enero de 2021;20
02 Albacete;02049 Molinicos;De 10 a 14 años;Total;1 de enero de 2020;15
02 Albacete;02049 Molinicos;De 10 a 14 años;Total;1 de enero de 2019;18
02 Albacete;02049 Molinicos;De 10 a 14 años;Total;1 de enero de 2018;17
02 Albacete;02049 Molinicos;De 10 a 14 años;Total;1 de enero de 2017;19
02 Albacete;02049 Molinicos;De 10 a 14 años;Total;1 de enero de 2016;20
02 Albacete;02049 Molinicos;De 10 a 14 años;Total;1 de enero de 2015;22
02 Albacete;02049 Molinicos;De 10 a 14 años;Total;1 de enero de 2014;15
02 Albacete;02049 Molinicos;De 10 a 14 años;Total;1 de enero de 2013;17
02 Albacete;02049 Molinicos;De 10 a 14 años;Total;1 de enero de 2012;22
02 Albacete;02049 Molinicos;De 10 a 14 años;Total;1 de enero de 2011;29
02 Albacete;02049 Molinicos;De 10 a 14 años;Total;1 de enero de 2010;30
02 Albacete;02049 Molinicos;De 65 a 69 años;Total;1 de enero de 2022;70
02 Albacete;02049 Molinicos;De 65 a 69 años;Total;1 de enero de 2021;72
02 Albacete;02049 Molinicos;De 65 a 69 años;Total;1 de enero de 2020;60
02 Albacete;02049 Molinicos;De 65 a 69 años;Total;1 de enero de 2019;53
02 Albacete;02049 Molinicos;De 65 a 69 años;Total;1 de enero de 2018;60
02 Albacete;02049 Molinicos;De 65 a 69 años;Total;1 de enero de 2017;61
02 Albacete;02049 Molinicos;De 65 a 69 años;Total;1 de enero de 2016;63
02 Albacete;02049 Molinicos;De 65 a 69 años;Total;1 de enero de 2015;82
02 Albacete;02049 Molinicos;De 65 a 69 años;Total;1 de enero de 2014;84
02 Albacete;02049 Molinicos;De 65 a 69 años;Total;1 de enero de 2013;79
02 Albacete;02049 Molinicos;De 65 a 69 años;Total;1 de enero de 2012;79
02 Albacete;02049 Molinicos;De 65 a 69 años;Total;1 de enero de 2011;79
02 Albacete;02049 Molinicos;De 65 a 69 años;Total;1 de enero de 2010;76
02 Albacete;02049 Molinicos;De 70 a 74 años;Total;1 de enero de 2022;60
02 Albacete;02049 Molinicos;De 70 a 74 años;Total;1 de enero de 2021;61
02 Albacete;02049 Molinicos;De 70 a 74 años;Total;1 de enero de 2020;73
02 Albacete;02049 Molinicos;De 70 a 74 años;Total;1 de enero de 2019;77
02 Albacete;02049 Molinicos;De 70 a 74 años;Total;1 de enero de 2018;68
02 Albacete;02049 Molinicos;De 70 a 74 años;Total;1 de enero de 2017;66
02 Albacete;02049 Molinicos;De 70 a 74 años;Total;1 de enero de 2016;68
02 Albacete;02049 Molinicos;De 70 a 74 años;Total;1 de enero de 2015;60
02 Albacete;02049 Molinicos;De 70 a 74 años;Total;1 de enero de 2014;54
02 Albacete;02049 Molinicos;De 70 a 74 años;Total;1 de enero de 2013;62
02 Albacete;02049 Molinicos;De 70 a 74 años;Total;1 de enero de 2012;69
02 Albacete;02049 Molinicos;De 70 a 74 años;Total;1 de enero de 2011;76
02 Albacete;02049 Molinicos;De 70 a 74 años;Total;1 de enero de 2010;89
02 Albacete;02049 Molinicos;De 75 a 79 años;Total;1 de enero de 2022;69
02 Albacete;02049 Molinicos;De 75 a 79 años;Total;1 de enero de 2021;64
02 Albacete;02049 Molinicos;De 75 a 79 años;Total;1 de enero de 2020;49
02 Albacete;02049 Molinicos;De 75 a 79 años;Total;1 de enero de 2019;42
02 Albacete;02049 Molinicos;De 75 a 79 años;Total;1 de enero de 2018;50
02 Albacete;02049 Molinicos;De 75 a 79 años;Total;1 de enero de 2017;54
02 Albacete;02049 Molinicos;De 75 a 79 años;Total;1 de enero de 2016;63
02 Albacete;02049 Molinicos;De 75 a 79 años;Total;1 de enero de 2015;75
02 Albacete;02049 Molinicos;De 75 a 79 años;Total;1 de enero de 2014;83
02 Albacete;02049 Molinicos;De 75 a 79 años;Total;1 de enero de 2013;86
02 Albacete;02049 Molinicos;De 75 a 79 años;Total;1 de enero de 2012;94
02 Albacete;02049 Molinicos;De 75 a 79 años;Total;1 de enero de 2011;106
02 Albacete;02049 Molinicos;De 75 a 79 años;Total;1 de enero de 2010;100
02 Albacete;02049 Molinicos;De 80 a 84 años;Total;1 de enero de 2022;41
02 Albacete;02049 Molinicos;De 80 a 84 años;Total;1 de enero de 2021;47
02 Albacete;02049 Molinicos;De 80 a 84 años;Total;1 de enero de 2020;57
02 Albacete;02049 Molinicos;De 80 a 84 años;Total;1 de enero de 2019;69
02 Albacete;02049 Molinicos;De 80 a 84 años;Total;1 de enero de 2018;71
02 Albacete;02049 Molinicos;De 80 a 84 años;Total;1 de enero de 2017;80
02 Albacete;02049 Molinicos;De 80 a 84 años;Total;1 de enero de 2016;83
02 Albacete;02049 Molinicos;De 80 a 84 años;Total;1 de enero de 2015;78
02 Albacete;02049 Molinicos;De 80 a 84 años;Total;1 de enero de 2014;86
02 Albacete;02049 Molinicos;De 80 a 84 años;Total;1 de enero de 2013;92
02 Albacete;02049 Molinicos;De 80 a 84 años;Total;1 de enero de 2012;95
02 Albacete;02049 Molinicos;De 80 a 84 años;Total;1 de enero de 2011;88
02 Albacete;02049 Molinicos;De 80 a 84 años;Total;1 de enero de 2010;86
02 Albacete;02049 Molinicos;De 85 a 89 años;Total;1 de enero de 2022;51
02 Albacete;02049 Molinicos;De 85 a 89 años;Total;1 de enero de 2021;56
02 Albacete;02049 Molinicos;De 85 a 89 años;Total;1 de enero de 2020;50
02 Albacete;02049 Molinicos;De 85 a 89 años;Total;1 de enero de 2019;55
02 Albacete;02049 Molinicos;De 85 a 89 años;Total;1 de enero de 2018;59
02 Albacete;02049 Molinicos;De 85 a 89 años;Total;1 de enero de 2017;64
02 Albacete;02049 Molinicos;De 85 a 89 años;Total;1 de enero de 2016;59
02 Albacete;02049 Molinicos;De 85 a 89 años;Total;1 de enero de 2015;58
02 Albacete;02049 Molinicos;De 85 a 89 años;Total;1 de enero de 2014;55
02 Albacete;02049 Molinicos;De 85 a 89 años;Total;1 de enero de 2013;51
02 Albacete;02049 Molinicos;De 85 a 89 años;Total;1 de enero de 2012;43
02 Albacete;02049 Molinicos;De 85 a 89 años;Total;1 de enero de 2011;44
02 Albacete;02049 Molinicos;De 85 a 89 años;Total;1 de enero de 2010;43
02 Albacete;02049 Molinicos;De 90 a 94 años;Total;1 de enero de 2022;29
02 Albacete;02049 Molinicos;De 90 a 94 años;Total;1 de enero de 2021;23
02 Albacete;02049 Molinicos;De 90 a 94 años;Total;1 de enero de 2020;25
02 Albacete;02049 Molinicos;De 90 a 94 años;Total;1 de enero de 2019;30
02 Albacete;02049 Molinicos;De 90 a 94 años;Total;1 de enero de 2018;25
02 Albacete;02049 Molinicos;De 90 a 94 años;Total;1 de enero de 2017;20
02 Albacete;02049 Molinicos;De 90 a 94 años;Total;1 de enero de 2016;23
02 Albacete;02049 Molinicos;De 90 a 94 años;Total;1 de enero de 2015;19
02 Albacete;02049 Molinicos;De 90 a 94 años;Total;1 de enero de 2014;16
02 Albacete;02049 Molinicos;De 90 a 94 años;Total;1 de enero de 2013;13
02 Albacete;02049 Molinicos;De 90 a 94 años;Total;1 de enero de 2012;10
02 Albacete;02049 Molinicos;De 90 a 94 años;Total;1 de enero de 2011;11
02 Albacete;02049 Molinicos;De 90 a 94 años;Total;1 de enero de 2010;12
02 Albacete;02049 Molinicos;De 95 a 99 años;Total;1 de enero de 2022;5
02 Albacete;02049 Molinicos;De 95 a 99 años;Total;1 de enero de 2021;5
02 Albacete;02049 Molinicos;De 95 a 99 años;Total;1 de enero de 2020;4
02 Albacete;02049 Molinicos;De 95 a 99 años;Total;1 de enero de 2019;2
02 Albacete;02049 Molinicos;De 95 a 99 años;Total;1 de enero de 2018;3
02 Albacete;02049 Molinicos;De 95 a 99 años;Total;1 de enero de 2017;2
02 Albacete;02049 Molinicos;De 95 a 99 años;Total;1 de enero de 2016;3
02 Albacete;02049 Molinicos;De 95 a 99 años;Total;1 de enero de 2015;3
02 Albacete;02049 Molinicos;De 95 a 99 años;Total;1 de enero de 2014;1
02 Albacete;02049 Molinicos;De 95 a 99 años;Total;1 de enero de 2013;0
02 Albacete;02049 Molinicos;De 95 a 99 años;Total;1 de enero de 2012;5
02 Albacete;02049 Molinicos;De 95 a 99 años;Total;1 de enero de 2011;6
02 Albacete;02049 Molinicos;De 95 a 99 años;Total;1 de enero de 2010;5
02 Albacete;02049 Molinicos;100 y más años;Total;1 de enero de 2022;0
02 Albacete;02049 Molinicos;100 y más años;Total;1 de enero de 2021;0
02 Albacete;02049 Molinicos;100 y más años;Total;1 de enero de 2020;0
02 Albacete;02049 Molinicos;100 y más años;Total;1 de enero de 2019;0
02 Albacete;02049 Molinicos;100 y más años;Total;1 de enero de 2018;0
02 Albacete;02049 Molinicos;100 y más años;Total;1 de enero de 2017;0
02 Albacete;02049 Molinicos;100 y más años;Total;1 de enero de 2016;0
02 Albacete;02049 Molinicos;100 y más años;Total;1 de enero de 2015;0
02 Albacete;02049 Molinicos;100 y más años;Total;1 de enero de 2014;0
02 Albacete;02049 Molinicos;100 y más años;Total;1 de enero de 2013;0
02 Albacete;02049 Molinicos;100 y más años;Total;1 de enero de 2012;0
02 Albacete;02049 Molinicos;100 y más años;Total;1 de enero de 2011;0
02 Albacete;02049 Molinicos;100 y más años;Total;1 de enero de 2010;1
02 Albacete;02050 Montalvos;De 0 a 4 años;Total;1 de enero de 2022;2
02 Albacete;02050 Montalvos;De 0 a 4 años;Total;1 de enero de 2021;2
02 Albacete;02050 Montalvos;De 0 a 4 años;Total;1 de enero de 2020;2
02 Albacete;02050 Montalvos;De 0 a 4 años;Total;1 de enero de 2019;1
02 Albacete;02050 Montalvos;De 0 a 4 años;Total;1 de enero de 2018;1
02 Albacete;02050 Montalvos;De 0 a 4 años;Total;1 de enero de 2017;2
02 Albacete;02050 Montalvos;De 0 a 4 años;Total;1 de enero de 2016;1
02 Albacete;02050 Montalvos;De 0 a 4 años;Total;1 de enero de 2015;1
02 Albacete;02050 Montalvos;De 0 a 4 años;Total;1 de enero de 2014;1
02 Albacete;02050 Montalvos;De 0 a 4 años;Total;1 de enero de 2013;4
02 Albacete;02050 Montalvos;De 0 a 4 años;Total;1 de enero de 2012;2
02 Albacete;02050 Montalvos;De 0 a 4 años;Total;1 de enero de 2011;2
02 Albacete;02050 Montalvos;De 0 a 4 años;Total;1 de enero de 2010;1
02 Albacete;02050 Montalvos;De 5 a 9 años;Total;1 de enero de 2022;2
02 Albacete;02050 Montalvos;De 5 a 9 años;Total;1 de enero de 2021;1
02 Albacete;02050 Montalvos;De 5 a 9 años;Total;1 de enero de 2020;1
02 Albacete;02050 Montalvos;De 5 a 9 años;Total;1 de enero de 2019;2
02 Albacete;02050 Montalvos;De 5 a 9 años;Total;1 de enero de 2018;3
02 Albacete;02050 Montalvos;De 5 a 9 años;Total;1 de enero de 2017;2
02 Albacete;02050 Montalvos;De 5 a 9 años;Total;1 de enero de 2016;4
02 Albacete;02050 Montalvos;De 5 a 9 años;Total;1 de enero de 2015;4
02 Albacete;02050 Montalvos;De 5 a 9 años;Total;1 de enero de 2014;4
02 Albacete;02050 Montalvos;De 5 a 9 años;Total;1 de enero de 2013;2
02 Albacete;02050 Montalvos;De 5 a 9 años;Total;1 de enero de 2012;2
02 Albacete;02050 Montalvos;De 5 a 9 años;Total;1 de enero de 2011;2
02 Albacete;02050 Montalvos;De 5 a 9 años;Total;1 de enero de 2010;3
02 Albacete;02050 Montalvos;De 10 a 14 años;Total;1 de enero de 2022;2
02 Albacete;02050 Montalvos;De 10 a 14 años;Total;1 de enero de 2021;3
02 Albacete;02050 Montalvos;De 10 a 14 años;Total;1 de enero de 2020;3
02 Albacete;02050 Montalvos;De 10 a 14 años;Total;1 de enero de 2019;3
02 Albacete;02050 Montalvos;De 10 a 14 años;Total;1 de enero de 2018;3
02 Albacete;02050 Montalvos;De 10 a 14 años;Total;1 de enero de 2017;2
02 Albacete;02050 Montalvos;De 10 a 14 años;Total;1 de enero de 2016;0
02 Albacete;02050 Montalvos;De 10 a 14 años;Total;1 de enero de 2015;0
02 Albacete;02050 Montalvos;De 10 a 14 años;Total;1 de enero de 2014;0
02 Albacete;02050 Montalvos;De 10 a 14 años;Total;1 de enero de 2013;3
02 Albacete;02050 Montalvos;De 10 a 14 años;Total;1 de enero de 2012;3
02 Albacete;02050 Montalvos;De 10 a 14 años;Total;1 de enero de 2011;2
02 Albacete;02050 Montalvos;De 10 a 14 años;Total;1 de enero de 2010;1
02 Albacete;02050 Montalvos;De 65 a 69 años;Total;1 de enero de 2022;9
02 Albacete;02050 Montalvos;De 65 a 69 años;Total;1 de enero de 2021;7
02 Albacete;02050 Montalvos;De 65 a 69 años;Total;1 de enero de 2020;6
02 Albacete;02050 Montalvos;De 65 a 69 años;Total;1 de enero de 2019;7
02 Albacete;02050 Montalvos;De 65 a 69 años;Total;1 de enero de 2018;7
02 Albacete;02050 Montalvos;De 65 a 69 años;Total;1 de enero de 2017;6
02 Albacete;02050 Montalvos;De 65 a 69 años;Total;1 de enero de 2016;5
02 Albacete;02050 Montalvos;De 65 a 69 años;Total;1 de enero de 2015;5
02 Albacete;02050 Montalvos;De 65 a 69 años;Total;1 de enero de 2014;4
02 Albacete;02050 Montalvos;De 65 a 69 años;Total;1 de enero de 2013;4
02 Albacete;02050 Montalvos;De 65 a 69 años;Total;1 de enero de 2012;7
02 Albacete;02050 Montalvos;De 65 a 69 años;Total;1 de enero de 2011;9
02 Albacete;02050 Montalvos;De 65 a 69 años;Total;1 de enero de 2010;8
02 Albacete;02050 Montalvos;De 70 a 74 años;Total;1 de enero de 2022;4
02 Albacete;02050 Montalvos;De 70 a 74 años;Total;1 de enero de 2021;2
02 Albacete;02050 Montalvos;De 70 a 74 años;Total;1 de enero de 2020;4
02 Albacete;02050 Montalvos;De 70 a 74 años;Total;1 de enero de 2019;4
02 Albacete;02050 Montalvos;De 70 a 74 años;Total;1 de enero de 2018;5
02 Albacete;02050 Montalvos;De 70 a 74 años;Total;1 de enero de 2017;6
02 Albacete;02050 Montalvos;De 70 a 74 años;Total;1 de enero de 2016;8
02 Albacete;02050 Montalvos;De 70 a 74 años;Total;1 de enero de 2015;7
02 Albacete;02050 Montalvos;De 70 a 74 años;Total;1 de enero de 2014;7
02 Albacete;02050 Montalvos;De 70 a 74 años;Total;1 de enero de 2013;7
02 Albacete;02050 Montalvos;De 70 a 74 años;Total;1 de enero de 2012;9
02 Albacete;02050 Montalvos;De 70 a 74 años;Total;1 de enero de 2011;11
02 Albacete;02050 Montalvos;De 70 a 74 años;Total;1 de enero de 2010;11
02 Albacete;02050 Montalvos;De 75 a 79 años;Total;1 de enero de 2022;5
02 Albacete;02050 Montalvos;De 75 a 79 años;Total;1 de enero de 2021;6
02 Albacete;02050 Montalvos;De 75 a 79 años;Total;1 de enero de 2020;5
02 Albacete;02050 Montalvos;De 75 a 79 años;Total;1 de enero de 2019;5
02 Albacete;02050 Montalvos;De 75 a 79 años;Total;1 de enero de 2018;6
02 Albacete;02050 Montalvos;De 75 a 79 años;Total;1 de enero de 2017;6
02 Albacete;02050 Montalvos;De 75 a 79 años;Total;1 de enero de 2016;9
02 Albacete;02050 Montalvos;De 75 a 79 años;Total;1 de enero de 2015;9
02 Albacete;02050 Montalvos;De 75 a 79 años;Total;1 de enero de 2014;10
02 Albacete;02050 Montalvos;De 75 a 79 años;Total;1 de enero de 2013;10
02 Albacete;02050 Montalvos;De 75 a 79 años;Total;1 de enero de 2012;9
02 Albacete;02050 Montalvos;De 75 a 79 años;Total;1 de enero de 2011;6
02 Albacete;02050 Montalvos;De 75 a 79 años;Total;1 de enero de 2010;11
02 Albacete;02050 Montalvos;De 80 a 84 años;Total;1 de enero de 2022;6
02 Albacete;02050 Montalvos;De 80 a 84 años;Total;1 de enero de 2021;7
02 Albacete;02050 Montalvos;De 80 a 84 años;Total;1 de enero de 2020;7
02 Albacete;02050 Montalvos;De 80 a 84 años;Total;1 de enero de 2019;7
02 Albacete;02050 Montalvos;De 80 a 84 años;Total;1 de enero de 2018;9
02 Albacete;02050 Montalvos;De 80 a 84 años;Total;1 de enero de 2017;8
02 Albacete;02050 Montalvos;De 80 a 84 años;Total;1 de enero de 2016;6
02 Albacete;02050 Montalvos;De 80 a 84 años;Total;1 de enero de 2015;7
02 Albacete;02050 Montalvos;De 80 a 84 años;Total;1 de enero de 2014;8
02 Albacete;02050 Montalvos;De 80 a 84 años;Total;1 de enero de 2013;9
02 Albacete;02050 Montalvos;De 80 a 84 años;Total;1 de enero de 2012;12
02 Albacete;02050 Montalvos;De 80 a 84 años;Total;1 de enero de 2011;17
02 Albacete;02050 Montalvos;De 80 a 84 años;Total;1 de enero de 2010;18
02 Albacete;02050 Montalvos;De 85 a 89 años;Total;1 de enero de 2022;6
02 Albacete;02050 Montalvos;De 85 a 89 años;Total;1 de enero de 2021;4
02 Albacete;02050 Montalvos;De 85 a 89 años;Total;1 de enero de 2020;4
02 Albacete;02050 Montalvos;De 85 a 89 años;Total;1 de enero de 2019;7
02 Albacete;02050 Montalvos;De 85 a 89 años;Total;1 de enero de 2018;4
02 Albacete;02050 Montalvos;De 85 a 89 años;Total;1 de enero de 2017;9
02 Albacete;02050 Montalvos;De 85 a 89 años;Total;1 de enero de 2016;10
02 Albacete;02050 Montalvos;De 85 a 89 años;Total;1 de enero de 2015;9
02 Albacete;02050 Montalvos;De 85 a 89 años;Total;1 de enero de 2014;5
02 Albacete;02050 Montalvos;De 85 a 89 años;Total;1 de enero de 2013;5
02 Albacete;02050 Montalvos;De 85 a 89 años;Total;1 de enero de 2012;6
02 Albacete;02050 Montalvos;De 85 a 89 años;Total;1 de enero de 2011;5
02 Albacete;02050 Montalvos;De 85 a 89 años;Total;1 de enero de 2010;5
02 Albacete;02050 Montalvos;De 90 a 94 años;Total;1 de enero de 2022;1
02 Albacete;02050 Montalvos;De 90 a 94 años;Total;1 de enero de 2021;2
02 Albacete;02050 Montalvos;De 90 a 94 años;Total;1 de enero de 2020;2
02 Albacete;02050 Montalvos;De 90 a 94 años;Total;1 de enero de 2019;1
02 Albacete;02050 Montalvos;De 90 a 94 años;Total;1 de enero de 2018;1
02 Albacete;02050 Montalvos;De 90 a 94 años;Total;1 de enero de 2017;2
02 Albacete;02050 Montalvos;De 90 a 94 años;Total;1 de enero de 2016;2
02 Albacete;02050 Montalvos;De 90 a 94 años;Total;1 de enero de 2015;2
02 Albacete;02050 Montalvos;De 90 a 94 años;Total;1 de enero de 2014;3
02 Albacete;02050 Montalvos;De 90 a 94 años;Total;1 de enero de 2013;1
02 Albacete;02050 Montalvos;De 90 a 94 años;Total;1 de enero de 2012;1
02 Albacete;02050 Montalvos;De 90 a 94 años;Total;1 de enero de 2011;0
02 Albacete;02050 Montalvos;De 90 a 94 años;Total;1 de enero de 2010;0
02 Albacete;02050 Montalvos;De 95 a 99 años;Total;1 de enero de 2022;1
02 Albacete;02050 Montalvos;De 95 a 99 años;Total;1 de enero de 2021;1
02 Albacete;02050 Montalvos;De 95 a 99 años;Total;1 de enero de 2020;1
02 Albacete;02050 Montalvos;De 95 a 99 años;Total;1 de enero de 2019;1
02 Albacete;02050 Montalvos;De 95 a 99 años;Total;1 de enero de 2018;0
02 Albacete;02050 Montalvos;De 95 a 99 años;Total;1 de enero de 2017;0
02 Albacete;02050 Montalvos;De 95 a 99 años;Total;1 de enero de 2016;0
02 Albacete;02050 Montalvos;De 95 a 99 años;Total;1 de enero de 2015;0
02 Albacete;02050 Montalvos;De 95 a 99 años;Total;1 de enero de 2014;0
02 Albacete;02050 Montalvos;De 95 a 99 años;Total;1 de enero de 2013;0
02 Albacete;02050 Montalvos;De 95 a 99 años;Total;1 de enero de 2012;0
02 Albacete;02050 Montalvos;De 95 a 99 años;Total;1 de enero de 2011;0
02 Albacete;02050 Montalvos;De 95 a 99 años;Total;1 de enero de 2010;0
02 Albacete;02050 Montalvos;100 y más años;Total;1 de enero de 2022;0
02 Albacete;02050 Montalvos;100 y más años;Total;1 de enero de 2021;0
02 Albacete;02050 Montalvos;100 y más años;Total;1 de enero de 2020;0
02 Albacete;02050 Montalvos;100 y más años;Total;1 de enero de 2019;0
02 Albacete;02050 Montalvos;100 y más años;Total;1 de enero de 2018;0
02 Albacete;02050 Montalvos;100 y más años;Total;1 de enero de 2017;0
02 Albacete;02050 Montalvos;100 y más años;Total;1 de enero de 2016;0
02 Albacete;02050 Montalvos;100 y más años;Total;1 de enero de 2015;0
02 Albacete;02050 Montalvos;100 y más años;Total;1 de enero de 2014;0
02 Albacete;02050 Montalvos;100 y más años;Total;1 de enero de 2013;0
02 Albacete;02050 Montalvos;100 y más años;Total;1 de enero de 2012;0
02 Albacete;02050 Montalvos;100 y más años;Total;1 de enero de 2011;0
02 Albacete;02050 Montalvos;100 y más años;Total;1 de enero de 2010;0
02 Albacete;02051 Montealegre del Castillo;De 0 a 4 años;Total;1 de enero de 2022;88
02 Albacete;02051 Montealegre del Castillo;De 0 a 4 años;Total;1 de enero de 2021;71
02 Albacete;02051 Montealegre del Castillo;De 0 a 4 años;Total;1 de enero de 2020;75
02 Albacete;02051 Montealegre del Castillo;De 0 a 4 años;Total;1 de enero de 2019;64
02 Albacete;02051 Montealegre del Castillo;De 0 a 4 años;Total;1 de enero de 2018;59
02 Albacete;02051 Montealegre del Castillo;De 0 a 4 años;Total;1 de enero de 2017;66
02 Albacete;02051 Montealegre del Castillo;De 0 a 4 años;Total;1 de enero de 2016;70
02 Albacete;02051 Montealegre del Castillo;De 0 a 4 años;Total;1 de enero de 2015;77
02 Albacete;02051 Montealegre del Castillo;De 0 a 4 años;Total;1 de enero de 2014;84
02 Albacete;02051 Montealegre del Castillo;De 0 a 4 años;Total;1 de enero de 2013;97
02 Albacete;02051 Montealegre del Castillo;De 0 a 4 años;Total;1 de enero de 2012;98
02 Albacete;02051 Montealegre del Castillo;De 0 a 4 años;Total;1 de enero de 2011;102
02 Albacete;02051 Montealegre del Castillo;De 0 a 4 años;Total;1 de enero de 2010;98
02 Albacete;02051 Montealegre del Castillo;De 5 a 9 años;Total;1 de enero de 2022;71
02 Albacete;02051 Montealegre del Castillo;De 5 a 9 años;Total;1 de enero de 2021;74
02 Albacete;02051 Montealegre del Castillo;De 5 a 9 años;Total;1 de enero de 2020;80
02 Albacete;02051 Montealegre del Castillo;De 5 a 9 años;Total;1 de enero de 2019;86
02 Albacete;02051 Montealegre del Castillo;De 5 a 9 años;Total;1 de enero de 2018;89
02 Albacete;02051 Montealegre del Castillo;De 5 a 9 años;Total;1 de enero de 2017;88
02 Albacete;02051 Montealegre del Castillo;De 5 a 9 años;Total;1 de enero de 2016;87
02 Albacete;02051 Montealegre del Castillo;De 5 a 9 años;Total;1 de enero de 2015;83
02 Albacete;02051 Montealegre del Castillo;De 5 a 9 años;Total;1 de enero de 2014;77
02 Albacete;02051 Montealegre del Castillo;De 5 a 9 años;Total;1 de enero de 2013;85
02 Albacete;02051 Montealegre del Castillo;De 5 a 9 años;Total;1 de enero de 2012;97
02 Albacete;02051 Montealegre del Castillo;De 5 a 9 años;Total;1 de enero de 2011;107
02 Albacete;02051 Montealegre del Castillo;De 5 a 9 años;Total;1 de enero de 2010;117
02 Albacete;02051 Montealegre del Castillo;De 10 a 14 años;Total;1 de enero de 2022;96
02 Albacete;02051 Montealegre del Castillo;De 10 a 14 años;Total;1 de enero de 2021;92
02 Albacete;02051 Montealegre del Castillo;De 10 a 14 años;Total;1 de enero de 2020;80
02 Albacete;02051 Montealegre del Castillo;De 10 a 14 años;Total;1 de enero de 2019;76
02 Albacete;02051 Montealegre del Castillo;De 10 a 14 años;Total;1 de enero de 2018;82
02 Albacete;02051 Montealegre del Castillo;De 10 a 14 años;Total;1 de enero de 2017;88
02 Albacete;02051 Montealegre del Castillo;De 10 a 14 años;Total;1 de enero de 2016;96
02 Albacete;02051 Montealegre del Castillo;De 10 a 14 años;Total;1 de enero de 2015;102
02 Albacete;02051 Montealegre del Castillo;De 10 a 14 años;Total;1 de enero de 2014;106
02 Albacete;02051 Montealegre del Castillo;De 10 a 14 años;Total;1 de enero de 2013;102
02 Albacete;02051 Montealegre del Castillo;De 10 a 14 años;Total;1 de enero de 2012;101
02 Albacete;02051 Montealegre del Castillo;De 10 a 14 años;Total;1 de enero de 2011;108
02 Albacete;02051 Montealegre del Castillo;De 10 a 14 años;Total;1 de enero de 2010;97
02 Albacete;02051 Montealegre del Castillo;De 65 a 69 años;Total;1 de enero de 2022;102
02 Albacete;02051 Montealegre del Castillo;De 65 a 69 años;Total;1 de enero de 2021;102
02 Albacete;02051 Montealegre del Castillo;De 65 a 69 años;Total;1 de enero de 2020;113
02 Albacete;02051 Montealegre del Castillo;De 65 a 69 años;Total;1 de enero de 2019;117
02 Albacete;02051 Montealegre del Castillo;De 65 a 69 años;Total;1 de enero de 2018;125
02 Albacete;02051 Montealegre del Castillo;De 65 a 69 años;Total;1 de enero de 2017;120
02 Albacete;02051 Montealegre del Castillo;De 65 a 69 años;Total;1 de enero de 2016;117
02 Albacete;02051 Montealegre del Castillo;De 65 a 69 años;Total;1 de enero de 2015;108
02 Albacete;02051 Montealegre del Castillo;De 65 a 69 años;Total;1 de enero de 2014;102
02 Albacete;02051 Montealegre del Castillo;De 65 a 69 años;Total;1 de enero de 2013;99
02 Albacete;02051 Montealegre del Castillo;De 65 a 69 años;Total;1 de enero de 2012;101
02 Albacete;02051 Montealegre del Castillo;De 65 a 69 años;Total;1 de enero de 2011;106
02 Albacete;02051 Montealegre del Castillo;De 65 a 69 años;Total;1 de enero de 2010;118
02 Albacete;02051 Montealegre del Castillo;De 70 a 74 años;Total;1 de enero de 2022;110
02 Albacete;02051 Montealegre del Castillo;De 70 a 74 años;Total;1 de enero de 2021;104
02 Albacete;02051 Montealegre del Castillo;De 70 a 74 años;Total;1 de enero de 2020;96
02 Albacete;02051 Montealegre del Castillo;De 70 a 74 años;Total;1 de enero de 2019;98
02 Albacete;02051 Montealegre del Castillo;De 70 a 74 años;Total;1 de enero de 2018;93
02 Albacete;02051 Montealegre del Castillo;De 70 a 74 años;Total;1 de enero de 2017;94
02 Albacete;02051 Montealegre del Castillo;De 70 a 74 años;Total;1 de enero de 2016;97
02 Albacete;02051 Montealegre del Castillo;De 70 a 74 años;Total;1 de enero de 2015;113
02 Albacete;02051 Montealegre del Castillo;De 70 a 74 años;Total;1 de enero de 2014;100
02 Albacete;02051 Montealegre del Castillo;De 70 a 74 años;Total;1 de enero de 2013;94
02 Albacete;02051 Montealegre del Castillo;De 70 a 74 años;Total;1 de enero de 2012;98
02 Albacete;02051 Montealegre del Castillo;De 70 a 74 años;Total;1 de enero de 2011;101
02 Albacete;02051 Montealegre del Castillo;De 70 a 74 años;Total;1 de enero de 2010;110
02 Albacete;02051 Montealegre del Castillo;De 75 a 79 años;Total;1 de enero de 2022;84
02 Albacete;02051 Montealegre del Castillo;De 75 a 79 años;Total;1 de enero de 2021;87
02 Albacete;02051 Montealegre del Castillo;De 75 a 79 años;Total;1 de enero de 2020;100
02 Albacete;02051 Montealegre del Castillo;De 75 a 79 años;Total;1 de enero de 2019;89
02 Albacete;02051 Montealegre del Castillo;De 75 a 79 años;Total;1 de enero de 2018;88
02 Albacete;02051 Montealegre del Castillo;De 75 a 79 años;Total;1 de enero de 2017;93
02 Albacete;02051 Montealegre del Castillo;De 75 a 79 años;Total;1 de enero de 2016;100
02 Albacete;02051 Montealegre del Castillo;De 75 a 79 años;Total;1 de enero de 2015;98
02 Albacete;02051 Montealegre del Castillo;De 75 a 79 años;Total;1 de enero de 2014;101
02 Albacete;02051 Montealegre del Castillo;De 75 a 79 años;Total;1 de enero de 2013;104
02 Albacete;02051 Montealegre del Castillo;De 75 a 79 años;Total;1 de enero de 2012;101
02 Albacete;02051 Montealegre del Castillo;De 75 a 79 años;Total;1 de enero de 2011;106
02 Albacete;02051 Montealegre del Castillo;De 75 a 79 años;Total;1 de enero de 2010;96
02 Albacete;02051 Montealegre del Castillo;De 80 a 84 años;Total;1 de enero de 2022;83
02 Albacete;02051 Montealegre del Castillo;De 80 a 84 años;Total;1 de enero de 2021;82
02 Albacete;02051 Montealegre del Castillo;De 80 a 84 años;Total;1 de enero de 2020;90
02 Albacete;02051 Montealegre del Castillo;De 80 a 84 años;Total;1 de enero de 2019;100
02 Albacete;02051 Montealegre del Castillo;De 80 a 84 años;Total;1 de enero de 2018;97
02 Albacete;02051 Montealegre del Castillo;De 80 a 84 años;Total;1 de enero de 2017;92
02 Albacete;02051 Montealegre del Castillo;De 80 a 84 años;Total;1 de enero de 2016;90
02 Albacete;02051 Montealegre del Castillo;De 80 a 84 años;Total;1 de enero de 2015;83
02 Albacete;02051 Montealegre del Castillo;De 80 a 84 años;Total;1 de enero de 2014;99
02 Albacete;02051 Montealegre del Castillo;De 80 a 84 años;Total;1 de enero de 2013;110
02 Albacete;02051 Montealegre del Castillo;De 80 a 84 años;Total;1 de enero de 2012;116
02 Albacete;02051 Montealegre del Castillo;De 80 a 84 años;Total;1 de enero de 2011;121
02 Albacete;02051 Montealegre del Castillo;De 80 a 84 años;Total;1 de enero de 2010;125
02 Albacete;02051 Montealegre del Castillo;De 85 a 89 años;Total;1 de enero de 2022;68
02 Albacete;02051 Montealegre del Castillo;De 85 a 89 años;Total;1 de enero de 2021;73
02 Albacete;02051 Montealegre del Castillo;De 85 a 89 años;Total;1 de enero de 2020;64
02 Albacete;02051 Montealegre del Castillo;De 85 a 89 años;Total;1 de enero de 2019;66
02 Albacete;02051 Montealegre del Castillo;De 85 a 89 años;Total;1 de enero de 2018;73
02 Albacete;02051 Montealegre del Castillo;De 85 a 89 años;Total;1 de enero de 2017;92
02 Albacete;02051 Montealegre del Castillo;De 85 a 89 años;Total;1 de enero de 2016;90
02 Albacete;02051 Montealegre del Castillo;De 85 a 89 años;Total;1 de enero de 2015;88
02 Albacete;02051 Montealegre del Castillo;De 85 a 89 años;Total;1 de enero de 2014;90
02 Albacete;02051 Montealegre del Castillo;De 85 a 89 años;Total;1 de enero de 2013;83
02 Albacete;02051 Montealegre del Castillo;De 85 a 89 años;Total;1 de enero de 2012;74
02 Albacete;02051 Montealegre del Castillo;De 85 a 89 años;Total;1 de enero de 2011;68
02 Albacete;02051 Montealegre del Castillo;De 85 a 89 años;Total;1 de enero de 2010;64
02 Albacete;02051 Montealegre del Castillo;De 90 a 94 años;Total;1 de enero de 2022;41
02 Albacete;02051 Montealegre del Castillo;De 90 a 94 años;Total;1 de enero de 2021;45
02 Albacete;02051 Montealegre del Castillo;De 90 a 94 años;Total;1 de enero de 2020;44
02 Albacete;02051 Montealegre del Castillo;De 90 a 94 años;Total;1 de enero de 2019;47
02 Albacete;02051 Montealegre del Castillo;De 90 a 94 años;Total;1 de enero de 2018;37
02 Albacete;02051 Montealegre del Castillo;De 90 a 94 años;Total;1 de enero de 2017;29
02 Albacete;02051 Montealegre del Castillo;De 90 a 94 años;Total;1 de enero de 2016;32
02 Albacete;02051 Montealegre del Castillo;De 90 a 94 años;Total;1 de enero de 2015;29
02 Albacete;02051 Montealegre del Castillo;De 90 a 94 años;Total;1 de enero de 2014;29
02 Albacete;02051 Montealegre del Castillo;De 90 a 94 años;Total;1 de enero de 2013;28
02 Albacete;02051 Montealegre del Castillo;De 90 a 94 años;Total;1 de enero de 2012;31
02 Albacete;02051 Montealegre del Castillo;De 90 a 94 años;Total;1 de enero de 2011;28
02 Albacete;02051 Montealegre del Castillo;De 90 a 94 años;Total;1 de enero de 2010;25
02 Albacete;02051 Montealegre del Castillo;De 95 a 99 años;Total;1 de enero de 2022;11
02 Albacete;02051 Montealegre del Castillo;De 95 a 99 años;Total;1 de enero de 2021;10
02 Albacete;02051 Montealegre del Castillo;De 95 a 99 años;Total;1 de enero de 2020;10
02 Albacete;02051 Montealegre del Castillo;De 95 a 99 años;Total;1 de enero de 2019;8
02 Albacete;02051 Montealegre del Castillo;De 95 a 99 años;Total;1 de enero de 2018;7
02 Albacete;02051 Montealegre del Castillo;De 95 a 99 años;Total;1 de enero de 2017;6
02 Albacete;02051 Montealegre del Castillo;De 95 a 99 años;Total;1 de enero de 2016;4
02 Albacete;02051 Montealegre del Castillo;De 95 a 99 años;Total;1 de enero de 2015;8
02 Albacete;02051 Montealegre del Castillo;De 95 a 99 años;Total;1 de enero de 2014;7
02 Albacete;02051 Montealegre del Castillo;De 95 a 99 años;Total;1 de enero de 2013;4
02 Albacete;02051 Montealegre del Castillo;De 95 a 99 años;Total;1 de enero de 2012;4
02 Albacete;02051 Montealegre del Castillo;De 95 a 99 años;Total;1 de enero de 2011;5
02 Albacete;02051 Montealegre del Castillo;De 95 a 99 años;Total;1 de enero de 2010;6
02 Albacete;02051 Montealegre del Castillo;100 y más años;Total;1 de enero de 2022;1
02 Albacete;02051 Montealegre del Castillo;100 y más años;Total;1 de enero de 2021;1
02 Albacete;02051 Montealegre del Castillo;100 y más años;Total;1 de enero de 2020;1
02 Albacete;02051 Montealegre del Castillo;100 y más años;Total;1 de enero de 2019;1
02 Albacete;02051 Montealegre del Castillo;100 y más años;Total;1 de enero de 2018;0
02 Albacete;02051 Montealegre del Castillo;100 y más años;Total;1 de enero de 2017;0
02 Albacete;02051 Montealegre del Castillo;100 y más años;Total;1 de enero de 2016;0
02 Albacete;02051 Montealegre del Castillo;100 y más años;Total;1 de enero de 2015;1
02 Albacete;02051 Montealegre del Castillo;100 y más años;Total;1 de enero de 2014;2
02 Albacete;02051 Montealegre del Castillo;100 y más años;Total;1 de enero de 2013;2
02 Albacete;02051 Montealegre del Castillo;100 y más años;Total;1 de enero de 2012;1
02 Albacete;02051 Montealegre del Castillo;100 y más años;Total;1 de enero de 2011;1
02 Albacete;02051 Montealegre del Castillo;100 y más años;Total;1 de enero de 2010;0
02 Albacete;02052 Motilleja;De 0 a 4 años;Total;1 de enero de 2022;24
02 Albacete;02052 Motilleja;De 0 a 4 años;Total;1 de enero de 2021;25
02 Albacete;02052 Motilleja;De 0 a 4 años;Total;1 de enero de 2020;18
02 Albacete;02052 Motilleja;De 0 a 4 años;Total;1 de enero de 2019;18
02 Albacete;02052 Motilleja;De 0 a 4 años;Total;1 de enero de 2018;22
02 Albacete;02052 Motilleja;De 0 a 4 años;Total;1 de enero de 2017;19
02 Albacete;02052 Motilleja;De 0 a 4 años;Total;1 de enero de 2016;20
02 Albacete;02052 Motilleja;De 0 a 4 años;Total;1 de enero de 2015;21
02 Albacete;02052 Motilleja;De 0 a 4 años;Total;1 de enero de 2014;20
02 Albacete;02052 Motilleja;De 0 a 4 años;Total;1 de enero de 2013;17
02 Albacete;02052 Motilleja;De 0 a 4 años;Total;1 de enero de 2012;19
02 Albacete;02052 Motilleja;De 0 a 4 años;Total;1 de enero de 2011;16
02 Albacete;02052 Motilleja;De 0 a 4 años;Total;1 de enero de 2010;15
02 Albacete;02052 Motilleja;De 5 a 9 años;Total;1 de enero de 2022;37
02 Albacete;02052 Motilleja;De 5 a 9 años;Total;1 de enero de 2021;32
02 Albacete;02052 Motilleja;De 5 a 9 años;Total;1 de enero de 2020;30
02 Albacete;02052 Motilleja;De 5 a 9 años;Total;1 de enero de 2019;19
02 Albacete;02052 Motilleja;De 5 a 9 años;Total;1 de enero de 2018;16
02 Albacete;02052 Motilleja;De 5 a 9 años;Total;1 de enero de 2017;18
02 Albacete;02052 Motilleja;De 5 a 9 años;Total;1 de enero de 2016;18
02 Albacete;02052 Motilleja;De 5 a 9 años;Total;1 de enero de 2015;15
02 Albacete;02052 Motilleja;De 5 a 9 años;Total;1 de enero de 2014;17
02 Albacete;02052 Motilleja;De 5 a 9 años;Total;1 de enero de 2013;25
02 Albacete;02052 Motilleja;De 5 a 9 años;Total;1 de enero de 2012;22
02 Albacete;02052 Motilleja;De 5 a 9 años;Total;1 de enero de 2011;27
02 Albacete;02052 Motilleja;De 5 a 9 años;Total;1 de enero de 2010;26
02 Albacete;02052 Motilleja;De 10 a 14 años;Total;1 de enero de 2022;29
02 Albacete;02052 Motilleja;De 10 a 14 años;Total;1 de enero de 2021;24
02 Albacete;02052 Motilleja;De 10 a 14 años;Total;1 de enero de 2020;17
02 Albacete;02052 Motilleja;De 10 a 14 años;Total;1 de enero de 2019;18
02 Albacete;02052 Motilleja;De 10 a 14 años;Total;1 de enero de 2018;27
02 Albacete;02052 Motilleja;De 10 a 14 años;Total;1 de enero de 2017;21
02 Albacete;02052 Motilleja;De 10 a 14 años;Total;1 de enero de 2016;23
02 Albacete;02052 Motilleja;De 10 a 14 años;Total;1 de enero de 2015;27
02 Albacete;02052 Motilleja;De 10 a 14 años;Total;1 de enero de 2014;26
02 Albacete;02052 Motilleja;De 10 a 14 años;Total;1 de enero de 2013;18
02 Albacete;02052 Motilleja;De 10 a 14 años;Total;1 de enero de 2012;19
02 Albacete;02052 Motilleja;De 10 a 14 años;Total;1 de enero de 2011;19
02 Albacete;02052 Motilleja;De 10 a 14 años;Total;1 de enero de 2010;22
02 Albacete;02052 Motilleja;De 65 a 69 años;Total;1 de enero de 2022;35
02 Albacete;02052 Motilleja;De 65 a 69 años;Total;1 de enero de 2021;42
02 Albacete;02052 Motilleja;De 65 a 69 años;Total;1 de enero de 2020;40
02 Albacete;02052 Motilleja;De 65 a 69 años;Total;1 de enero de 2019;41
02 Albacete;02052 Motilleja;De 65 a 69 años;Total;1 de enero de 2018;39
02 Albacete;02052 Motilleja;De 65 a 69 años;Total;1 de enero de 2017;35
02 Albacete;02052 Motilleja;De 65 a 69 años;Total;1 de enero de 2016;35
02 Albacete;02052 Motilleja;De 65 a 69 años;Total;1 de enero de 2015;31
02 Albacete;02052 Motilleja;De 65 a 69 años;Total;1 de enero de 2014;27
02 Albacete;02052 Motilleja;De 65 a 69 años;Total;1 de enero de 2013;21
02 Albacete;02052 Motilleja;De 65 a 69 años;Total;1 de enero de 2012;30
02 Albacete;02052 Motilleja;De 65 a 69 años;Total;1 de enero de 2011;24
02 Albacete;02052 Motilleja;De 65 a 69 años;Total;1 de enero de 2010;33
02 Albacete;02052 Motilleja;De 70 a 74 años;Total;1 de enero de 2022;29
02 Albacete;02052 Motilleja;De 70 a 74 años;Total;1 de enero de 2021;25
02 Albacete;02052 Motilleja;De 70 a 74 años;Total;1 de enero de 2020;22
02 Albacete;02052 Motilleja;De 70 a 74 años;Total;1 de enero de 2019;27
02 Albacete;02052 Motilleja;De 70 a 74 años;Total;1 de enero de 2018;20
02 Albacete;02052 Motilleja;De 70 a 74 años;Total;1 de enero de 2017;26
02 Albacete;02052 Motilleja;De 70 a 74 años;Total;1 de enero de 2016;22
02 Albacete;02052 Motilleja;De 70 a 74 años;Total;1 de enero de 2015;32
02 Albacete;02052 Motilleja;De 70 a 74 años;Total;1 de enero de 2014;30
02 Albacete;02052 Motilleja;De 70 a 74 años;Total;1 de enero de 2013;31
02 Albacete;02052 Motilleja;De 70 a 74 años;Total;1 de enero de 2012;34
02 Albacete;02052 Motilleja;De 70 a 74 años;Total;1 de enero de 2011;37
02 Albacete;02052 Motilleja;De 70 a 74 años;Total;1 de enero de 2010;31
02 Albacete;02052 Motilleja;De 75 a 79 años;Total;1 de enero de 2022;25
02 Albacete;02052 Motilleja;De 75 a 79 años;Total;1 de enero de 2021;21
02 Albacete;02052 Motilleja;De 75 a 79 años;Total;1 de enero de 2020;29
02 Albacete;02052 Motilleja;De 75 a 79 años;Total;1 de enero de 2019;27
02 Albacete;02052 Motilleja;De 75 a 79 años;Total;1 de enero de 2018;30
02 Albacete;02052 Motilleja;De 75 a 79 años;Total;1 de enero de 2017;32
02 Albacete;02052 Motilleja;De 75 a 79 años;Total;1 de enero de 2016;35
02 Albacete;02052 Motilleja;De 75 a 79 años;Total;1 de enero de 2015;32
02 Albacete;02052 Motilleja;De 75 a 79 años;Total;1 de enero de 2014;39
02 Albacete;02052 Motilleja;De 75 a 79 años;Total;1 de enero de 2013;40
02 Albacete;02052 Motilleja;De 75 a 79 años;Total;1 de enero de 2012;39
02 Albacete;02052 Motilleja;De 75 a 79 años;Total;1 de enero de 2011;35
02 Albacete;02052 Motilleja;De 75 a 79 años;Total;1 de enero de 2010;34
02 Albacete;02052 Motilleja;De 80 a 84 años;Total;1 de enero de 2022;27
02 Albacete;02052 Motilleja;De 80 a 84 años;Total;1 de enero de 2021;27
02 Albacete;02052 Motilleja;De 80 a 84 años;Total;1 de enero de 2020;23
02 Albacete;02052 Motilleja;De 80 a 84 años;Total;1 de enero de 2019;30
02 Albacete;02052 Motilleja;De 80 a 84 años;Total;1 de enero de 2018;30
02 Albacete;02052 Motilleja;De 80 a 84 años;Total;1 de enero de 2017;27
02 Albacete;02052 Motilleja;De 80 a 84 años;Total;1 de enero de 2016;28
02 Albacete;02052 Motilleja;De 80 a 84 años;Total;1 de enero de 2015;29
02 Albacete;02052 Motilleja;De 80 a 84 años;Total;1 de enero de 2014;30
02 Albacete;02052 Motilleja;De 80 a 84 años;Total;1 de enero de 2013;34
02 Albacete;02052 Motilleja;De 80 a 84 años;Total;1 de enero de 2012;27
02 Albacete;02052 Motilleja;De 80 a 84 años;Total;1 de enero de 2011;28
02 Albacete;02052 Motilleja;De 80 a 84 años;Total;1 de enero de 2010;26
02 Albacete;02052 Motilleja;De 85 a 89 años;Total;1 de enero de 2022;19
02 Albacete;02052 Motilleja;De 85 a 89 años;Total;1 de enero de 2021;17
02 Albacete;02052 Motilleja;De 85 a 89 años;Total;1 de enero de 2020;20
02 Albacete;02052 Motilleja;De 85 a 89 años;Total;1 de enero de 2019;22
02 Albacete;02052 Motilleja;De 85 a 89 años;Total;1 de enero de 2018;26
02 Albacete;02052 Motilleja;De 85 a 89 años;Total;1 de enero de 2017;24
02 Albacete;02052 Motilleja;De 85 a 89 años;Total;1 de enero de 2016;22
02 Albacete;02052 Motilleja;De 85 a 89 años;Total;1 de enero de 2015;22
02 Albacete;02052 Motilleja;De 85 a 89 años;Total;1 de enero de 2014;19
02 Albacete;02052 Motilleja;De 85 a 89 años;Total;1 de enero de 2013;14
02 Albacete;02052 Motilleja;De 85 a 89 años;Total;1 de enero de 2012;14
02 Albacete;02052 Motilleja;De 85 a 89 años;Total;1 de enero de 2011;15
02 Albacete;02052 Motilleja;De 85 a 89 años;Total;1 de enero de 2010;14
02 Albacete;02052 Motilleja;De 90 a 94 años;Total;1 de enero de 2022;10
02 Albacete;02052 Motilleja;De 90 a 94 años;Total;1 de enero de 2021;9
02 Albacete;02052 Motilleja;De 90 a 94 años;Total;1 de enero de 2020;12
02 Albacete;02052 Motilleja;De 90 a 94 años;Total;1 de enero de 2019;11
02 Albacete;02052 Motilleja;De 90 a 94 años;Total;1 de enero de 2018;8
02 Albacete;02052 Motilleja;De 90 a 94 años;Total;1 de enero de 2017;8
02 Albacete;02052 Motilleja;De 90 a 94 años;Total;1 de enero de 2016;7
02 Albacete;02052 Motilleja;De 90 a 94 años;Total;1 de enero de 2015;7
02 Albacete;02052 Motilleja;De 90 a 94 años;Total;1 de enero de 2014;4
02 Albacete;02052 Motilleja;De 90 a 94 años;Total;1 de enero de 2013;3
02 Albacete;02052 Motilleja;De 90 a 94 años;Total;1 de enero de 2012;5
02 Albacete;02052 Motilleja;De 90 a 94 años;Total;1 de enero de 2011;5
02 Albacete;02052 Motilleja;De 90 a 94 años;Total;1 de enero de 2010;4
02 Albacete;02052 Motilleja;De 95 a 99 años;Total;1 de enero de 2022;2
02 Albacete;02052 Motilleja;De 95 a 99 años;Total;1 de enero de 2021;2
02 Albacete;02052 Motilleja;De 95 a 99 años;Total;1 de enero de 2020;3
02 Albacete;02052 Motilleja;De 95 a 99 años;Total;1 de enero de 2019;1
02 Albacete;02052 Motilleja;De 95 a 99 años;Total;1 de enero de 2018;1
02 Albacete;02052 Motilleja;De 95 a 99 años;Total;1 de enero de 2017;1
02 Albacete;02052 Motilleja;De 95 a 99 años;Total;1 de enero de 2016;0
02 Albacete;02052 Motilleja;De 95 a 99 años;Total;1 de enero de 2015;0
02 Albacete;02052 Motilleja;De 95 a 99 años;Total;1 de enero de 2014;0
02 Albacete;02052 Motilleja;De 95 a 99 años;Total;1 de enero de 2013;0
02 Albacete;02052 Motilleja;De 95 a 99 años;Total;1 de enero de 2012;1
02 Albacete;02052 Motilleja;De 95 a 99 años;Total;1 de enero de 2011;0
02 Albacete;02052 Motilleja;De 95 a 99 años;Total;1 de enero de 2010;1
02 Albacete;02052 Motilleja;100 y más años;Total;1 de enero de 2022;0
02 Albacete;02052 Motilleja;100 y más años;Total;1 de enero de 2021;0
02 Albacete;02052 Motilleja;100 y más años;Total;1 de enero de 2020;0
02 Albacete;02052 Motilleja;100 y más años;Total;1 de enero de 2019;0
02 Albacete;02052 Motilleja;100 y más años;Total;1 de enero de 2018;0
02 Albacete;02052 Motilleja;100 y más años;Total;1 de enero de 2017;0
02 Albacete;02052 Motilleja;100 y más años;Total;1 de enero de 2016;0
02 Albacete;02052 Motilleja;100 y más años;Total;1 de enero de 2015;0
02 Albacete;02052 Motilleja;100 y más años;Total;1 de enero de 2014;0
02 Albacete;02052 Motilleja;100 y más años;Total;1 de enero de 2013;0
02 Albacete;02052 Motilleja;100 y más años;Total;1 de enero de 2012;0
02 Albacete;02052 Motilleja;100 y más años;Total;1 de enero de 2011;0
02 Albacete;02052 Motilleja;100 y más años;Total;1 de enero de 2010;0
02 Albacete;02053 Munera;De 0 a 4 años;Total;1 de enero de 2022;103
02 Albacete;02053 Munera;De 0 a 4 años;Total;1 de enero de 2021;95
02 Albacete;02053 Munera;De 0 a 4 años;Total;1 de enero de 2020;101
02 Albacete;02053 Munera;De 0 a 4 años;Total;1 de enero de 2019;106
02 Albacete;02053 Munera;De 0 a 4 años;Total;1 de enero de 2018;111
02 Albacete;02053 Munera;De 0 a 4 años;Total;1 de enero de 2017;115
02 Albacete;02053 Munera;De 0 a 4 años;Total;1 de enero de 2016;119
02 Albacete;02053 Munera;De 0 a 4 años;Total;1 de enero de 2015;136
02 Albacete;02053 Munera;De 0 a 4 años;Total;1 de enero de 2014;126
02 Albacete;02053 Munera;De 0 a 4 años;Total;1 de enero de 2013;133
02 Albacete;02053 Munera;De 0 a 4 años;Total;1 de enero de 2012;148
02 Albacete;02053 Munera;De 0 a 4 años;Total;1 de enero de 2011;170
02 Albacete;02053 Munera;De 0 a 4 años;Total;1 de enero de 2010;164
02 Albacete;02053 Munera;De 5 a 9 años;Total;1 de enero de 2022;122
02 Albacete;02053 Munera;De 5 a 9 años;Total;1 de enero de 2021;130
02 Albacete;02053 Munera;De 5 a 9 años;Total;1 de enero de 2020;139
02 Albacete;02053 Munera;De 5 a 9 años;Total;1 de enero de 2019;129
02 Albacete;02053 Munera;De 5 a 9 años;Total;1 de enero de 2018;135
02 Albacete;02053 Munera;De 5 a 9 años;Total;1 de enero de 2017;146
02 Albacete;02053 Munera;De 5 a 9 años;Total;1 de enero de 2016;167
02 Albacete;02053 Munera;De 5 a 9 años;Total;1 de enero de 2015;163
02 Albacete;02053 Munera;De 5 a 9 años;Total;1 de enero de 2014;166
02 Albacete;02053 Munera;De 5 a 9 años;Total;1 de enero de 2013;189
02 Albacete;02053 Munera;De 5 a 9 años;Total;1 de enero de 2012;195
02 Albacete;02053 Munera;De 5 a 9 años;Total;1 de enero de 2011;197
02 Albacete;02053 Munera;De 5 a 9 años;Total;1 de enero de 2010;199
02 Albacete;02053 Munera;De 10 a 14 años;Total;1 de enero de 2022;151
02 Albacete;02053 Munera;De 10 a 14 años;Total;1 de enero de 2021;166
02 Albacete;02053 Munera;De 10 a 14 años;Total;1 de enero de 2020;158
02 Albacete;02053 Munera;De 10 a 14 años;Total;1 de enero de 2019;164
02 Albacete;02053 Munera;De 10 a 14 años;Total;1 de enero de 2018;183
02 Albacete;02053 Munera;De 10 a 14 años;Total;1 de enero de 2017;192
02 Albacete;02053 Munera;De 10 a 14 años;Total;1 de enero de 2016;195
02 Albacete;02053 Munera;De 10 a 14 años;Total;1 de enero de 2015;203
02 Albacete;02053 Munera;De 10 a 14 años;Total;1 de enero de 2014;204
02 Albacete;02053 Munera;De 10 a 14 años;Total;1 de enero de 2013;201
02 Albacete;02053 Munera;De 10 a 14 años;Total;1 de enero de 2012;190
02 Albacete;02053 Munera;De 10 a 14 años;Total;1 de enero de 2011;192
02 Albacete;02053 Munera;De 10 a 14 años;Total;1 de enero de 2010;202
02 Albacete;02053 Munera;De 65 a 69 años;Total;1 de enero de 2022;162
02 Albacete;02053 Munera;De 65 a 69 años;Total;1 de enero de 2021;165
02 Albacete;02053 Munera;De 65 a 69 años;Total;1 de enero de 2020;154
02 Albacete;02053 Munera;De 65 a 69 años;Total;1 de enero de 2019;162
02 Albacete;02053 Munera;De 65 a 69 años;Total;1 de enero de 2018;175
02 Albacete;02053 Munera;De 65 a 69 años;Total;1 de enero de 2017;170
02 Albacete;02053 Munera;De 65 a 69 años;Total;1 de enero de 2016;158
02 Albacete;02053 Munera;De 65 a 69 años;Total;1 de enero de 2015;161
02 Albacete;02053 Munera;De 65 a 69 años;Total;1 de enero de 2014;170
02 Albacete;02053 Munera;De 65 a 69 años;Total;1 de enero de 2013;164
02 Albacete;02053 Munera;De 65 a 69 años;Total;1 de enero de 2012;166
02 Albacete;02053 Munera;De 65 a 69 años;Total;1 de enero de 2011;162
02 Albacete;02053 Munera;De 65 a 69 años;Total;1 de enero de 2010;198
02 Albacete;02053 Munera;De 70 a 74 años;Total;1 de enero de 2022;160
02 Albacete;02053 Munera;De 70 a 74 años;Total;1 de enero de 2021;150
02 Albacete;02053 Munera;De 70 a 74 años;Total;1 de enero de 2020;154
02 Albacete;02053 Munera;De 70 a 74 años;Total;1 de enero de 2019;162
02 Albacete;02053 Munera;De 70 a 74 años;Total;1 de enero de 2018;151
02 Albacete;02053 Munera;De 70 a 74 años;Total;1 de enero de 2017;156
02 Albacete;02053 Munera;De 70 a 74 años;Total;1 de enero de 2016;151
02 Albacete;02053 Munera;De 70 a 74 años;Total;1 de enero de 2015;181
02 Albacete;02053 Munera;De 70 a 74 años;Total;1 de enero de 2014;173
02 Albacete;02053 Munera;De 70 a 74 años;Total;1 de enero de 2013;192
02 Albacete;02053 Munera;De 70 a 74 años;Total;1 de enero de 2012;221
02 Albacete;02053 Munera;De 70 a 74 años;Total;1 de enero de 2011;241
02 Albacete;02053 Munera;De 70 a 74 años;Total;1 de enero de 2010;241
02 Albacete;02053 Munera;De 75 a 79 años;Total;1 de enero de 2022;155
02 Albacete;02053 Munera;De 75 a 79 años;Total;1 de enero de 2021;141
02 Albacete;02053 Munera;De 75 a 79 años;Total;1 de enero de 2020;164
02 Albacete;02053 Munera;De 75 a 79 años;Total;1 de enero de 2019;156
02 Albacete;02053 Munera;De 75 a 79 años;Total;1 de enero de 2018;177
02 Albacete;02053 Munera;De 75 a 79 años;Total;1 de enero de 2017;196
02 Albacete;02053 Munera;De 75 a 79 años;Total;1 de enero de 2016;216
02 Albacete;02053 Munera;De 75 a 79 años;Total;1 de enero de 2015;214
02 Albacete;02053 Munera;De 75 a 79 años;Total;1 de enero de 2014;238
02 Albacete;02053 Munera;De 75 a 79 años;Total;1 de enero de 2013;238
02 Albacete;02053 Munera;De 75 a 79 años;Total;1 de enero de 2012;213
02 Albacete;02053 Munera;De 75 a 79 años;Total;1 de enero de 2011;222
02 Albacete;02053 Munera;De 75 a 79 años;Total;1 de enero de 2010;200
02 Albacete;02053 Munera;De 80 a 84 años;Total;1 de enero de 2022;159
02 Albacete;02053 Munera;De 80 a 84 años;Total;1 de enero de 2021;173
02 Albacete;02053 Munera;De 80 a 84 años;Total;1 de enero de 2020;172
02 Albacete;02053 Munera;De 80 a 84 años;Total;1 de enero de 2019;181
02 Albacete;02053 Munera;De 80 a 84 años;Total;1 de enero de 2018;188
02 Albacete;02053 Munera;De 80 a 84 años;Total;1 de enero de 2017;180
02 Albacete;02053 Munera;De 80 a 84 años;Total;1 de enero de 2016;192
02 Albacete;02053 Munera;De 80 a 84 años;Total;1 de enero de 2015;174
02 Albacete;02053 Munera;De 80 a 84 años;Total;1 de enero de 2014;166
02 Albacete;02053 Munera;De 80 a 84 años;Total;1 de enero de 2013;175
02 Albacete;02053 Munera;De 80 a 84 años;Total;1 de enero de 2012;172
02 Albacete;02053 Munera;De 80 a 84 años;Total;1 de enero de 2011;166
02 Albacete;02053 Munera;De 80 a 84 años;Total;1 de enero de 2010;161
02 Albacete;02053 Munera;De 85 a 89 años;Total;1 de enero de 2022;112
02 Albacete;02053 Munera;De 85 a 89 años;Total;1 de enero de 2021;115
02 Albacete;02053 Munera;De 85 a 89 años;Total;1 de enero de 2020;111
02 Albacete;02053 Munera;De 85 a 89 años;Total;1 de enero de 2019;110
02 Albacete;02053 Munera;De 85 a 89 años;Total;1 de enero de 2018;118
02 Albacete;02053 Munera;De 85 a 89 años;Total;1 de enero de 2017;113
02 Albacete;02053 Munera;De 85 a 89 años;Total;1 de enero de 2016;107
02 Albacete;02053 Munera;De 85 a 89 años;Total;1 de enero de 2015;102
02 Albacete;02053 Munera;De 85 a 89 años;Total;1 de enero de 2014;99
02 Albacete;02053 Munera;De 85 a 89 años;Total;1 de enero de 2013;81
02 Albacete;02053 Munera;De 85 a 89 años;Total;1 de enero de 2012;80
02 Albacete;02053 Munera;De 85 a 89 años;Total;1 de enero de 2011;76
02 Albacete;02053 Munera;De 85 a 89 años;Total;1 de enero de 2010;74
02 Albacete;02053 Munera;De 90 a 94 años;Total;1 de enero de 2022;56
02 Albacete;02053 Munera;De 90 a 94 años;Total;1 de enero de 2021;54
02 Albacete;02053 Munera;De 90 a 94 años;Total;1 de enero de 2020;52
02 Albacete;02053 Munera;De 90 a 94 años;Total;1 de enero de 2019;56
02 Albacete;02053 Munera;De 90 a 94 años;Total;1 de enero de 2018;37
02 Albacete;02053 Munera;De 90 a 94 años;Total;1 de enero de 2017;39
02 Albacete;02053 Munera;De 90 a 94 años;Total;1 de enero de 2016;34
02 Albacete;02053 Munera;De 90 a 94 años;Total;1 de enero de 2015;31
02 Albacete;02053 Munera;De 90 a 94 años;Total;1 de enero de 2014;32
02 Albacete;02053 Munera;De 90 a 94 años;Total;1 de enero de 2013;26
02 Albacete;02053 Munera;De 90 a 94 años;Total;1 de enero de 2012;35
02 Albacete;02053 Munera;De 90 a 94 años;Total;1 de enero de 2011;33
02 Albacete;02053 Munera;De 90 a 94 años;Total;1 de enero de 2010;35
02 Albacete;02053 Munera;De 95 a 99 años;Total;1 de enero de 2022;11
02 Albacete;02053 Munera;De 95 a 99 años;Total;1 de enero de 2021;9
02 Albacete;02053 Munera;De 95 a 99 años;Total;1 de enero de 2020;6
02 Albacete;02053 Munera;De 95 a 99 años;Total;1 de enero de 2019;7
02 Albacete;02053 Munera;De 95 a 99 años;Total;1 de enero de 2018;6
02 Albacete;02053 Munera;De 95 a 99 años;Total;1 de enero de 2017;10
02 Albacete;02053 Munera;De 95 a 99 años;Total;1 de enero de 2016;9
02 Albacete;02053 Munera;De 95 a 99 años;Total;1 de enero de 2015;12
02 Albacete;02053 Munera;De 95 a 99 años;Total;1 de enero de 2014;9
02 Albacete;02053 Munera;De 95 a 99 años;Total;1 de enero de 2013;7
02 Albacete;02053 Munera;De 95 a 99 años;Total;1 de enero de 2012;6
02 Albacete;02053 Munera;De 95 a 99 años;Total;1 de enero de 2011;6
02 Albacete;02053 Munera;De 95 a 99 años;Total;1 de enero de 2010;7
02 Albacete;02053 Munera;100 y más años;Total;1 de enero de 2022;0
02 Albacete;02053 Munera;100 y más años;Total;1 de enero de 2021;2
02 Albacete;02053 Munera;100 y más años;Total;1 de enero de 2020;2
02 Albacete;02053 Munera;100 y más años;Total;1 de enero de 2019;3
02 Albacete;02053 Munera;100 y más años;Total;1 de enero de 2018;3
02 Albacete;02053 Munera;100 y más años;Total;1 de enero de 2017;1
02 Albacete;02053 Munera;100 y más años;Total;1 de enero de 2016;1
02 Albacete;02053 Munera;100 y más años;Total;1 de enero de 2015;0
02 Albacete;02053 Munera;100 y más años;Total;1 de enero de 2014;0
02 Albacete;02053 Munera;100 y más años;Total;1 de enero de 2013;0
02 Albacete;02053 Munera;100 y más años;Total;1 de enero de 2012;0
02 Albacete;02053 Munera;100 y más años;Total;1 de enero de 2011;0
02 Albacete;02053 Munera;100 y más años;Total;1 de enero de 2010;0
02 Albacete;02054 Navas de Jorquera;De 0 a 4 años;Total;1 de enero de 2022;23
02 Albacete;02054 Navas de Jorquera;De 0 a 4 años;Total;1 de enero de 2021;20
02 Albacete;02054 Navas de Jorquera;De 0 a 4 años;Total;1 de enero de 2020;18
02 Albacete;02054 Navas de Jorquera;De 0 a 4 años;Total;1 de enero de 2019;23
02 Albacete;02054 Navas de Jorquera;De 0 a 4 años;Total;1 de enero de 2018;19
02 Albacete;02054 Navas de Jorquera;De 0 a 4 años;Total;1 de enero de 2017;21
02 Albacete;02054 Navas de Jorquera;De 0 a 4 años;Total;1 de enero de 2016;21
02 Albacete;02054 Navas de Jorquera;De 0 a 4 años;Total;1 de enero de 2015;22
02 Albacete;02054 Navas de Jorquera;De 0 a 4 años;Total;1 de enero de 2014;15
02 Albacete;02054 Navas de Jorquera;De 0 a 4 años;Total;1 de enero de 2013;18
02 Albacete;02054 Navas de Jorquera;De 0 a 4 años;Total;1 de enero de 2012;21
02 Albacete;02054 Navas de Jorquera;De 0 a 4 años;Total;1 de enero de 2011;18
02 Albacete;02054 Navas de Jorquera;De 0 a 4 años;Total;1 de enero de 2010;18
02 Albacete;02054 Navas de Jorquera;De 5 a 9 años;Total;1 de enero de 2022;20
02 Albacete;02054 Navas de Jorquera;De 5 a 9 años;Total;1 de enero de 2021;21
02 Albacete;02054 Navas de Jorquera;De 5 a 9 años;Total;1 de enero de 2020;21
02 Albacete;02054 Navas de Jorquera;De 5 a 9 años;Total;1 de enero de 2019;16
02 Albacete;02054 Navas de Jorquera;De 5 a 9 años;Total;1 de enero de 2018;17
02 Albacete;02054 Navas de Jorquera;De 5 a 9 años;Total;1 de enero de 2017;18
02 Albacete;02054 Navas de Jorquera;De 5 a 9 años;Total;1 de enero de 2016;18
02 Albacete;02054 Navas de Jorquera;De 5 a 9 años;Total;1 de enero de 2015;17
02 Albacete;02054 Navas de Jorquera;De 5 a 9 años;Total;1 de enero de 2014;15
02 Albacete;02054 Navas de Jorquera;De 5 a 9 años;Total;1 de enero de 2013;15
02 Albacete;02054 Navas de Jorquera;De 5 a 9 años;Total;1 de enero de 2012;11
02 Albacete;02054 Navas de Jorquera;De 5 a 9 años;Total;1 de enero de 2011;19
02 Albacete;02054 Navas de Jorquera;De 5 a 9 años;Total;1 de enero de 2010;19
02 Albacete;02054 Navas de Jorquera;De 10 a 14 años;Total;1 de enero de 2022;19
02 Albacete;02054 Navas de Jorquera;De 10 a 14 años;Total;1 de enero de 2021;16
02 Albacete;02054 Navas de Jorquera;De 10 a 14 años;Total;1 de enero de 2020;16
02 Albacete;02054 Navas de Jorquera;De 10 a 14 años;Total;1 de enero de 2019;14
02 Albacete;02054 Navas de Jorquera;De 10 a 14 años;Total;1 de enero de 2018;14
02 Albacete;02054 Navas de Jorquera;De 10 a 14 años;Total;1 de enero de 2017;10
02 Albacete;02054 Navas de Jorquera;De 10 a 14 años;Total;1 de enero de 2016;17
02 Albacete;02054 Navas de Jorquera;De 10 a 14 años;Total;1 de enero de 2015;19
02 Albacete;02054 Navas de Jorquera;De 10 a 14 años;Total;1 de enero de 2014;22
02 Albacete;02054 Navas de Jorquera;De 10 a 14 años;Total;1 de enero de 2013;24
02 Albacete;02054 Navas de Jorquera;De 10 a 14 años;Total;1 de enero de 2012;28
02 Albacete;02054 Navas de Jorquera;De 10 a 14 años;Total;1 de enero de 2011;30
02 Albacete;02054 Navas de Jorquera;De 10 a 14 años;Total;1 de enero de 2010;28
02 Albacete;02054 Navas de Jorquera;De 65 a 69 años;Total;1 de enero de 2022;34
02 Albacete;02054 Navas de Jorquera;De 65 a 69 años;Total;1 de enero de 2021;32
02 Albacete;02054 Navas de Jorquera;De 65 a 69 años;Total;1 de enero de 2020;30
02 Albacete;02054 Navas de Jorquera;De 65 a 69 años;Total;1 de enero de 2019;28
02 Albacete;02054 Navas de Jorquera;De 65 a 69 años;Total;1 de enero de 2018;32
02 Albacete;02054 Navas de Jorquera;De 65 a 69 años;Total;1 de enero de 2017;28
02 Albacete;02054 Navas de Jorquera;De 65 a 69 años;Total;1 de enero de 2016;28
02 Albacete;02054 Navas de Jorquera;De 65 a 69 años;Total;1 de enero de 2015;32
02 Albacete;02054 Navas de Jorquera;De 65 a 69 años;Total;1 de enero de 2014;35
02 Albacete;02054 Navas de Jorquera;De 65 a 69 años;Total;1 de enero de 2013;29
02 Albacete;02054 Navas de Jorquera;De 65 a 69 años;Total;1 de enero de 2012;25
02 Albacete;02054 Navas de Jorquera;De 65 a 69 años;Total;1 de enero de 2011;32
02 Albacete;02054 Navas de Jorquera;De 65 a 69 años;Total;1 de enero de 2010;37
02 Albacete;02054 Navas de Jorquera;De 70 a 74 años;Total;1 de enero de 2022;31
02 Albacete;02054 Navas de Jorquera;De 70 a 74 años;Total;1 de enero de 2021;29
02 Albacete;02054 Navas de Jorquera;De 70 a 74 años;Total;1 de enero de 2020;30
02 Albacete;02054 Navas de Jorquera;De 70 a 74 años;Total;1 de enero de 2019;32
02 Albacete;02054 Navas de Jorquera;De 70 a 74 años;Total;1 de enero de 2018;29
02 Albacete;02054 Navas de Jorquera;De 70 a 74 años;Total;1 de enero de 2017;25
02 Albacete;02054 Navas de Jorquera;De 70 a 74 años;Total;1 de enero de 2016;29
02 Albacete;02054 Navas de Jorquera;De 70 a 74 años;Total;1 de enero de 2015;34
02 Albacete;02054 Navas de Jorquera;De 70 a 74 años;Total;1 de enero de 2014;32
02 Albacete;02054 Navas de Jorquera;De 70 a 74 años;Total;1 de enero de 2013;35
02 Albacete;02054 Navas de Jorquera;De 70 a 74 años;Total;1 de enero de 2012;41
02 Albacete;02054 Navas de Jorquera;De 70 a 74 años;Total;1 de enero de 2011;38
02 Albacete;02054 Navas de Jorquera;De 70 a 74 años;Total;1 de enero de 2010;35
02 Albacete;02054 Navas de Jorquera;De 75 a 79 años;Total;1 de enero de 2022;22
02 Albacete;02054 Navas de Jorquera;De 75 a 79 años;Total;1 de enero de 2021;27
02 Albacete;02054 Navas de Jorquera;De 75 a 79 años;Total;1 de enero de 2020;30
02 Albacete;02054 Navas de Jorquera;De 75 a 79 años;Total;1 de enero de 2019;27
02 Albacete;02054 Navas de Jorquera;De 75 a 79 años;Total;1 de enero de 2018;29
02 Albacete;02054 Navas de Jorquera;De 75 a 79 años;Total;1 de enero de 2017;33
02 Albacete;02054 Navas de Jorquera;De 75 a 79 años;Total;1 de enero de 2016;32
02 Albacete;02054 Navas de Jorquera;De 75 a 79 años;Total;1 de enero de 2015;28
02 Albacete;02054 Navas de Jorquera;De 75 a 79 años;Total;1 de enero de 2014;29
02 Albacete;02054 Navas de Jorquera;De 75 a 79 años;Total;1 de enero de 2013;30
02 Albacete;02054 Navas de Jorquera;De 75 a 79 años;Total;1 de enero de 2012;33
02 Albacete;02054 Navas de Jorquera;De 75 a 79 años;Total;1 de enero de 2011;39
02 Albacete;02054 Navas de Jorquera;De 75 a 79 años;Total;1 de enero de 2010;32
02 Albacete;02054 Navas de Jorquera;De 80 a 84 años;Total;1 de enero de 2022;30
02 Albacete;02054 Navas de Jorquera;De 80 a 84 años;Total;1 de enero de 2021;28
02 Albacete;02054 Navas de Jorquera;De 80 a 84 años;Total;1 de enero de 2020;25
02 Albacete;02054 Navas de Jorquera;De 80 a 84 años;Total;1 de enero de 2019;28
02 Albacete;02054 Navas de Jorquera;De 80 a 84 años;Total;1 de enero de 2018;26
02 Albacete;02054 Navas de Jorquera;De 80 a 84 años;Total;1 de enero de 2017;27
02 Albacete;02054 Navas de Jorquera;De 80 a 84 años;Total;1 de enero de 2016;30
02 Albacete;02054 Navas de Jorquera;De 80 a 84 años;Total;1 de enero de 2015;24
02 Albacete;02054 Navas de Jorquera;De 80 a 84 años;Total;1 de enero de 2014;28
02 Albacete;02054 Navas de Jorquera;De 80 a 84 años;Total;1 de enero de 2013;28
02 Albacete;02054 Navas de Jorquera;De 80 a 84 años;Total;1 de enero de 2012;26
02 Albacete;02054 Navas de Jorquera;De 80 a 84 años;Total;1 de enero de 2011;19
02 Albacete;02054 Navas de Jorquera;De 80 a 84 años;Total;1 de enero de 2010;19
02 Albacete;02054 Navas de Jorquera;De 85 a 89 años;Total;1 de enero de 2022;18
02 Albacete;02054 Navas de Jorquera;De 85 a 89 años;Total;1 de enero de 2021;22
02 Albacete;02054 Navas de Jorquera;De 85 a 89 años;Total;1 de enero de 2020;16
02 Albacete;02054 Navas de Jorquera;De 85 a 89 años;Total;1 de enero de 2019;17
02 Albacete;02054 Navas de Jorquera;De 85 a 89 años;Total;1 de enero de 2018;18
02 Albacete;02054 Navas de Jorquera;De 85 a 89 años;Total;1 de enero de 2017;17
02 Albacete;02054 Navas de Jorquera;De 85 a 89 años;Total;1 de enero de 2016;14
02 Albacete;02054 Navas de Jorquera;De 85 a 89 años;Total;1 de enero de 2015;13
02 Albacete;02054 Navas de Jorquera;De 85 a 89 años;Total;1 de enero de 2014;12
02 Albacete;02054 Navas de Jorquera;De 85 a 89 años;Total;1 de enero de 2013;10
02 Albacete;02054 Navas de Jorquera;De 85 a 89 años;Total;1 de enero de 2012;11
02 Albacete;02054 Navas de Jorquera;De 85 a 89 años;Total;1 de enero de 2011;11
02 Albacete;02054 Navas de Jorquera;De 85 a 89 años;Total;1 de enero de 2010;13
02 Albacete;02054 Navas de Jorquera;De 90 a 94 años;Total;1 de enero de 2022;9
02 Albacete;02054 Navas de Jorquera;De 90 a 94 años;Total;1 de enero de 2021;7
02 Albacete;02054 Navas de Jorquera;De 90 a 94 años;Total;1 de enero de 2020;7
02 Albacete;02054 Navas de Jorquera;De 90 a 94 años;Total;1 de enero de 2019;4
02 Albacete;02054 Navas de Jorquera;De 90 a 94 años;Total;1 de enero de 2018;2
02 Albacete;02054 Navas de Jorquera;De 90 a 94 años;Total;1 de enero de 2017;2
02 Albacete;02054 Navas de Jorquera;De 90 a 94 años;Total;1 de enero de 2016;4
02 Albacete;02054 Navas de Jorquera;De 90 a 94 años;Total;1 de enero de 2015;5
02 Albacete;02054 Navas de Jorquera;De 90 a 94 años;Total;1 de enero de 2014;5
02 Albacete;02054 Navas de Jorquera;De 90 a 94 años;Total;1 de enero de 2013;6
02 Albacete;02054 Navas de Jorquera;De 90 a 94 años;Total;1 de enero de 2012;7
02 Albacete;02054 Navas de Jorquera;De 90 a 94 años;Total;1 de enero de 2011;7
02 Albacete;02054 Navas de Jorquera;De 90 a 94 años;Total;1 de enero de 2010;4
02 Albacete;02054 Navas de Jorquera;De 95 a 99 años;Total;1 de enero de 2022;0
02 Albacete;02054 Navas de Jorquera;De 95 a 99 años;Total;1 de enero de 2021;0
02 Albacete;02054 Navas de Jorquera;De 95 a 99 años;Total;1 de enero de 2020;0
02 Albacete;02054 Navas de Jorquera;De 95 a 99 años;Total;1 de enero de 2019;1
02 Albacete;02054 Navas de Jorquera;De 95 a 99 años;Total;1 de enero de 2018;1
02 Albacete;02054 Navas de Jorquera;De 95 a 99 años;Total;1 de enero de 2017;2
02 Albacete;02054 Navas de Jorquera;De 95 a 99 años;Total;1 de enero de 2016;3
02 Albacete;02054 Navas de Jorquera;De 95 a 99 años;Total;1 de enero de 2015;1
02 Albacete;02054 Navas de Jorquera;De 95 a 99 años;Total;1 de enero de 2014;1
02 Albacete;02054 Navas de Jorquera;De 95 a 99 años;Total;1 de enero de 2013;2
02 Albacete;02054 Navas de Jorquera;De 95 a 99 años;Total;1 de enero de 2012;2
02 Albacete;02054 Navas de Jorquera;De 95 a 99 años;Total;1 de enero de 2011;1
02 Albacete;02054 Navas de Jorquera;De 95 a 99 años;Total;1 de enero de 2010;1
02 Albacete;02054 Navas de Jorquera;100 y más años;Total;1 de enero de 2022;0
02 Albacete;02054 Navas de Jorquera;100 y más años;Total;1 de enero de 2021;0
02 Albacete;02054 Navas de Jorquera;100 y más años;Total;1 de enero de 2020;0
02 Albacete;02054 Navas de Jorquera;100 y más años;Total;1 de enero de 2019;0
02 Albacete;02054 Navas de Jorquera;100 y más años;Total;1 de enero de 2018;0
02 Albacete;02054 Navas de Jorquera;100 y más años;Total;1 de enero de 2017;0
02 Albacete;02054 Navas de Jorquera;100 y más años;Total;1 de enero de 2016;0
02 Albacete;02054 Navas de Jorquera;100 y más años;Total;1 de enero de 2015;0
02 Albacete;02054 Navas de Jorquera;100 y más años;Total;1 de enero de 2014;0
02 Albacete;02054 Navas de Jorquera;100 y más años;Total;1 de enero de 2013;0
02 Albacete;02054 Navas de Jorquera;100 y más años;Total;1 de enero de 2012;0
02 Albacete;02054 Navas de Jorquera;100 y más años;Total;1 de enero de 2011;0
02 Albacete;02054 Navas de Jorquera;100 y más años;Total;1 de enero de 2010;0
02 Albacete;02055 Nerpio;De 0 a 4 años;Total;1 de enero de 2022;27
02 Albacete;02055 Nerpio;De 0 a 4 años;Total;1 de enero de 2021;20
02 Albacete;02055 Nerpio;De 0 a 4 años;Total;1 de enero de 2020;20
02 Albacete;02055 Nerpio;De 0 a 4 años;Total;1 de enero de 2019;17
02 Albacete;02055 Nerpio;De 0 a 4 años;Total;1 de enero de 2018;23
02 Albacete;02055 Nerpio;De 0 a 4 años;Total;1 de enero de 2017;29
02 Albacete;02055 Nerpio;De 0 a 4 años;Total;1 de enero de 2016;34
02 Albacete;02055 Nerpio;De 0 a 4 años;Total;1 de enero de 2015;45
02 Albacete;02055 Nerpio;De 0 a 4 años;Total;1 de enero de 2014;44
02 Albacete;02055 Nerpio;De 0 a 4 años;Total;1 de enero de 2013;47
02 Albacete;02055 Nerpio;De 0 a 4 años;Total;1 de enero de 2012;44
02 Albacete;02055 Nerpio;De 0 a 4 años;Total;1 de enero de 2011;52
02 Albacete;02055 Nerpio;De 0 a 4 años;Total;1 de enero de 2010;42
02 Albacete;02055 Nerpio;De 5 a 9 años;Total;1 de enero de 2022;36
02 Albacete;02055 Nerpio;De 5 a 9 años;Total;1 de enero de 2021;40
02 Albacete;02055 Nerpio;De 5 a 9 años;Total;1 de enero de 2020;40
02 Albacete;02055 Nerpio;De 5 a 9 años;Total;1 de enero de 2019;39
02 Albacete;02055 Nerpio;De 5 a 9 años;Total;1 de enero de 2018;40
02 Albacete;02055 Nerpio;De 5 a 9 años;Total;1 de enero de 2017;40
02 Albacete;02055 Nerpio;De 5 a 9 años;Total;1 de enero de 2016;45
02 Albacete;02055 Nerpio;De 5 a 9 años;Total;1 de enero de 2015;37
02 Albacete;02055 Nerpio;De 5 a 9 años;Total;1 de enero de 2014;45
02 Albacete;02055 Nerpio;De 5 a 9 años;Total;1 de enero de 2013;53
02 Albacete;02055 Nerpio;De 5 a 9 años;Total;1 de enero de 2012;63
02 Albacete;02055 Nerpio;De 5 a 9 años;Total;1 de enero de 2011;67
02 Albacete;02055 Nerpio;De 5 a 9 años;Total;1 de enero de 2010;61
02 Albacete;02055 Nerpio;De 10 a 14 años;Total;1 de enero de 2022;37
02 Albacete;02055 Nerpio;De 10 a 14 años;Total;1 de enero de 2021;40
02 Albacete;02055 Nerpio;De 10 a 14 años;Total;1 de enero de 2020;35
02 Albacete;02055 Nerpio;De 10 a 14 años;Total;1 de enero de 2019;41
02 Albacete;02055 Nerpio;De 10 a 14 años;Total;1 de enero de 2018;43
02 Albacete;02055 Nerpio;De 10 a 14 años;Total;1 de enero de 2017;54
02 Albacete;02055 Nerpio;De 10 a 14 años;Total;1 de enero de 2016;56
02 Albacete;02055 Nerpio;De 10 a 14 años;Total;1 de enero de 2015;60
02 Albacete;02055 Nerpio;De 10 a 14 años;Total;1 de enero de 2014;62
02 Albacete;02055 Nerpio;De 10 a 14 años;Total;1 de enero de 2013;60
02 Albacete;02055 Nerpio;De 10 a 14 años;Total;1 de enero de 2012;68
02 Albacete;02055 Nerpio;De 10 a 14 años;Total;1 de enero de 2011;66
02 Albacete;02055 Nerpio;De 10 a 14 años;Total;1 de enero de 2010;67
02 Albacete;02055 Nerpio;De 65 a 69 años;Total;1 de enero de 2022;57
02 Albacete;02055 Nerpio;De 65 a 69 años;Total;1 de enero de 2021;53
02 Albacete;02055 Nerpio;De 65 a 69 años;Total;1 de enero de 2020;50
02 Albacete;02055 Nerpio;De 65 a 69 años;Total;1 de enero de 2019;51
02 Albacete;02055 Nerpio;De 65 a 69 años;Total;1 de enero de 2018;59
02 Albacete;02055 Nerpio;De 65 a 69 años;Total;1 de enero de 2017;61
02 Albacete;02055 Nerpio;De 65 a 69 años;Total;1 de enero de 2016;64
02 Albacete;02055 Nerpio;De 65 a 69 años;Total;1 de enero de 2015;65
02 Albacete;02055 Nerpio;De 65 a 69 años;Total;1 de enero de 2014;68
02 Albacete;02055 Nerpio;De 65 a 69 años;Total;1 de enero de 2013;66
02 Albacete;02055 Nerpio;De 65 a 69 años;Total;1 de enero de 2012;83
02 Albacete;02055 Nerpio;De 65 a 69 años;Total;1 de enero de 2011;93
02 Albacete;02055 Nerpio;De 65 a 69 años;Total;1 de enero de 2010;109
02 Albacete;02055 Nerpio;De 70 a 74 años;Total;1 de enero de 2022;61
02 Albacete;02055 Nerpio;De 70 a 74 años;Total;1 de enero de 2021;62
02 Albacete;02055 Nerpio;De 70 a 74 años;Total;1 de enero de 2020;59
02 Albacete;02055 Nerpio;De 70 a 74 años;Total;1 de enero de 2019;63
02 Albacete;02055 Nerpio;De 70 a 74 años;Total;1 de enero de 2018;55
02 Albacete;02055 Nerpio;De 70 a 74 años;Total;1 de enero de 2017;69
02 Albacete;02055 Nerpio;De 70 a 74 años;Total;1 de enero de 2016;80
02 Albacete;02055 Nerpio;De 70 a 74 años;Total;1 de enero de 2015;100
02 Albacete;02055 Nerpio;De 70 a 74 años;Total;1 de enero de 2014;98
02 Albacete;02055 Nerpio;De 70 a 74 años;Total;1 de enero de 2013;110
02 Albacete;02055 Nerpio;De 70 a 74 años;Total;1 de enero de 2012;112
02 Albacete;02055 Nerpio;De 70 a 74 años;Total;1 de enero de 2011;104
02 Albacete;02055 Nerpio;De 70 a 74 años;Total;1 de enero de 2010;100
02 Albacete;02055 Nerpio;De 75 a 79 años;Total;1 de enero de 2022;61
02 Albacete;02055 Nerpio;De 75 a 79 años;Total;1 de enero de 2021;67
02 Albacete;02055 Nerpio;De 75 a 79 años;Total;1 de enero de 2020;82
02 Albacete;02055 Nerpio;De 75 a 79 años;Total;1 de enero de 2019;77
02 Albacete;02055 Nerpio;De 75 a 79 años;Total;1 de enero de 2018;82
02 Albacete;02055 Nerpio;De 75 a 79 años;Total;1 de enero de 2017;79
02 Albacete;02055 Nerpio;De 75 a 79 años;Total;1 de enero de 2016;85
02 Albacete;02055 Nerpio;De 75 a 79 años;Total;1 de enero de 2015;83
02 Albacete;02055 Nerpio;De 75 a 79 años;Total;1 de enero de 2014;94
02 Albacete;02055 Nerpio;De 75 a 79 años;Total;1 de enero de 2013;116
02 Albacete;02055 Nerpio;De 75 a 79 años;Total;1 de enero de 2012;122
02 Albacete;02055 Nerpio;De 75 a 79 años;Total;1 de enero de 2011;129
02 Albacete;02055 Nerpio;De 75 a 79 años;Total;1 de enero de 2010;129
02 Albacete;02055 Nerpio;De 80 a 84 años;Total;1 de enero de 2022;63
02 Albacete;02055 Nerpio;De 80 a 84 años;Total;1 de enero de 2021;58
02 Albacete;02055 Nerpio;De 80 a 84 años;Total;1 de enero de 2020;51
02 Albacete;02055 Nerpio;De 80 a 84 años;Total;1 de enero de 2019;65
02 Albacete;02055 Nerpio;De 80 a 84 años;Total;1 de enero de 2018;82
02 Albacete;02055 Nerpio;De 80 a 84 años;Total;1 de enero de 2017;92
02 Albacete;02055 Nerpio;De 80 a 84 años;Total;1 de enero de 2016;101
02 Albacete;02055 Nerpio;De 80 a 84 años;Total;1 de enero de 2015;98
02 Albacete;02055 Nerpio;De 80 a 84 años;Total;1 de enero de 2014;96
02 Albacete;02055 Nerpio;De 80 a 84 años;Total;1 de enero de 2013;90
02 Albacete;02055 Nerpio;De 80 a 84 años;Total;1 de enero de 2012;89
02 Albacete;02055 Nerpio;De 80 a 84 años;Total;1 de enero de 2011;86
02 Albacete;02055 Nerpio;De 80 a 84 años;Total;1 de enero de 2010;88
02 Albacete;02055 Nerpio;De 85 a 89 años;Total;1 de enero de 2022;52
02 Albacete;02055 Nerpio;De 85 a 89 años;Total;1 de enero de 2021;58
02 Albacete;02055 Nerpio;De 85 a 89 años;Total;1 de enero de 2020;66
02 Albacete;02055 Nerpio;De 85 a 89 años;Total;1 de enero de 2019;66
02 Albacete;02055 Nerpio;De 85 a 89 años;Total;1 de enero de 2018;61
02 Albacete;02055 Nerpio;De 85 a 89 años;Total;1 de enero de 2017;59
02 Albacete;02055 Nerpio;De 85 a 89 años;Total;1 de enero de 2016;56
02 Albacete;02055 Nerpio;De 85 a 89 años;Total;1 de enero de 2015;51
02 Albacete;02055 Nerpio;De 85 a 89 años;Total;1 de enero de 2014;51
02 Albacete;02055 Nerpio;De 85 a 89 años;Total;1 de enero de 2013;48
02 Albacete;02055 Nerpio;De 85 a 89 años;Total;1 de enero de 2012;45
02 Albacete;02055 Nerpio;De 85 a 89 años;Total;1 de enero de 2011;49
02 Albacete;02055 Nerpio;De 85 a 89 años;Total;1 de enero de 2010;45
02 Albacete;02055 Nerpio;De 90 a 94 años;Total;1 de enero de 2022;28
02 Albacete;02055 Nerpio;De 90 a 94 años;Total;1 de enero de 2021;28
02 Albacete;02055 Nerpio;De 90 a 94 años;Total;1 de enero de 2020;24
02 Albacete;02055 Nerpio;De 90 a 94 años;Total;1 de enero de 2019;23
02 Albacete;02055 Nerpio;De 90 a 94 años;Total;1 de enero de 2018;22
02 Albacete;02055 Nerpio;De 90 a 94 años;Total;1 de enero de 2017;23
02 Albacete;02055 Nerpio;De 90 a 94 años;Total;1 de enero de 2016;21
02 Albacete;02055 Nerpio;De 90 a 94 años;Total;1 de enero de 2015;22
02 Albacete;02055 Nerpio;De 90 a 94 años;Total;1 de enero de 2014;20
02 Albacete;02055 Nerpio;De 90 a 94 años;Total;1 de enero de 2013;21
02 Albacete;02055 Nerpio;De 90 a 94 años;Total;1 de enero de 2012;23
02 Albacete;02055 Nerpio;De 90 a 94 años;Total;1 de enero de 2011;19
02 Albacete;02055 Nerpio;De 90 a 94 años;Total;1 de enero de 2010;20
02 Albacete;02055 Nerpio;De 95 a 99 años;Total;1 de enero de 2022;6
02 Albacete;02055 Nerpio;De 95 a 99 años;Total;1 de enero de 2021;7
02 Albacete;02055 Nerpio;De 95 a 99 años;Total;1 de enero de 2020;6
02 Albacete;02055 Nerpio;De 95 a 99 años;Total;1 de enero de 2019;5
02 Albacete;02055 Nerpio;De 95 a 99 años;Total;1 de enero de 2018;9
02 Albacete;02055 Nerpio;De 95 a 99 años;Total;1 de enero de 2017;8
02 Albacete;02055 Nerpio;De 95 a 99 años;Total;1 de enero de 2016;7
02 Albacete;02055 Nerpio;De 95 a 99 años;Total;1 de enero de 2015;7
02 Albacete;02055 Nerpio;De 95 a 99 años;Total;1 de enero de 2014;6
02 Albacete;02055 Nerpio;De 95 a 99 años;Total;1 de enero de 2013;2
02 Albacete;02055 Nerpio;De 95 a 99 años;Total;1 de enero de 2012;0
02 Albacete;02055 Nerpio;De 95 a 99 años;Total;1 de enero de 2011;3
02 Albacete;02055 Nerpio;De 95 a 99 años;Total;1 de enero de 2010;4
02 Albacete;02055 Nerpio;100 y más años;Total;1 de enero de 2022;3
02 Albacete;02055 Nerpio;100 y más años;Total;1 de enero de 2021;2
02 Albacete;02055 Nerpio;100 y más años;Total;1 de enero de 2020;2
02 Albacete;02055 Nerpio;100 y más años;Total;1 de enero de 2019;2
02 Albacete;02055 Nerpio;100 y más años;Total;1 de enero de 2018;2
02 Albacete;02055 Nerpio;100 y más años;Total;1 de enero de 2017;2
02 Albacete;02055 Nerpio;100 y más años;Total;1 de enero de 2016;2
02 Albacete;02055 Nerpio;100 y más años;Total;1 de enero de 2015;2
02 Albacete;02055 Nerpio;100 y más años;Total;1 de enero de 2014;2
02 Albacete;02055 Nerpio;100 y más años;Total;1 de enero de 2013;2
02 Albacete;02055 Nerpio;100 y más años;Total;1 de enero de 2012;2
02 Albacete;02055 Nerpio;100 y más años;Total;1 de enero de 2011;0
02 Albacete;02055 Nerpio;100 y más años;Total;1 de enero de 2010;1
02 Albacete;02056 Ontur;De 0 a 4 años;Total;1 de enero de 2022;62
02 Albacete;02056 Ontur;De 0 a 4 años;Total;1 de enero de 2021;67
02 Albacete;02056 Ontur;De 0 a 4 años;Total;1 de enero de 2020;68
02 Albacete;02056 Ontur;De 0 a 4 años;Total;1 de enero de 2019;73
02 Albacete;02056 Ontur;De 0 a 4 años;Total;1 de enero de 2018;73
02 Albacete;02056 Ontur;De 0 a 4 años;Total;1 de enero de 2017;71
02 Albacete;02056 Ontur;De 0 a 4 años;Total;1 de enero de 2016;72
02 Albacete;02056 Ontur;De 0 a 4 años;Total;1 de enero de 2015;69
02 Albacete;02056 Ontur;De 0 a 4 años;Total;1 de enero de 2014;74
02 Albacete;02056 Ontur;De 0 a 4 años;Total;1 de enero de 2013;84
02 Albacete;02056 Ontur;De 0 a 4 años;Total;1 de enero de 2012;94
02 Albacete;02056 Ontur;De 0 a 4 años;Total;1 de enero de 2011;86
02 Albacete;02056 Ontur;De 0 a 4 años;Total;1 de enero de 2010;83
02 Albacete;02056 Ontur;De 5 a 9 años;Total;1 de enero de 2022;67
02 Albacete;02056 Ontur;De 5 a 9 años;Total;1 de enero de 2021;68
02 Albacete;02056 Ontur;De 5 a 9 años;Total;1 de enero de 2020;68
02 Albacete;02056 Ontur;De 5 a 9 años;Total;1 de enero de 2019;72
02 Albacete;02056 Ontur;De 5 a 9 años;Total;1 de enero de 2018;80
02 Albacete;02056 Ontur;De 5 a 9 años;Total;1 de enero de 2017;91
02 Albacete;02056 Ontur;De 5 a 9 años;Total;1 de enero de 2016;88
02 Albacete;02056 Ontur;De 5 a 9 años;Total;1 de enero de 2015;87
02 Albacete;02056 Ontur;De 5 a 9 años;Total;1 de enero de 2014;91
02 Albacete;02056 Ontur;De 5 a 9 años;Total;1 de enero de 2013;101
02 Albacete;02056 Ontur;De 5 a 9 años;Total;1 de enero de 2012;89
02 Albacete;02056 Ontur;De 5 a 9 años;Total;1 de enero de 2011;94
02 Albacete;02056 Ontur;De 5 a 9 años;Total;1 de enero de 2010;91
02 Albacete;02056 Ontur;De 10 a 14 años;Total;1 de enero de 2022;90
02 Albacete;02056 Ontur;De 10 a 14 años;Total;1 de enero de 2021;81
02 Albacete;02056 Ontur;De 10 a 14 años;Total;1 de enero de 2020;82
02 Albacete;02056 Ontur;De 10 a 14 años;Total;1 de enero de 2019;87
02 Albacete;02056 Ontur;De 10 a 14 años;Total;1 de enero de 2018;93
02 Albacete;02056 Ontur;De 10 a 14 años;Total;1 de enero de 2017;85
02 Albacete;02056 Ontur;De 10 a 14 años;Total;1 de enero de 2016;87
02 Albacete;02056 Ontur;De 10 a 14 años;Total;1 de enero de 2015;92
02 Albacete;02056 Ontur;De 10 a 14 años;Total;1 de enero de 2014;87
02 Albacete;02056 Ontur;De 10 a 14 años;Total;1 de enero de 2013;89
02 Albacete;02056 Ontur;De 10 a 14 años;Total;1 de enero de 2012;88
02 Albacete;02056 Ontur;De 10 a 14 años;Total;1 de enero de 2011;96
02 Albacete;02056 Ontur;De 10 a 14 años;Total;1 de enero de 2010;105
02 Albacete;02056 Ontur;De 65 a 69 años;Total;1 de enero de 2022;122
02 Albacete;02056 Ontur;De 65 a 69 años;Total;1 de enero de 2021;130
02 Albacete;02056 Ontur;De 65 a 69 años;Total;1 de enero de 2020;131
02 Albacete;02056 Ontur;De 65 a 69 años;Total;1 de enero de 2019;117
02 Albacete;02056 Ontur;De 65 a 69 años;Total;1 de enero de 2018;125
02 Albacete;02056 Ontur;De 65 a 69 años;Total;1 de enero de 2017;129
02 Albacete;02056 Ontur;De 65 a 69 años;Total;1 de enero de 2016;126
02 Albacete;02056 Ontur;De 65 a 69 años;Total;1 de enero de 2015;126
02 Albacete;02056 Ontur;De 65 a 69 años;Total;1 de enero de 2014;126
02 Albacete;02056 Ontur;De 65 a 69 años;Total;1 de enero de 2013;128
02 Albacete;02056 Ontur;De 65 a 69 años;Total;1 de enero de 2012;128
02 Albacete;02056 Ontur;De 65 a 69 años;Total;1 de enero de 2011;131
02 Albacete;02056 Ontur;De 65 a 69 años;Total;1 de enero de 2010;135
02 Albacete;02056 Ontur;De 70 a 74 años;Total;1 de enero de 2022;119
02 Albacete;02056 Ontur;De 70 a 74 años;Total;1 de enero de 2021;113
02 Albacete;02056 Ontur;De 70 a 74 años;Total;1 de enero de 2020;118
02 Albacete;02056 Ontur;De 70 a 74 años;Total;1 de enero de 2019;116
02 Albacete;02056 Ontur;De 70 a 74 años;Total;1 de enero de 2018;115
02 Albacete;02056 Ontur;De 70 a 74 años;Total;1 de enero de 2017;111
02 Albacete;02056 Ontur;De 70 a 74 años;Total;1 de enero de 2016;118
02 Albacete;02056 Ontur;De 70 a 74 años;Total;1 de enero de 2015;124
02 Albacete;02056 Ontur;De 70 a 74 años;Total;1 de enero de 2014;128
02 Albacete;02056 Ontur;De 70 a 74 años;Total;1 de enero de 2013;112
02 Albacete;02056 Ontur;De 70 a 74 años;Total;1 de enero de 2012;116
02 Albacete;02056 Ontur;De 70 a 74 años;Total;1 de enero de 2011;119
02 Albacete;02056 Ontur;De 70 a 74 años;Total;1 de enero de 2010;114
02 Albacete;02056 Ontur;De 75 a 79 años;Total;1 de enero de 2022;102
02 Albacete;02056 Ontur;De 75 a 79 años;Total;1 de enero de 2021;109
02 Albacete;02056 Ontur;De 75 a 79 años;Total;1 de enero de 2020;112
02 Albacete;02056 Ontur;De 75 a 79 años;Total;1 de enero de 2019;116
02 Albacete;02056 Ontur;De 75 a 79 años;Total;1 de enero de 2018;101
02 Albacete;02056 Ontur;De 75 a 79 años;Total;1 de enero de 2017;108
02 Albacete;02056 Ontur;De 75 a 79 años;Total;1 de enero de 2016;111
02 Albacete;02056 Ontur;De 75 a 79 años;Total;1 de enero de 2015;103
02 Albacete;02056 Ontur;De 75 a 79 años;Total;1 de enero de 2014;109
02 Albacete;02056 Ontur;De 75 a 79 años;Total;1 de enero de 2013;126
02 Albacete;02056 Ontur;De 75 a 79 años;Total;1 de enero de 2012;122
02 Albacete;02056 Ontur;De 75 a 79 años;Total;1 de enero de 2011;120
02 Albacete;02056 Ontur;De 75 a 79 años;Total;1 de enero de 2010;133
02 Albacete;02056 Ontur;De 80 a 84 años;Total;1 de enero de 2022;91
02 Albacete;02056 Ontur;De 80 a 84 años;Total;1 de enero de 2021;93
02 Albacete;02056 Ontur;De 80 a 84 años;Total;1 de enero de 2020;86
02 Albacete;02056 Ontur;De 80 a 84 años;Total;1 de enero de 2019;89
02 Albacete;02056 Ontur;De 80 a 84 años;Total;1 de enero de 2018;101
02 Albacete;02056 Ontur;De 80 a 84 años;Total;1 de enero de 2017;98
02 Albacete;02056 Ontur;De 80 a 84 años;Total;1 de enero de 2016;101
02 Albacete;02056 Ontur;De 80 a 84 años;Total;1 de enero de 2015;105
02 Albacete;02056 Ontur;De 80 a 84 años;Total;1 de enero de 2014;103
02 Albacete;02056 Ontur;De 80 a 84 años;Total;1 de enero de 2013;103
02 Albacete;02056 Ontur;De 80 a 84 años;Total;1 de enero de 2012;103
02 Albacete;02056 Ontur;De 80 a 84 años;Total;1 de enero de 2011;106
02 Albacete;02056 Ontur;De 80 a 84 años;Total;1 de enero de 2010;96
02 Albacete;02056 Ontur;De 85 a 89 años;Total;1 de enero de 2022;57
02 Albacete;02056 Ontur;De 85 a 89 años;Total;1 de enero de 2021;61
02 Albacete;02056 Ontur;De 85 a 89 años;Total;1 de enero de 2020;66
02 Albacete;02056 Ontur;De 85 a 89 años;Total;1 de enero de 2019;65
02 Albacete;02056 Ontur;De 85 a 89 años;Total;1 de enero de 2018;62
02 Albacete;02056 Ontur;De 85 a 89 años;Total;1 de enero de 2017;64
02 Albacete;02056 Ontur;De 85 a 89 años;Total;1 de enero de 2016;70
02 Albacete;02056 Ontur;De 85 a 89 años;Total;1 de enero de 2015;60
02 Albacete;02056 Ontur;De 85 a 89 años;Total;1 de enero de 2014;54
02 Albacete;02056 Ontur;De 85 a 89 años;Total;1 de enero de 2013;57
02 Albacete;02056 Ontur;De 85 a 89 años;Total;1 de enero de 2012;59
02 Albacete;02056 Ontur;De 85 a 89 años;Total;1 de enero de 2011;69
02 Albacete;02056 Ontur;De 85 a 89 años;Total;1 de enero de 2010;66
02 Albacete;02056 Ontur;De 90 a 94 años;Total;1 de enero de 2022;34
02 Albacete;02056 Ontur;De 90 a 94 años;Total;1 de enero de 2021;38
02 Albacete;02056 Ontur;De 90 a 94 años;Total;1 de enero de 2020;30
02 Albacete;02056 Ontur;De 90 a 94 años;Total;1 de enero de 2019;25
02 Albacete;02056 Ontur;De 90 a 94 años;Total;1 de enero de 2018;24
02 Albacete;02056 Ontur;De 90 a 94 años;Total;1 de enero de 2017;28
02 Albacete;02056 Ontur;De 90 a 94 años;Total;1 de enero de 2016;29
02 Albacete;02056 Ontur;De 90 a 94 años;Total;1 de enero de 2015;29
02 Albacete;02056 Ontur;De 90 a 94 años;Total;1 de enero de 2014;36
02 Albacete;02056 Ontur;De 90 a 94 años;Total;1 de enero de 2013;34
02 Albacete;02056 Ontur;De 90 a 94 años;Total;1 de enero de 2012;31
02 Albacete;02056 Ontur;De 90 a 94 años;Total;1 de enero de 2011;23
02 Albacete;02056 Ontur;De 90 a 94 años;Total;1 de enero de 2010;23
02 Albacete;02056 Ontur;De 95 a 99 años;Total;1 de enero de 2022;5
02 Albacete;02056 Ontur;De 95 a 99 años;Total;1 de enero de 2021;1
02 Albacete;02056 Ontur;De 95 a 99 años;Total;1 de enero de 2020;4
02 Albacete;02056 Ontur;De 95 a 99 años;Total;1 de enero de 2019;7
02 Albacete;02056 Ontur;De 95 a 99 años;Total;1 de enero de 2018;11
02 Albacete;02056 Ontur;De 95 a 99 años;Total;1 de enero de 2017;14
02 Albacete;02056 Ontur;De 95 a 99 años;Total;1 de enero de 2016;16
02 Albacete;02056 Ontur;De 95 a 99 años;Total;1 de enero de 2015;13
02 Albacete;02056 Ontur;De 95 a 99 años;Total;1 de enero de 2014;6
02 Albacete;02056 Ontur;De 95 a 99 años;Total;1 de enero de 2013;3
02 Albacete;02056 Ontur;De 95 a 99 años;Total;1 de enero de 2012;5
02 Albacete;02056 Ontur;De 95 a 99 años;Total;1 de enero de 2011;6
02 Albacete;02056 Ontur;De 95 a 99 años;Total;1 de enero de 2010;7
02 Albacete;02056 Ontur;100 y más años;Total;1 de enero de 2022;0
02 Albacete;02056 Ontur;100 y más años;Total;1 de enero de 2021;1
02 Albacete;02056 Ontur;100 y más años;Total;1 de enero de 2020;3
02 Albacete;02056 Ontur;100 y más años;Total;1 de enero de 2019;2
02 Albacete;02056 Ontur;100 y más años;Total;1 de enero de 2018;1
02 Albacete;02056 Ontur;100 y más años;Total;1 de enero de 2017;1
02 Albacete;02056 Ontur;100 y más años;Total;1 de enero de 2016;0
02 Albacete;02056 Ontur;100 y más años;Total;1 de enero de 2015;0
02 Albacete;02056 Ontur;100 y más años;Total;1 de enero de 2014;0
02 Albacete;02056 Ontur;100 y más años;Total;1 de enero de 2013;1
02 Albacete;02056 Ontur;100 y más años;Total;1 de enero de 2012;0
02 Albacete;02056 Ontur;100 y más años;Total;1 de enero de 2011;0
02 Albacete;02056 Ontur;100 y más años;Total;1 de enero de 2010;0
02 Albacete;02057 Ossa de Montiel;De 0 a 4 años;Total;1 de enero de 2022;44
02 Albacete;02057 Ossa de Montiel;De 0 a 4 años;Total;1 de enero de 2021;53
02 Albacete;02057 Ossa de Montiel;De 0 a 4 años;Total;1 de enero de 2020;52
02 Albacete;02057 Ossa de Montiel;De 0 a 4 años;Total;1 de enero de 2019;76
02 Albacete;02057 Ossa de Montiel;De 0 a 4 años;Total;1 de enero de 2018;87
02 Albacete;02057 Ossa de Montiel;De 0 a 4 años;Total;1 de enero de 2017;97
02 Albacete;02057 Ossa de Montiel;De 0 a 4 años;Total;1 de enero de 2016;103
02 Albacete;02057 Ossa de Montiel;De 0 a 4 años;Total;1 de enero de 2015;117
02 Albacete;02057 Ossa de Montiel;De 0 a 4 años;Total;1 de enero de 2014;101
02 Albacete;02057 Ossa de Montiel;De 0 a 4 años;Total;1 de enero de 2013;93
02 Albacete;02057 Ossa de Montiel;De 0 a 4 años;Total;1 de enero de 2012;100
02 Albacete;02057 Ossa de Montiel;De 0 a 4 años;Total;1 de enero de 2011;88
02 Albacete;02057 Ossa de Montiel;De 0 a 4 años;Total;1 de enero de 2010;87
02 Albacete;02057 Ossa de Montiel;De 5 a 9 años;Total;1 de enero de 2022;95
02 Albacete;02057 Ossa de Montiel;De 5 a 9 años;Total;1 de enero de 2021;99
02 Albacete;02057 Ossa de Montiel;De 5 a 9 años;Total;1 de enero de 2020;106
02 Albacete;02057 Ossa de Montiel;De 5 a 9 años;Total;1 de enero de 2019;93
02 Albacete;02057 Ossa de Montiel;De 5 a 9 años;Total;1 de enero de 2018;91
02 Albacete;02057 Ossa de Montiel;De 5 a 9 años;Total;1 de enero de 2017;92
02 Albacete;02057 Ossa de Montiel;De 5 a 9 años;Total;1 de enero de 2016;87
02 Albacete;02057 Ossa de Montiel;De 5 a 9 años;Total;1 de enero de 2015;91
02 Albacete;02057 Ossa de Montiel;De 5 a 9 años;Total;1 de enero de 2014;96
02 Albacete;02057 Ossa de Montiel;De 5 a 9 años;Total;1 de enero de 2013;96
02 Albacete;02057 Ossa de Montiel;De 5 a 9 años;Total;1 de enero de 2012;90
02 Albacete;02057 Ossa de Montiel;De 5 a 9 años;Total;1 de enero de 2011;90
02 Albacete;02057 Ossa de Montiel;De 5 a 9 años;Total;1 de enero de 2010;89
02 Albacete;02057 Ossa de Montiel;De 10 a 14 años;Total;1 de enero de 2022;88
02 Albacete;02057 Ossa de Montiel;De 10 a 14 años;Total;1 de enero de 2021;83
02 Albacete;02057 Ossa de Montiel;De 10 a 14 años;Total;1 de enero de 2020;83
02 Albacete;02057 Ossa de Montiel;De 10 a 14 años;Total;1 de enero de 2019;91
02 Albacete;02057 Ossa de Montiel;De 10 a 14 años;Total;1 de enero de 2018;90
02 Albacete;02057 Ossa de Montiel;De 10 a 14 años;Total;1 de enero de 2017;88
02 Albacete;02057 Ossa de Montiel;De 10 a 14 años;Total;1 de enero de 2016;82
02 Albacete;02057 Ossa de Montiel;De 10 a 14 años;Total;1 de enero de 2015;87
02 Albacete;02057 Ossa de Montiel;De 10 a 14 años;Total;1 de enero de 2014;106
02 Albacete;02057 Ossa de Montiel;De 10 a 14 años;Total;1 de enero de 2013;109
02 Albacete;02057 Ossa de Montiel;De 10 a 14 años;Total;1 de enero de 2012;118
02 Albacete;02057 Ossa de Montiel;De 10 a 14 años;Total;1 de enero de 2011;122
02 Albacete;02057 Ossa de Montiel;De 10 a 14 años;Total;1 de enero de 2010;137
02 Albacete;02057 Ossa de Montiel;De 65 a 69 años;Total;1 de enero de 2022;119
02 Albacete;02057 Ossa de Montiel;De 65 a 69 años;Total;1 de enero de 2021;119
02 Albacete;02057 Ossa de Montiel;De 65 a 69 años;Total;1 de enero de 2020;119
02 Albacete;02057 Ossa de Montiel;De 65 a 69 años;Total;1 de enero de 2019;127
02 Albacete;02057 Ossa de Montiel;De 65 a 69 años;Total;1 de enero de 2018;134
02 Albacete;02057 Ossa de Montiel;De 65 a 69 años;Total;1 de enero de 2017;132
02 Albacete;02057 Ossa de Montiel;De 65 a 69 años;Total;1 de enero de 2016;125
02 Albacete;02057 Ossa de Montiel;De 65 a 69 años;Total;1 de enero de 2015;136
02 Albacete;02057 Ossa de Montiel;De 65 a 69 años;Total;1 de enero de 2014;137
02 Albacete;02057 Ossa de Montiel;De 65 a 69 años;Total;1 de enero de 2013;138
02 Albacete;02057 Ossa de Montiel;De 65 a 69 años;Total;1 de enero de 2012;143
02 Albacete;02057 Ossa de Montiel;De 65 a 69 años;Total;1 de enero de 2011;148
02 Albacete;02057 Ossa de Montiel;De 65 a 69 años;Total;1 de enero de 2010;157
02 Albacete;02057 Ossa de Montiel;De 70 a 74 años;Total;1 de enero de 2022;125
02 Albacete;02057 Ossa de Montiel;De 70 a 74 años;Total;1 de enero de 2021;116
02 Albacete;02057 Ossa de Montiel;De 70 a 74 años;Total;1 de enero de 2020;125
02 Albacete;02057 Ossa de Montiel;De 70 a 74 años;Total;1 de enero de 2019;129
02 Albacete;02057 Ossa de Montiel;De 70 a 74 años;Total;1 de enero de 2018;131
02 Albacete;02057 Ossa de Montiel;De 70 a 74 años;Total;1 de enero de 2017;135
02 Albacete;02057 Ossa de Montiel;De 70 a 74 años;Total;1 de enero de 2016;141
02 Albacete;02057 Ossa de Montiel;De 70 a 74 años;Total;1 de enero de 2015;148
02 Albacete;02057 Ossa de Montiel;De 70 a 74 años;Total;1 de enero de 2014;127
02 Albacete;02057 Ossa de Montiel;De 70 a 74 años;Total;1 de enero de 2013;121
02 Albacete;02057 Ossa de Montiel;De 70 a 74 años;Total;1 de enero de 2012;127
02 Albacete;02057 Ossa de Montiel;De 70 a 74 años;Total;1 de enero de 2011;130
02 Albacete;02057 Ossa de Montiel;De 70 a 74 años;Total;1 de enero de 2010;113
02 Albacete;02057 Ossa de Montiel;De 75 a 79 años;Total;1 de enero de 2022;112
02 Albacete;02057 Ossa de Montiel;De 75 a 79 años;Total;1 de enero de 2021;120
02 Albacete;02057 Ossa de Montiel;De 75 a 79 años;Total;1 de enero de 2020;131
02 Albacete;02057 Ossa de Montiel;De 75 a 79 años;Total;1 de enero de 2019;113
02 Albacete;02057 Ossa de Montiel;De 75 a 79 años;Total;1 de enero de 2018;111
02 Albacete;02057 Ossa de Montiel;De 75 a 79 años;Total;1 de enero de 2017;118
02 Albacete;02057 Ossa de Montiel;De 75 a 79 años;Total;1 de enero de 2016;117
02 Albacete;02057 Ossa de Montiel;De 75 a 79 años;Total;1 de enero de 2015;96
02 Albacete;02057 Ossa de Montiel;De 75 a 79 años;Total;1 de enero de 2014;113
02 Albacete;02057 Ossa de Montiel;De 75 a 79 años;Total;1 de enero de 2013;119
02 Albacete;02057 Ossa de Montiel;De 75 a 79 años;Total;1 de enero de 2012;129
02 Albacete;02057 Ossa de Montiel;De 75 a 79 años;Total;1 de enero de 2011;135
02 Albacete;02057 Ossa de Montiel;De 75 a 79 años;Total;1 de enero de 2010;137
02 Albacete;02057 Ossa de Montiel;De 80 a 84 años;Total;1 de enero de 2022;99
02 Albacete;02057 Ossa de Montiel;De 80 a 84 años;Total;1 de enero de 2021;104
02 Albacete;02057 Ossa de Montiel;De 80 a 84 años;Total;1 de enero de 2020;87
02 Albacete;02057 Ossa de Montiel;De 80 a 84 años;Total;1 de enero de 2019;100
02 Albacete;02057 Ossa de Montiel;De 80 a 84 años;Total;1 de enero de 2018;98
02 Albacete;02057 Ossa de Montiel;De 80 a 84 años;Total;1 de enero de 2017;100
02 Albacete;02057 Ossa de Montiel;De 80 a 84 años;Total;1 de enero de 2016;97
02 Albacete;02057 Ossa de Montiel;De 80 a 84 años;Total;1 de enero de 2015;104
02 Albacete;02057 Ossa de Montiel;De 80 a 84 años;Total;1 de enero de 2014;117
02 Albacete;02057 Ossa de Montiel;De 80 a 84 años;Total;1 de enero de 2013;117
02 Albacete;02057 Ossa de Montiel;De 80 a 84 años;Total;1 de enero de 2012;107
02 Albacete;02057 Ossa de Montiel;De 80 a 84 años;Total;1 de enero de 2011;92
02 Albacete;02057 Ossa de Montiel;De 80 a 84 años;Total;1 de enero de 2010;91
02 Albacete;02057 Ossa de Montiel;De 85 a 89 años;Total;1 de enero de 2022;67
02 Albacete;02057 Ossa de Montiel;De 85 a 89 años;Total;1 de enero de 2021;66
02 Albacete;02057 Ossa de Montiel;De 85 a 89 años;Total;1 de enero de 2020;73
02 Albacete;02057 Ossa de Montiel;De 85 a 89 años;Total;1 de enero de 2019;76
02 Albacete;02057 Ossa de Montiel;De 85 a 89 años;Total;1 de enero de 2018;76
02 Albacete;02057 Ossa de Montiel;De 85 a 89 años;Total;1 de enero de 2017;69
02 Albacete;02057 Ossa de Montiel;De 85 a 89 años;Total;1 de enero de 2016;62
02 Albacete;02057 Ossa de Montiel;De 85 a 89 años;Total;1 de enero de 2015;59
02 Albacete;02057 Ossa de Montiel;De 85 a 89 años;Total;1 de enero de 2014;53
02 Albacete;02057 Ossa de Montiel;De 85 a 89 años;Total;1 de enero de 2013;52
02 Albacete;02057 Ossa de Montiel;De 85 a 89 años;Total;1 de enero de 2012;54
02 Albacete;02057 Ossa de Montiel;De 85 a 89 años;Total;1 de enero de 2011;60
02 Albacete;02057 Ossa de Montiel;De 85 a 89 años;Total;1 de enero de 2010;58
02 Albacete;02057 Ossa de Montiel;De 90 a 94 años;Total;1 de enero de 2022;34
02 Albacete;02057 Ossa de Montiel;De 90 a 94 años;Total;1 de enero de 2021;31
02 Albacete;02057 Ossa de Montiel;De 90 a 94 años;Total;1 de enero de 2020;37
02 Albacete;02057 Ossa de Montiel;De 90 a 94 años;Total;1 de enero de 2019;30
02 Albacete;02057 Ossa de Montiel;De 90 a 94 años;Total;1 de enero de 2018;27
02 Albacete;02057 Ossa de Montiel;De 90 a 94 años;Total;1 de enero de 2017;30
02 Albacete;02057 Ossa de Montiel;De 90 a 94 años;Total;1 de enero de 2016;28
02 Albacete;02057 Ossa de Montiel;De 90 a 94 años;Total;1 de enero de 2015;28
02 Albacete;02057 Ossa de Montiel;De 90 a 94 años;Total;1 de enero de 2014;30
02 Albacete;02057 Ossa de Montiel;De 90 a 94 años;Total;1 de enero de 2013;26
02 Albacete;02057 Ossa de Montiel;De 90 a 94 años;Total;1 de enero de 2012;23
02 Albacete;02057 Ossa de Montiel;De 90 a 94 años;Total;1 de enero de 2011;19
02 Albacete;02057 Ossa de Montiel;De 90 a 94 años;Total;1 de enero de 2010;13
02 Albacete;02057 Ossa de Montiel;De 95 a 99 años;Total;1 de enero de 2022;6
02 Albacete;02057 Ossa de Montiel;De 95 a 99 años;Total;1 de enero de 2021;11
02 Albacete;02057 Ossa de Montiel;De 95 a 99 años;Total;1 de enero de 2020;7
02 Albacete;02057 Ossa de Montiel;De 95 a 99 años;Total;1 de enero de 2019;8
02 Albacete;02057 Ossa de Montiel;De 95 a 99 años;Total;1 de enero de 2018;9
02 Albacete;02057 Ossa de Montiel;De 95 a 99 años;Total;1 de enero de 2017;7
02 Albacete;02057 Ossa de Montiel;De 95 a 99 años;Total;1 de enero de 2016;6
02 Albacete;02057 Ossa de Montiel;De 95 a 99 años;Total;1 de enero de 2015;7
02 Albacete;02057 Ossa de Montiel;De 95 a 99 años;Total;1 de enero de 2014;5
02 Albacete;02057 Ossa de Montiel;De 95 a 99 años;Total;1 de enero de 2013;6
02 Albacete;02057 Ossa de Montiel;De 95 a 99 años;Total;1 de enero de 2012;4
02 Albacete;02057 Ossa de Montiel;De 95 a 99 años;Total;1 de enero de 2011;5
02 Albacete;02057 Ossa de Montiel;De 95 a 99 años;Total;1 de enero de 2010;4
02 Albacete;02057 Ossa de Montiel;100 y más años;Total;1 de enero de 2022;1
02 Albacete;02057 Ossa de Montiel;100 y más años;Total;1 de enero de 2021;1
02 Albacete;02057 Ossa de Montiel;100 y más años;Total;1 de enero de 2020;2
02 Albacete;02057 Ossa de Montiel;100 y más años;Total;1 de enero de 2019;1
02 Albacete;02057 Ossa de Montiel;100 y más años;Total;1 de enero de 2018;3
02 Albacete;02057 Ossa de Montiel;100 y más años;Total;1 de enero de 2017;1
02 Albacete;02057 Ossa de Montiel;100 y más años;Total;1 de enero de 2016;2
02 Albacete;02057 Ossa de Montiel;100 y más años;Total;1 de enero de 2015;1
02 Albacete;02057 Ossa de Montiel;100 y más años;Total;1 de enero de 2014;1
02 Albacete;02057 Ossa de Montiel;100 y más años;Total;1 de enero de 2013;1
02 Albacete;02057 Ossa de Montiel;100 y más años;Total;1 de enero de 2012;1
02 Albacete;02057 Ossa de Montiel;100 y más años;Total;1 de enero de 2011;0
02 Albacete;02057 Ossa de Montiel;100 y más años;Total;1 de enero de 2010;0
02 Albacete;02058 Paterna del Madera;De 0 a 4 años;Total;1 de enero de 2022;4
02 Albacete;02058 Paterna del Madera;De 0 a 4 años;Total;1 de enero de 2021;4
02 Albacete;02058 Paterna del Madera;De 0 a 4 años;Total;1 de enero de 2020;5
02 Albacete;02058 Paterna del Madera;De 0 a 4 años;Total;1 de enero de 2019;6
02 Albacete;02058 Paterna del Madera;De 0 a 4 años;Total;1 de enero de 2018;7
02 Albacete;02058 Paterna del Madera;De 0 a 4 años;Total;1 de enero de 2017;6
02 Albacete;02058 Paterna del Madera;De 0 a 4 años;Total;1 de enero de 2016;8
02 Albacete;02058 Paterna del Madera;De 0 a 4 años;Total;1 de enero de 2015;6
02 Albacete;02058 Paterna del Madera;De 0 a 4 años;Total;1 de enero de 2014;6
02 Albacete;02058 Paterna del Madera;De 0 a 4 años;Total;1 de enero de 2013;6
02 Albacete;02058 Paterna del Madera;De 0 a 4 años;Total;1 de enero de 2012;10
02 Albacete;02058 Paterna del Madera;De 0 a 4 años;Total;1 de enero de 2011;7
02 Albacete;02058 Paterna del Madera;De 0 a 4 años;Total;1 de enero de 2010;9
02 Albacete;02058 Paterna del Madera;De 5 a 9 años;Total;1 de enero de 2022;8
02 Albacete;02058 Paterna del Madera;De 5 a 9 años;Total;1 de enero de 2021;8
02 Albacete;02058 Paterna del Madera;De 5 a 9 años;Total;1 de enero de 2020;6
02 Albacete;02058 Paterna del Madera;De 5 a 9 años;Total;1 de enero de 2019;6
02 Albacete;02058 Paterna del Madera;De 5 a 9 años;Total;1 de enero de 2018;5
02 Albacete;02058 Paterna del Madera;De 5 a 9 años;Total;1 de enero de 2017;7
02 Albacete;02058 Paterna del Madera;De 5 a 9 años;Total;1 de enero de 2016;9
02 Albacete;02058 Paterna del Madera;De 5 a 9 años;Total;1 de enero de 2015;9
02 Albacete;02058 Paterna del Madera;De 5 a 9 años;Total;1 de enero de 2014;10
02 Albacete;02058 Paterna del Madera;De 5 a 9 años;Total;1 de enero de 2013;9
02 Albacete;02058 Paterna del Madera;De 5 a 9 años;Total;1 de enero de 2012;10
02 Albacete;02058 Paterna del Madera;De 5 a 9 años;Total;1 de enero de 2011;9
02 Albacete;02058 Paterna del Madera;De 5 a 9 años;Total;1 de enero de 2010;12
02 Albacete;02058 Paterna del Madera;De 10 a 14 años;Total;1 de enero de 2022;8
02 Albacete;02058 Paterna del Madera;De 10 a 14 años;Total;1 de enero de 2021;8
02 Albacete;02058 Paterna del Madera;De 10 a 14 años;Total;1 de enero de 2020;8
02 Albacete;02058 Paterna del Madera;De 10 a 14 años;Total;1 de enero de 2019;10
02 Albacete;02058 Paterna del Madera;De 10 a 14 años;Total;1 de enero de 2018;9
02 Albacete;02058 Paterna del Madera;De 10 a 14 años;Total;1 de enero de 2017;9
02 Albacete;02058 Paterna del Madera;De 10 a 14 años;Total;1 de enero de 2016;8
02 Albacete;02058 Paterna del Madera;De 10 a 14 años;Total;1 de enero de 2015;8
02 Albacete;02058 Paterna del Madera;De 10 a 14 años;Total;1 de enero de 2014;6
02 Albacete;02058 Paterna del Madera;De 10 a 14 años;Total;1 de enero de 2013;6
02 Albacete;02058 Paterna del Madera;De 10 a 14 años;Total;1 de enero de 2012;10
02 Albacete;02058 Paterna del Madera;De 10 a 14 años;Total;1 de enero de 2011;11
02 Albacete;02058 Paterna del Madera;De 10 a 14 años;Total;1 de enero de 2010;9
02 Albacete;02058 Paterna del Madera;De 65 a 69 años;Total;1 de enero de 2022;31
02 Albacete;02058 Paterna del Madera;De 65 a 69 años;Total;1 de enero de 2021;27
02 Albacete;02058 Paterna del Madera;De 65 a 69 años;Total;1 de enero de 2020;21
02 Albacete;02058 Paterna del Madera;De 65 a 69 años;Total;1 de enero de 2019;24
02 Albacete;02058 Paterna del Madera;De 65 a 69 años;Total;1 de enero de 2018;28
02 Albacete;02058 Paterna del Madera;De 65 a 69 años;Total;1 de enero de 2017;27
02 Albacete;02058 Paterna del Madera;De 65 a 69 años;Total;1 de enero de 2016;27
02 Albacete;02058 Paterna del Madera;De 65 a 69 años;Total;1 de enero de 2015;30
02 Albacete;02058 Paterna del Madera;De 65 a 69 años;Total;1 de enero de 2014;27
02 Albacete;02058 Paterna del Madera;De 65 a 69 años;Total;1 de enero de 2013;25
02 Albacete;02058 Paterna del Madera;De 65 a 69 años;Total;1 de enero de 2012;23
02 Albacete;02058 Paterna del Madera;De 65 a 69 años;Total;1 de enero de 2011;21
02 Albacete;02058 Paterna del Madera;De 65 a 69 años;Total;1 de enero de 2010;20
02 Albacete;02058 Paterna del Madera;De 70 a 74 años;Total;1 de enero de 2022;22
02 Albacete;02058 Paterna del Madera;De 70 a 74 años;Total;1 de enero de 2021;21
02 Albacete;02058 Paterna del Madera;De 70 a 74 años;Total;1 de enero de 2020;28
02 Albacete;02058 Paterna del Madera;De 70 a 74 años;Total;1 de enero de 2019;25
02 Albacete;02058 Paterna del Madera;De 70 a 74 años;Total;1 de enero de 2018;22
02 Albacete;02058 Paterna del Madera;De 70 a 74 años;Total;1 de enero de 2017;18
02 Albacete;02058 Paterna del Madera;De 70 a 74 años;Total;1 de enero de 2016;18
02 Albacete;02058 Paterna del Madera;De 70 a 74 años;Total;1 de enero de 2015;16
02 Albacete;02058 Paterna del Madera;De 70 a 74 años;Total;1 de enero de 2014;18
02 Albacete;02058 Paterna del Madera;De 70 a 74 años;Total;1 de enero de 2013;22
02 Albacete;02058 Paterna del Madera;De 70 a 74 años;Total;1 de enero de 2012;29
02 Albacete;02058 Paterna del Madera;De 70 a 74 años;Total;1 de enero de 2011;35
02 Albacete;02058 Paterna del Madera;De 70 a 74 años;Total;1 de enero de 2010;38
02 Albacete;02058 Paterna del Madera;De 75 a 79 años;Total;1 de enero de 2022;18
02 Albacete;02058 Paterna del Madera;De 75 a 79 años;Total;1 de enero de 2021;14
02 Albacete;02058 Paterna del Madera;De 75 a 79 años;Total;1 de enero de 2020;11
02 Albacete;02058 Paterna del Madera;De 75 a 79 años;Total;1 de enero de 2019;14
02 Albacete;02058 Paterna del Madera;De 75 a 79 años;Total;1 de enero de 2018;14
02 Albacete;02058 Paterna del Madera;De 75 a 79 años;Total;1 de enero de 2017;22
02 Albacete;02058 Paterna del Madera;De 75 a 79 años;Total;1 de enero de 2016;29
02 Albacete;02058 Paterna del Madera;De 75 a 79 años;Total;1 de enero de 2015;29
02 Albacete;02058 Paterna del Madera;De 75 a 79 años;Total;1 de enero de 2014;36
02 Albacete;02058 Paterna del Madera;De 75 a 79 años;Total;1 de enero de 2013;39
02 Albacete;02058 Paterna del Madera;De 75 a 79 años;Total;1 de enero de 2012;39
02 Albacete;02058 Paterna del Madera;De 75 a 79 años;Total;1 de enero de 2011;45
02 Albacete;02058 Paterna del Madera;De 75 a 79 años;Total;1 de enero de 2010;44
02 Albacete;02058 Paterna del Madera;De 80 a 84 años;Total;1 de enero de 2022;13
02 Albacete;02058 Paterna del Madera;De 80 a 84 años;Total;1 de enero de 2021;16
02 Albacete;02058 Paterna del Madera;De 80 a 84 años;Total;1 de enero de 2020;20
02 Albacete;02058 Paterna del Madera;De 80 a 84 años;Total;1 de enero de 2019;27
02 Albacete;02058 Paterna del Madera;De 80 a 84 años;Total;1 de enero de 2018;29
02 Albacete;02058 Paterna del Madera;De 80 a 84 años;Total;1 de enero de 2017;30
02 Albacete;02058 Paterna del Madera;De 80 a 84 años;Total;1 de enero de 2016;31
02 Albacete;02058 Paterna del Madera;De 80 a 84 años;Total;1 de enero de 2015;34
02 Albacete;02058 Paterna del Madera;De 80 a 84 años;Total;1 de enero de 2014;35
02 Albacete;02058 Paterna del Madera;De 80 a 84 años;Total;1 de enero de 2013;41
02 Albacete;02058 Paterna del Madera;De 80 a 84 años;Total;1 de enero de 2012;38
02 Albacete;02058 Paterna del Madera;De 80 a 84 años;Total;1 de enero de 2011;32
02 Albacete;02058 Paterna del Madera;De 80 a 84 años;Total;1 de enero de 2010;36
02 Albacete;02058 Paterna del Madera;De 85 a 89 años;Total;1 de enero de 2022;23
02 Albacete;02058 Paterna del Madera;De 85 a 89 años;Total;1 de enero de 2021;20
02 Albacete;02058 Paterna del Madera;De 85 a 89 años;Total;1 de enero de 2020;19
02 Albacete;02058 Paterna del Madera;De 85 a 89 años;Total;1 de enero de 2019;24
02 Albacete;02058 Paterna del Madera;De 85 a 89 años;Total;1 de enero de 2018;27
02 Albacete;02058 Paterna del Madera;De 85 a 89 años;Total;1 de enero de 2017;25
02 Albacete;02058 Paterna del Madera;De 85 a 89 años;Total;1 de enero de 2016;24
02 Albacete;02058 Paterna del Madera;De 85 a 89 años;Total;1 de enero de 2015;27
02 Albacete;02058 Paterna del Madera;De 85 a 89 años;Total;1 de enero de 2014;22
02 Albacete;02058 Paterna del Madera;De 85 a 89 años;Total;1 de enero de 2013;14
02 Albacete;02058 Paterna del Madera;De 85 a 89 años;Total;1 de enero de 2012;15
02 Albacete;02058 Paterna del Madera;De 85 a 89 años;Total;1 de enero de 2011;15
02 Albacete;02058 Paterna del Madera;De 85 a 89 años;Total;1 de enero de 2010;12
02 Albacete;02058 Paterna del Madera;De 90 a 94 años;Total;1 de enero de 2022;10
02 Albacete;02058 Paterna del Madera;De 90 a 94 años;Total;1 de enero de 2021;11
02 Albacete;02058 Paterna del Madera;De 90 a 94 años;Total;1 de enero de 2020;13
02 Albacete;02058 Paterna del Madera;De 90 a 94 años;Total;1 de enero de 2019;9
02 Albacete;02058 Paterna del Madera;De 90 a 94 años;Total;1 de enero de 2018;5
02 Albacete;02058 Paterna del Madera;De 90 a 94 años;Total;1 de enero de 2017;4
02 Albacete;02058 Paterna del Madera;De 90 a 94 años;Total;1 de enero de 2016;6
02 Albacete;02058 Paterna del Madera;De 90 a 94 años;Total;1 de enero de 2015;7
02 Albacete;02058 Paterna del Madera;De 90 a 94 años;Total;1 de enero de 2014;9
02 Albacete;02058 Paterna del Madera;De 90 a 94 años;Total;1 de enero de 2013;8
02 Albacete;02058 Paterna del Madera;De 90 a 94 años;Total;1 de enero de 2012;7
02 Albacete;02058 Paterna del Madera;De 90 a 94 años;Total;1 de enero de 2011;5
02 Albacete;02058 Paterna del Madera;De 90 a 94 años;Total;1 de enero de 2010;4
02 Albacete;02058 Paterna del Madera;De 95 a 99 años;Total;1 de enero de 2022;2
02 Albacete;02058 Paterna del Madera;De 95 a 99 años;Total;1 de enero de 2021;2
02 Albacete;02058 Paterna del Madera;De 95 a 99 años;Total;1 de enero de 2020;3
02 Albacete;02058 Paterna del Madera;De 95 a 99 años;Total;1 de enero de 2019;3
02 Albacete;02058 Paterna del Madera;De 95 a 99 años;Total;1 de enero de 2018;3
02 Albacete;02058 Paterna del Madera;De 95 a 99 años;Total;1 de enero de 2017;3
02 Albacete;02058 Paterna del Madera;De 95 a 99 años;Total;1 de enero de 2016;2
02 Albacete;02058 Paterna del Madera;De 95 a 99 años;Total;1 de enero de 2015;1
02 Albacete;02058 Paterna del Madera;De 95 a 99 años;Total;1 de enero de 2014;1
02 Albacete;02058 Paterna del Madera;De 95 a 99 años;Total;1 de enero de 2013;0
02 Albacete;02058 Paterna del Madera;De 95 a 99 años;Total;1 de enero de 2012;1
02 Albacete;02058 Paterna del Madera;De 95 a 99 años;Total;1 de enero de 2011;0
02 Albacete;02058 Paterna del Madera;De 95 a 99 años;Total;1 de enero de 2010;1
02 Albacete;02058 Paterna del Madera;100 y más años;Total;1 de enero de 2022;0
02 Albacete;02058 Paterna del Madera;100 y más años;Total;1 de enero de 2021;0
02 Albacete;02058 Paterna del Madera;100 y más años;Total;1 de enero de 2020;0
02 Albacete;02058 Paterna del Madera;100 y más años;Total;1 de enero de 2019;0
02 Albacete;02058 Paterna del Madera;100 y más años;Total;1 de enero de 2018;0
02 Albacete;02058 Paterna del Madera;100 y más años;Total;1 de enero de 2017;0
02 Albacete;02058 Paterna del Madera;100 y más años;Total;1 de enero de 2016;0
02 Albacete;02058 Paterna del Madera;100 y más años;Total;1 de enero de 2015;0
02 Albacete;02058 Paterna del Madera;100 y más años;Total;1 de enero de 2014;0
02 Albacete;02058 Paterna del Madera;100 y más años;Total;1 de enero de 2013;0
02 Albacete;02058 Paterna del Madera;100 y más años;Total;1 de enero de 2012;0
02 Albacete;02058 Paterna del Madera;100 y más años;Total;1 de enero de 2011;0
02 Albacete;02058 Paterna del Madera;100 y más años;Total;1 de enero de 2010;0
02 Albacete;02060 Peñas de San Pedro;De 0 a 4 años;Total;1 de enero de 2022;19
02 Albacete;02060 Peñas de San Pedro;De 0 a 4 años;Total;1 de enero de 2021;23
02 Albacete;02060 Peñas de San Pedro;De 0 a 4 años;Total;1 de enero de 2020;27
02 Albacete;02060 Peñas de San Pedro;De 0 a 4 años;Total;1 de enero de 2019;29
02 Albacete;02060 Peñas de San Pedro;De 0 a 4 años;Total;1 de enero de 2018;29
02 Albacete;02060 Peñas de San Pedro;De 0 a 4 años;Total;1 de enero de 2017;34
02 Albacete;02060 Peñas de San Pedro;De 0 a 4 años;Total;1 de enero de 2016;33
02 Albacete;02060 Peñas de San Pedro;De 0 a 4 años;Total;1 de enero de 2015;27
02 Albacete;02060 Peñas de San Pedro;De 0 a 4 años;Total;1 de enero de 2014;19
02 Albacete;02060 Peñas de San Pedro;De 0 a 4 años;Total;1 de enero de 2013;17
02 Albacete;02060 Peñas de San Pedro;De 0 a 4 años;Total;1 de enero de 2012;16
02 Albacete;02060 Peñas de San Pedro;De 0 a 4 años;Total;1 de enero de 2011;16
02 Albacete;02060 Peñas de San Pedro;De 0 a 4 años;Total;1 de enero de 2010;20
02 Albacete;02060 Peñas de San Pedro;De 5 a 9 años;Total;1 de enero de 2022;37
02 Albacete;02060 Peñas de San Pedro;De 5 a 9 años;Total;1 de enero de 2021;36
02 Albacete;02060 Peñas de San Pedro;De 5 a 9 años;Total;1 de enero de 2020;25
02 Albacete;02060 Peñas de San Pedro;De 5 a 9 años;Total;1 de enero de 2019;23
02 Albacete;02060 Peñas de San Pedro;De 5 a 9 años;Total;1 de enero de 2018;27
02 Albacete;02060 Peñas de San Pedro;De 5 a 9 años;Total;1 de enero de 2017;23
02 Albacete;02060 Peñas de San Pedro;De 5 a 9 años;Total;1 de enero de 2016;25
02 Albacete;02060 Peñas de San Pedro;De 5 a 9 años;Total;1 de enero de 2015;27
02 Albacete;02060 Peñas de San Pedro;De 5 a 9 años;Total;1 de enero de 2014;31
02 Albacete;02060 Peñas de San Pedro;De 5 a 9 años;Total;1 de enero de 2013;27
02 Albacete;02060 Peñas de San Pedro;De 5 a 9 años;Total;1 de enero de 2012;28
02 Albacete;02060 Peñas de San Pedro;De 5 a 9 años;Total;1 de enero de 2011;33
02 Albacete;02060 Peñas de San Pedro;De 5 a 9 años;Total;1 de enero de 2010;31
02 Albacete;02060 Peñas de San Pedro;De 10 a 14 años;Total;1 de enero de 2022;31
02 Albacete;02060 Peñas de San Pedro;De 10 a 14 años;Total;1 de enero de 2021;25
02 Albacete;02060 Peñas de San Pedro;De 10 a 14 años;Total;1 de enero de 2020;29
02 Albacete;02060 Peñas de San Pedro;De 10 a 14 años;Total;1 de enero de 2019;33
02 Albacete;02060 Peñas de San Pedro;De 10 a 14 años;Total;1 de enero de 2018;35
02 Albacete;02060 Peñas de San Pedro;De 10 a 14 años;Total;1 de enero de 2017;39
02 Albacete;02060 Peñas de San Pedro;De 10 a 14 años;Total;1 de enero de 2016;38
02 Albacete;02060 Peñas de San Pedro;De 10 a 14 años;Total;1 de enero de 2015;33
02 Albacete;02060 Peñas de San Pedro;De 10 a 14 años;Total;1 de enero de 2014;26
02 Albacete;02060 Peñas de San Pedro;De 10 a 14 años;Total;1 de enero de 2013;29
02 Albacete;02060 Peñas de San Pedro;De 10 a 14 años;Total;1 de enero de 2012;26
02 Albacete;02060 Peñas de San Pedro;De 10 a 14 años;Total;1 de enero de 2011;29
02 Albacete;02060 Peñas de San Pedro;De 10 a 14 años;Total;1 de enero de 2010;34
02 Albacete;02060 Peñas de San Pedro;De 65 a 69 años;Total;1 de enero de 2022;89
02 Albacete;02060 Peñas de San Pedro;De 65 a 69 años;Total;1 de enero de 2021;84
02 Albacete;02060 Peñas de San Pedro;De 65 a 69 años;Total;1 de enero de 2020;87
02 Albacete;02060 Peñas de San Pedro;De 65 a 69 años;Total;1 de enero de 2019;95
02 Albacete;02060 Peñas de San Pedro;De 65 a 69 años;Total;1 de enero de 2018;93
02 Albacete;02060 Peñas de San Pedro;De 65 a 69 años;Total;1 de enero de 2017;101
02 Albacete;02060 Peñas de San Pedro;De 65 a 69 años;Total;1 de enero de 2016;98
02 Albacete;02060 Peñas de San Pedro;De 65 a 69 años;Total;1 de enero de 2015;94
02 Albacete;02060 Peñas de San Pedro;De 65 a 69 años;Total;1 de enero de 2014;90
02 Albacete;02060 Peñas de San Pedro;De 65 a 69 años;Total;1 de enero de 2013;97
02 Albacete;02060 Peñas de San Pedro;De 65 a 69 años;Total;1 de enero de 2012;90
02 Albacete;02060 Peñas de San Pedro;De 65 a 69 años;Total;1 de enero de 2011;93
02 Albacete;02060 Peñas de San Pedro;De 65 a 69 años;Total;1 de enero de 2010;114
02 Albacete;02060 Peñas de San Pedro;De 70 a 74 años;Total;1 de enero de 2022;94
02 Albacete;02060 Peñas de San Pedro;De 70 a 74 años;Total;1 de enero de 2021;91
02 Albacete;02060 Peñas de San Pedro;De 70 a 74 años;Total;1 de enero de 2020;85
02 Albacete;02060 Peñas de San Pedro;De 70 a 74 años;Total;1 de enero de 2019;85
02 Albacete;02060 Peñas de San Pedro;De 70 a 74 años;Total;1 de enero de 2018;91
02 Albacete;02060 Peñas de San Pedro;De 70 a 74 años;Total;1 de enero de 2017;80
02 Albacete;02060 Peñas de San Pedro;De 70 a 74 años;Total;1 de enero de 2016;88
02 Albacete;02060 Peñas de San Pedro;De 70 a 74 años;Total;1 de enero de 2015;112
02 Albacete;02060 Peñas de San Pedro;De 70 a 74 años;Total;1 de enero de 2014;107
02 Albacete;02060 Peñas de San Pedro;De 70 a 74 años;Total;1 de enero de 2013;98
02 Albacete;02060 Peñas de San Pedro;De 70 a 74 años;Total;1 de enero de 2012;104
02 Albacete;02060 Peñas de San Pedro;De 70 a 74 años;Total;1 de enero de 2011;108
02 Albacete;02060 Peñas de San Pedro;De 70 a 74 años;Total;1 de enero de 2010;89
02 Albacete;02060 Peñas de San Pedro;De 75 a 79 años;Total;1 de enero de 2022;70
02 Albacete;02060 Peñas de San Pedro;De 75 a 79 años;Total;1 de enero de 2021;78
02 Albacete;02060 Peñas de San Pedro;De 75 a 79 años;Total;1 de enero de 2020;97
02 Albacete;02060 Peñas de San Pedro;De 75 a 79 años;Total;1 de enero de 2019;95
02 Albacete;02060 Peñas de San Pedro;De 75 a 79 años;Total;1 de enero de 2018;88
02 Albacete;02060 Peñas de San Pedro;De 75 a 79 años;Total;1 de enero de 2017;92
02 Albacete;02060 Peñas de San Pedro;De 75 a 79 años;Total;1 de enero de 2016;97
02 Albacete;02060 Peñas de San Pedro;De 75 a 79 años;Total;1 de enero de 2015;74
02 Albacete;02060 Peñas de San Pedro;De 75 a 79 años;Total;1 de enero de 2014;84
02 Albacete;02060 Peñas de San Pedro;De 75 a 79 años;Total;1 de enero de 2013;94
02 Albacete;02060 Peñas de San Pedro;De 75 a 79 años;Total;1 de enero de 2012;89
02 Albacete;02060 Peñas de San Pedro;De 75 a 79 años;Total;1 de enero de 2011;82
02 Albacete;02060 Peñas de San Pedro;De 75 a 79 años;Total;1 de enero de 2010;77
02 Albacete;02060 Peñas de San Pedro;De 80 a 84 años;Total;1 de enero de 2022;69
02 Albacete;02060 Peñas de San Pedro;De 80 a 84 años;Total;1 de enero de 2021;78
02 Albacete;02060 Peñas de San Pedro;De 80 a 84 años;Total;1 de enero de 2020;61
02 Albacete;02060 Peñas de San Pedro;De 80 a 84 años;Total;1 de enero de 2019;67
02 Albacete;02060 Peñas de San Pedro;De 80 a 84 años;Total;1 de enero de 2018;72
02 Albacete;02060 Peñas de San Pedro;De 80 a 84 años;Total;1 de enero de 2017;72
02 Albacete;02060 Peñas de San Pedro;De 80 a 84 años;Total;1 de enero de 2016;67
02 Albacete;02060 Peñas de San Pedro;De 80 a 84 años;Total;1 de enero de 2015;64
02 Albacete;02060 Peñas de San Pedro;De 80 a 84 años;Total;1 de enero de 2014;70
02 Albacete;02060 Peñas de San Pedro;De 80 a 84 años;Total;1 de enero de 2013;66
02 Albacete;02060 Peñas de San Pedro;De 80 a 84 años;Total;1 de enero de 2012;66
02 Albacete;02060 Peñas de San Pedro;De 80 a 84 años;Total;1 de enero de 2011;66
02 Albacete;02060 Peñas de San Pedro;De 80 a 84 años;Total;1 de enero de 2010;63
02 Albacete;02060 Peñas de San Pedro;De 85 a 89 años;Total;1 de enero de 2022;48
02 Albacete;02060 Peñas de San Pedro;De 85 a 89 años;Total;1 de enero de 2021;44
02 Albacete;02060 Peñas de San Pedro;De 85 a 89 años;Total;1 de enero de 2020;43
02 Albacete;02060 Peñas de San Pedro;De 85 a 89 años;Total;1 de enero de 2019;43
02 Albacete;02060 Peñas de San Pedro;De 85 a 89 años;Total;1 de enero de 2018;35
02 Albacete;02060 Peñas de San Pedro;De 85 a 89 años;Total;1 de enero de 2017;33
02 Albacete;02060 Peñas de San Pedro;De 85 a 89 años;Total;1 de enero de 2016;40
02 Albacete;02060 Peñas de San Pedro;De 85 a 89 años;Total;1 de enero de 2015;41
02 Albacete;02060 Peñas de San Pedro;De 85 a 89 años;Total;1 de enero de 2014;35
02 Albacete;02060 Peñas de San Pedro;De 85 a 89 años;Total;1 de enero de 2013;37
02 Albacete;02060 Peñas de San Pedro;De 85 a 89 años;Total;1 de enero de 2012;36
02 Albacete;02060 Peñas de San Pedro;De 85 a 89 años;Total;1 de enero de 2011;29
02 Albacete;02060 Peñas de San Pedro;De 85 a 89 años;Total;1 de enero de 2010;33
02 Albacete;02060 Peñas de San Pedro;De 90 a 94 años;Total;1 de enero de 2022;12
02 Albacete;02060 Peñas de San Pedro;De 90 a 94 años;Total;1 de enero de 2021;14
02 Albacete;02060 Peñas de San Pedro;De 90 a 94 años;Total;1 de enero de 2020;18
02 Albacete;02060 Peñas de San Pedro;De 90 a 94 años;Total;1 de enero de 2019;13
02 Albacete;02060 Peñas de San Pedro;De 90 a 94 años;Total;1 de enero de 2018;14
02 Albacete;02060 Peñas de San Pedro;De 90 a 94 años;Total;1 de enero de 2017;14
02 Albacete;02060 Peñas de San Pedro;De 90 a 94 años;Total;1 de enero de 2016;11
02 Albacete;02060 Peñas de San Pedro;De 90 a 94 años;Total;1 de enero de 2015;14
02 Albacete;02060 Peñas de San Pedro;De 90 a 94 años;Total;1 de enero de 2014;14
02 Albacete;02060 Peñas de San Pedro;De 90 a 94 años;Total;1 de enero de 2013;14
02 Albacete;02060 Peñas de San Pedro;De 90 a 94 años;Total;1 de enero de 2012;13
02 Albacete;02060 Peñas de San Pedro;De 90 a 94 años;Total;1 de enero de 2011;16
02 Albacete;02060 Peñas de San Pedro;De 90 a 94 años;Total;1 de enero de 2010;10
02 Albacete;02060 Peñas de San Pedro;De 95 a 99 años;Total;1 de enero de 2022;4
02 Albacete;02060 Peñas de San Pedro;De 95 a 99 años;Total;1 de enero de 2021;1
02 Albacete;02060 Peñas de San Pedro;De 95 a 99 años;Total;1 de enero de 2020;2
02 Albacete;02060 Peñas de San Pedro;De 95 a 99 años;Total;1 de enero de 2019;2
02 Albacete;02060 Peñas de San Pedro;De 95 a 99 años;Total;1 de enero de 2018;3
02 Albacete;02060 Peñas de San Pedro;De 95 a 99 años;Total;1 de enero de 2017;2
02 Albacete;02060 Peñas de San Pedro;De 95 a 99 años;Total;1 de enero de 2016;4
02 Albacete;02060 Peñas de San Pedro;De 95 a 99 años;Total;1 de enero de 2015;2
02 Albacete;02060 Peñas de San Pedro;De 95 a 99 años;Total;1 de enero de 2014;4
02 Albacete;02060 Peñas de San Pedro;De 95 a 99 años;Total;1 de enero de 2013;4
02 Albacete;02060 Peñas de San Pedro;De 95 a 99 años;Total;1 de enero de 2012;3
02 Albacete;02060 Peñas de San Pedro;De 95 a 99 años;Total;1 de enero de 2011;2
02 Albacete;02060 Peñas de San Pedro;De 95 a 99 años;Total;1 de enero de 2010;2
02 Albacete;02060 Peñas de San Pedro;100 y más años;Total;1 de enero de 2022;1
02 Albacete;02060 Peñas de San Pedro;100 y más años;Total;1 de enero de 2021;1
02 Albacete;02060 Peñas de San Pedro;100 y más años;Total;1 de enero de 2020;1
02 Albacete;02060 Peñas de San Pedro;100 y más años;Total;1 de enero de 2019;2
02 Albacete;02060 Peñas de San Pedro;100 y más años;Total;1 de enero de 2018;2
02 Albacete;02060 Peñas de San Pedro;100 y más años;Total;1 de enero de 2017;2
02 Albacete;02060 Peñas de San Pedro;100 y más años;Total;1 de enero de 2016;2
02 Albacete;02060 Peñas de San Pedro;100 y más años;Total;1 de enero de 2015;2
02 Albacete;02060 Peñas de San Pedro;100 y más años;Total;1 de enero de 2014;1
02 Albacete;02060 Peñas de San Pedro;100 y más años;Total;1 de enero de 2013;1
02 Albacete;02060 Peñas de San Pedro;100 y más años;Total;1 de enero de 2012;0
02 Albacete;02060 Peñas de San Pedro;100 y más años;Total;1 de enero de 2011;0
02 Albacete;02060 Peñas de San Pedro;100 y más años;Total;1 de enero de 2010;0
02 Albacete;02059 Peñascosa;De 0 a 4 años;Total;1 de enero de 2022;6
02 Albacete;02059 Peñascosa;De 0 a 4 años;Total;1 de enero de 2021;2
02 Albacete;02059 Peñascosa;De 0 a 4 años;Total;1 de enero de 2020;5
02 Albacete;02059 Peñascosa;De 0 a 4 años;Total;1 de enero de 2019;5
02 Albacete;02059 Peñascosa;De 0 a 4 años;Total;1 de enero de 2018;6
02 Albacete;02059 Peñascosa;De 0 a 4 años;Total;1 de enero de 2017;6
02 Albacete;02059 Peñascosa;De 0 a 4 años;Total;1 de enero de 2016;4
02 Albacete;02059 Peñascosa;De 0 a 4 años;Total;1 de enero de 2015;3
02 Albacete;02059 Peñascosa;De 0 a 4 años;Total;1 de enero de 2014;3
02 Albacete;02059 Peñascosa;De 0 a 4 años;Total;1 de enero de 2013;7
02 Albacete;02059 Peñascosa;De 0 a 4 años;Total;1 de enero de 2012;8
02 Albacete;02059 Peñascosa;De 0 a 4 años;Total;1 de enero de 2011;11
02 Albacete;02059 Peñascosa;De 0 a 4 años;Total;1 de enero de 2010;9
02 Albacete;02059 Peñascosa;De 5 a 9 años;Total;1 de enero de 2022;4
02 Albacete;02059 Peñascosa;De 5 a 9 años;Total;1 de enero de 2021;4
02 Albacete;02059 Peñascosa;De 5 a 9 años;Total;1 de enero de 2020;1
02 Albacete;02059 Peñascosa;De 5 a 9 años;Total;1 de enero de 2019;2
02 Albacete;02059 Peñascosa;De 5 a 9 años;Total;1 de enero de 2018;2
02 Albacete;02059 Peñascosa;De 5 a 9 años;Total;1 de enero de 2017;3
02 Albacete;02059 Peñascosa;De 5 a 9 años;Total;1 de enero de 2016;6
02 Albacete;02059 Peñascosa;De 5 a 9 años;Total;1 de enero de 2015;8
02 Albacete;02059 Peñascosa;De 5 a 9 años;Total;1 de enero de 2014;7
02 Albacete;02059 Peñascosa;De 5 a 9 años;Total;1 de enero de 2013;7
02 Albacete;02059 Peñascosa;De 5 a 9 años;Total;1 de enero de 2012;7
02 Albacete;02059 Peñascosa;De 5 a 9 años;Total;1 de enero de 2011;9
02 Albacete;02059 Peñascosa;De 5 a 9 años;Total;1 de enero de 2010;12
02 Albacete;02059 Peñascosa;De 10 a 14 años;Total;1 de enero de 2022;5
02 Albacete;02059 Peñascosa;De 10 a 14 años;Total;1 de enero de 2021;6
02 Albacete;02059 Peñascosa;De 10 a 14 años;Total;1 de enero de 2020;6
02 Albacete;02059 Peñascosa;De 10 a 14 años;Total;1 de enero de 2019;5
02 Albacete;02059 Peñascosa;De 10 a 14 años;Total;1 de enero de 2018;5
02 Albacete;02059 Peñascosa;De 10 a 14 años;Total;1 de enero de 2017;5
02 Albacete;02059 Peñascosa;De 10 a 14 años;Total;1 de enero de 2016;6
02 Albacete;02059 Peñascosa;De 10 a 14 años;Total;1 de enero de 2015;8
02 Albacete;02059 Peñascosa;De 10 a 14 años;Total;1 de enero de 2014;11
02 Albacete;02059 Peñascosa;De 10 a 14 años;Total;1 de enero de 2013;18
02 Albacete;02059 Peñascosa;De 10 a 14 años;Total;1 de enero de 2012;18
02 Albacete;02059 Peñascosa;De 10 a 14 años;Total;1 de enero de 2011;16
02 Albacete;02059 Peñascosa;De 10 a 14 años;Total;1 de enero de 2010;8
02 Albacete;02059 Peñascosa;De 65 a 69 años;Total;1 de enero de 2022;33
02 Albacete;02059 Peñascosa;De 65 a 69 años;Total;1 de enero de 2021;27
02 Albacete;02059 Peñascosa;De 65 a 69 años;Total;1 de enero de 2020;25
02 Albacete;02059 Peñascosa;De 65 a 69 años;Total;1 de enero de 2019;22
02 Albacete;02059 Peñascosa;De 65 a 69 años;Total;1 de enero de 2018;17
02 Albacete;02059 Peñascosa;De 65 a 69 años;Total;1 de enero de 2017;16
02 Albacete;02059 Peñascosa;De 65 a 69 años;Total;1 de enero de 2016;24
02 Albacete;02059 Peñascosa;De 65 a 69 años;Total;1 de enero de 2015;23
02 Albacete;02059 Peñascosa;De 65 a 69 años;Total;1 de enero de 2014;24
02 Albacete;02059 Peñascosa;De 65 a 69 años;Total;1 de enero de 2013;26
02 Albacete;02059 Peñascosa;De 65 a 69 años;Total;1 de enero de 2012;26
02 Albacete;02059 Peñascosa;De 65 a 69 años;Total;1 de enero de 2011;23
02 Albacete;02059 Peñascosa;De 65 a 69 años;Total;1 de enero de 2010;25
02 Albacete;02059 Peñascosa;De 70 a 74 años;Total;1 de enero de 2022;17
02 Albacete;02059 Peñascosa;De 70 a 74 años;Total;1 de enero de 2021;23
02 Albacete;02059 Peñascosa;De 70 a 74 años;Total;1 de enero de 2020;22
02 Albacete;02059 Peñascosa;De 70 a 74 años;Total;1 de enero de 2019;22
02 Albacete;02059 Peñascosa;De 70 a 74 años;Total;1 de enero de 2018;20
02 Albacete;02059 Peñascosa;De 70 a 74 años;Total;1 de enero de 2017;23
02 Albacete;02059 Peñascosa;De 70 a 74 años;Total;1 de enero de 2016;19
02 Albacete;02059 Peñascosa;De 70 a 74 años;Total;1 de enero de 2015;22
02 Albacete;02059 Peñascosa;De 70 a 74 años;Total;1 de enero de 2014;22
02 Albacete;02059 Peñascosa;De 70 a 74 años;Total;1 de enero de 2013;25
02 Albacete;02059 Peñascosa;De 70 a 74 años;Total;1 de enero de 2012;29
02 Albacete;02059 Peñascosa;De 70 a 74 años;Total;1 de enero de 2011;29
02 Albacete;02059 Peñascosa;De 70 a 74 años;Total;1 de enero de 2010;22
02 Albacete;02059 Peñascosa;De 75 a 79 años;Total;1 de enero de 2022;18
02 Albacete;02059 Peñascosa;De 75 a 79 años;Total;1 de enero de 2021;15
02 Albacete;02059 Peñascosa;De 75 a 79 años;Total;1 de enero de 2020;21
02 Albacete;02059 Peñascosa;De 75 a 79 años;Total;1 de enero de 2019;19
02 Albacete;02059 Peñascosa;De 75 a 79 años;Total;1 de enero de 2018;20
02 Albacete;02059 Peñascosa;De 75 a 79 años;Total;1 de enero de 2017;22
02 Albacete;02059 Peñascosa;De 75 a 79 años;Total;1 de enero de 2016;23
02 Albacete;02059 Peñascosa;De 75 a 79 años;Total;1 de enero de 2015;21
02 Albacete;02059 Peñascosa;De 75 a 79 años;Total;1 de enero de 2014;21
02 Albacete;02059 Peñascosa;De 75 a 79 años;Total;1 de enero de 2013;20
02 Albacete;02059 Peñascosa;De 75 a 79 años;Total;1 de enero de 2012;25
02 Albacete;02059 Peñascosa;De 75 a 79 años;Total;1 de enero de 2011;33
02 Albacete;02059 Peñascosa;De 75 a 79 años;Total;1 de enero de 2010;37
02 Albacete;02059 Peñascosa;De 80 a 84 años;Total;1 de enero de 2022;15
02 Albacete;02059 Peñascosa;De 80 a 84 años;Total;1 de enero de 2021;18
02 Albacete;02059 Peñascosa;De 80 a 84 años;Total;1 de enero de 2020;16
02 Albacete;02059 Peñascosa;De 80 a 84 años;Total;1 de enero de 2019;17
02 Albacete;02059 Peñascosa;De 80 a 84 años;Total;1 de enero de 2018;18
02 Albacete;02059 Peñascosa;De 80 a 84 años;Total;1 de enero de 2017;16
02 Albacete;02059 Peñascosa;De 80 a 84 años;Total;1 de enero de 2016;22
02 Albacete;02059 Peñascosa;De 80 a 84 años;Total;1 de enero de 2015;29
02 Albacete;02059 Peñascosa;De 80 a 84 años;Total;1 de enero de 2014;35
02 Albacete;02059 Peñascosa;De 80 a 84 años;Total;1 de enero de 2013;34
02 Albacete;02059 Peñascosa;De 80 a 84 años;Total;1 de enero de 2012;32
02 Albacete;02059 Peñascosa;De 80 a 84 años;Total;1 de enero de 2011;25
02 Albacete;02059 Peñascosa;De 80 a 84 años;Total;1 de enero de 2010;24
02 Albacete;02059 Peñascosa;De 85 a 89 años;Total;1 de enero de 2022;12
02 Albacete;02059 Peñascosa;De 85 a 89 años;Total;1 de enero de 2021;19
02 Albacete;02059 Peñascosa;De 85 a 89 años;Total;1 de enero de 2020;21
02 Albacete;02059 Peñascosa;De 85 a 89 años;Total;1 de enero de 2019;22
02 Albacete;02059 Peñascosa;De 85 a 89 años;Total;1 de enero de 2018;22
02 Albacete;02059 Peñascosa;De 85 a 89 años;Total;1 de enero de 2017;22
02 Albacete;02059 Peñascosa;De 85 a 89 años;Total;1 de enero de 2016;20
02 Albacete;02059 Peñascosa;De 85 a 89 años;Total;1 de enero de 2015;20
02 Albacete;02059 Peñascosa;De 85 a 89 años;Total;1 de enero de 2014;18
02 Albacete;02059 Peñascosa;De 85 a 89 años;Total;1 de enero de 2013;15
02 Albacete;02059 Peñascosa;De 85 a 89 años;Total;1 de enero de 2012;13
02 Albacete;02059 Peñascosa;De 85 a 89 años;Total;1 de enero de 2011;14
02 Albacete;02059 Peñascosa;De 85 a 89 años;Total;1 de enero de 2010;13
02 Albacete;02059 Peñascosa;De 90 a 94 años;Total;1 de enero de 2022;10
02 Albacete;02059 Peñascosa;De 90 a 94 años;Total;1 de enero de 2021;6
02 Albacete;02059 Peñascosa;De 90 a 94 años;Total;1 de enero de 2020;9
02 Albacete;02059 Peñascosa;De 90 a 94 años;Total;1 de enero de 2019;8
02 Albacete;02059 Peñascosa;De 90 a 94 años;Total;1 de enero de 2018;9
02 Albacete;02059 Peñascosa;De 90 a 94 años;Total;1 de enero de 2017;6
02 Albacete;02059 Peñascosa;De 90 a 94 años;Total;1 de enero de 2016;6
02 Albacete;02059 Peñascosa;De 90 a 94 años;Total;1 de enero de 2015;6
02 Albacete;02059 Peñascosa;De 90 a 94 años;Total;1 de enero de 2014;3
02 Albacete;02059 Peñascosa;De 90 a 94 años;Total;1 de enero de 2013;6
02 Albacete;02059 Peñascosa;De 90 a 94 años;Total;1 de enero de 2012;10
02 Albacete;02059 Peñascosa;De 90 a 94 años;Total;1 de enero de 2011;9
02 Albacete;02059 Peñascosa;De 90 a 94 años;Total;1 de enero de 2010;7
02 Albacete;02059 Peñascosa;De 95 a 99 años;Total;1 de enero de 2022;3
02 Albacete;02059 Peñascosa;De 95 a 99 años;Total;1 de enero de 2021;2
02 Albacete;02059 Peñascosa;De 95 a 99 años;Total;1 de enero de 2020;0
02 Albacete;02059 Peñascosa;De 95 a 99 años;Total;1 de enero de 2019;1
02 Albacete;02059 Peñascosa;De 95 a 99 años;Total;1 de enero de 2018;2
02 Albacete;02059 Peñascosa;De 95 a 99 años;Total;1 de enero de 2017;2
02 Albacete;02059 Peñascosa;De 95 a 99 años;Total;1 de enero de 2016;2
02 Albacete;02059 Peñascosa;De 95 a 99 años;Total;1 de enero de 2015;2
02 Albacete;02059 Peñascosa;De 95 a 99 años;Total;1 de enero de 2014;1
02 Albacete;02059 Peñascosa;De 95 a 99 años;Total;1 de enero de 2013;1
02 Albacete;02059 Peñascosa;De 95 a 99 años;Total;1 de enero de 2012;1
02 Albacete;02059 Peñascosa;De 95 a 99 años;Total;1 de enero de 2011;1
02 Albacete;02059 Peñascosa;De 95 a 99 años;Total;1 de enero de 2010;2
02 Albacete;02059 Peñascosa;100 y más años;Total;1 de enero de 2022;0
02 Albacete;02059 Peñascosa;100 y más años;Total;1 de enero de 2021;0
02 Albacete;02059 Peñascosa;100 y más años;Total;1 de enero de 2020;0
02 Albacete;02059 Peñascosa;100 y más años;Total;1 de enero de 2019;0
02 Albacete;02059 Peñascosa;100 y más años;Total;1 de enero de 2018;0
02 Albacete;02059 Peñascosa;100 y más años;Total;1 de enero de 2017;0
02 Albacete;02059 Peñascosa;100 y más años;Total;1 de enero de 2016;0
02 Albacete;02059 Peñascosa;100 y más años;Total;1 de enero de 2015;0
02 Albacete;02059 Peñascosa;100 y más años;Total;1 de enero de 2014;0
02 Albacete;02059 Peñascosa;100 y más años;Total;1 de enero de 2013;0
02 Albacete;02059 Peñascosa;100 y más años;Total;1 de enero de 2012;0
02 Albacete;02059 Peñascosa;100 y más años;Total;1 de enero de 2011;0
02 Albacete;02059 Peñascosa;100 y más años;Total;1 de enero de 2010;0
02 Albacete;02061 Pétrola;De 0 a 4 años;Total;1 de enero de 2022;11
02 Albacete;02061 Pétrola;De 0 a 4 años;Total;1 de enero de 2021;14
02 Albacete;02061 Pétrola;De 0 a 4 años;Total;1 de enero de 2020;14
02 Albacete;02061 Pétrola;De 0 a 4 años;Total;1 de enero de 2019;14
02 Albacete;02061 Pétrola;De 0 a 4 años;Total;1 de enero de 2018;13
02 Albacete;02061 Pétrola;De 0 a 4 años;Total;1 de enero de 2017;12
02 Albacete;02061 Pétrola;De 0 a 4 años;Total;1 de enero de 2016;10
02 Albacete;02061 Pétrola;De 0 a 4 años;Total;1 de enero de 2015;17
02 Albacete;02061 Pétrola;De 0 a 4 años;Total;1 de enero de 2014;13
02 Albacete;02061 Pétrola;De 0 a 4 años;Total;1 de enero de 2013;17
02 Albacete;02061 Pétrola;De 0 a 4 años;Total;1 de enero de 2012;17
02 Albacete;02061 Pétrola;De 0 a 4 años;Total;1 de enero de 2011;9
02 Albacete;02061 Pétrola;De 0 a 4 años;Total;1 de enero de 2010;7
02 Albacete;02061 Pétrola;De 5 a 9 años;Total;1 de enero de 2022;11
02 Albacete;02061 Pétrola;De 5 a 9 años;Total;1 de enero de 2021;13
02 Albacete;02061 Pétrola;De 5 a 9 años;Total;1 de enero de 2020;18
02 Albacete;02061 Pétrola;De 5 a 9 años;Total;1 de enero de 2019;12
02 Albacete;02061 Pétrola;De 5 a 9 años;Total;1 de enero de 2018;18
02 Albacete;02061 Pétrola;De 5 a 9 años;Total;1 de enero de 2017;20
02 Albacete;02061 Pétrola;De 5 a 9 años;Total;1 de enero de 2016;21
02 Albacete;02061 Pétrola;De 5 a 9 años;Total;1 de enero de 2015;19
02 Albacete;02061 Pétrola;De 5 a 9 años;Total;1 de enero de 2014;21
02 Albacete;02061 Pétrola;De 5 a 9 años;Total;1 de enero de 2013;22
02 Albacete;02061 Pétrola;De 5 a 9 años;Total;1 de enero de 2012;23
02 Albacete;02061 Pétrola;De 5 a 9 años;Total;1 de enero de 2011;21
02 Albacete;02061 Pétrola;De 5 a 9 años;Total;1 de enero de 2010;18
02 Albacete;02061 Pétrola;De 10 a 14 años;Total;1 de enero de 2022;25
02 Albacete;02061 Pétrola;De 10 a 14 años;Total;1 de enero de 2021;27
02 Albacete;02061 Pétrola;De 10 a 14 años;Total;1 de enero de 2020;22
02 Albacete;02061 Pétrola;De 10 a 14 años;Total;1 de enero de 2019;22
02 Albacete;02061 Pétrola;De 10 a 14 años;Total;1 de enero de 2018;19
02 Albacete;02061 Pétrola;De 10 a 14 años;Total;1 de enero de 2017;22
02 Albacete;02061 Pétrola;De 10 a 14 años;Total;1 de enero de 2016;20
02 Albacete;02061 Pétrola;De 10 a 14 años;Total;1 de enero de 2015;22
02 Albacete;02061 Pétrola;De 10 a 14 años;Total;1 de enero de 2014;24
02 Albacete;02061 Pétrola;De 10 a 14 años;Total;1 de enero de 2013;27
02 Albacete;02061 Pétrola;De 10 a 14 años;Total;1 de enero de 2012;23
02 Albacete;02061 Pétrola;De 10 a 14 años;Total;1 de enero de 2011;25
02 Albacete;02061 Pétrola;De 10 a 14 años;Total;1 de enero de 2010;26
02 Albacete;02061 Pétrola;De 65 a 69 años;Total;1 de enero de 2022;51
02 Albacete;02061 Pétrola;De 65 a 69 años;Total;1 de enero de 2021;52
02 Albacete;02061 Pétrola;De 65 a 69 años;Total;1 de enero de 2020;54
02 Albacete;02061 Pétrola;De 65 a 69 años;Total;1 de enero de 2019;58
02 Albacete;02061 Pétrola;De 65 a 69 años;Total;1 de enero de 2018;49
02 Albacete;02061 Pétrola;De 65 a 69 años;Total;1 de enero de 2017;44
02 Albacete;02061 Pétrola;De 65 a 69 años;Total;1 de enero de 2016;44
02 Albacete;02061 Pétrola;De 65 a 69 años;Total;1 de enero de 2015;44
02 Albacete;02061 Pétrola;De 65 a 69 años;Total;1 de enero de 2014;48
02 Albacete;02061 Pétrola;De 65 a 69 años;Total;1 de enero de 2013;53
02 Albacete;02061 Pétrola;De 65 a 69 años;Total;1 de enero de 2012;54
02 Albacete;02061 Pétrola;De 65 a 69 años;Total;1 de enero de 2011;54
02 Albacete;02061 Pétrola;De 65 a 69 años;Total;1 de enero de 2010;56
02 Albacete;02061 Pétrola;De 70 a 74 años;Total;1 de enero de 2022;52
02 Albacete;02061 Pétrola;De 70 a 74 años;Total;1 de enero de 2021;45
02 Albacete;02061 Pétrola;De 70 a 74 años;Total;1 de enero de 2020;43
02 Albacete;02061 Pétrola;De 70 a 74 años;Total;1 de enero de 2019;44
02 Albacete;02061 Pétrola;De 70 a 74 años;Total;1 de enero de 2018;48
02 Albacete;02061 Pétrola;De 70 a 74 años;Total;1 de enero de 2017;48
02 Albacete;02061 Pétrola;De 70 a 74 años;Total;1 de enero de 2016;47
02 Albacete;02061 Pétrola;De 70 a 74 años;Total;1 de enero de 2015;50
02 Albacete;02061 Pétrola;De 70 a 74 años;Total;1 de enero de 2014;50
02 Albacete;02061 Pétrola;De 70 a 74 años;Total;1 de enero de 2013;53
02 Albacete;02061 Pétrola;De 70 a 74 años;Total;1 de enero de 2012;63
02 Albacete;02061 Pétrola;De 70 a 74 años;Total;1 de enero de 2011;67
02 Albacete;02061 Pétrola;De 70 a 74 años;Total;1 de enero de 2010;58
02 Albacete;02061 Pétrola;De 75 a 79 años;Total;1 de enero de 2022;45
02 Albacete;02061 Pétrola;De 75 a 79 años;Total;1 de enero de 2021;44
02 Albacete;02061 Pétrola;De 75 a 79 años;Total;1 de enero de 2020;46
02 Albacete;02061 Pétrola;De 75 a 79 años;Total;1 de enero de 2019;43
02 Albacete;02061 Pétrola;De 75 a 79 años;Total;1 de enero de 2018;47
02 Albacete;02061 Pétrola;De 75 a 79 años;Total;1 de enero de 2017;54
02 Albacete;02061 Pétrola;De 75 a 79 años;Total;1 de enero de 2016;56
02 Albacete;02061 Pétrola;De 75 a 79 años;Total;1 de enero de 2015;52
02 Albacete;02061 Pétrola;De 75 a 79 años;Total;1 de enero de 2014;58
02 Albacete;02061 Pétrola;De 75 a 79 años;Total;1 de enero de 2013;56
02 Albacete;02061 Pétrola;De 75 a 79 años;Total;1 de enero de 2012;55
02 Albacete;02061 Pétrola;De 75 a 79 años;Total;1 de enero de 2011;54
02 Albacete;02061 Pétrola;De 75 a 79 años;Total;1 de enero de 2010;62
02 Albacete;02061 Pétrola;De 80 a 84 años;Total;1 de enero de 2022;41
02 Albacete;02061 Pétrola;De 80 a 84 años;Total;1 de enero de 2021;45
02 Albacete;02061 Pétrola;De 80 a 84 años;Total;1 de enero de 2020;42
02 Albacete;02061 Pétrola;De 80 a 84 años;Total;1 de enero de 2019;47
02 Albacete;02061 Pétrola;De 80 a 84 años;Total;1 de enero de 2018;43
02 Albacete;02061 Pétrola;De 80 a 84 años;Total;1 de enero de 2017;43
02 Albacete;02061 Pétrola;De 80 a 84 años;Total;1 de enero de 2016;45
02 Albacete;02061 Pétrola;De 80 a 84 años;Total;1 de enero de 2015;52
02 Albacete;02061 Pétrola;De 80 a 84 años;Total;1 de enero de 2014;47
02 Albacete;02061 Pétrola;De 80 a 84 años;Total;1 de enero de 2013;52
02 Albacete;02061 Pétrola;De 80 a 84 años;Total;1 de enero de 2012;47
02 Albacete;02061 Pétrola;De 80 a 84 años;Total;1 de enero de 2011;55
02 Albacete;02061 Pétrola;De 80 a 84 años;Total;1 de enero de 2010;47
02 Albacete;02061 Pétrola;De 85 a 89 años;Total;1 de enero de 2022;28
02 Albacete;02061 Pétrola;De 85 a 89 años;Total;1 de enero de 2021;26
02 Albacete;02061 Pétrola;De 85 a 89 años;Total;1 de enero de 2020;33
02 Albacete;02061 Pétrola;De 85 a 89 años;Total;1 de enero de 2019;29
02 Albacete;02061 Pétrola;De 85 a 89 años;Total;1 de enero de 2018;34
02 Albacete;02061 Pétrola;De 85 a 89 años;Total;1 de enero de 2017;31
02 Albacete;02061 Pétrola;De 85 a 89 años;Total;1 de enero de 2016;35
02 Albacete;02061 Pétrola;De 85 a 89 años;Total;1 de enero de 2015;30
02 Albacete;02061 Pétrola;De 85 a 89 años;Total;1 de enero de 2014;30
02 Albacete;02061 Pétrola;De 85 a 89 años;Total;1 de enero de 2013;29
02 Albacete;02061 Pétrola;De 85 a 89 años;Total;1 de enero de 2012;35
02 Albacete;02061 Pétrola;De 85 a 89 años;Total;1 de enero de 2011;33
02 Albacete;02061 Pétrola;De 85 a 89 años;Total;1 de enero de 2010;28
02 Albacete;02061 Pétrola;De 90 a 94 años;Total;1 de enero de 2022;15
02 Albacete;02061 Pétrola;De 90 a 94 años;Total;1 de enero de 2021;18
02 Albacete;02061 Pétrola;De 90 a 94 años;Total;1 de enero de 2020;11
02 Albacete;02061 Pétrola;De 90 a 94 años;Total;1 de enero de 2019;19
02 Albacete;02061 Pétrola;De 90 a 94 años;Total;1 de enero de 2018;17
02 Albacete;02061 Pétrola;De 90 a 94 años;Total;1 de enero de 2017;16
02 Albacete;02061 Pétrola;De 90 a 94 años;Total;1 de enero de 2016;12
02 Albacete;02061 Pétrola;De 90 a 94 años;Total;1 de enero de 2015;8
02 Albacete;02061 Pétrola;De 90 a 94 años;Total;1 de enero de 2014;7
02 Albacete;02061 Pétrola;De 90 a 94 años;Total;1 de enero de 2013;6
02 Albacete;02061 Pétrola;De 90 a 94 años;Total;1 de enero de 2012;8
02 Albacete;02061 Pétrola;De 90 a 94 años;Total;1 de enero de 2011;8
02 Albacete;02061 Pétrola;De 90 a 94 años;Total;1 de enero de 2010;7
02 Albacete;02061 Pétrola;De 95 a 99 años;Total;1 de enero de 2022;5
02 Albacete;02061 Pétrola;De 95 a 99 años;Total;1 de enero de 2021;3
02 Albacete;02061 Pétrola;De 95 a 99 años;Total;1 de enero de 2020;5
02 Albacete;02061 Pétrola;De 95 a 99 años;Total;1 de enero de 2019;3
02 Albacete;02061 Pétrola;De 95 a 99 años;Total;1 de enero de 2018;2
02 Albacete;02061 Pétrola;De 95 a 99 años;Total;1 de enero de 2017;2
02 Albacete;02061 Pétrola;De 95 a 99 años;Total;1 de enero de 2016;2
02 Albacete;02061 Pétrola;De 95 a 99 años;Total;1 de enero de 2015;3
02 Albacete;02061 Pétrola;De 95 a 99 años;Total;1 de enero de 2014;2
02 Albacete;02061 Pétrola;De 95 a 99 años;Total;1 de enero de 2013;3
02 Albacete;02061 Pétrola;De 95 a 99 años;Total;1 de enero de 2012;4
02 Albacete;02061 Pétrola;De 95 a 99 años;Total;1 de enero de 2011;2
02 Albacete;02061 Pétrola;De 95 a 99 años;Total;1 de enero de 2010;2
02 Albacete;02061 Pétrola;100 y más años;Total;1 de enero de 2022;3
02 Albacete;02061 Pétrola;100 y más años;Total;1 de enero de 2021;4
02 Albacete;02061 Pétrola;100 y más años;Total;1 de enero de 2020;4
02 Albacete;02061 Pétrola;100 y más años;Total;1 de enero de 2019;4
02 Albacete;02061 Pétrola;100 y más años;Total;1 de enero de 2018;4
02 Albacete;02061 Pétrola;100 y más años;Total;1 de enero de 2017;4
02 Albacete;02061 Pétrola;100 y más años;Total;1 de enero de 2016;3
02 Albacete;02061 Pétrola;100 y más años;Total;1 de enero de 2015;2
02 Albacete;02061 Pétrola;100 y más años;Total;1 de enero de 2014;2
02 Albacete;02061 Pétrola;100 y más años;Total;1 de enero de 2013;1
02 Albacete;02061 Pétrola;100 y más años;Total;1 de enero de 2012;2
02 Albacete;02061 Pétrola;100 y más años;Total;1 de enero de 2011;2
02 Albacete;02061 Pétrola;100 y más años;Total;1 de enero de 2010;2
02 Albacete;02062 Povedilla;De 0 a 4 años;Total;1 de enero de 2022;2
02 Albacete;02062 Povedilla;De 0 a 4 años;Total;1 de enero de 2021;3
02 Albacete;02062 Povedilla;De 0 a 4 años;Total;1 de enero de 2020;5
02 Albacete;02062 Povedilla;De 0 a 4 años;Total;1 de enero de 2019;7
02 Albacete;02062 Povedilla;De 0 a 4 años;Total;1 de enero de 2018;9
02 Albacete;02062 Povedilla;De 0 a 4 años;Total;1 de enero de 2017;11
02 Albacete;02062 Povedilla;De 0 a 4 años;Total;1 de enero de 2016;11
02 Albacete;02062 Povedilla;De 0 a 4 años;Total;1 de enero de 2015;11
02 Albacete;02062 Povedilla;De 0 a 4 años;Total;1 de enero de 2014;9
02 Albacete;02062 Povedilla;De 0 a 4 años;Total;1 de enero de 2013;13
02 Albacete;02062 Povedilla;De 0 a 4 años;Total;1 de enero de 2012;15
02 Albacete;02062 Povedilla;De 0 a 4 años;Total;1 de enero de 2011;11
02 Albacete;02062 Povedilla;De 0 a 4 años;Total;1 de enero de 2010;10
02 Albacete;02062 Povedilla;De 5 a 9 años;Total;1 de enero de 2022;10
02 Albacete;02062 Povedilla;De 5 a 9 años;Total;1 de enero de 2021;11
02 Albacete;02062 Povedilla;De 5 a 9 años;Total;1 de enero de 2020;9
02 Albacete;02062 Povedilla;De 5 a 9 años;Total;1 de enero de 2019;9
02 Albacete;02062 Povedilla;De 5 a 9 años;Total;1 de enero de 2018;8
02 Albacete;02062 Povedilla;De 5 a 9 años;Total;1 de enero de 2017;8
02 Albacete;02062 Povedilla;De 5 a 9 años;Total;1 de enero de 2016;6
02 Albacete;02062 Povedilla;De 5 a 9 años;Total;1 de enero de 2015;7
02 Albacete;02062 Povedilla;De 5 a 9 años;Total;1 de enero de 2014;13
02 Albacete;02062 Povedilla;De 5 a 9 años;Total;1 de enero de 2013;11
02 Albacete;02062 Povedilla;De 5 a 9 años;Total;1 de enero de 2012;13
02 Albacete;02062 Povedilla;De 5 a 9 años;Total;1 de enero de 2011;17
02 Albacete;02062 Povedilla;De 5 a 9 años;Total;1 de enero de 2010;18
02 Albacete;02062 Povedilla;De 10 a 14 años;Total;1 de enero de 2022;8
02 Albacete;02062 Povedilla;De 10 a 14 años;Total;1 de enero de 2021;7
02 Albacete;02062 Povedilla;De 10 a 14 años;Total;1 de enero de 2020;7
02 Albacete;02062 Povedilla;De 10 a 14 años;Total;1 de enero de 2019;12
02 Albacete;02062 Povedilla;De 10 a 14 años;Total;1 de enero de 2018;8
02 Albacete;02062 Povedilla;De 10 a 14 años;Total;1 de enero de 2017;11
02 Albacete;02062 Povedilla;De 10 a 14 años;Total;1 de enero de 2016;14
02 Albacete;02062 Povedilla;De 10 a 14 años;Total;1 de enero de 2015;14
02 Albacete;02062 Povedilla;De 10 a 14 años;Total;1 de enero de 2014;14
02 Albacete;02062 Povedilla;De 10 a 14 años;Total;1 de enero de 2013;19
02 Albacete;02062 Povedilla;De 10 a 14 años;Total;1 de enero de 2012;23
02 Albacete;02062 Povedilla;De 10 a 14 años;Total;1 de enero de 2011;20
02 Albacete;02062 Povedilla;De 10 a 14 años;Total;1 de enero de 2010;23
02 Albacete;02062 Povedilla;De 65 a 69 años;Total;1 de enero de 2022;25
02 Albacete;02062 Povedilla;De 65 a 69 años;Total;1 de enero de 2021;28
02 Albacete;02062 Povedilla;De 65 a 69 años;Total;1 de enero de 2020;31
02 Albacete;02062 Povedilla;De 65 a 69 años;Total;1 de enero de 2019;32
02 Albacete;02062 Povedilla;De 65 a 69 años;Total;1 de enero de 2018;34
02 Albacete;02062 Povedilla;De 65 a 69 años;Total;1 de enero de 2017;32
02 Albacete;02062 Povedilla;De 65 a 69 años;Total;1 de enero de 2016;28
02 Albacete;02062 Povedilla;De 65 a 69 años;Total;1 de enero de 2015;26
02 Albacete;02062 Povedilla;De 65 a 69 años;Total;1 de enero de 2014;28
02 Albacete;02062 Povedilla;De 65 a 69 años;Total;1 de enero de 2013;30
02 Albacete;02062 Povedilla;De 65 a 69 años;Total;1 de enero de 2012;26
02 Albacete;02062 Povedilla;De 65 a 69 años;Total;1 de enero de 2011;27
02 Albacete;02062 Povedilla;De 65 a 69 años;Total;1 de enero de 2010;32
02 Albacete;02062 Povedilla;De 70 a 74 años;Total;1 de enero de 2022;32
02 Albacete;02062 Povedilla;De 70 a 74 años;Total;1 de enero de 2021;28
02 Albacete;02062 Povedilla;De 70 a 74 años;Total;1 de enero de 2020;23
02 Albacete;02062 Povedilla;De 70 a 74 años;Total;1 de enero de 2019;23
02 Albacete;02062 Povedilla;De 70 a 74 años;Total;1 de enero de 2018;25
02 Albacete;02062 Povedilla;De 70 a 74 años;Total;1 de enero de 2017;25
02 Albacete;02062 Povedilla;De 70 a 74 años;Total;1 de enero de 2016;27
02 Albacete;02062 Povedilla;De 70 a 74 años;Total;1 de enero de 2015;29
02 Albacete;02062 Povedilla;De 70 a 74 años;Total;1 de enero de 2014;24
02 Albacete;02062 Povedilla;De 70 a 74 años;Total;1 de enero de 2013;24
02 Albacete;02062 Povedilla;De 70 a 74 años;Total;1 de enero de 2012;23
02 Albacete;02062 Povedilla;De 70 a 74 años;Total;1 de enero de 2011;25
02 Albacete;02062 Povedilla;De 70 a 74 años;Total;1 de enero de 2010;29
02 Albacete;02062 Povedilla;De 75 a 79 años;Total;1 de enero de 2022;20
02 Albacete;02062 Povedilla;De 75 a 79 años;Total;1 de enero de 2021;23
02 Albacete;02062 Povedilla;De 75 a 79 años;Total;1 de enero de 2020;27
02 Albacete;02062 Povedilla;De 75 a 79 años;Total;1 de enero de 2019;26
02 Albacete;02062 Povedilla;De 75 a 79 años;Total;1 de enero de 2018;23
02 Albacete;02062 Povedilla;De 75 a 79 años;Total;1 de enero de 2017;19
02 Albacete;02062 Povedilla;De 75 a 79 años;Total;1 de enero de 2016;19
02 Albacete;02062 Povedilla;De 75 a 79 años;Total;1 de enero de 2015;24
02 Albacete;02062 Povedilla;De 75 a 79 años;Total;1 de enero de 2014;27
02 Albacete;02062 Povedilla;De 75 a 79 años;Total;1 de enero de 2013;30
02 Albacete;02062 Povedilla;De 75 a 79 años;Total;1 de enero de 2012;39
02 Albacete;02062 Povedilla;De 75 a 79 años;Total;1 de enero de 2011;45
02 Albacete;02062 Povedilla;De 75 a 79 años;Total;1 de enero de 2010;41
02 Albacete;02062 Povedilla;De 80 a 84 años;Total;1 de enero de 2022;16
02 Albacete;02062 Povedilla;De 80 a 84 años;Total;1 de enero de 2021;16
02 Albacete;02062 Povedilla;De 80 a 84 años;Total;1 de enero de 2020;20
02 Albacete;02062 Povedilla;De 80 a 84 años;Total;1 de enero de 2019;21
02 Albacete;02062 Povedilla;De 80 a 84 años;Total;1 de enero de 2018;23
02 Albacete;02062 Povedilla;De 80 a 84 años;Total;1 de enero de 2017;25
02 Albacete;02062 Povedilla;De 80 a 84 años;Total;1 de enero de 2016;33
02 Albacete;02062 Povedilla;De 80 a 84 años;Total;1 de enero de 2015;31
02 Albacete;02062 Povedilla;De 80 a 84 años;Total;1 de enero de 2014;32
02 Albacete;02062 Povedilla;De 80 a 84 años;Total;1 de enero de 2013;34
02 Albacete;02062 Povedilla;De 80 a 84 años;Total;1 de enero de 2012;32
02 Albacete;02062 Povedilla;De 80 a 84 años;Total;1 de enero de 2011;28
02 Albacete;02062 Povedilla;De 80 a 84 años;Total;1 de enero de 2010;32
02 Albacete;02062 Povedilla;De 85 a 89 años;Total;1 de enero de 2022;19
02 Albacete;02062 Povedilla;De 85 a 89 años;Total;1 de enero de 2021;21
02 Albacete;02062 Povedilla;De 85 a 89 años;Total;1 de enero de 2020;14
02 Albacete;02062 Povedilla;De 85 a 89 años;Total;1 de enero de 2019;17
02 Albacete;02062 Povedilla;De 85 a 89 años;Total;1 de enero de 2018;22
02 Albacete;02062 Povedilla;De 85 a 89 años;Total;1 de enero de 2017;23
02 Albacete;02062 Povedilla;De 85 a 89 años;Total;1 de enero de 2016;24
02 Albacete;02062 Povedilla;De 85 a 89 años;Total;1 de enero de 2015;22
02 Albacete;02062 Povedilla;De 85 a 89 años;Total;1 de enero de 2014;25
02 Albacete;02062 Povedilla;De 85 a 89 años;Total;1 de enero de 2013;26
02 Albacete;02062 Povedilla;De 85 a 89 años;Total;1 de enero de 2012;25
02 Albacete;02062 Povedilla;De 85 a 89 años;Total;1 de enero de 2011;26
02 Albacete;02062 Povedilla;De 85 a 89 años;Total;1 de enero de 2010;22
02 Albacete;02062 Povedilla;De 90 a 94 años;Total;1 de enero de 2022;6
02 Albacete;02062 Povedilla;De 90 a 94 años;Total;1 de enero de 2021;7
02 Albacete;02062 Povedilla;De 90 a 94 años;Total;1 de enero de 2020;11
02 Albacete;02062 Povedilla;De 90 a 94 años;Total;1 de enero de 2019;12
02 Albacete;02062 Povedilla;De 90 a 94 años;Total;1 de enero de 2018;12
02 Albacete;02062 Povedilla;De 90 a 94 años;Total;1 de enero de 2017;11
02 Albacete;02062 Povedilla;De 90 a 94 años;Total;1 de enero de 2016;10
02 Albacete;02062 Povedilla;De 90 a 94 años;Total;1 de enero de 2015;7
02 Albacete;02062 Povedilla;De 90 a 94 años;Total;1 de enero de 2014;3
02 Albacete;02062 Povedilla;De 90 a 94 años;Total;1 de enero de 2013;3
02 Albacete;02062 Povedilla;De 90 a 94 años;Total;1 de enero de 2012;3
02 Albacete;02062 Povedilla;De 90 a 94 años;Total;1 de enero de 2011;3
02 Albacete;02062 Povedilla;De 90 a 94 años;Total;1 de enero de 2010;5
02 Albacete;02062 Povedilla;De 95 a 99 años;Total;1 de enero de 2022;2
02 Albacete;02062 Povedilla;De 95 a 99 años;Total;1 de enero de 2021;4
02 Albacete;02062 Povedilla;De 95 a 99 años;Total;1 de enero de 2020;4
02 Albacete;02062 Povedilla;De 95 a 99 años;Total;1 de enero de 2019;4
02 Albacete;02062 Povedilla;De 95 a 99 años;Total;1 de enero de 2018;3
02 Albacete;02062 Povedilla;De 95 a 99 años;Total;1 de enero de 2017;3
02 Albacete;02062 Povedilla;De 95 a 99 años;Total;1 de enero de 2016;1
02 Albacete;02062 Povedilla;De 95 a 99 años;Total;1 de enero de 2015;1
02 Albacete;02062 Povedilla;De 95 a 99 años;Total;1 de enero de 2014;1
02 Albacete;02062 Povedilla;De 95 a 99 años;Total;1 de enero de 2013;0
02 Albacete;02062 Povedilla;De 95 a 99 años;Total;1 de enero de 2012;0
02 Albacete;02062 Povedilla;De 95 a 99 años;Total;1 de enero de 2011;1
02 Albacete;02062 Povedilla;De 95 a 99 años;Total;1 de enero de 2010;0
02 Albacete;02062 Povedilla;100 y más años;Total;1 de enero de 2022;0
02 Albacete;02062 Povedilla;100 y más años;Total;1 de enero de 2021;1
02 Albacete;02062 Povedilla;100 y más años;Total;1 de enero de 2020;1
02 Albacete;02062 Povedilla;100 y más años;Total;1 de enero de 2019;0
02 Albacete;02062 Povedilla;100 y más años;Total;1 de enero de 2018;0
02 Albacete;02062 Povedilla;100 y más años;Total;1 de enero de 2017;0
02 Albacete;02062 Povedilla;100 y más años;Total;1 de enero de 2016;0
02 Albacete;02062 Povedilla;100 y más años;Total;1 de enero de 2015;0
02 Albacete;02062 Povedilla;100 y más años;Total;1 de enero de 2014;0
02 Albacete;02062 Povedilla;100 y más años;Total;1 de enero de 2013;0
02 Albacete;02062 Povedilla;100 y más años;Total;1 de enero de 2012;0
02 Albacete;02062 Povedilla;100 y más años;Total;1 de enero de 2011;0
02 Albacete;02062 Povedilla;100 y más años;Total;1 de enero de 2010;0
02 Albacete;02901 Pozo Cañada;De 0 a 4 años;Total;1 de enero de 2022;102
02 Albacete;02901 Pozo Cañada;De 0 a 4 años;Total;1 de enero de 2021;117
02 Albacete;02901 Pozo Cañada;De 0 a 4 años;Total;1 de enero de 2020;116
02 Albacete;02901 Pozo Cañada;De 0 a 4 años;Total;1 de enero de 2019;123
02 Albacete;02901 Pozo Cañada;De 0 a 4 años;Total;1 de enero de 2018;132
02 Albacete;02901 Pozo Cañada;De 0 a 4 años;Total;1 de enero de 2017;144
02 Albacete;02901 Pozo Cañada;De 0 a 4 años;Total;1 de enero de 2016;137
02 Albacete;02901 Pozo Cañada;De 0 a 4 años;Total;1 de enero de 2015;148
02 Albacete;02901 Pozo Cañada;De 0 a 4 años;Total;1 de enero de 2014;153
02 Albacete;02901 Pozo Cañada;De 0 a 4 años;Total;1 de enero de 2013;150
02 Albacete;02901 Pozo Cañada;De 0 a 4 años;Total;1 de enero de 2012;156
02 Albacete;02901 Pozo Cañada;De 0 a 4 años;Total;1 de enero de 2011;162
02 Albacete;02901 Pozo Cañada;De 0 a 4 años;Total;1 de enero de 2010;162
02 Albacete;02901 Pozo Cañada;De 5 a 9 años;Total;1 de enero de 2022;151
02 Albacete;02901 Pozo Cañada;De 5 a 9 años;Total;1 de enero de 2021;143
02 Albacete;02901 Pozo Cañada;De 5 a 9 años;Total;1 de enero de 2020;146
02 Albacete;02901 Pozo Cañada;De 5 a 9 años;Total;1 de enero de 2019;154
02 Albacete;02901 Pozo Cañada;De 5 a 9 años;Total;1 de enero de 2018;145
02 Albacete;02901 Pozo Cañada;De 5 a 9 años;Total;1 de enero de 2017;152
02 Albacete;02901 Pozo Cañada;De 5 a 9 años;Total;1 de enero de 2016;160
02 Albacete;02901 Pozo Cañada;De 5 a 9 años;Total;1 de enero de 2015;165
02 Albacete;02901 Pozo Cañada;De 5 a 9 años;Total;1 de enero de 2014;160
02 Albacete;02901 Pozo Cañada;De 5 a 9 años;Total;1 de enero de 2013;171
02 Albacete;02901 Pozo Cañada;De 5 a 9 años;Total;1 de enero de 2012;170
02 Albacete;02901 Pozo Cañada;De 5 a 9 años;Total;1 de enero de 2011;170
02 Albacete;02901 Pozo Cañada;De 5 a 9 años;Total;1 de enero de 2010;154
02 Albacete;02901 Pozo Cañada;De 10 a 14 años;Total;1 de enero de 2022;155
02 Albacete;02901 Pozo Cañada;De 10 a 14 años;Total;1 de enero de 2021;160
02 Albacete;02901 Pozo Cañada;De 10 a 14 años;Total;1 de enero de 2020;166
02 Albacete;02901 Pozo Cañada;De 10 a 14 años;Total;1 de enero de 2019;164
02 Albacete;02901 Pozo Cañada;De 10 a 14 años;Total;1 de enero de 2018;173
02 Albacete;02901 Pozo Cañada;De 10 a 14 años;Total;1 de enero de 2017;168
02 Albacete;02901 Pozo Cañada;De 10 a 14 años;Total;1 de enero de 2016;166
02 Albacete;02901 Pozo Cañada;De 10 a 14 años;Total;1 de enero de 2015;155
02 Albacete;02901 Pozo Cañada;De 10 a 14 años;Total;1 de enero de 2014;157
02 Albacete;02901 Pozo Cañada;De 10 a 14 años;Total;1 de enero de 2013;138
02 Albacete;02901 Pozo Cañada;De 10 a 14 años;Total;1 de enero de 2012;137
02 Albacete;02901 Pozo Cañada;De 10 a 14 años;Total;1 de enero de 2011;134
02 Albacete;02901 Pozo Cañada;De 10 a 14 años;Total;1 de enero de 2010;146
02 Albacete;02901 Pozo Cañada;De 65 a 69 años;Total;1 de enero de 2022;147
02 Albacete;02901 Pozo Cañada;De 65 a 69 años;Total;1 de enero de 2021;136
02 Albacete;02901 Pozo Cañada;De 65 a 69 años;Total;1 de enero de 2020;130
02 Albacete;02901 Pozo Cañada;De 65 a 69 años;Total;1 de enero de 2019;112
02 Albacete;02901 Pozo Cañada;De 65 a 69 años;Total;1 de enero de 2018;127
02 Albacete;02901 Pozo Cañada;De 65 a 69 años;Total;1 de enero de 2017;129
02 Albacete;02901 Pozo Cañada;De 65 a 69 años;Total;1 de enero de 2016;130
02 Albacete;02901 Pozo Cañada;De 65 a 69 años;Total;1 de enero de 2015;132
02 Albacete;02901 Pozo Cañada;De 65 a 69 años;Total;1 de enero de 2014;140
02 Albacete;02901 Pozo Cañada;De 65 a 69 años;Total;1 de enero de 2013;131
02 Albacete;02901 Pozo Cañada;De 65 a 69 años;Total;1 de enero de 2012;124
02 Albacete;02901 Pozo Cañada;De 65 a 69 años;Total;1 de enero de 2011;124
02 Albacete;02901 Pozo Cañada;De 65 a 69 años;Total;1 de enero de 2010;129
02 Albacete;02901 Pozo Cañada;De 70 a 74 años;Total;1 de enero de 2022;123
02 Albacete;02901 Pozo Cañada;De 70 a 74 años;Total;1 de enero de 2021;122
02 Albacete;02901 Pozo Cañada;De 70 a 74 años;Total;1 de enero de 2020;122
02 Albacete;02901 Pozo Cañada;De 70 a 74 años;Total;1 de enero de 2019;133
02 Albacete;02901 Pozo Cañada;De 70 a 74 años;Total;1 de enero de 2018;125
02 Albacete;02901 Pozo Cañada;De 70 a 74 años;Total;1 de enero de 2017;118
02 Albacete;02901 Pozo Cañada;De 70 a 74 años;Total;1 de enero de 2016;121
02 Albacete;02901 Pozo Cañada;De 70 a 74 años;Total;1 de enero de 2015;118
02 Albacete;02901 Pozo Cañada;De 70 a 74 años;Total;1 de enero de 2014;115
02 Albacete;02901 Pozo Cañada;De 70 a 74 años;Total;1 de enero de 2013;123
02 Albacete;02901 Pozo Cañada;De 70 a 74 años;Total;1 de enero de 2012;126
02 Albacete;02901 Pozo Cañada;De 70 a 74 años;Total;1 de enero de 2011;134
02 Albacete;02901 Pozo Cañada;De 70 a 74 años;Total;1 de enero de 2010;130
02 Albacete;02901 Pozo Cañada;De 75 a 79 años;Total;1 de enero de 2022;107
02 Albacete;02901 Pozo Cañada;De 75 a 79 años;Total;1 de enero de 2021;116
02 Albacete;02901 Pozo Cañada;De 75 a 79 años;Total;1 de enero de 2020;112
02 Albacete;02901 Pozo Cañada;De 75 a 79 años;Total;1 de enero de 2019;109
02 Albacete;02901 Pozo Cañada;De 75 a 79 años;Total;1 de enero de 2018;112
02 Albacete;02901 Pozo Cañada;De 75 a 79 años;Total;1 de enero de 2017;116
02 Albacete;02901 Pozo Cañada;De 75 a 79 años;Total;1 de enero de 2016;124
02 Albacete;02901 Pozo Cañada;De 75 a 79 años;Total;1 de enero de 2015;121
02 Albacete;02901 Pozo Cañada;De 75 a 79 años;Total;1 de enero de 2014;127
02 Albacete;02901 Pozo Cañada;De 75 a 79 años;Total;1 de enero de 2013;122
02 Albacete;02901 Pozo Cañada;De 75 a 79 años;Total;1 de enero de 2012;119
02 Albacete;02901 Pozo Cañada;De 75 a 79 años;Total;1 de enero de 2011;121
02 Albacete;02901 Pozo Cañada;De 75 a 79 años;Total;1 de enero de 2010;133
02 Albacete;02901 Pozo Cañada;De 80 a 84 años;Total;1 de enero de 2022;98
02 Albacete;02901 Pozo Cañada;De 80 a 84 años;Total;1 de enero de 2021;104
02 Albacete;02901 Pozo Cañada;De 80 a 84 años;Total;1 de enero de 2020;105
02 Albacete;02901 Pozo Cañada;De 80 a 84 años;Total;1 de enero de 2019;108
02 Albacete;02901 Pozo Cañada;De 80 a 84 años;Total;1 de enero de 2018;106
02 Albacete;02901 Pozo Cañada;De 80 a 84 años;Total;1 de enero de 2017;101
02 Albacete;02901 Pozo Cañada;De 80 a 84 años;Total;1 de enero de 2016;104
02 Albacete;02901 Pozo Cañada;De 80 a 84 años;Total;1 de enero de 2015;106
02 Albacete;02901 Pozo Cañada;De 80 a 84 años;Total;1 de enero de 2014;103
02 Albacete;02901 Pozo Cañada;De 80 a 84 años;Total;1 de enero de 2013;108
02 Albacete;02901 Pozo Cañada;De 80 a 84 años;Total;1 de enero de 2012;105
02 Albacete;02901 Pozo Cañada;De 80 a 84 años;Total;1 de enero de 2011;98
02 Albacete;02901 Pozo Cañada;De 80 a 84 años;Total;1 de enero de 2010;84
02 Albacete;02901 Pozo Cañada;De 85 a 89 años;Total;1 de enero de 2022;67
02 Albacete;02901 Pozo Cañada;De 85 a 89 años;Total;1 de enero de 2021;67
02 Albacete;02901 Pozo Cañada;De 85 a 89 años;Total;1 de enero de 2020;74
02 Albacete;02901 Pozo Cañada;De 85 a 89 años;Total;1 de enero de 2019;71
02 Albacete;02901 Pozo Cañada;De 85 a 89 años;Total;1 de enero de 2018;70
02 Albacete;02901 Pozo Cañada;De 85 a 89 años;Total;1 de enero de 2017;69
02 Albacete;02901 Pozo Cañada;De 85 a 89 años;Total;1 de enero de 2016;57
02 Albacete;02901 Pozo Cañada;De 85 a 89 años;Total;1 de enero de 2015;50
02 Albacete;02901 Pozo Cañada;De 85 a 89 años;Total;1 de enero de 2014;46
02 Albacete;02901 Pozo Cañada;De 85 a 89 años;Total;1 de enero de 2013;45
02 Albacete;02901 Pozo Cañada;De 85 a 89 años;Total;1 de enero de 2012;46
02 Albacete;02901 Pozo Cañada;De 85 a 89 años;Total;1 de enero de 2011;41
02 Albacete;02901 Pozo Cañada;De 85 a 89 años;Total;1 de enero de 2010;41
02 Albacete;02901 Pozo Cañada;De 90 a 94 años;Total;1 de enero de 2022;37
02 Albacete;02901 Pozo Cañada;De 90 a 94 años;Total;1 de enero de 2021;37
02 Albacete;02901 Pozo Cañada;De 90 a 94 años;Total;1 de enero de 2020;32
02 Albacete;02901 Pozo Cañada;De 90 a 94 años;Total;1 de enero de 2019;22
02 Albacete;02901 Pozo Cañada;De 90 a 94 años;Total;1 de enero de 2018;19
02 Albacete;02901 Pozo Cañada;De 90 a 94 años;Total;1 de enero de 2017;23
02 Albacete;02901 Pozo Cañada;De 90 a 94 años;Total;1 de enero de 2016;20
02 Albacete;02901 Pozo Cañada;De 90 a 94 años;Total;1 de enero de 2015;17
02 Albacete;02901 Pozo Cañada;De 90 a 94 años;Total;1 de enero de 2014;14
02 Albacete;02901 Pozo Cañada;De 90 a 94 años;Total;1 de enero de 2013;16
02 Albacete;02901 Pozo Cañada;De 90 a 94 años;Total;1 de enero de 2012;10
02 Albacete;02901 Pozo Cañada;De 90 a 94 años;Total;1 de enero de 2011;6
02 Albacete;02901 Pozo Cañada;De 90 a 94 años;Total;1 de enero de 2010;5
02 Albacete;02901 Pozo Cañada;De 95 a 99 años;Total;1 de enero de 2022;6
02 Albacete;02901 Pozo Cañada;De 95 a 99 años;Total;1 de enero de 2021;3
02 Albacete;02901 Pozo Cañada;De 95 a 99 años;Total;1 de enero de 2020;1
02 Albacete;02901 Pozo Cañada;De 95 a 99 años;Total;1 de enero de 2019;1
02 Albacete;02901 Pozo Cañada;De 95 a 99 años;Total;1 de enero de 2018;3
02 Albacete;02901 Pozo Cañada;De 95 a 99 años;Total;1 de enero de 2017;1
02 Albacete;02901 Pozo Cañada;De 95 a 99 años;Total;1 de enero de 2016;0
02 Albacete;02901 Pozo Cañada;De 95 a 99 años;Total;1 de enero de 2015;1
02 Albacete;02901 Pozo Cañada;De 95 a 99 años;Total;1 de enero de 2014;2
02 Albacete;02901 Pozo Cañada;De 95 a 99 años;Total;1 de enero de 2013;1
02 Albacete;02901 Pozo Cañada;De 95 a 99 años;Total;1 de enero de 2012;0
02 Albacete;02901 Pozo Cañada;De 95 a 99 años;Total;1 de enero de 2011;1
02 Albacete;02901 Pozo Cañada;De 95 a 99 años;Total;1 de enero de 2010;3
02 Albacete;02901 Pozo Cañada;100 y más años;Total;1 de enero de 2022;0
02 Albacete;02901 Pozo Cañada;100 y más años;Total;1 de enero de 2021;0
02 Albacete;02901 Pozo Cañada;100 y más años;Total;1 de enero de 2020;0
02 Albacete;02901 Pozo Cañada;100 y más años;Total;1 de enero de 2019;0
02 Albacete;02901 Pozo Cañada;100 y más años;Total;1 de enero de 2018;0
02 Albacete;02901 Pozo Cañada;100 y más años;Total;1 de enero de 2017;0
02 Albacete;02901 Pozo Cañada;100 y más años;Total;1 de enero de 2016;0
02 Albacete;02901 Pozo Cañada;100 y más años;Total;1 de enero de 2015;0
02 Albacete;02901 Pozo Cañada;100 y más años;Total;1 de enero de 2014;0
02 Albacete;02901 Pozo Cañada;100 y más años;Total;1 de enero de 2013;0
02 Albacete;02901 Pozo Cañada;100 y más años;Total;1 de enero de 2012;1
02 Albacete;02901 Pozo Cañada;100 y más años;Total;1 de enero de 2011;1
02 Albacete;02901 Pozo Cañada;100 y más años;Total;1 de enero de 2010;1
02 Albacete;02063 Pozohondo;De 0 a 4 años;Total;1 de enero de 2022;48
02 Albacete;02063 Pozohondo;De 0 a 4 años;Total;1 de enero de 2021;50
02 Albacete;02063 Pozohondo;De 0 a 4 años;Total;1 de enero de 2020;46
02 Albacete;02063 Pozohondo;De 0 a 4 años;Total;1 de enero de 2019;40
02 Albacete;02063 Pozohondo;De 0 a 4 años;Total;1 de enero de 2018;48
02 Albacete;02063 Pozohondo;De 0 a 4 años;Total;1 de enero de 2017;52
02 Albacete;02063 Pozohondo;De 0 a 4 años;Total;1 de enero de 2016;58
02 Albacete;02063 Pozohondo;De 0 a 4 años;Total;1 de enero de 2015;57
02 Albacete;02063 Pozohondo;De 0 a 4 años;Total;1 de enero de 2014;52
02 Albacete;02063 Pozohondo;De 0 a 4 años;Total;1 de enero de 2013;65
02 Albacete;02063 Pozohondo;De 0 a 4 años;Total;1 de enero de 2012;63
02 Albacete;02063 Pozohondo;De 0 a 4 años;Total;1 de enero de 2011;61
02 Albacete;02063 Pozohondo;De 0 a 4 años;Total;1 de enero de 2010;63
02 Albacete;02063 Pozohondo;De 5 a 9 años;Total;1 de enero de 2022;49
02 Albacete;02063 Pozohondo;De 5 a 9 años;Total;1 de enero de 2021;49
02 Albacete;02063 Pozohondo;De 5 a 9 años;Total;1 de enero de 2020;50
02 Albacete;02063 Pozohondo;De 5 a 9 años;Total;1 de enero de 2019;45
02 Albacete;02063 Pozohondo;De 5 a 9 años;Total;1 de enero de 2018;53
02 Albacete;02063 Pozohondo;De 5 a 9 años;Total;1 de enero de 2017;56
02 Albacete;02063 Pozohondo;De 5 a 9 años;Total;1 de enero de 2016;50
02 Albacete;02063 Pozohondo;De 5 a 9 años;Total;1 de enero de 2015;52
02 Albacete;02063 Pozohondo;De 5 a 9 años;Total;1 de enero de 2014;55
02 Albacete;02063 Pozohondo;De 5 a 9 años;Total;1 de enero de 2013;54
02 Albacete;02063 Pozohondo;De 5 a 9 años;Total;1 de enero de 2012;52
02 Albacete;02063 Pozohondo;De 5 a 9 años;Total;1 de enero de 2011;59
02 Albacete;02063 Pozohondo;De 5 a 9 años;Total;1 de enero de 2010;65
02 Albacete;02063 Pozohondo;De 10 a 14 años;Total;1 de enero de 2022;54
02 Albacete;02063 Pozohondo;De 10 a 14 años;Total;1 de enero de 2021;49
02 Albacete;02063 Pozohondo;De 10 a 14 años;Total;1 de enero de 2020;50
02 Albacete;02063 Pozohondo;De 10 a 14 años;Total;1 de enero de 2019;49
02 Albacete;02063 Pozohondo;De 10 a 14 años;Total;1 de enero de 2018;51
02 Albacete;02063 Pozohondo;De 10 a 14 años;Total;1 de enero de 2017;51
02 Albacete;02063 Pozohondo;De 10 a 14 años;Total;1 de enero de 2016;62
02 Albacete;02063 Pozohondo;De 10 a 14 años;Total;1 de enero de 2015;69
02 Albacete;02063 Pozohondo;De 10 a 14 años;Total;1 de enero de 2014;66
02 Albacete;02063 Pozohondo;De 10 a 14 años;Total;1 de enero de 2013;68
02 Albacete;02063 Pozohondo;De 10 a 14 años;Total;1 de enero de 2012;66
02 Albacete;02063 Pozohondo;De 10 a 14 años;Total;1 de enero de 2011;64
02 Albacete;02063 Pozohondo;De 10 a 14 años;Total;1 de enero de 2010;68
02 Albacete;02063 Pozohondo;De 65 a 69 años;Total;1 de enero de 2022;97
02 Albacete;02063 Pozohondo;De 65 a 69 años;Total;1 de enero de 2021;92
02 Albacete;02063 Pozohondo;De 65 a 69 años;Total;1 de enero de 2020;92
02 Albacete;02063 Pozohondo;De 65 a 69 años;Total;1 de enero de 2019;99
02 Albacete;02063 Pozohondo;De 65 a 69 años;Total;1 de enero de 2018;108
02 Albacete;02063 Pozohondo;De 65 a 69 años;Total;1 de enero de 2017;105
02 Albacete;02063 Pozohondo;De 65 a 69 años;Total;1 de enero de 2016;104
02 Albacete;02063 Pozohondo;De 65 a 69 años;Total;1 de enero de 2015;101
02 Albacete;02063 Pozohondo;De 65 a 69 años;Total;1 de enero de 2014;95
02 Albacete;02063 Pozohondo;De 65 a 69 años;Total;1 de enero de 2013;88
02 Albacete;02063 Pozohondo;De 65 a 69 años;Total;1 de enero de 2012;98
02 Albacete;02063 Pozohondo;De 65 a 69 años;Total;1 de enero de 2011;102
02 Albacete;02063 Pozohondo;De 65 a 69 años;Total;1 de enero de 2010;128
02 Albacete;02063 Pozohondo;De 70 a 74 años;Total;1 de enero de 2022;99
02 Albacete;02063 Pozohondo;De 70 a 74 años;Total;1 de enero de 2021;93
02 Albacete;02063 Pozohondo;De 70 a 74 años;Total;1 de enero de 2020;94
02 Albacete;02063 Pozohondo;De 70 a 74 años;Total;1 de enero de 2019;86
02 Albacete;02063 Pozohondo;De 70 a 74 años;Total;1 de enero de 2018;85
02 Albacete;02063 Pozohondo;De 70 a 74 años;Total;1 de enero de 2017;86
02 Albacete;02063 Pozohondo;De 70 a 74 años;Total;1 de enero de 2016;89
02 Albacete;02063 Pozohondo;De 70 a 74 años;Total;1 de enero de 2015;111
02 Albacete;02063 Pozohondo;De 70 a 74 años;Total;1 de enero de 2014;103
02 Albacete;02063 Pozohondo;De 70 a 74 años;Total;1 de enero de 2013;119
02 Albacete;02063 Pozohondo;De 70 a 74 años;Total;1 de enero de 2012;128
02 Albacete;02063 Pozohondo;De 70 a 74 años;Total;1 de enero de 2011;145
02 Albacete;02063 Pozohondo;De 70 a 74 años;Total;1 de enero de 2010;135
02 Albacete;02063 Pozohondo;De 75 a 79 años;Total;1 de enero de 2022;80
02 Albacete;02063 Pozohondo;De 75 a 79 años;Total;1 de enero de 2021;83
02 Albacete;02063 Pozohondo;De 75 a 79 años;Total;1 de enero de 2020;102
02 Albacete;02063 Pozohondo;De 75 a 79 años;Total;1 de enero de 2019;96
02 Albacete;02063 Pozohondo;De 75 a 79 años;Total;1 de enero de 2018;109
02 Albacete;02063 Pozohondo;De 75 a 79 años;Total;1 de enero de 2017;113
02 Albacete;02063 Pozohondo;De 75 a 79 años;Total;1 de enero de 2016;129
02 Albacete;02063 Pozohondo;De 75 a 79 años;Total;1 de enero de 2015;123
02 Albacete;02063 Pozohondo;De 75 a 79 años;Total;1 de enero de 2014;131
02 Albacete;02063 Pozohondo;De 75 a 79 años;Total;1 de enero de 2013;132
02 Albacete;02063 Pozohondo;De 75 a 79 años;Total;1 de enero de 2012;128
02 Albacete;02063 Pozohondo;De 75 a 79 años;Total;1 de enero de 2011;132
02 Albacete;02063 Pozohondo;De 75 a 79 años;Total;1 de enero de 2010;134
02 Albacete;02063 Pozohondo;De 80 a 84 años;Total;1 de enero de 2022;93
02 Albacete;02063 Pozohondo;De 80 a 84 años;Total;1 de enero de 2021;101
02 Albacete;02063 Pozohondo;De 80 a 84 años;Total;1 de enero de 2020;105
02 Albacete;02063 Pozohondo;De 80 a 84 años;Total;1 de enero de 2019;114
02 Albacete;02063 Pozohondo;De 80 a 84 años;Total;1 de enero de 2018;111
02 Albacete;02063 Pozohondo;De 80 a 84 años;Total;1 de enero de 2017;99
02 Albacete;02063 Pozohondo;De 80 a 84 años;Total;1 de enero de 2016;104
02 Albacete;02063 Pozohondo;De 80 a 84 años;Total;1 de enero de 2015;94
02 Albacete;02063 Pozohondo;De 80 a 84 años;Total;1 de enero de 2014;98
02 Albacete;02063 Pozohondo;De 80 a 84 años;Total;1 de enero de 2013;96
02 Albacete;02063 Pozohondo;De 80 a 84 años;Total;1 de enero de 2012;110
02 Albacete;02063 Pozohondo;De 80 a 84 años;Total;1 de enero de 2011;108
02 Albacete;02063 Pozohondo;De 80 a 84 años;Total;1 de enero de 2010;102
02 Albacete;02063 Pozohondo;De 85 a 89 años;Total;1 de enero de 2022;70
02 Albacete;02063 Pozohondo;De 85 a 89 años;Total;1 de enero de 2021;72
02 Albacete;02063 Pozohondo;De 85 a 89 años;Total;1 de enero de 2020;62
02 Albacete;02063 Pozohondo;De 85 a 89 años;Total;1 de enero de 2019;58
02 Albacete;02063 Pozohondo;De 85 a 89 años;Total;1 de enero de 2018;53
02 Albacete;02063 Pozohondo;De 85 a 89 años;Total;1 de enero de 2017;61
02 Albacete;02063 Pozohondo;De 85 a 89 años;Total;1 de enero de 2016;59
02 Albacete;02063 Pozohondo;De 85 a 89 años;Total;1 de enero de 2015;61
02 Albacete;02063 Pozohondo;De 85 a 89 años;Total;1 de enero de 2014;73
02 Albacete;02063 Pozohondo;De 85 a 89 años;Total;1 de enero de 2013;69
02 Albacete;02063 Pozohondo;De 85 a 89 años;Total;1 de enero de 2012;64
02 Albacete;02063 Pozohondo;De 85 a 89 años;Total;1 de enero de 2011;55
02 Albacete;02063 Pozohondo;De 85 a 89 años;Total;1 de enero de 2010;49
02 Albacete;02063 Pozohondo;De 90 a 94 años;Total;1 de enero de 2022;25
02 Albacete;02063 Pozohondo;De 90 a 94 años;Total;1 de enero de 2021;22
02 Albacete;02063 Pozohondo;De 90 a 94 años;Total;1 de enero de 2020;23
02 Albacete;02063 Pozohondo;De 90 a 94 años;Total;1 de enero de 2019;29
02 Albacete;02063 Pozohondo;De 90 a 94 años;Total;1 de enero de 2018;36
02 Albacete;02063 Pozohondo;De 90 a 94 años;Total;1 de enero de 2017;35
02 Albacete;02063 Pozohondo;De 90 a 94 años;Total;1 de enero de 2016;31
02 Albacete;02063 Pozohondo;De 90 a 94 años;Total;1 de enero de 2015;25
02 Albacete;02063 Pozohondo;De 90 a 94 años;Total;1 de enero de 2014;15
02 Albacete;02063 Pozohondo;De 90 a 94 años;Total;1 de enero de 2013;13
02 Albacete;02063 Pozohondo;De 90 a 94 años;Total;1 de enero de 2012;15
02 Albacete;02063 Pozohondo;De 90 a 94 años;Total;1 de enero de 2011;10
02 Albacete;02063 Pozohondo;De 90 a 94 años;Total;1 de enero de 2010;11
02 Albacete;02063 Pozohondo;De 95 a 99 años;Total;1 de enero de 2022;7
02 Albacete;02063 Pozohondo;De 95 a 99 años;Total;1 de enero de 2021;8
02 Albacete;02063 Pozohondo;De 95 a 99 años;Total;1 de enero de 2020;9
02 Albacete;02063 Pozohondo;De 95 a 99 años;Total;1 de enero de 2019;5
02 Albacete;02063 Pozohondo;De 95 a 99 años;Total;1 de enero de 2018;2
02 Albacete;02063 Pozohondo;De 95 a 99 años;Total;1 de enero de 2017;2
02 Albacete;02063 Pozohondo;De 95 a 99 años;Total;1 de enero de 2016;2
02 Albacete;02063 Pozohondo;De 95 a 99 años;Total;1 de enero de 2015;2
02 Albacete;02063 Pozohondo;De 95 a 99 años;Total;1 de enero de 2014;2
02 Albacete;02063 Pozohondo;De 95 a 99 años;Total;1 de enero de 2013;7
02 Albacete;02063 Pozohondo;De 95 a 99 años;Total;1 de enero de 2012;6
02 Albacete;02063 Pozohondo;De 95 a 99 años;Total;1 de enero de 2011;4
02 Albacete;02063 Pozohondo;De 95 a 99 años;Total;1 de enero de 2010;2
02 Albacete;02063 Pozohondo;100 y más años;Total;1 de enero de 2022;0
02 Albacete;02063 Pozohondo;100 y más años;Total;1 de enero de 2021;0
02 Albacete;02063 Pozohondo;100 y más años;Total;1 de enero de 2020;0
02 Albacete;02063 Pozohondo;100 y más años;Total;1 de enero de 2019;0
02 Albacete;02063 Pozohondo;100 y más años;Total;1 de enero de 2018;0
02 Albacete;02063 Pozohondo;100 y más años;Total;1 de enero de 2017;0
02 Albacete;02063 Pozohondo;100 y más años;Total;1 de enero de 2016;0
02 Albacete;02063 Pozohondo;100 y más años;Total;1 de enero de 2015;0
02 Albacete;02063 Pozohondo;100 y más años;Total;1 de enero de 2014;0
02 Albacete;02063 Pozohondo;100 y más años;Total;1 de enero de 2013;0
02 Albacete;02063 Pozohondo;100 y más años;Total;1 de enero de 2012;0
02 Albacete;02063 Pozohondo;100 y más años;Total;1 de enero de 2011;0
02 Albacete;02063 Pozohondo;100 y más años;Total;1 de enero de 2010;0
02 Albacete;02064 Pozo-Lorente;De 0 a 4 años;Total;1 de enero de 2022;9
02 Albacete;02064 Pozo-Lorente;De 0 a 4 años;Total;1 de enero de 2021;6
02 Albacete;02064 Pozo-Lorente;De 0 a 4 años;Total;1 de enero de 2020;6
02 Albacete;02064 Pozo-Lorente;De 0 a 4 años;Total;1 de enero de 2019;5
02 Albacete;02064 Pozo-Lorente;De 0 a 4 años;Total;1 de enero de 2018;3
02 Albacete;02064 Pozo-Lorente;De 0 a 4 años;Total;1 de enero de 2017;5
02 Albacete;02064 Pozo-Lorente;De 0 a 4 años;Total;1 de enero de 2016;4
02 Albacete;02064 Pozo-Lorente;De 0 a 4 años;Total;1 de enero de 2015;2
02 Albacete;02064 Pozo-Lorente;De 0 a 4 años;Total;1 de enero de 2014;4
02 Albacete;02064 Pozo-Lorente;De 0 a 4 años;Total;1 de enero de 2013;4
02 Albacete;02064 Pozo-Lorente;De 0 a 4 años;Total;1 de enero de 2012;2
02 Albacete;02064 Pozo-Lorente;De 0 a 4 años;Total;1 de enero de 2011;8
02 Albacete;02064 Pozo-Lorente;De 0 a 4 años;Total;1 de enero de 2010;5
02 Albacete;02064 Pozo-Lorente;De 5 a 9 años;Total;1 de enero de 2022;5
02 Albacete;02064 Pozo-Lorente;De 5 a 9 años;Total;1 de enero de 2021;5
02 Albacete;02064 Pozo-Lorente;De 5 a 9 años;Total;1 de enero de 2020;4
02 Albacete;02064 Pozo-Lorente;De 5 a 9 años;Total;1 de enero de 2019;3
02 Albacete;02064 Pozo-Lorente;De 5 a 9 años;Total;1 de enero de 2018;3
02 Albacete;02064 Pozo-Lorente;De 5 a 9 años;Total;1 de enero de 2017;2
02 Albacete;02064 Pozo-Lorente;De 5 a 9 años;Total;1 de enero de 2016;3
02 Albacete;02064 Pozo-Lorente;De 5 a 9 años;Total;1 de enero de 2015;3
02 Albacete;02064 Pozo-Lorente;De 5 a 9 años;Total;1 de enero de 2014;6
02 Albacete;02064 Pozo-Lorente;De 5 a 9 años;Total;1 de enero de 2013;7
02 Albacete;02064 Pozo-Lorente;De 5 a 9 años;Total;1 de enero de 2012;12
02 Albacete;02064 Pozo-Lorente;De 5 a 9 años;Total;1 de enero de 2011;11
02 Albacete;02064 Pozo-Lorente;De 5 a 9 años;Total;1 de enero de 2010;15
02 Albacete;02064 Pozo-Lorente;De 10 a 14 años;Total;1 de enero de 2022;3
02 Albacete;02064 Pozo-Lorente;De 10 a 14 años;Total;1 de enero de 2021;4
02 Albacete;02064 Pozo-Lorente;De 10 a 14 años;Total;1 de enero de 2020;4
02 Albacete;02064 Pozo-Lorente;De 10 a 14 años;Total;1 de enero de 2019;5
02 Albacete;02064 Pozo-Lorente;De 10 a 14 años;Total;1 de enero de 2018;5
02 Albacete;02064 Pozo-Lorente;De 10 a 14 años;Total;1 de enero de 2017;9
02 Albacete;02064 Pozo-Lorente;De 10 a 14 años;Total;1 de enero de 2016;11
02 Albacete;02064 Pozo-Lorente;De 10 a 14 años;Total;1 de enero de 2015;15
02 Albacete;02064 Pozo-Lorente;De 10 a 14 años;Total;1 de enero de 2014;14
02 Albacete;02064 Pozo-Lorente;De 10 a 14 años;Total;1 de enero de 2013;15
02 Albacete;02064 Pozo-Lorente;De 10 a 14 años;Total;1 de enero de 2012;13
02 Albacete;02064 Pozo-Lorente;De 10 a 14 años;Total;1 de enero de 2011;13
02 Albacete;02064 Pozo-Lorente;De 10 a 14 años;Total;1 de enero de 2010;12
02 Albacete;02064 Pozo-Lorente;De 65 a 69 años;Total;1 de enero de 2022;20
02 Albacete;02064 Pozo-Lorente;De 65 a 69 años;Total;1 de enero de 2021;21
02 Albacete;02064 Pozo-Lorente;De 65 a 69 años;Total;1 de enero de 2020;19
02 Albacete;02064 Pozo-Lorente;De 65 a 69 años;Total;1 de enero de 2019;25
02 Albacete;02064 Pozo-Lorente;De 65 a 69 años;Total;1 de enero de 2018;30
02 Albacete;02064 Pozo-Lorente;De 65 a 69 años;Total;1 de enero de 2017;39
02 Albacete;02064 Pozo-Lorente;De 65 a 69 años;Total;1 de enero de 2016;45
02 Albacete;02064 Pozo-Lorente;De 65 a 69 años;Total;1 de enero de 2015;45
02 Albacete;02064 Pozo-Lorente;De 65 a 69 años;Total;1 de enero de 2014;42
02 Albacete;02064 Pozo-Lorente;De 65 a 69 años;Total;1 de enero de 2013;37
02 Albacete;02064 Pozo-Lorente;De 65 a 69 años;Total;1 de enero de 2012;34
02 Albacete;02064 Pozo-Lorente;De 65 a 69 años;Total;1 de enero de 2011;33
02 Albacete;02064 Pozo-Lorente;De 65 a 69 años;Total;1 de enero de 2010;39
02 Albacete;02064 Pozo-Lorente;De 70 a 74 años;Total;1 de enero de 2022;32
02 Albacete;02064 Pozo-Lorente;De 70 a 74 años;Total;1 de enero de 2021;33
02 Albacete;02064 Pozo-Lorente;De 70 a 74 años;Total;1 de enero de 2020;34
02 Albacete;02064 Pozo-Lorente;De 70 a 74 años;Total;1 de enero de 2019;37
02 Albacete;02064 Pozo-Lorente;De 70 a 74 años;Total;1 de enero de 2018;32
02 Albacete;02064 Pozo-Lorente;De 70 a 74 años;Total;1 de enero de 2017;28
02 Albacete;02064 Pozo-Lorente;De 70 a 74 años;Total;1 de enero de 2016;26
02 Albacete;02064 Pozo-Lorente;De 70 a 74 años;Total;1 de enero de 2015;34
02 Albacete;02064 Pozo-Lorente;De 70 a 74 años;Total;1 de enero de 2014;30
02 Albacete;02064 Pozo-Lorente;De 70 a 74 años;Total;1 de enero de 2013;36
02 Albacete;02064 Pozo-Lorente;De 70 a 74 años;Total;1 de enero de 2012;36
02 Albacete;02064 Pozo-Lorente;De 70 a 74 años;Total;1 de enero de 2011;41
02 Albacete;02064 Pozo-Lorente;De 70 a 74 años;Total;1 de enero de 2010;32
02 Albacete;02064 Pozo-Lorente;De 75 a 79 años;Total;1 de enero de 2022;25
02 Albacete;02064 Pozo-Lorente;De 75 a 79 años;Total;1 de enero de 2021;24
02 Albacete;02064 Pozo-Lorente;De 75 a 79 años;Total;1 de enero de 2020;30
02 Albacete;02064 Pozo-Lorente;De 75 a 79 años;Total;1 de enero de 2019;28
02 Albacete;02064 Pozo-Lorente;De 75 a 79 años;Total;1 de enero de 2018;33
02 Albacete;02064 Pozo-Lorente;De 75 a 79 años;Total;1 de enero de 2017;35
02 Albacete;02064 Pozo-Lorente;De 75 a 79 años;Total;1 de enero de 2016;41
02 Albacete;02064 Pozo-Lorente;De 75 a 79 años;Total;1 de enero de 2015;30
02 Albacete;02064 Pozo-Lorente;De 75 a 79 años;Total;1 de enero de 2014;27
02 Albacete;02064 Pozo-Lorente;De 75 a 79 años;Total;1 de enero de 2013;19
02 Albacete;02064 Pozo-Lorente;De 75 a 79 años;Total;1 de enero de 2012;21
02 Albacete;02064 Pozo-Lorente;De 75 a 79 años;Total;1 de enero de 2011;21
02 Albacete;02064 Pozo-Lorente;De 75 a 79 años;Total;1 de enero de 2010;31
02 Albacete;02064 Pozo-Lorente;De 80 a 84 años;Total;1 de enero de 2022;28
02 Albacete;02064 Pozo-Lorente;De 80 a 84 años;Total;1 de enero de 2021;35
02 Albacete;02064 Pozo-Lorente;De 80 a 84 años;Total;1 de enero de 2020;28
02 Albacete;02064 Pozo-Lorente;De 80 a 84 años;Total;1 de enero de 2019;28
02 Albacete;02064 Pozo-Lorente;De 80 a 84 años;Total;1 de enero de 2018;20
02 Albacete;02064 Pozo-Lorente;De 80 a 84 años;Total;1 de enero de 2017;16
02 Albacete;02064 Pozo-Lorente;De 80 a 84 años;Total;1 de enero de 2016;13
02 Albacete;02064 Pozo-Lorente;De 80 a 84 años;Total;1 de enero de 2015;21
02 Albacete;02064 Pozo-Lorente;De 80 a 84 años;Total;1 de enero de 2014;31
02 Albacete;02064 Pozo-Lorente;De 80 a 84 años;Total;1 de enero de 2013;37
02 Albacete;02064 Pozo-Lorente;De 80 a 84 años;Total;1 de enero de 2012;33
02 Albacete;02064 Pozo-Lorente;De 80 a 84 años;Total;1 de enero de 2011;33
02 Albacete;02064 Pozo-Lorente;De 80 a 84 años;Total;1 de enero de 2010;33
02 Albacete;02064 Pozo-Lorente;De 85 a 89 años;Total;1 de enero de 2022;12
02 Albacete;02064 Pozo-Lorente;De 85 a 89 años;Total;1 de enero de 2021;11
02 Albacete;02064 Pozo-Lorente;De 85 a 89 años;Total;1 de enero de 2020;18
02 Albacete;02064 Pozo-Lorente;De 85 a 89 años;Total;1 de enero de 2019;22
02 Albacete;02064 Pozo-Lorente;De 85 a 89 años;Total;1 de enero de 2018;26
02 Albacete;02064 Pozo-Lorente;De 85 a 89 años;Total;1 de enero de 2017;28
02 Albacete;02064 Pozo-Lorente;De 85 a 89 años;Total;1 de enero de 2016;24
02 Albacete;02064 Pozo-Lorente;De 85 a 89 años;Total;1 de enero de 2015;23
02 Albacete;02064 Pozo-Lorente;De 85 a 89 años;Total;1 de enero de 2014;16
02 Albacete;02064 Pozo-Lorente;De 85 a 89 años;Total;1 de enero de 2013;16
02 Albacete;02064 Pozo-Lorente;De 85 a 89 años;Total;1 de enero de 2012;20
02 Albacete;02064 Pozo-Lorente;De 85 a 89 años;Total;1 de enero de 2011;19
02 Albacete;02064 Pozo-Lorente;De 85 a 89 años;Total;1 de enero de 2010;18
02 Albacete;02064 Pozo-Lorente;De 90 a 94 años;Total;1 de enero de 2022;13
02 Albacete;02064 Pozo-Lorente;De 90 a 94 años;Total;1 de enero de 2021;13
02 Albacete;02064 Pozo-Lorente;De 90 a 94 años;Total;1 de enero de 2020;11
02 Albacete;02064 Pozo-Lorente;De 90 a 94 años;Total;1 de enero de 2019;6
02 Albacete;02064 Pozo-Lorente;De 90 a 94 años;Total;1 de enero de 2018;4
02 Albacete;02064 Pozo-Lorente;De 90 a 94 años;Total;1 de enero de 2017;8
02 Albacete;02064 Pozo-Lorente;De 90 a 94 años;Total;1 de enero de 2016;10
02 Albacete;02064 Pozo-Lorente;De 90 a 94 años;Total;1 de enero de 2015;4
02 Albacete;02064 Pozo-Lorente;De 90 a 94 años;Total;1 de enero de 2014;6
02 Albacete;02064 Pozo-Lorente;De 90 a 94 años;Total;1 de enero de 2013;6
02 Albacete;02064 Pozo-Lorente;De 90 a 94 años;Total;1 de enero de 2012;6
02 Albacete;02064 Pozo-Lorente;De 90 a 94 años;Total;1 de enero de 2011;5
02 Albacete;02064 Pozo-Lorente;De 90 a 94 años;Total;1 de enero de 2010;2
02 Albacete;02064 Pozo-Lorente;De 95 a 99 años;Total;1 de enero de 2022;2
02 Albacete;02064 Pozo-Lorente;De 95 a 99 años;Total;1 de enero de 2021;3
02 Albacete;02064 Pozo-Lorente;De 95 a 99 años;Total;1 de enero de 2020;2
02 Albacete;02064 Pozo-Lorente;De 95 a 99 años;Total;1 de enero de 2019;3
02 Albacete;02064 Pozo-Lorente;De 95 a 99 años;Total;1 de enero de 2018;2
02 Albacete;02064 Pozo-Lorente;De 95 a 99 años;Total;1 de enero de 2017;2
02 Albacete;02064 Pozo-Lorente;De 95 a 99 años;Total;1 de enero de 2016;2
02 Albacete;02064 Pozo-Lorente;De 95 a 99 años;Total;1 de enero de 2015;2
02 Albacete;02064 Pozo-Lorente;De 95 a 99 años;Total;1 de enero de 2014;1
02 Albacete;02064 Pozo-Lorente;De 95 a 99 años;Total;1 de enero de 2013;1
02 Albacete;02064 Pozo-Lorente;De 95 a 99 años;Total;1 de enero de 2012;1
02 Albacete;02064 Pozo-Lorente;De 95 a 99 años;Total;1 de enero de 2011;1
02 Albacete;02064 Pozo-Lorente;De 95 a 99 años;Total;1 de enero de 2010;1
02 Albacete;02064 Pozo-Lorente;100 y más años;Total;1 de enero de 2022;1
02 Albacete;02064 Pozo-Lorente;100 y más años;Total;1 de enero de 2021;2
02 Albacete;02064 Pozo-Lorente;100 y más años;Total;1 de enero de 2020;2
02 Albacete;02064 Pozo-Lorente;100 y más años;Total;1 de enero de 2019;1
02 Albacete;02064 Pozo-Lorente;100 y más años;Total;1 de enero de 2018;1
02 Albacete;02064 Pozo-Lorente;100 y más años;Total;1 de enero de 2017;0
02 Albacete;02064 Pozo-Lorente;100 y más años;Total;1 de enero de 2016;0
02 Albacete;02064 Pozo-Lorente;100 y más años;Total;1 de enero de 2015;0
02 Albacete;02064 Pozo-Lorente;100 y más años;Total;1 de enero de 2014;0
02 Albacete;02064 Pozo-Lorente;100 y más años;Total;1 de enero de 2013;0
02 Albacete;02064 Pozo-Lorente;100 y más años;Total;1 de enero de 2012;0
02 Albacete;02064 Pozo-Lorente;100 y más años;Total;1 de enero de 2011;0
02 Albacete;02064 Pozo-Lorente;100 y más años;Total;1 de enero de 2010;0
02 Albacete;02065 Pozuelo;De 0 a 4 años;Total;1 de enero de 2022;2
02 Albacete;02065 Pozuelo;De 0 a 4 años;Total;1 de enero de 2021;3
02 Albacete;02065 Pozuelo;De 0 a 4 años;Total;1 de enero de 2020;3
02 Albacete;02065 Pozuelo;De 0 a 4 años;Total;1 de enero de 2019;4
02 Albacete;02065 Pozuelo;De 0 a 4 años;Total;1 de enero de 2018;4
02 Albacete;02065 Pozuelo;De 0 a 4 años;Total;1 de enero de 2017;4
02 Albacete;02065 Pozuelo;De 0 a 4 años;Total;1 de enero de 2016;9
02 Albacete;02065 Pozuelo;De 0 a 4 años;Total;1 de enero de 2015;11
02 Albacete;02065 Pozuelo;De 0 a 4 años;Total;1 de enero de 2014;11
02 Albacete;02065 Pozuelo;De 0 a 4 años;Total;1 de enero de 2013;15
02 Albacete;02065 Pozuelo;De 0 a 4 años;Total;1 de enero de 2012;14
02 Albacete;02065 Pozuelo;De 0 a 4 años;Total;1 de enero de 2011;21
02 Albacete;02065 Pozuelo;De 0 a 4 años;Total;1 de enero de 2010;20
02 Albacete;02065 Pozuelo;De 5 a 9 años;Total;1 de enero de 2022;4
02 Albacete;02065 Pozuelo;De 5 a 9 años;Total;1 de enero de 2021;4
02 Albacete;02065 Pozuelo;De 5 a 9 años;Total;1 de enero de 2020;5
02 Albacete;02065 Pozuelo;De 5 a 9 años;Total;1 de enero de 2019;8
02 Albacete;02065 Pozuelo;De 5 a 9 años;Total;1 de enero de 2018;11
02 Albacete;02065 Pozuelo;De 5 a 9 años;Total;1 de enero de 2017;14
02 Albacete;02065 Pozuelo;De 5 a 9 años;Total;1 de enero de 2016;15
02 Albacete;02065 Pozuelo;De 5 a 9 años;Total;1 de enero de 2015;19
02 Albacete;02065 Pozuelo;De 5 a 9 años;Total;1 de enero de 2014;23
02 Albacete;02065 Pozuelo;De 5 a 9 años;Total;1 de enero de 2013;21
02 Albacete;02065 Pozuelo;De 5 a 9 años;Total;1 de enero de 2012;23
02 Albacete;02065 Pozuelo;De 5 a 9 años;Total;1 de enero de 2011;23
02 Albacete;02065 Pozuelo;De 5 a 9 años;Total;1 de enero de 2010;17
02 Albacete;02065 Pozuelo;De 10 a 14 años;Total;1 de enero de 2022;13
02 Albacete;02065 Pozuelo;De 10 a 14 años;Total;1 de enero de 2021;16
02 Albacete;02065 Pozuelo;De 10 a 14 años;Total;1 de enero de 2020;19
02 Albacete;02065 Pozuelo;De 10 a 14 años;Total;1 de enero de 2019;21
02 Albacete;02065 Pozuelo;De 10 a 14 años;Total;1 de enero de 2018;20
02 Albacete;02065 Pozuelo;De 10 a 14 años;Total;1 de enero de 2017;22
02 Albacete;02065 Pozuelo;De 10 a 14 años;Total;1 de enero de 2016;21
02 Albacete;02065 Pozuelo;De 10 a 14 años;Total;1 de enero de 2015;15
02 Albacete;02065 Pozuelo;De 10 a 14 años;Total;1 de enero de 2014;10
02 Albacete;02065 Pozuelo;De 10 a 14 años;Total;1 de enero de 2013;15
02 Albacete;02065 Pozuelo;De 10 a 14 años;Total;1 de enero de 2012;16
02 Albacete;02065 Pozuelo;De 10 a 14 años;Total;1 de enero de 2011;15
02 Albacete;02065 Pozuelo;De 10 a 14 años;Total;1 de enero de 2010;18
02 Albacete;02065 Pozuelo;De 65 a 69 años;Total;1 de enero de 2022;37
02 Albacete;02065 Pozuelo;De 65 a 69 años;Total;1 de enero de 2021;32
02 Albacete;02065 Pozuelo;De 65 a 69 años;Total;1 de enero de 2020;32
02 Albacete;02065 Pozuelo;De 65 a 69 años;Total;1 de enero de 2019;32
02 Albacete;02065 Pozuelo;De 65 a 69 años;Total;1 de enero de 2018;30
02 Albacete;02065 Pozuelo;De 65 a 69 años;Total;1 de enero de 2017;30
02 Albacete;02065 Pozuelo;De 65 a 69 años;Total;1 de enero de 2016;32
02 Albacete;02065 Pozuelo;De 65 a 69 años;Total;1 de enero de 2015;34
02 Albacete;02065 Pozuelo;De 65 a 69 años;Total;1 de enero de 2014;36
02 Albacete;02065 Pozuelo;De 65 a 69 años;Total;1 de enero de 2013;35
02 Albacete;02065 Pozuelo;De 65 a 69 años;Total;1 de enero de 2012;37
02 Albacete;02065 Pozuelo;De 65 a 69 años;Total;1 de enero de 2011;36
02 Albacete;02065 Pozuelo;De 65 a 69 años;Total;1 de enero de 2010;37
02 Albacete;02065 Pozuelo;De 70 a 74 años;Total;1 de enero de 2022;25
02 Albacete;02065 Pozuelo;De 70 a 74 años;Total;1 de enero de 2021;27
02 Albacete;02065 Pozuelo;De 70 a 74 años;Total;1 de enero de 2020;28
02 Albacete;02065 Pozuelo;De 70 a 74 años;Total;1 de enero de 2019;31
02 Albacete;02065 Pozuelo;De 70 a 74 años;Total;1 de enero de 2018;27
02 Albacete;02065 Pozuelo;De 70 a 74 años;Total;1 de enero de 2017;29
02 Albacete;02065 Pozuelo;De 70 a 74 años;Total;1 de enero de 2016;30
02 Albacete;02065 Pozuelo;De 70 a 74 años;Total;1 de enero de 2015;33
02 Albacete;02065 Pozuelo;De 70 a 74 años;Total;1 de enero de 2014;30
02 Albacete;02065 Pozuelo;De 70 a 74 años;Total;1 de enero de 2013;33
02 Albacete;02065 Pozuelo;De 70 a 74 años;Total;1 de enero de 2012;31
02 Albacete;02065 Pozuelo;De 70 a 74 años;Total;1 de enero de 2011;30
02 Albacete;02065 Pozuelo;De 70 a 74 años;Total;1 de enero de 2010;37
02 Albacete;02065 Pozuelo;De 75 a 79 años;Total;1 de enero de 2022;22
02 Albacete;02065 Pozuelo;De 75 a 79 años;Total;1 de enero de 2021;23
02 Albacete;02065 Pozuelo;De 75 a 79 años;Total;1 de enero de 2020;28
02 Albacete;02065 Pozuelo;De 75 a 79 años;Total;1 de enero de 2019;30
02 Albacete;02065 Pozuelo;De 75 a 79 años;Total;1 de enero de 2018;29
02 Albacete;02065 Pozuelo;De 75 a 79 años;Total;1 de enero de 2017;27
02 Albacete;02065 Pozuelo;De 75 a 79 años;Total;1 de enero de 2016;24
02 Albacete;02065 Pozuelo;De 75 a 79 años;Total;1 de enero de 2015;33
02 Albacete;02065 Pozuelo;De 75 a 79 años;Total;1 de enero de 2014;34
02 Albacete;02065 Pozuelo;De 75 a 79 años;Total;1 de enero de 2013;38
02 Albacete;02065 Pozuelo;De 75 a 79 años;Total;1 de enero de 2012;42
02 Albacete;02065 Pozuelo;De 75 a 79 años;Total;1 de enero de 2011;42
02 Albacete;02065 Pozuelo;De 75 a 79 años;Total;1 de enero de 2010;34
02 Albacete;02065 Pozuelo;De 80 a 84 años;Total;1 de enero de 2022;22
02 Albacete;02065 Pozuelo;De 80 a 84 años;Total;1 de enero de 2021;19
02 Albacete;02065 Pozuelo;De 80 a 84 años;Total;1 de enero de 2020;23
02 Albacete;02065 Pozuelo;De 80 a 84 años;Total;1 de enero de 2019;23
02 Albacete;02065 Pozuelo;De 80 a 84 años;Total;1 de enero de 2018;26
02 Albacete;02065 Pozuelo;De 80 a 84 años;Total;1 de enero de 2017;34
02 Albacete;02065 Pozuelo;De 80 a 84 años;Total;1 de enero de 2016;37
02 Albacete;02065 Pozuelo;De 80 a 84 años;Total;1 de enero de 2015;34
02 Albacete;02065 Pozuelo;De 80 a 84 años;Total;1 de enero de 2014;38
02 Albacete;02065 Pozuelo;De 80 a 84 años;Total;1 de enero de 2013;36
02 Albacete;02065 Pozuelo;De 80 a 84 años;Total;1 de enero de 2012;34
02 Albacete;02065 Pozuelo;De 80 a 84 años;Total;1 de enero de 2011;29
02 Albacete;02065 Pozuelo;De 80 a 84 años;Total;1 de enero de 2010;29
02 Albacete;02065 Pozuelo;De 85 a 89 años;Total;1 de enero de 2022;17
02 Albacete;02065 Pozuelo;De 85 a 89 años;Total;1 de enero de 2021;21
02 Albacete;02065 Pozuelo;De 85 a 89 años;Total;1 de enero de 2020;15
02 Albacete;02065 Pozuelo;De 85 a 89 años;Total;1 de enero de 2019;20
02 Albacete;02065 Pozuelo;De 85 a 89 años;Total;1 de enero de 2018;22
02 Albacete;02065 Pozuelo;De 85 a 89 años;Total;1 de enero de 2017;25
02 Albacete;02065 Pozuelo;De 85 a 89 años;Total;1 de enero de 2016;19
02 Albacete;02065 Pozuelo;De 85 a 89 años;Total;1 de enero de 2015;21
02 Albacete;02065 Pozuelo;De 85 a 89 años;Total;1 de enero de 2014;18
02 Albacete;02065 Pozuelo;De 85 a 89 años;Total;1 de enero de 2013;16
02 Albacete;02065 Pozuelo;De 85 a 89 años;Total;1 de enero de 2012;17
02 Albacete;02065 Pozuelo;De 85 a 89 años;Total;1 de enero de 2011;17
02 Albacete;02065 Pozuelo;De 85 a 89 años;Total;1 de enero de 2010;17
02 Albacete;02065 Pozuelo;De 90 a 94 años;Total;1 de enero de 2022;8
02 Albacete;02065 Pozuelo;De 90 a 94 años;Total;1 de enero de 2021;6
02 Albacete;02065 Pozuelo;De 90 a 94 años;Total;1 de enero de 2020;10
02 Albacete;02065 Pozuelo;De 90 a 94 años;Total;1 de enero de 2019;9
02 Albacete;02065 Pozuelo;De 90 a 94 años;Total;1 de enero de 2018;8
02 Albacete;02065 Pozuelo;De 90 a 94 años;Total;1 de enero de 2017;8
02 Albacete;02065 Pozuelo;De 90 a 94 años;Total;1 de enero de 2016;11
02 Albacete;02065 Pozuelo;De 90 a 94 años;Total;1 de enero de 2015;9
02 Albacete;02065 Pozuelo;De 90 a 94 años;Total;1 de enero de 2014;7
02 Albacete;02065 Pozuelo;De 90 a 94 años;Total;1 de enero de 2013;6
02 Albacete;02065 Pozuelo;De 90 a 94 años;Total;1 de enero de 2012;4
02 Albacete;02065 Pozuelo;De 90 a 94 años;Total;1 de enero de 2011;4
02 Albacete;02065 Pozuelo;De 90 a 94 años;Total;1 de enero de 2010;3
02 Albacete;02065 Pozuelo;De 95 a 99 años;Total;1 de enero de 2022;2
02 Albacete;02065 Pozuelo;De 95 a 99 años;Total;1 de enero de 2021;4
02 Albacete;02065 Pozuelo;De 95 a 99 años;Total;1 de enero de 2020;4
02 Albacete;02065 Pozuelo;De 95 a 99 años;Total;1 de enero de 2019;2
02 Albacete;02065 Pozuelo;De 95 a 99 años;Total;1 de enero de 2018;2
02 Albacete;02065 Pozuelo;De 95 a 99 años;Total;1 de enero de 2017;2
02 Albacete;02065 Pozuelo;De 95 a 99 años;Total;1 de enero de 2016;1
02 Albacete;02065 Pozuelo;De 95 a 99 años;Total;1 de enero de 2015;0
02 Albacete;02065 Pozuelo;De 95 a 99 años;Total;1 de enero de 2014;0
02 Albacete;02065 Pozuelo;De 95 a 99 años;Total;1 de enero de 2013;1
02 Albacete;02065 Pozuelo;De 95 a 99 años;Total;1 de enero de 2012;1
02 Albacete;02065 Pozuelo;De 95 a 99 años;Total;1 de enero de 2011;0
02 Albacete;02065 Pozuelo;De 95 a 99 años;Total;1 de enero de 2010;1
02 Albacete;02065 Pozuelo;100 y más años;Total;1 de enero de 2022;0
02 Albacete;02065 Pozuelo;100 y más años;Total;1 de enero de 2021;0
02 Albacete;02065 Pozuelo;100 y más años;Total;1 de enero de 2020;0
02 Albacete;02065 Pozuelo;100 y más años;Total;1 de enero de 2019;0
02 Albacete;02065 Pozuelo;100 y más años;Total;1 de enero de 2018;0
02 Albacete;02065 Pozuelo;100 y más años;Total;1 de enero de 2017;0
02 Albacete;02065 Pozuelo;100 y más años;Total;1 de enero de 2016;0
02 Albacete;02065 Pozuelo;100 y más años;Total;1 de enero de 2015;0
02 Albacete;02065 Pozuelo;100 y más años;Total;1 de enero de 2014;1
02 Albacete;02065 Pozuelo;100 y más años;Total;1 de enero de 2013;1
02 Albacete;02065 Pozuelo;100 y más años;Total;1 de enero de 2012;1
02 Albacete;02065 Pozuelo;100 y más años;Total;1 de enero de 2011;1
02 Albacete;02065 Pozuelo;100 y más años;Total;1 de enero de 2010;0
02 Albacete;02066 Recueja, La;De 0 a 4 años;Total;1 de enero de 2022;4
02 Albacete;02066 Recueja, La;De 0 a 4 años;Total;1 de enero de 2021;1
02 Albacete;02066 Recueja, La;De 0 a 4 años;Total;1 de enero de 2020;0
02 Albacete;02066 Recueja, La;De 0 a 4 años;Total;1 de enero de 2019;0
02 Albacete;02066 Recueja, La;De 0 a 4 años;Total;1 de enero de 2018;1
02 Albacete;02066 Recueja, La;De 0 a 4 años;Total;1 de enero de 2017;2
02 Albacete;02066 Recueja, La;De 0 a 4 años;Total;1 de enero de 2016;4
02 Albacete;02066 Recueja, La;De 0 a 4 años;Total;1 de enero de 2015;4
02 Albacete;02066 Recueja, La;De 0 a 4 años;Total;1 de enero de 2014;5
02 Albacete;02066 Recueja, La;De 0 a 4 años;Total;1 de enero de 2013;5
02 Albacete;02066 Recueja, La;De 0 a 4 años;Total;1 de enero de 2012;5
02 Albacete;02066 Recueja, La;De 0 a 4 años;Total;1 de enero de 2011;4
02 Albacete;02066 Recueja, La;De 0 a 4 años;Total;1 de enero de 2010;7
02 Albacete;02066 Recueja, La;De 5 a 9 años;Total;1 de enero de 2022;1
02 Albacete;02066 Recueja, La;De 5 a 9 años;Total;1 de enero de 2021;2
02 Albacete;02066 Recueja, La;De 5 a 9 años;Total;1 de enero de 2020;2
02 Albacete;02066 Recueja, La;De 5 a 9 años;Total;1 de enero de 2019;2
02 Albacete;02066 Recueja, La;De 5 a 9 años;Total;1 de enero de 2018;4
02 Albacete;02066 Recueja, La;De 5 a 9 años;Total;1 de enero de 2017;4
02 Albacete;02066 Recueja, La;De 5 a 9 años;Total;1 de enero de 2016;4
02 Albacete;02066 Recueja, La;De 5 a 9 años;Total;1 de enero de 2015;8
02 Albacete;02066 Recueja, La;De 5 a 9 años;Total;1 de enero de 2014;7
02 Albacete;02066 Recueja, La;De 5 a 9 años;Total;1 de enero de 2013;10
02 Albacete;02066 Recueja, La;De 5 a 9 años;Total;1 de enero de 2012;10
02 Albacete;02066 Recueja, La;De 5 a 9 años;Total;1 de enero de 2011;11
02 Albacete;02066 Recueja, La;De 5 a 9 años;Total;1 de enero de 2010;12
02 Albacete;02066 Recueja, La;De 10 a 14 años;Total;1 de enero de 2022;2
02 Albacete;02066 Recueja, La;De 10 a 14 años;Total;1 de enero de 2021;3
02 Albacete;02066 Recueja, La;De 10 a 14 años;Total;1 de enero de 2020;5
02 Albacete;02066 Recueja, La;De 10 a 14 años;Total;1 de enero de 2019;5
02 Albacete;02066 Recueja, La;De 10 a 14 años;Total;1 de enero de 2018;10
02 Albacete;02066 Recueja, La;De 10 a 14 años;Total;1 de enero de 2017;10
02 Albacete;02066 Recueja, La;De 10 a 14 años;Total;1 de enero de 2016;12
02 Albacete;02066 Recueja, La;De 10 a 14 años;Total;1 de enero de 2015;11
02 Albacete;02066 Recueja, La;De 10 a 14 años;Total;1 de enero de 2014;16
02 Albacete;02066 Recueja, La;De 10 a 14 años;Total;1 de enero de 2013;17
02 Albacete;02066 Recueja, La;De 10 a 14 años;Total;1 de enero de 2012;19
02 Albacete;02066 Recueja, La;De 10 a 14 años;Total;1 de enero de 2011;19
02 Albacete;02066 Recueja, La;De 10 a 14 años;Total;1 de enero de 2010;18
02 Albacete;02066 Recueja, La;De 65 a 69 años;Total;1 de enero de 2022;16
02 Albacete;02066 Recueja, La;De 65 a 69 años;Total;1 de enero de 2021;17
02 Albacete;02066 Recueja, La;De 65 a 69 años;Total;1 de enero de 2020;18
02 Albacete;02066 Recueja, La;De 65 a 69 años;Total;1 de enero de 2019;21
02 Albacete;02066 Recueja, La;De 65 a 69 años;Total;1 de enero de 2018;23
02 Albacete;02066 Recueja, La;De 65 a 69 años;Total;1 de enero de 2017;22
02 Albacete;02066 Recueja, La;De 65 a 69 años;Total;1 de enero de 2016;18
02 Albacete;02066 Recueja, La;De 65 a 69 años;Total;1 de enero de 2015;21
02 Albacete;02066 Recueja, La;De 65 a 69 años;Total;1 de enero de 2014;24
02 Albacete;02066 Recueja, La;De 65 a 69 años;Total;1 de enero de 2013;21
02 Albacete;02066 Recueja, La;De 65 a 69 años;Total;1 de enero de 2012;21
02 Albacete;02066 Recueja, La;De 65 a 69 años;Total;1 de enero de 2011;27
02 Albacete;02066 Recueja, La;De 65 a 69 años;Total;1 de enero de 2010;30
02 Albacete;02066 Recueja, La;De 70 a 74 años;Total;1 de enero de 2022;21
02 Albacete;02066 Recueja, La;De 70 a 74 años;Total;1 de enero de 2021;19
02 Albacete;02066 Recueja, La;De 70 a 74 años;Total;1 de enero de 2020;24
02 Albacete;02066 Recueja, La;De 70 a 74 años;Total;1 de enero de 2019;24
02 Albacete;02066 Recueja, La;De 70 a 74 años;Total;1 de enero de 2018;22
02 Albacete;02066 Recueja, La;De 70 a 74 años;Total;1 de enero de 2017;22
02 Albacete;02066 Recueja, La;De 70 a 74 años;Total;1 de enero de 2016;29
02 Albacete;02066 Recueja, La;De 70 a 74 años;Total;1 de enero de 2015;28
02 Albacete;02066 Recueja, La;De 70 a 74 años;Total;1 de enero de 2014;25
02 Albacete;02066 Recueja, La;De 70 a 74 años;Total;1 de enero de 2013;28
02 Albacete;02066 Recueja, La;De 70 a 74 años;Total;1 de enero de 2012;33
02 Albacete;02066 Recueja, La;De 70 a 74 años;Total;1 de enero de 2011;31
02 Albacete;02066 Recueja, La;De 70 a 74 años;Total;1 de enero de 2010;24
02 Albacete;02066 Recueja, La;De 75 a 79 años;Total;1 de enero de 2022;20
02 Albacete;02066 Recueja, La;De 75 a 79 años;Total;1 de enero de 2021;26
02 Albacete;02066 Recueja, La;De 75 a 79 años;Total;1 de enero de 2020;27
02 Albacete;02066 Recueja, La;De 75 a 79 años;Total;1 de enero de 2019;26
02 Albacete;02066 Recueja, La;De 75 a 79 años;Total;1 de enero de 2018;24
02 Albacete;02066 Recueja, La;De 75 a 79 años;Total;1 de enero de 2017;26
02 Albacete;02066 Recueja, La;De 75 a 79 años;Total;1 de enero de 2016;27
02 Albacete;02066 Recueja, La;De 75 a 79 años;Total;1 de enero de 2015;21
02 Albacete;02066 Recueja, La;De 75 a 79 años;Total;1 de enero de 2014;21
02 Albacete;02066 Recueja, La;De 75 a 79 años;Total;1 de enero de 2013;22
02 Albacete;02066 Recueja, La;De 75 a 79 años;Total;1 de enero de 2012;21
02 Albacete;02066 Recueja, La;De 75 a 79 años;Total;1 de enero de 2011;22
02 Albacete;02066 Recueja, La;De 75 a 79 años;Total;1 de enero de 2010;32
02 Albacete;02066 Recueja, La;De 80 a 84 años;Total;1 de enero de 2022;17
02 Albacete;02066 Recueja, La;De 80 a 84 años;Total;1 de enero de 2021;16
02 Albacete;02066 Recueja, La;De 80 a 84 años;Total;1 de enero de 2020;14
02 Albacete;02066 Recueja, La;De 80 a 84 años;Total;1 de enero de 2019;13
02 Albacete;02066 Recueja, La;De 80 a 84 años;Total;1 de enero de 2018;15
02 Albacete;02066 Recueja, La;De 80 a 84 años;Total;1 de enero de 2017;12
02 Albacete;02066 Recueja, La;De 80 a 84 años;Total;1 de enero de 2016;17
02 Albacete;02066 Recueja, La;De 80 a 84 años;Total;1 de enero de 2015;25
02 Albacete;02066 Recueja, La;De 80 a 84 años;Total;1 de enero de 2014;23
02 Albacete;02066 Recueja, La;De 80 a 84 años;Total;1 de enero de 2013;23
02 Albacete;02066 Recueja, La;De 80 a 84 años;Total;1 de enero de 2012;25
02 Albacete;02066 Recueja, La;De 80 a 84 años;Total;1 de enero de 2011;26
02 Albacete;02066 Recueja, La;De 80 a 84 años;Total;1 de enero de 2010;24
02 Albacete;02066 Recueja, La;De 85 a 89 años;Total;1 de enero de 2022;8
02 Albacete;02066 Recueja, La;De 85 a 89 años;Total;1 de enero de 2021;8
02 Albacete;02066 Recueja, La;De 85 a 89 años;Total;1 de enero de 2020;11
02 Albacete;02066 Recueja, La;De 85 a 89 años;Total;1 de enero de 2019;12
02 Albacete;02066 Recueja, La;De 85 a 89 años;Total;1 de enero de 2018;15
02 Albacete;02066 Recueja, La;De 85 a 89 años;Total;1 de enero de 2017;18
02 Albacete;02066 Recueja, La;De 85 a 89 años;Total;1 de enero de 2016;22
02 Albacete;02066 Recueja, La;De 85 a 89 años;Total;1 de enero de 2015;13
02 Albacete;02066 Recueja, La;De 85 a 89 años;Total;1 de enero de 2014;16
02 Albacete;02066 Recueja, La;De 85 a 89 años;Total;1 de enero de 2013;15
02 Albacete;02066 Recueja, La;De 85 a 89 años;Total;1 de enero de 2012;16
02 Albacete;02066 Recueja, La;De 85 a 89 años;Total;1 de enero de 2011;12
02 Albacete;02066 Recueja, La;De 85 a 89 años;Total;1 de enero de 2010;11
02 Albacete;02066 Recueja, La;De 90 a 94 años;Total;1 de enero de 2022;5
02 Albacete;02066 Recueja, La;De 90 a 94 años;Total;1 de enero de 2021;7
02 Albacete;02066 Recueja, La;De 90 a 94 años;Total;1 de enero de 2020;7
02 Albacete;02066 Recueja, La;De 90 a 94 años;Total;1 de enero de 2019;8
02 Albacete;02066 Recueja, La;De 90 a 94 años;Total;1 de enero de 2018;7
02 Albacete;02066 Recueja, La;De 90 a 94 años;Total;1 de enero de 2017;7
02 Albacete;02066 Recueja, La;De 90 a 94 años;Total;1 de enero de 2016;3
02 Albacete;02066 Recueja, La;De 90 a 94 años;Total;1 de enero de 2015;5
02 Albacete;02066 Recueja, La;De 90 a 94 años;Total;1 de enero de 2014;3
02 Albacete;02066 Recueja, La;De 90 a 94 años;Total;1 de enero de 2013;3
02 Albacete;02066 Recueja, La;De 90 a 94 años;Total;1 de enero de 2012;3
02 Albacete;02066 Recueja, La;De 90 a 94 años;Total;1 de enero de 2011;3
02 Albacete;02066 Recueja, La;De 90 a 94 años;Total;1 de enero de 2010;4
02 Albacete;02066 Recueja, La;De 95 a 99 años;Total;1 de enero de 2022;2
02 Albacete;02066 Recueja, La;De 95 a 99 años;Total;1 de enero de 2021;2
02 Albacete;02066 Recueja, La;De 95 a 99 años;Total;1 de enero de 2020;2
02 Albacete;02066 Recueja, La;De 95 a 99 años;Total;1 de enero de 2019;1
02 Albacete;02066 Recueja, La;De 95 a 99 años;Total;1 de enero de 2018;1
02 Albacete;02066 Recueja, La;De 95 a 99 años;Total;1 de enero de 2017;1
02 Albacete;02066 Recueja, La;De 95 a 99 años;Total;1 de enero de 2016;1
02 Albacete;02066 Recueja, La;De 95 a 99 años;Total;1 de enero de 2015;1
02 Albacete;02066 Recueja, La;De 95 a 99 años;Total;1 de enero de 2014;1
02 Albacete;02066 Recueja, La;De 95 a 99 años;Total;1 de enero de 2013;1
02 Albacete;02066 Recueja, La;De 95 a 99 años;Total;1 de enero de 2012;1
02 Albacete;02066 Recueja, La;De 95 a 99 años;Total;1 de enero de 2011;1
02 Albacete;02066 Recueja, La;De 95 a 99 años;Total;1 de enero de 2010;0
02 Albacete;02066 Recueja, La;100 y más años;Total;1 de enero de 2022;0
02 Albacete;02066 Recueja, La;100 y más años;Total;1 de enero de 2021;0
02 Albacete;02066 Recueja, La;100 y más años;Total;1 de enero de 2020;0
02 Albacete;02066 Recueja, La;100 y más años;Total;1 de enero de 2019;0
02 Albacete;02066 Recueja, La;100 y más años;Total;1 de enero de 2018;1
02 Albacete;02066 Recueja, La;100 y más años;Total;1 de enero de 2017;1
02 Albacete;02066 Recueja, La;100 y más años;Total;1 de enero de 2016;1
02 Albacete;02066 Recueja, La;100 y más años;Total;1 de enero de 2015;0
02 Albacete;02066 Recueja, La;100 y más años;Total;1 de enero de 2014;0
02 Albacete;02066 Recueja, La;100 y más años;Total;1 de enero de 2013;0
02 Albacete;02066 Recueja, La;100 y más años;Total;1 de enero de 2012;0
02 Albacete;02066 Recueja, La;100 y más años;Total;1 de enero de 2011;0
02 Albacete;02066 Recueja, La;100 y más años;Total;1 de enero de 2010;0
02 Albacete;02067 Riópar;De 0 a 4 años;Total;1 de enero de 2022;35
02 Albacete;02067 Riópar;De 0 a 4 años;Total;1 de enero de 2021;39
02 Albacete;02067 Riópar;De 0 a 4 años;Total;1 de enero de 2020;46
02 Albacete;02067 Riópar;De 0 a 4 años;Total;1 de enero de 2019;51
02 Albacete;02067 Riópar;De 0 a 4 años;Total;1 de enero de 2018;57
02 Albacete;02067 Riópar;De 0 a 4 años;Total;1 de enero de 2017;63
02 Albacete;02067 Riópar;De 0 a 4 años;Total;1 de enero de 2016;60
02 Albacete;02067 Riópar;De 0 a 4 años;Total;1 de enero de 2015;52
02 Albacete;02067 Riópar;De 0 a 4 años;Total;1 de enero de 2014;51
02 Albacete;02067 Riópar;De 0 a 4 años;Total;1 de enero de 2013;49
02 Albacete;02067 Riópar;De 0 a 4 años;Total;1 de enero de 2012;49
02 Albacete;02067 Riópar;De 0 a 4 años;Total;1 de enero de 2011;57
02 Albacete;02067 Riópar;De 0 a 4 años;Total;1 de enero de 2010;62
02 Albacete;02067 Riópar;De 5 a 9 años;Total;1 de enero de 2022;62
02 Albacete;02067 Riópar;De 5 a 9 años;Total;1 de enero de 2021;59
02 Albacete;02067 Riópar;De 5 a 9 años;Total;1 de enero de 2020;48
02 Albacete;02067 Riópar;De 5 a 9 años;Total;1 de enero de 2019;45
02 Albacete;02067 Riópar;De 5 a 9 años;Total;1 de enero de 2018;47
02 Albacete;02067 Riópar;De 5 a 9 años;Total;1 de enero de 2017;50
02 Albacete;02067 Riópar;De 5 a 9 años;Total;1 de enero de 2016;60
02 Albacete;02067 Riópar;De 5 a 9 años;Total;1 de enero de 2015;60
02 Albacete;02067 Riópar;De 5 a 9 años;Total;1 de enero de 2014;64
02 Albacete;02067 Riópar;De 5 a 9 años;Total;1 de enero de 2013;62
02 Albacete;02067 Riópar;De 5 a 9 años;Total;1 de enero de 2012;60
02 Albacete;02067 Riópar;De 5 a 9 años;Total;1 de enero de 2011;47
02 Albacete;02067 Riópar;De 5 a 9 años;Total;1 de enero de 2010;54
02 Albacete;02067 Riópar;De 10 a 14 años;Total;1 de enero de 2022;48
02 Albacete;02067 Riópar;De 10 a 14 años;Total;1 de enero de 2021;52
02 Albacete;02067 Riópar;De 10 a 14 años;Total;1 de enero de 2020;52
02 Albacete;02067 Riópar;De 10 a 14 años;Total;1 de enero de 2019;53
02 Albacete;02067 Riópar;De 10 a 14 años;Total;1 de enero de 2018;51
02 Albacete;02067 Riópar;De 10 a 14 años;Total;1 de enero de 2017;54
02 Albacete;02067 Riópar;De 10 a 14 años;Total;1 de enero de 2016;46
02 Albacete;02067 Riópar;De 10 a 14 años;Total;1 de enero de 2015;56
02 Albacete;02067 Riópar;De 10 a 14 años;Total;1 de enero de 2014;64
02 Albacete;02067 Riópar;De 10 a 14 años;Total;1 de enero de 2013;66
02 Albacete;02067 Riópar;De 10 a 14 años;Total;1 de enero de 2012;61
02 Albacete;02067 Riópar;De 10 a 14 años;Total;1 de enero de 2011;80
02 Albacete;02067 Riópar;De 10 a 14 años;Total;1 de enero de 2010;78
02 Albacete;02067 Riópar;De 65 a 69 años;Total;1 de enero de 2022;86
02 Albacete;02067 Riópar;De 65 a 69 años;Total;1 de enero de 2021;86
02 Albacete;02067 Riópar;De 65 a 69 años;Total;1 de enero de 2020;76
02 Albacete;02067 Riópar;De 65 a 69 años;Total;1 de enero de 2019;85
02 Albacete;02067 Riópar;De 65 a 69 años;Total;1 de enero de 2018;83
02 Albacete;02067 Riópar;De 65 a 69 años;Total;1 de enero de 2017;72
02 Albacete;02067 Riópar;De 65 a 69 años;Total;1 de enero de 2016;72
02 Albacete;02067 Riópar;De 65 a 69 años;Total;1 de enero de 2015;76
02 Albacete;02067 Riópar;De 65 a 69 años;Total;1 de enero de 2014;71
02 Albacete;02067 Riópar;De 65 a 69 años;Total;1 de enero de 2013;61
02 Albacete;02067 Riópar;De 65 a 69 años;Total;1 de enero de 2012;59
02 Albacete;02067 Riópar;De 65 a 69 años;Total;1 de enero de 2011;52
02 Albacete;02067 Riópar;De 65 a 69 años;Total;1 de enero de 2010;62
02 Albacete;02067 Riópar;De 70 a 74 años;Total;1 de enero de 2022;71
02 Albacete;02067 Riópar;De 70 a 74 años;Total;1 de enero de 2021;72
02 Albacete;02067 Riópar;De 70 a 74 años;Total;1 de enero de 2020;71
02 Albacete;02067 Riópar;De 70 a 74 años;Total;1 de enero de 2019;69
02 Albacete;02067 Riópar;De 70 a 74 años;Total;1 de enero de 2018;63
02 Albacete;02067 Riópar;De 70 a 74 años;Total;1 de enero de 2017;59
02 Albacete;02067 Riópar;De 70 a 74 años;Total;1 de enero de 2016;52
02 Albacete;02067 Riópar;De 70 a 74 años;Total;1 de enero de 2015;58
02 Albacete;02067 Riópar;De 70 a 74 años;Total;1 de enero de 2014;60
02 Albacete;02067 Riópar;De 70 a 74 años;Total;1 de enero de 2013;61
02 Albacete;02067 Riópar;De 70 a 74 años;Total;1 de enero de 2012;69
02 Albacete;02067 Riópar;De 70 a 74 años;Total;1 de enero de 2011;82
02 Albacete;02067 Riópar;De 70 a 74 años;Total;1 de enero de 2010;71
02 Albacete;02067 Riópar;De 75 a 79 años;Total;1 de enero de 2022;47
02 Albacete;02067 Riópar;De 75 a 79 años;Total;1 de enero de 2021;46
02 Albacete;02067 Riópar;De 75 a 79 años;Total;1 de enero de 2020;51
02 Albacete;02067 Riópar;De 75 a 79 años;Total;1 de enero de 2019;49
02 Albacete;02067 Riópar;De 75 a 79 años;Total;1 de enero de 2018;53
02 Albacete;02067 Riópar;De 75 a 79 años;Total;1 de enero de 2017;62
02 Albacete;02067 Riópar;De 75 a 79 años;Total;1 de enero de 2016;79
02 Albacete;02067 Riópar;De 75 a 79 años;Total;1 de enero de 2015;64
02 Albacete;02067 Riópar;De 75 a 79 años;Total;1 de enero de 2014;67
02 Albacete;02067 Riópar;De 75 a 79 años;Total;1 de enero de 2013;76
02 Albacete;02067 Riópar;De 75 a 79 años;Total;1 de enero de 2012;83
02 Albacete;02067 Riópar;De 75 a 79 años;Total;1 de enero de 2011;76
02 Albacete;02067 Riópar;De 75 a 79 años;Total;1 de enero de 2010;76
02 Albacete;02067 Riópar;De 80 a 84 años;Total;1 de enero de 2022;50
02 Albacete;02067 Riópar;De 80 a 84 años;Total;1 de enero de 2021;56
02 Albacete;02067 Riópar;De 80 a 84 años;Total;1 de enero de 2020;47
02 Albacete;02067 Riópar;De 80 a 84 años;Total;1 de enero de 2019;51
02 Albacete;02067 Riópar;De 80 a 84 años;Total;1 de enero de 2018;53
02 Albacete;02067 Riópar;De 80 a 84 años;Total;1 de enero de 2017;52
02 Albacete;02067 Riópar;De 80 a 84 años;Total;1 de enero de 2016;53
02 Albacete;02067 Riópar;De 80 a 84 años;Total;1 de enero de 2015;60
02 Albacete;02067 Riópar;De 80 a 84 años;Total;1 de enero de 2014;61
02 Albacete;02067 Riópar;De 80 a 84 años;Total;1 de enero de 2013;51
02 Albacete;02067 Riópar;De 80 a 84 años;Total;1 de enero de 2012;47
02 Albacete;02067 Riópar;De 80 a 84 años;Total;1 de enero de 2011;55
02 Albacete;02067 Riópar;De 80 a 84 años;Total;1 de enero de 2010;58
02 Albacete;02067 Riópar;De 85 a 89 años;Total;1 de enero de 2022;33
02 Albacete;02067 Riópar;De 85 a 89 años;Total;1 de enero de 2021;36
02 Albacete;02067 Riópar;De 85 a 89 años;Total;1 de enero de 2020;40
02 Albacete;02067 Riópar;De 85 a 89 años;Total;1 de enero de 2019;37
02 Albacete;02067 Riópar;De 85 a 89 años;Total;1 de enero de 2018;34
02 Albacete;02067 Riópar;De 85 a 89 años;Total;1 de enero de 2017;36
02 Albacete;02067 Riópar;De 85 a 89 años;Total;1 de enero de 2016;33
02 Albacete;02067 Riópar;De 85 a 89 años;Total;1 de enero de 2015;35
02 Albacete;02067 Riópar;De 85 a 89 años;Total;1 de enero de 2014;38
02 Albacete;02067 Riópar;De 85 a 89 años;Total;1 de enero de 2013;38
02 Albacete;02067 Riópar;De 85 a 89 años;Total;1 de enero de 2012;36
02 Albacete;02067 Riópar;De 85 a 89 años;Total;1 de enero de 2011;37
02 Albacete;02067 Riópar;De 85 a 89 años;Total;1 de enero de 2010;35
02 Albacete;02067 Riópar;De 90 a 94 años;Total;1 de enero de 2022;20
02 Albacete;02067 Riópar;De 90 a 94 años;Total;1 de enero de 2021;17
02 Albacete;02067 Riópar;De 90 a 94 años;Total;1 de enero de 2020;14
02 Albacete;02067 Riópar;De 90 a 94 años;Total;1 de enero de 2019;17
02 Albacete;02067 Riópar;De 90 a 94 años;Total;1 de enero de 2018;16
02 Albacete;02067 Riópar;De 90 a 94 años;Total;1 de enero de 2017;20
02 Albacete;02067 Riópar;De 90 a 94 años;Total;1 de enero de 2016;18
02 Albacete;02067 Riópar;De 90 a 94 años;Total;1 de enero de 2015;21
02 Albacete;02067 Riópar;De 90 a 94 años;Total;1 de enero de 2014;21
02 Albacete;02067 Riópar;De 90 a 94 años;Total;1 de enero de 2013;19
02 Albacete;02067 Riópar;De 90 a 94 años;Total;1 de enero de 2012;16
02 Albacete;02067 Riópar;De 90 a 94 años;Total;1 de enero de 2011;14
02 Albacete;02067 Riópar;De 90 a 94 años;Total;1 de enero de 2010;16
02 Albacete;02067 Riópar;De 95 a 99 años;Total;1 de enero de 2022;1
02 Albacete;02067 Riópar;De 95 a 99 años;Total;1 de enero de 2021;3
02 Albacete;02067 Riópar;De 95 a 99 años;Total;1 de enero de 2020;5
02 Albacete;02067 Riópar;De 95 a 99 años;Total;1 de enero de 2019;6
02 Albacete;02067 Riópar;De 95 a 99 años;Total;1 de enero de 2018;6
02 Albacete;02067 Riópar;De 95 a 99 años;Total;1 de enero de 2017;6
02 Albacete;02067 Riópar;De 95 a 99 años;Total;1 de enero de 2016;4
02 Albacete;02067 Riópar;De 95 a 99 años;Total;1 de enero de 2015;3
02 Albacete;02067 Riópar;De 95 a 99 años;Total;1 de enero de 2014;3
02 Albacete;02067 Riópar;De 95 a 99 años;Total;1 de enero de 2013;4
02 Albacete;02067 Riópar;De 95 a 99 años;Total;1 de enero de 2012;3
02 Albacete;02067 Riópar;De 95 a 99 años;Total;1 de enero de 2011;4
02 Albacete;02067 Riópar;De 95 a 99 años;Total;1 de enero de 2010;4
02 Albacete;02067 Riópar;100 y más años;Total;1 de enero de 2022;1
02 Albacete;02067 Riópar;100 y más años;Total;1 de enero de 2021;1
02 Albacete;02067 Riópar;100 y más años;Total;1 de enero de 2020;1
02 Albacete;02067 Riópar;100 y más años;Total;1 de enero de 2019;0
02 Albacete;02067 Riópar;100 y más años;Total;1 de enero de 2018;0
02 Albacete;02067 Riópar;100 y más años;Total;1 de enero de 2017;0
02 Albacete;02067 Riópar;100 y más años;Total;1 de enero de 2016;1
02 Albacete;02067 Riópar;100 y más años;Total;1 de enero de 2015;2
02 Albacete;02067 Riópar;100 y más años;Total;1 de enero de 2014;1
02 Albacete;02067 Riópar;100 y más años;Total;1 de enero de 2013;3
02 Albacete;02067 Riópar;100 y más años;Total;1 de enero de 2012;3
02 Albacete;02067 Riópar;100 y más años;Total;1 de enero de 2011;1
02 Albacete;02067 Riópar;100 y más años;Total;1 de enero de 2010;0
02 Albacete;02068 Robledo;De 0 a 4 años;Total;1 de enero de 2022;17
02 Albacete;02068 Robledo;De 0 a 4 años;Total;1 de enero de 2021;18
02 Albacete;02068 Robledo;De 0 a 4 años;Total;1 de enero de 2020;12
02 Albacete;02068 Robledo;De 0 a 4 años;Total;1 de enero de 2019;12
02 Albacete;02068 Robledo;De 0 a 4 años;Total;1 de enero de 2018;6
02 Albacete;02068 Robledo;De 0 a 4 años;Total;1 de enero de 2017;6
02 Albacete;02068 Robledo;De 0 a 4 años;Total;1 de enero de 2016;10
02 Albacete;02068 Robledo;De 0 a 4 años;Total;1 de enero de 2015;11
02 Albacete;02068 Robledo;De 0 a 4 años;Total;1 de enero de 2014;20
02 Albacete;02068 Robledo;De 0 a 4 años;Total;1 de enero de 2013;19
02 Albacete;02068 Robledo;De 0 a 4 años;Total;1 de enero de 2012;14
02 Albacete;02068 Robledo;De 0 a 4 años;Total;1 de enero de 2011;18
02 Albacete;02068 Robledo;De 0 a 4 años;Total;1 de enero de 2010;17
02 Albacete;02068 Robledo;De 5 a 9 años;Total;1 de enero de 2022;8
02 Albacete;02068 Robledo;De 5 a 9 años;Total;1 de enero de 2021;9
02 Albacete;02068 Robledo;De 5 a 9 años;Total;1 de enero de 2020;7
02 Albacete;02068 Robledo;De 5 a 9 años;Total;1 de enero de 2019;11
02 Albacete;02068 Robledo;De 5 a 9 años;Total;1 de enero de 2018;10
02 Albacete;02068 Robledo;De 5 a 9 años;Total;1 de enero de 2017;12
02 Albacete;02068 Robledo;De 5 a 9 años;Total;1 de enero de 2016;15
02 Albacete;02068 Robledo;De 5 a 9 años;Total;1 de enero de 2015;15
02 Albacete;02068 Robledo;De 5 a 9 años;Total;1 de enero de 2014;9
02 Albacete;02068 Robledo;De 5 a 9 años;Total;1 de enero de 2013;8
02 Albacete;02068 Robledo;De 5 a 9 años;Total;1 de enero de 2012;9
02 Albacete;02068 Robledo;De 5 a 9 años;Total;1 de enero de 2011;8
02 Albacete;02068 Robledo;De 5 a 9 años;Total;1 de enero de 2010;12
02 Albacete;02068 Robledo;De 10 a 14 años;Total;1 de enero de 2022;9
02 Albacete;02068 Robledo;De 10 a 14 años;Total;1 de enero de 2021;13
02 Albacete;02068 Robledo;De 10 a 14 años;Total;1 de enero de 2020;12
02 Albacete;02068 Robledo;De 10 a 14 años;Total;1 de enero de 2019;9
02 Albacete;02068 Robledo;De 10 a 14 años;Total;1 de enero de 2018;8
02 Albacete;02068 Robledo;De 10 a 14 años;Total;1 de enero de 2017;7
02 Albacete;02068 Robledo;De 10 a 14 años;Total;1 de enero de 2016;5
02 Albacete;02068 Robledo;De 10 a 14 años;Total;1 de enero de 2015;10
02 Albacete;02068 Robledo;De 10 a 14 años;Total;1 de enero de 2014;13
02 Albacete;02068 Robledo;De 10 a 14 años;Total;1 de enero de 2013;20
02 Albacete;02068 Robledo;De 10 a 14 años;Total;1 de enero de 2012;32
02 Albacete;02068 Robledo;De 10 a 14 años;Total;1 de enero de 2011;36
02 Albacete;02068 Robledo;De 10 a 14 años;Total;1 de enero de 2010;30
02 Albacete;02068 Robledo;De 65 a 69 años;Total;1 de enero de 2022;17
02 Albacete;02068 Robledo;De 65 a 69 años;Total;1 de enero de 2021;16
02 Albacete;02068 Robledo;De 65 a 69 años;Total;1 de enero de 2020;13
02 Albacete;02068 Robledo;De 65 a 69 años;Total;1 de enero de 2019;12
02 Albacete;02068 Robledo;De 65 a 69 años;Total;1 de enero de 2018;13
02 Albacete;02068 Robledo;De 65 a 69 años;Total;1 de enero de 2017;14
02 Albacete;02068 Robledo;De 65 a 69 años;Total;1 de enero de 2016;15
02 Albacete;02068 Robledo;De 65 a 69 años;Total;1 de enero de 2015;17
02 Albacete;02068 Robledo;De 65 a 69 años;Total;1 de enero de 2014;17
02 Albacete;02068 Robledo;De 65 a 69 años;Total;1 de enero de 2013;19
02 Albacete;02068 Robledo;De 65 a 69 años;Total;1 de enero de 2012;19
02 Albacete;02068 Robledo;De 65 a 69 años;Total;1 de enero de 2011;22
02 Albacete;02068 Robledo;De 65 a 69 años;Total;1 de enero de 2010;28
02 Albacete;02068 Robledo;De 70 a 74 años;Total;1 de enero de 2022;12
02 Albacete;02068 Robledo;De 70 a 74 años;Total;1 de enero de 2021;13
02 Albacete;02068 Robledo;De 70 a 74 años;Total;1 de enero de 2020;17
02 Albacete;02068 Robledo;De 70 a 74 años;Total;1 de enero de 2019;16
02 Albacete;02068 Robledo;De 70 a 74 años;Total;1 de enero de 2018;19
02 Albacete;02068 Robledo;De 70 a 74 años;Total;1 de enero de 2017;18
02 Albacete;02068 Robledo;De 70 a 74 años;Total;1 de enero de 2016;20
02 Albacete;02068 Robledo;De 70 a 74 años;Total;1 de enero de 2015;21
02 Albacete;02068 Robledo;De 70 a 74 años;Total;1 de enero de 2014;22
02 Albacete;02068 Robledo;De 70 a 74 años;Total;1 de enero de 2013;22
02 Albacete;02068 Robledo;De 70 a 74 años;Total;1 de enero de 2012;29
02 Albacete;02068 Robledo;De 70 a 74 años;Total;1 de enero de 2011;36
02 Albacete;02068 Robledo;De 70 a 74 años;Total;1 de enero de 2010;37
02 Albacete;02068 Robledo;De 75 a 79 años;Total;1 de enero de 2022;20
02 Albacete;02068 Robledo;De 75 a 79 años;Total;1 de enero de 2021;23
02 Albacete;02068 Robledo;De 75 a 79 años;Total;1 de enero de 2020;23
02 Albacete;02068 Robledo;De 75 a 79 años;Total;1 de enero de 2019;22
02 Albacete;02068 Robledo;De 75 a 79 años;Total;1 de enero de 2018;20
02 Albacete;02068 Robledo;De 75 a 79 años;Total;1 de enero de 2017;22
02 Albacete;02068 Robledo;De 75 a 79 años;Total;1 de enero de 2016;24
02 Albacete;02068 Robledo;De 75 a 79 años;Total;1 de enero de 2015;28
02 Albacete;02068 Robledo;De 75 a 79 años;Total;1 de enero de 2014;29
02 Albacete;02068 Robledo;De 75 a 79 años;Total;1 de enero de 2013;36
02 Albacete;02068 Robledo;De 75 a 79 años;Total;1 de enero de 2012;34
02 Albacete;02068 Robledo;De 75 a 79 años;Total;1 de enero de 2011;32
02 Albacete;02068 Robledo;De 75 a 79 años;Total;1 de enero de 2010;37
02 Albacete;02068 Robledo;De 80 a 84 años;Total;1 de enero de 2022;19
02 Albacete;02068 Robledo;De 80 a 84 años;Total;1 de enero de 2021;21
02 Albacete;02068 Robledo;De 80 a 84 años;Total;1 de enero de 2020;24
02 Albacete;02068 Robledo;De 80 a 84 años;Total;1 de enero de 2019;20
02 Albacete;02068 Robledo;De 80 a 84 años;Total;1 de enero de 2018;20
02 Albacete;02068 Robledo;De 80 a 84 años;Total;1 de enero de 2017;21
02 Albacete;02068 Robledo;De 80 a 84 años;Total;1 de enero de 2016;23
02 Albacete;02068 Robledo;De 80 a 84 años;Total;1 de enero de 2015;27
02 Albacete;02068 Robledo;De 80 a 84 años;Total;1 de enero de 2014;26
02 Albacete;02068 Robledo;De 80 a 84 años;Total;1 de enero de 2013;21
02 Albacete;02068 Robledo;De 80 a 84 años;Total;1 de enero de 2012;25
02 Albacete;02068 Robledo;De 80 a 84 años;Total;1 de enero de 2011;27
02 Albacete;02068 Robledo;De 80 a 84 años;Total;1 de enero de 2010;20
02 Albacete;02068 Robledo;De 85 a 89 años;Total;1 de enero de 2022;17
02 Albacete;02068 Robledo;De 85 a 89 años;Total;1 de enero de 2021;15
02 Albacete;02068 Robledo;De 85 a 89 años;Total;1 de enero de 2020;12
02 Albacete;02068 Robledo;De 85 a 89 años;Total;1 de enero de 2019;15
02 Albacete;02068 Robledo;De 85 a 89 años;Total;1 de enero de 2018;15
02 Albacete;02068 Robledo;De 85 a 89 años;Total;1 de enero de 2017;16
02 Albacete;02068 Robledo;De 85 a 89 años;Total;1 de enero de 2016;11
02 Albacete;02068 Robledo;De 85 a 89 años;Total;1 de enero de 2015;9
02 Albacete;02068 Robledo;De 85 a 89 años;Total;1 de enero de 2014;11
02 Albacete;02068 Robledo;De 85 a 89 años;Total;1 de enero de 2013;8
02 Albacete;02068 Robledo;De 85 a 89 años;Total;1 de enero de 2012;7
02 Albacete;02068 Robledo;De 85 a 89 años;Total;1 de enero de 2011;8
02 Albacete;02068 Robledo;De 85 a 89 años;Total;1 de enero de 2010;9
02 Albacete;02068 Robledo;De 90 a 94 años;Total;1 de enero de 2022;2
02 Albacete;02068 Robledo;De 90 a 94 años;Total;1 de enero de 2021;2
02 Albacete;02068 Robledo;De 90 a 94 años;Total;1 de enero de 2020;2
02 Albacete;02068 Robledo;De 90 a 94 años;Total;1 de enero de 2019;3
02 Albacete;02068 Robledo;De 90 a 94 años;Total;1 de enero de 2018;1
02 Albacete;02068 Robledo;De 90 a 94 años;Total;1 de enero de 2017;2
02 Albacete;02068 Robledo;De 90 a 94 años;Total;1 de enero de 2016;3
02 Albacete;02068 Robledo;De 90 a 94 años;Total;1 de enero de 2015;5
02 Albacete;02068 Robledo;De 90 a 94 años;Total;1 de enero de 2014;4
02 Albacete;02068 Robledo;De 90 a 94 años;Total;1 de enero de 2013;5
02 Albacete;02068 Robledo;De 90 a 94 años;Total;1 de enero de 2012;5
02 Albacete;02068 Robledo;De 90 a 94 años;Total;1 de enero de 2011;3
02 Albacete;02068 Robledo;De 90 a 94 años;Total;1 de enero de 2010;1
02 Albacete;02068 Robledo;De 95 a 99 años;Total;1 de enero de 2022;1
02 Albacete;02068 Robledo;De 95 a 99 años;Total;1 de enero de 2021;1
02 Albacete;02068 Robledo;De 95 a 99 años;Total;1 de enero de 2020;1
02 Albacete;02068 Robledo;De 95 a 99 años;Total;1 de enero de 2019;1
02 Albacete;02068 Robledo;De 95 a 99 años;Total;1 de enero de 2018;2
02 Albacete;02068 Robledo;De 95 a 99 años;Total;1 de enero de 2017;2
02 Albacete;02068 Robledo;De 95 a 99 años;Total;1 de enero de 2016;1
02 Albacete;02068 Robledo;De 95 a 99 años;Total;1 de enero de 2015;0
02 Albacete;02068 Robledo;De 95 a 99 años;Total;1 de enero de 2014;0
02 Albacete;02068 Robledo;De 95 a 99 años;Total;1 de enero de 2013;0
02 Albacete;02068 Robledo;De 95 a 99 años;Total;1 de enero de 2012;0
02 Albacete;02068 Robledo;De 95 a 99 años;Total;1 de enero de 2011;0
02 Albacete;02068 Robledo;De 95 a 99 años;Total;1 de enero de 2010;0
02 Albacete;02068 Robledo;100 y más años;Total;1 de enero de 2022;0
02 Albacete;02068 Robledo;100 y más años;Total;1 de enero de 2021;0
02 Albacete;02068 Robledo;100 y más años;Total;1 de enero de 2020;0
02 Albacete;02068 Robledo;100 y más años;Total;1 de enero de 2019;0
02 Albacete;02068 Robledo;100 y más años;Total;1 de enero de 2018;0
02 Albacete;02068 Robledo;100 y más años;Total;1 de enero de 2017;0
02 Albacete;02068 Robledo;100 y más años;Total;1 de enero de 2016;0
02 Albacete;02068 Robledo;100 y más años;Total;1 de enero de 2015;0
02 Albacete;02068 Robledo;100 y más años;Total;1 de enero de 2014;0
02 Albacete;02068 Robledo;100 y más años;Total;1 de enero de 2013;0
02 Albacete;02068 Robledo;100 y más años;Total;1 de enero de 2012;0
02 Albacete;02068 Robledo;100 y más años;Total;1 de enero de 2011;0
02 Albacete;02068 Robledo;100 y más años;Total;1 de enero de 2010;0
02 Albacete;02069 Roda, La;De 0 a 4 años;Total;1 de enero de 2022;649
02 Albacete;02069 Roda, La;De 0 a 4 años;Total;1 de enero de 2021;677
02 Albacete;02069 Roda, La;De 0 a 4 años;Total;1 de enero de 2020;719
02 Albacete;02069 Roda, La;De 0 a 4 años;Total;1 de enero de 2019;744
02 Albacete;02069 Roda, La;De 0 a 4 años;Total;1 de enero de 2018;756
02 Albacete;02069 Roda, La;De 0 a 4 años;Total;1 de enero de 2017;776
02 Albacete;02069 Roda, La;De 0 a 4 años;Total;1 de enero de 2016;761
02 Albacete;02069 Roda, La;De 0 a 4 años;Total;1 de enero de 2015;820
02 Albacete;02069 Roda, La;De 0 a 4 años;Total;1 de enero de 2014;853
02 Albacete;02069 Roda, La;De 0 a 4 años;Total;1 de enero de 2013;871
02 Albacete;02069 Roda, La;De 0 a 4 años;Total;1 de enero de 2012;883
02 Albacete;02069 Roda, La;De 0 a 4 años;Total;1 de enero de 2011;917
02 Albacete;02069 Roda, La;De 0 a 4 años;Total;1 de enero de 2010;902
02 Albacete;02069 Roda, La;De 5 a 9 años;Total;1 de enero de 2022;825
02 Albacete;02069 Roda, La;De 5 a 9 años;Total;1 de enero de 2021;791
02 Albacete;02069 Roda, La;De 5 a 9 años;Total;1 de enero de 2020;805
02 Albacete;02069 Roda, La;De 5 a 9 años;Total;1 de enero de 2019;814
02 Albacete;02069 Roda, La;De 5 a 9 años;Total;1 de enero de 2018;803
02 Albacete;02069 Roda, La;De 5 a 9 años;Total;1 de enero de 2017;801
02 Albacete;02069 Roda, La;De 5 a 9 años;Total;1 de enero de 2016;855
02 Albacete;02069 Roda, La;De 5 a 9 años;Total;1 de enero de 2015;860
02 Albacete;02069 Roda, La;De 5 a 9 años;Total;1 de enero de 2014;862
02 Albacete;02069 Roda, La;De 5 a 9 años;Total;1 de enero de 2013;898
02 Albacete;02069 Roda, La;De 5 a 9 años;Total;1 de enero de 2012;901
02 Albacete;02069 Roda, La;De 5 a 9 años;Total;1 de enero de 2011;898
02 Albacete;02069 Roda, La;De 5 a 9 años;Total;1 de enero de 2010;867
02 Albacete;02069 Roda, La;De 10 a 14 años;Total;1 de enero de 2022;831
02 Albacete;02069 Roda, La;De 10 a 14 años;Total;1 de enero de 2021;839
02 Albacete;02069 Roda, La;De 10 a 14 años;Total;1 de enero de 2020;831
02 Albacete;02069 Roda, La;De 10 a 14 años;Total;1 de enero de 2019;826
02 Albacete;02069 Roda, La;De 10 a 14 años;Total;1 de enero de 2018;844
02 Albacete;02069 Roda, La;De 10 a 14 años;Total;1 de enero de 2017;869
02 Albacete;02069 Roda, La;De 10 a 14 años;Total;1 de enero de 2016;870
02 Albacete;02069 Roda, La;De 10 a 14 años;Total;1 de enero de 2015;852
02 Albacete;02069 Roda, La;De 10 a 14 años;Total;1 de enero de 2014;858
02 Albacete;02069 Roda, La;De 10 a 14 años;Total;1 de enero de 2013;875
02 Albacete;02069 Roda, La;De 10 a 14 años;Total;1 de enero de 2012;846
02 Albacete;02069 Roda, La;De 10 a 14 años;Total;1 de enero de 2011;828
02 Albacete;02069 Roda, La;De 10 a 14 años;Total;1 de enero de 2010;840
02 Albacete;02069 Roda, La;De 65 a 69 años;Total;1 de enero de 2022;741
02 Albacete;02069 Roda, La;De 65 a 69 años;Total;1 de enero de 2021;726
02 Albacete;02069 Roda, La;De 65 a 69 años;Total;1 de enero de 2020;750
02 Albacete;02069 Roda, La;De 65 a 69 años;Total;1 de enero de 2019;728
02 Albacete;02069 Roda, La;De 65 a 69 años;Total;1 de enero de 2018;714
02 Albacete;02069 Roda, La;De 65 a 69 años;Total;1 de enero de 2017;654
02 Albacete;02069 Roda, La;De 65 a 69 años;Total;1 de enero de 2016;635
02 Albacete;02069 Roda, La;De 65 a 69 años;Total;1 de enero de 2015;616
02 Albacete;02069 Roda, La;De 65 a 69 años;Total;1 de enero de 2014;622
02 Albacete;02069 Roda, La;De 65 a 69 años;Total;1 de enero de 2013;596
02 Albacete;02069 Roda, La;De 65 a 69 años;Total;1 de enero de 2012;627
02 Albacete;02069 Roda, La;De 65 a 69 años;Total;1 de enero de 2011;620
02 Albacete;02069 Roda, La;De 65 a 69 años;Total;1 de enero de 2010;667
02 Albacete;02069 Roda, La;De 70 a 74 años;Total;1 de enero de 2022;627
02 Albacete;02069 Roda, La;De 70 a 74 años;Total;1 de enero de 2021;609
02 Albacete;02069 Roda, La;De 70 a 74 años;Total;1 de enero de 2020;593
02 Albacete;02069 Roda, La;De 70 a 74 años;Total;1 de enero de 2019;596
02 Albacete;02069 Roda, La;De 70 a 74 años;Total;1 de enero de 2018;561
02 Albacete;02069 Roda, La;De 70 a 74 años;Total;1 de enero de 2017;578
02 Albacete;02069 Roda, La;De 70 a 74 años;Total;1 de enero de 2016;573
02 Albacete;02069 Roda, La;De 70 a 74 años;Total;1 de enero de 2015;619
02 Albacete;02069 Roda, La;De 70 a 74 años;Total;1 de enero de 2014;545
02 Albacete;02069 Roda, La;De 70 a 74 años;Total;1 de enero de 2013;566
02 Albacete;02069 Roda, La;De 70 a 74 años;Total;1 de enero de 2012;575
02 Albacete;02069 Roda, La;De 70 a 74 años;Total;1 de enero de 2011;615
02 Albacete;02069 Roda, La;De 70 a 74 años;Total;1 de enero de 2010;571
02 Albacete;02069 Roda, La;De 75 a 79 años;Total;1 de enero de 2022;543
02 Albacete;02069 Roda, La;De 75 a 79 años;Total;1 de enero de 2021;534
02 Albacete;02069 Roda, La;De 75 a 79 años;Total;1 de enero de 2020;576
02 Albacete;02069 Roda, La;De 75 a 79 años;Total;1 de enero de 2019;501
02 Albacete;02069 Roda, La;De 75 a 79 años;Total;1 de enero de 2018;499
02 Albacete;02069 Roda, La;De 75 a 79 años;Total;1 de enero de 2017;502
02 Albacete;02069 Roda, La;De 75 a 79 años;Total;1 de enero de 2016;547
02 Albacete;02069 Roda, La;De 75 a 79 años;Total;1 de enero de 2015;509
02 Albacete;02069 Roda, La;De 75 a 79 años;Total;1 de enero de 2014;586
02 Albacete;02069 Roda, La;De 75 a 79 años;Total;1 de enero de 2013;580
02 Albacete;02069 Roda, La;De 75 a 79 años;Total;1 de enero de 2012;577
02 Albacete;02069 Roda, La;De 75 a 79 años;Total;1 de enero de 2011;583
02 Albacete;02069 Roda, La;De 75 a 79 años;Total;1 de enero de 2010;597
02 Albacete;02069 Roda, La;De 80 a 84 años;Total;1 de enero de 2022;432
02 Albacete;02069 Roda, La;De 80 a 84 años;Total;1 de enero de 2021;448
02 Albacete;02069 Roda, La;De 80 a 84 años;Total;1 de enero de 2020;414
02 Albacete;02069 Roda, La;De 80 a 84 años;Total;1 de enero de 2019;467
02 Albacete;02069 Roda, La;De 80 a 84 años;Total;1 de enero de 2018;478
02 Albacete;02069 Roda, La;De 80 a 84 años;Total;1 de enero de 2017;481
02 Albacete;02069 Roda, La;De 80 a 84 años;Total;1 de enero de 2016;483
02 Albacete;02069 Roda, La;De 80 a 84 años;Total;1 de enero de 2015;475
02 Albacete;02069 Roda, La;De 80 a 84 años;Total;1 de enero de 2014;481
02 Albacete;02069 Roda, La;De 80 a 84 años;Total;1 de enero de 2013;490
02 Albacete;02069 Roda, La;De 80 a 84 años;Total;1 de enero de 2012;491
02 Albacete;02069 Roda, La;De 80 a 84 años;Total;1 de enero de 2011;486
02 Albacete;02069 Roda, La;De 80 a 84 años;Total;1 de enero de 2010;447
02 Albacete;02069 Roda, La;De 85 a 89 años;Total;1 de enero de 2022;334
02 Albacete;02069 Roda, La;De 85 a 89 años;Total;1 de enero de 2021;332
02 Albacete;02069 Roda, La;De 85 a 89 años;Total;1 de enero de 2020;335
02 Albacete;02069 Roda, La;De 85 a 89 años;Total;1 de enero de 2019;331
02 Albacete;02069 Roda, La;De 85 a 89 años;Total;1 de enero de 2018;330
02 Albacete;02069 Roda, La;De 85 a 89 años;Total;1 de enero de 2017;313
02 Albacete;02069 Roda, La;De 85 a 89 años;Total;1 de enero de 2016;327
02 Albacete;02069 Roda, La;De 85 a 89 años;Total;1 de enero de 2015;295
02 Albacete;02069 Roda, La;De 85 a 89 años;Total;1 de enero de 2014;283
02 Albacete;02069 Roda, La;De 85 a 89 años;Total;1 de enero de 2013;271
02 Albacete;02069 Roda, La;De 85 a 89 años;Total;1 de enero de 2012;258
02 Albacete;02069 Roda, La;De 85 a 89 años;Total;1 de enero de 2011;257
02 Albacete;02069 Roda, La;De 85 a 89 años;Total;1 de enero de 2010;252
02 Albacete;02069 Roda, La;De 90 a 94 años;Total;1 de enero de 2022;141
02 Albacete;02069 Roda, La;De 90 a 94 años;Total;1 de enero de 2021;127
02 Albacete;02069 Roda, La;De 90 a 94 años;Total;1 de enero de 2020;129
02 Albacete;02069 Roda, La;De 90 a 94 años;Total;1 de enero de 2019;130
02 Albacete;02069 Roda, La;De 90 a 94 años;Total;1 de enero de 2018;131
02 Albacete;02069 Roda, La;De 90 a 94 años;Total;1 de enero de 2017;130
02 Albacete;02069 Roda, La;De 90 a 94 años;Total;1 de enero de 2016;116
02 Albacete;02069 Roda, La;De 90 a 94 años;Total;1 de enero de 2015;130
02 Albacete;02069 Roda, La;De 90 a 94 años;Total;1 de enero de 2014;127
02 Albacete;02069 Roda, La;De 90 a 94 años;Total;1 de enero de 2013;105
02 Albacete;02069 Roda, La;De 90 a 94 años;Total;1 de enero de 2012;100
02 Albacete;02069 Roda, La;De 90 a 94 años;Total;1 de enero de 2011;69
02 Albacete;02069 Roda, La;De 90 a 94 años;Total;1 de enero de 2010;75
02 Albacete;02069 Roda, La;De 95 a 99 años;Total;1 de enero de 2022;21
02 Albacete;02069 Roda, La;De 95 a 99 años;Total;1 de enero de 2021;25
02 Albacete;02069 Roda, La;De 95 a 99 años;Total;1 de enero de 2020;38
02 Albacete;02069 Roda, La;De 95 a 99 años;Total;1 de enero de 2019;37
02 Albacete;02069 Roda, La;De 95 a 99 años;Total;1 de enero de 2018;33
02 Albacete;02069 Roda, La;De 95 a 99 años;Total;1 de enero de 2017;30
02 Albacete;02069 Roda, La;De 95 a 99 años;Total;1 de enero de 2016;23
02 Albacete;02069 Roda, La;De 95 a 99 años;Total;1 de enero de 2015;16
02 Albacete;02069 Roda, La;De 95 a 99 años;Total;1 de enero de 2014;13
02 Albacete;02069 Roda, La;De 95 a 99 años;Total;1 de enero de 2013;20
02 Albacete;02069 Roda, La;De 95 a 99 años;Total;1 de enero de 2012;14
02 Albacete;02069 Roda, La;De 95 a 99 años;Total;1 de enero de 2011;18
02 Albacete;02069 Roda, La;De 95 a 99 años;Total;1 de enero de 2010;12
02 Albacete;02069 Roda, La;100 y más años;Total;1 de enero de 2022;3
02 Albacete;02069 Roda, La;100 y más años;Total;1 de enero de 2021;2
02 Albacete;02069 Roda, La;100 y más años;Total;1 de enero de 2020;3
02 Albacete;02069 Roda, La;100 y más años;Total;1 de enero de 2019;3
02 Albacete;02069 Roda, La;100 y más años;Total;1 de enero de 2018;2
02 Albacete;02069 Roda, La;100 y más años;Total;1 de enero de 2017;0
02 Albacete;02069 Roda, La;100 y más años;Total;1 de enero de 2016;2
02 Albacete;02069 Roda, La;100 y más años;Total;1 de enero de 2015;1
02 Albacete;02069 Roda, La;100 y más años;Total;1 de enero de 2014;0
02 Albacete;02069 Roda, La;100 y más años;Total;1 de enero de 2013;0
02 Albacete;02069 Roda, La;100 y más años;Total;1 de enero de 2012;1
02 Albacete;02069 Roda, La;100 y más años;Total;1 de enero de 2011;2
02 Albacete;02069 Roda, La;100 y más años;Total;1 de enero de 2010;3
02 Albacete;02070 Salobre;De 0 a 4 años;Total;1 de enero de 2022;15
02 Albacete;02070 Salobre;De 0 a 4 años;Total;1 de enero de 2021;17
02 Albacete;02070 Salobre;De 0 a 4 años;Total;1 de enero de 2020;16
02 Albacete;02070 Salobre;De 0 a 4 años;Total;1 de enero de 2019;16
02 Albacete;02070 Salobre;De 0 a 4 años;Total;1 de enero de 2018;17
02 Albacete;02070 Salobre;De 0 a 4 años;Total;1 de enero de 2017;13
02 Albacete;02070 Salobre;De 0 a 4 años;Total;1 de enero de 2016;10
02 Albacete;02070 Salobre;De 0 a 4 años;Total;1 de enero de 2015;12
02 Albacete;02070 Salobre;De 0 a 4 años;Total;1 de enero de 2014;13
02 Albacete;02070 Salobre;De 0 a 4 años;Total;1 de enero de 2013;18
02 Albacete;02070 Salobre;De 0 a 4 años;Total;1 de enero de 2012;21
02 Albacete;02070 Salobre;De 0 a 4 años;Total;1 de enero de 2011;22
02 Albacete;02070 Salobre;De 0 a 4 años;Total;1 de enero de 2010;23
02 Albacete;02070 Salobre;De 5 a 9 años;Total;1 de enero de 2022;12
02 Albacete;02070 Salobre;De 5 a 9 años;Total;1 de enero de 2021;10
02 Albacete;02070 Salobre;De 5 a 9 años;Total;1 de enero de 2020;9
02 Albacete;02070 Salobre;De 5 a 9 años;Total;1 de enero de 2019;12
02 Albacete;02070 Salobre;De 5 a 9 años;Total;1 de enero de 2018;16
02 Albacete;02070 Salobre;De 5 a 9 años;Total;1 de enero de 2017;21
02 Albacete;02070 Salobre;De 5 a 9 años;Total;1 de enero de 2016;23
02 Albacete;02070 Salobre;De 5 a 9 años;Total;1 de enero de 2015;26
02 Albacete;02070 Salobre;De 5 a 9 años;Total;1 de enero de 2014;27
02 Albacete;02070 Salobre;De 5 a 9 años;Total;1 de enero de 2013;27
02 Albacete;02070 Salobre;De 5 a 9 años;Total;1 de enero de 2012;26
02 Albacete;02070 Salobre;De 5 a 9 años;Total;1 de enero de 2011;24
02 Albacete;02070 Salobre;De 5 a 9 años;Total;1 de enero de 2010;22
02 Albacete;02070 Salobre;De 10 a 14 años;Total;1 de enero de 2022;16
02 Albacete;02070 Salobre;De 10 a 14 años;Total;1 de enero de 2021;20
02 Albacete;02070 Salobre;De 10 a 14 años;Total;1 de enero de 2020;20
02 Albacete;02070 Salobre;De 10 a 14 años;Total;1 de enero de 2019;21
02 Albacete;02070 Salobre;De 10 a 14 años;Total;1 de enero de 2018;26
02 Albacete;02070 Salobre;De 10 a 14 años;Total;1 de enero de 2017;24
02 Albacete;02070 Salobre;De 10 a 14 años;Total;1 de enero de 2016;21
02 Albacete;02070 Salobre;De 10 a 14 años;Total;1 de enero de 2015;25
02 Albacete;02070 Salobre;De 10 a 14 años;Total;1 de enero de 2014;28
02 Albacete;02070 Salobre;De 10 a 14 años;Total;1 de enero de 2013;26
02 Albacete;02070 Salobre;De 10 a 14 años;Total;1 de enero de 2012;27
02 Albacete;02070 Salobre;De 10 a 14 años;Total;1 de enero de 2011;30
02 Albacete;02070 Salobre;De 10 a 14 años;Total;1 de enero de 2010;31
02 Albacete;02070 Salobre;De 65 a 69 años;Total;1 de enero de 2022;16
02 Albacete;02070 Salobre;De 65 a 69 años;Total;1 de enero de 2021;13
02 Albacete;02070 Salobre;De 65 a 69 años;Total;1 de enero de 2020;18
02 Albacete;02070 Salobre;De 65 a 69 años;Total;1 de enero de 2019;18
02 Albacete;02070 Salobre;De 65 a 69 años;Total;1 de enero de 2018;18
02 Albacete;02070 Salobre;De 65 a 69 años;Total;1 de enero de 2017;22
02 Albacete;02070 Salobre;De 65 a 69 años;Total;1 de enero de 2016;25
02 Albacete;02070 Salobre;De 65 a 69 años;Total;1 de enero de 2015;32
02 Albacete;02070 Salobre;De 65 a 69 años;Total;1 de enero de 2014;40
02 Albacete;02070 Salobre;De 65 a 69 años;Total;1 de enero de 2013;36
02 Albacete;02070 Salobre;De 65 a 69 años;Total;1 de enero de 2012;42
02 Albacete;02070 Salobre;De 65 a 69 años;Total;1 de enero de 2011;49
02 Albacete;02070 Salobre;De 65 a 69 años;Total;1 de enero de 2010;58
02 Albacete;02070 Salobre;De 70 a 74 años;Total;1 de enero de 2022;19
02 Albacete;02070 Salobre;De 70 a 74 años;Total;1 de enero de 2021;23
02 Albacete;02070 Salobre;De 70 a 74 años;Total;1 de enero de 2020;26
02 Albacete;02070 Salobre;De 70 a 74 años;Total;1 de enero de 2019;33
02 Albacete;02070 Salobre;De 70 a 74 años;Total;1 de enero de 2018;34
02 Albacete;02070 Salobre;De 70 a 74 años;Total;1 de enero de 2017;45
02 Albacete;02070 Salobre;De 70 a 74 años;Total;1 de enero de 2016;47
02 Albacete;02070 Salobre;De 70 a 74 años;Total;1 de enero de 2015;50
02 Albacete;02070 Salobre;De 70 a 74 años;Total;1 de enero de 2014;44
02 Albacete;02070 Salobre;De 70 a 74 años;Total;1 de enero de 2013;54
02 Albacete;02070 Salobre;De 70 a 74 años;Total;1 de enero de 2012;54
02 Albacete;02070 Salobre;De 70 a 74 años;Total;1 de enero de 2011;57
02 Albacete;02070 Salobre;De 70 a 74 años;Total;1 de enero de 2010;56
02 Albacete;02070 Salobre;De 75 a 79 años;Total;1 de enero de 2022;38
02 Albacete;02070 Salobre;De 75 a 79 años;Total;1 de enero de 2021;45
02 Albacete;02070 Salobre;De 75 a 79 años;Total;1 de enero de 2020;45
02 Albacete;02070 Salobre;De 75 a 79 años;Total;1 de enero de 2019;42
02 Albacete;02070 Salobre;De 75 a 79 años;Total;1 de enero de 2018;49
02 Albacete;02070 Salobre;De 75 a 79 años;Total;1 de enero de 2017;45
02 Albacete;02070 Salobre;De 75 a 79 años;Total;1 de enero de 2016;45
02 Albacete;02070 Salobre;De 75 a 79 años;Total;1 de enero de 2015;48
02 Albacete;02070 Salobre;De 75 a 79 años;Total;1 de enero de 2014;49
02 Albacete;02070 Salobre;De 75 a 79 años;Total;1 de enero de 2013;56
02 Albacete;02070 Salobre;De 75 a 79 años;Total;1 de enero de 2012;52
02 Albacete;02070 Salobre;De 75 a 79 años;Total;1 de enero de 2011;57
02 Albacete;02070 Salobre;De 75 a 79 años;Total;1 de enero de 2010;54
02 Albacete;02070 Salobre;De 80 a 84 años;Total;1 de enero de 2022;34
02 Albacete;02070 Salobre;De 80 a 84 años;Total;1 de enero de 2021;33
02 Albacete;02070 Salobre;De 80 a 84 años;Total;1 de enero de 2020;36
02 Albacete;02070 Salobre;De 80 a 84 años;Total;1 de enero de 2019;40
02 Albacete;02070 Salobre;De 80 a 84 años;Total;1 de enero de 2018;43
02 Albacete;02070 Salobre;De 80 a 84 años;Total;1 de enero de 2017;47
02 Albacete;02070 Salobre;De 80 a 84 años;Total;1 de enero de 2016;48
02 Albacete;02070 Salobre;De 80 a 84 años;Total;1 de enero de 2015;44
02 Albacete;02070 Salobre;De 80 a 84 años;Total;1 de enero de 2014;50
02 Albacete;02070 Salobre;De 80 a 84 años;Total;1 de enero de 2013;44
02 Albacete;02070 Salobre;De 80 a 84 años;Total;1 de enero de 2012;39
02 Albacete;02070 Salobre;De 80 a 84 años;Total;1 de enero de 2011;35
02 Albacete;02070 Salobre;De 80 a 84 años;Total;1 de enero de 2010;37
02 Albacete;02070 Salobre;De 85 a 89 años;Total;1 de enero de 2022;24
02 Albacete;02070 Salobre;De 85 a 89 años;Total;1 de enero de 2021;23
02 Albacete;02070 Salobre;De 85 a 89 años;Total;1 de enero de 2020;24
02 Albacete;02070 Salobre;De 85 a 89 años;Total;1 de enero de 2019;29
02 Albacete;02070 Salobre;De 85 a 89 años;Total;1 de enero de 2018;27
02 Albacete;02070 Salobre;De 85 a 89 años;Total;1 de enero de 2017;24
02 Albacete;02070 Salobre;De 85 a 89 años;Total;1 de enero de 2016;19
02 Albacete;02070 Salobre;De 85 a 89 años;Total;1 de enero de 2015;20
02 Albacete;02070 Salobre;De 85 a 89 años;Total;1 de enero de 2014;22
02 Albacete;02070 Salobre;De 85 a 89 años;Total;1 de enero de 2013;23
02 Albacete;02070 Salobre;De 85 a 89 años;Total;1 de enero de 2012;19
02 Albacete;02070 Salobre;De 85 a 89 años;Total;1 de enero de 2011;19
02 Albacete;02070 Salobre;De 85 a 89 años;Total;1 de enero de 2010;17
02 Albacete;02070 Salobre;De 90 a 94 años;Total;1 de enero de 2022;9
02 Albacete;02070 Salobre;De 90 a 94 años;Total;1 de enero de 2021;7
02 Albacete;02070 Salobre;De 90 a 94 años;Total;1 de enero de 2020;8
02 Albacete;02070 Salobre;De 90 a 94 años;Total;1 de enero de 2019;8
02 Albacete;02070 Salobre;De 90 a 94 años;Total;1 de enero de 2018;8
02 Albacete;02070 Salobre;De 90 a 94 años;Total;1 de enero de 2017;10
02 Albacete;02070 Salobre;De 90 a 94 años;Total;1 de enero de 2016;11
02 Albacete;02070 Salobre;De 90 a 94 años;Total;1 de enero de 2015;10
02 Albacete;02070 Salobre;De 90 a 94 años;Total;1 de enero de 2014;6
02 Albacete;02070 Salobre;De 90 a 94 años;Total;1 de enero de 2013;5
02 Albacete;02070 Salobre;De 90 a 94 años;Total;1 de enero de 2012;5
02 Albacete;02070 Salobre;De 90 a 94 años;Total;1 de enero de 2011;2
02 Albacete;02070 Salobre;De 90 a 94 años;Total;1 de enero de 2010;3
02 Albacete;02070 Salobre;De 95 a 99 años;Total;1 de enero de 2022;3
02 Albacete;02070 Salobre;De 95 a 99 años;Total;1 de enero de 2021;3
02 Albacete;02070 Salobre;De 95 a 99 años;Total;1 de enero de 2020;4
02 Albacete;02070 Salobre;De 95 a 99 años;Total;1 de enero de 2019;1
02 Albacete;02070 Salobre;De 95 a 99 años;Total;1 de enero de 2018;1
02 Albacete;02070 Salobre;De 95 a 99 años;Total;1 de enero de 2017;1
02 Albacete;02070 Salobre;De 95 a 99 años;Total;1 de enero de 2016;1
02 Albacete;02070 Salobre;De 95 a 99 años;Total;1 de enero de 2015;0
02 Albacete;02070 Salobre;De 95 a 99 años;Total;1 de enero de 2014;1
02 Albacete;02070 Salobre;De 95 a 99 años;Total;1 de enero de 2013;0
02 Albacete;02070 Salobre;De 95 a 99 años;Total;1 de enero de 2012;1
02 Albacete;02070 Salobre;De 95 a 99 años;Total;1 de enero de 2011;1
02 Albacete;02070 Salobre;De 95 a 99 años;Total;1 de enero de 2010;3
02 Albacete;02070 Salobre;100 y más años;Total;1 de enero de 2022;0
02 Albacete;02070 Salobre;100 y más años;Total;1 de enero de 2021;0
02 Albacete;02070 Salobre;100 y más años;Total;1 de enero de 2020;0
02 Albacete;02070 Salobre;100 y más años;Total;1 de enero de 2019;0
02 Albacete;02070 Salobre;100 y más años;Total;1 de enero de 2018;0
02 Albacete;02070 Salobre;100 y más años;Total;1 de enero de 2017;0
02 Albacete;02070 Salobre;100 y más años;Total;1 de enero de 2016;0
02 Albacete;02070 Salobre;100 y más años;Total;1 de enero de 2015;0
02 Albacete;02070 Salobre;100 y más años;Total;1 de enero de 2014;0
02 Albacete;02070 Salobre;100 y más años;Total;1 de enero de 2013;0
02 Albacete;02070 Salobre;100 y más años;Total;1 de enero de 2012;0
02 Albacete;02070 Salobre;100 y más años;Total;1 de enero de 2011;1
02 Albacete;02070 Salobre;100 y más años;Total;1 de enero de 2010;0
02 Albacete;02071 San Pedro;De 0 a 4 años;Total;1 de enero de 2022;26
02 Albacete;02071 San Pedro;De 0 a 4 años;Total;1 de enero de 2021;24
02 Albacete;02071 San Pedro;De 0 a 4 años;Total;1 de enero de 2020;25
02 Albacete;02071 San Pedro;De 0 a 4 años;Total;1 de enero de 2019;26
02 Albacete;02071 San Pedro;De 0 a 4 años;Total;1 de enero de 2018;22
02 Albacete;02071 San Pedro;De 0 a 4 años;Total;1 de enero de 2017;25
02 Albacete;02071 San Pedro;De 0 a 4 años;Total;1 de enero de 2016;26
02 Albacete;02071 San Pedro;De 0 a 4 años;Total;1 de enero de 2015;36
02 Albacete;02071 San Pedro;De 0 a 4 años;Total;1 de enero de 2014;32
02 Albacete;02071 San Pedro;De 0 a 4 años;Total;1 de enero de 2013;30
02 Albacete;02071 San Pedro;De 0 a 4 años;Total;1 de enero de 2012;36
02 Albacete;02071 San Pedro;De 0 a 4 años;Total;1 de enero de 2011;37
02 Albacete;02071 San Pedro;De 0 a 4 años;Total;1 de enero de 2010;42
02 Albacete;02071 San Pedro;De 5 a 9 años;Total;1 de enero de 2022;28
02 Albacete;02071 San Pedro;De 5 a 9 años;Total;1 de enero de 2021;29
02 Albacete;02071 San Pedro;De 5 a 9 años;Total;1 de enero de 2020;32
02 Albacete;02071 San Pedro;De 5 a 9 años;Total;1 de enero de 2019;37
02 Albacete;02071 San Pedro;De 5 a 9 años;Total;1 de enero de 2018;33
02 Albacete;02071 San Pedro;De 5 a 9 años;Total;1 de enero de 2017;35
02 Albacete;02071 San Pedro;De 5 a 9 años;Total;1 de enero de 2016;36
02 Albacete;02071 San Pedro;De 5 a 9 años;Total;1 de enero de 2015;43
02 Albacete;02071 San Pedro;De 5 a 9 años;Total;1 de enero de 2014;46
02 Albacete;02071 San Pedro;De 5 a 9 años;Total;1 de enero de 2013;50
02 Albacete;02071 San Pedro;De 5 a 9 años;Total;1 de enero de 2012;53
02 Albacete;02071 San Pedro;De 5 a 9 años;Total;1 de enero de 2011;61
02 Albacete;02071 San Pedro;De 5 a 9 años;Total;1 de enero de 2010;59
02 Albacete;02071 San Pedro;De 10 a 14 años;Total;1 de enero de 2022;36
02 Albacete;02071 San Pedro;De 10 a 14 años;Total;1 de enero de 2021;32
02 Albacete;02071 San Pedro;De 10 a 14 años;Total;1 de enero de 2020;38
02 Albacete;02071 San Pedro;De 10 a 14 años;Total;1 de enero de 2019;48
02 Albacete;02071 San Pedro;De 10 a 14 años;Total;1 de enero de 2018;45
02 Albacete;02071 San Pedro;De 10 a 14 años;Total;1 de enero de 2017;48
02 Albacete;02071 San Pedro;De 10 a 14 años;Total;1 de enero de 2016;59
02 Albacete;02071 San Pedro;De 10 a 14 años;Total;1 de enero de 2015;65
02 Albacete;02071 San Pedro;De 10 a 14 años;Total;1 de enero de 2014;53
02 Albacete;02071 San Pedro;De 10 a 14 años;Total;1 de enero de 2013;63
02 Albacete;02071 San Pedro;De 10 a 14 años;Total;1 de enero de 2012;64
02 Albacete;02071 San Pedro;De 10 a 14 años;Total;1 de enero de 2011;63
02 Albacete;02071 San Pedro;De 10 a 14 años;Total;1 de enero de 2010;62
02 Albacete;02071 San Pedro;De 65 a 69 años;Total;1 de enero de 2022;69
02 Albacete;02071 San Pedro;De 65 a 69 años;Total;1 de enero de 2021;62
02 Albacete;02071 San Pedro;De 65 a 69 años;Total;1 de enero de 2020;62
02 Albacete;02071 San Pedro;De 65 a 69 años;Total;1 de enero de 2019;59
02 Albacete;02071 San Pedro;De 65 a 69 años;Total;1 de enero de 2018;58
02 Albacete;02071 San Pedro;De 65 a 69 años;Total;1 de enero de 2017;50
02 Albacete;02071 San Pedro;De 65 a 69 años;Total;1 de enero de 2016;43
02 Albacete;02071 San Pedro;De 65 a 69 años;Total;1 de enero de 2015;42
02 Albacete;02071 San Pedro;De 65 a 69 años;Total;1 de enero de 2014;47
02 Albacete;02071 San Pedro;De 65 a 69 años;Total;1 de enero de 2013;47
02 Albacete;02071 San Pedro;De 65 a 69 años;Total;1 de enero de 2012;52
02 Albacete;02071 San Pedro;De 65 a 69 años;Total;1 de enero de 2011;61
02 Albacete;02071 San Pedro;De 65 a 69 años;Total;1 de enero de 2010;78
02 Albacete;02071 San Pedro;De 70 a 74 años;Total;1 de enero de 2022;59
02 Albacete;02071 San Pedro;De 70 a 74 años;Total;1 de enero de 2021;51
02 Albacete;02071 San Pedro;De 70 a 74 años;Total;1 de enero de 2020;39
02 Albacete;02071 San Pedro;De 70 a 74 años;Total;1 de enero de 2019;50
02 Albacete;02071 San Pedro;De 70 a 74 años;Total;1 de enero de 2018;43
02 Albacete;02071 San Pedro;De 70 a 74 años;Total;1 de enero de 2017;48
02 Albacete;02071 San Pedro;De 70 a 74 años;Total;1 de enero de 2016;62
02 Albacete;02071 San Pedro;De 70 a 74 años;Total;1 de enero de 2015;74
02 Albacete;02071 San Pedro;De 70 a 74 años;Total;1 de enero de 2014;63
02 Albacete;02071 San Pedro;De 70 a 74 años;Total;1 de enero de 2013;61
02 Albacete;02071 San Pedro;De 70 a 74 años;Total;1 de enero de 2012;73
02 Albacete;02071 San Pedro;De 70 a 74 años;Total;1 de enero de 2011;75
02 Albacete;02071 San Pedro;De 70 a 74 años;Total;1 de enero de 2010;71
02 Albacete;02071 San Pedro;De 75 a 79 años;Total;1 de enero de 2022;45
02 Albacete;02071 San Pedro;De 75 a 79 años;Total;1 de enero de 2021;52
02 Albacete;02071 San Pedro;De 75 a 79 años;Total;1 de enero de 2020;64
02 Albacete;02071 San Pedro;De 75 a 79 años;Total;1 de enero de 2019;58
02 Albacete;02071 San Pedro;De 75 a 79 años;Total;1 de enero de 2018;55
02 Albacete;02071 San Pedro;De 75 a 79 años;Total;1 de enero de 2017;64
02 Albacete;02071 San Pedro;De 75 a 79 años;Total;1 de enero de 2016;68
02 Albacete;02071 San Pedro;De 75 a 79 años;Total;1 de enero de 2015;67
02 Albacete;02071 San Pedro;De 75 a 79 años;Total;1 de enero de 2014;73
02 Albacete;02071 San Pedro;De 75 a 79 años;Total;1 de enero de 2013;80
02 Albacete;02071 San Pedro;De 75 a 79 años;Total;1 de enero de 2012;80
02 Albacete;02071 San Pedro;De 75 a 79 años;Total;1 de enero de 2011;78
02 Albacete;02071 San Pedro;De 75 a 79 años;Total;1 de enero de 2010;69
02 Albacete;02071 San Pedro;De 80 a 84 años;Total;1 de enero de 2022;50
02 Albacete;02071 San Pedro;De 80 a 84 años;Total;1 de enero de 2021;53
02 Albacete;02071 San Pedro;De 80 a 84 años;Total;1 de enero de 2020;53
02 Albacete;02071 San Pedro;De 80 a 84 años;Total;1 de enero de 2019;64
02 Albacete;02071 San Pedro;De 80 a 84 años;Total;1 de enero de 2018;72
02 Albacete;02071 San Pedro;De 80 a 84 años;Total;1 de enero de 2017;74
02 Albacete;02071 San Pedro;De 80 a 84 años;Total;1 de enero de 2016;71
02 Albacete;02071 San Pedro;De 80 a 84 años;Total;1 de enero de 2015;66
02 Albacete;02071 San Pedro;De 80 a 84 años;Total;1 de enero de 2014;60
02 Albacete;02071 San Pedro;De 80 a 84 años;Total;1 de enero de 2013;52
02 Albacete;02071 San Pedro;De 80 a 84 años;Total;1 de enero de 2012;43
02 Albacete;02071 San Pedro;De 80 a 84 años;Total;1 de enero de 2011;49
02 Albacete;02071 San Pedro;De 80 a 84 años;Total;1 de enero de 2010;45
02 Albacete;02071 San Pedro;De 85 a 89 años;Total;1 de enero de 2022;46
02 Albacete;02071 San Pedro;De 85 a 89 años;Total;1 de enero de 2021;45
02 Albacete;02071 San Pedro;De 85 a 89 años;Total;1 de enero de 2020;45
02 Albacete;02071 San Pedro;De 85 a 89 años;Total;1 de enero de 2019;47
02 Albacete;02071 San Pedro;De 85 a 89 años;Total;1 de enero de 2018;38
02 Albacete;02071 San Pedro;De 85 a 89 años;Total;1 de enero de 2017;28
02 Albacete;02071 San Pedro;De 85 a 89 años;Total;1 de enero de 2016;33
02 Albacete;02071 San Pedro;De 85 a 89 años;Total;1 de enero de 2015;33
02 Albacete;02071 San Pedro;De 85 a 89 años;Total;1 de enero de 2014;29
02 Albacete;02071 San Pedro;De 85 a 89 años;Total;1 de enero de 2013;32
02 Albacete;02071 San Pedro;De 85 a 89 años;Total;1 de enero de 2012;35
02 Albacete;02071 San Pedro;De 85 a 89 años;Total;1 de enero de 2011;26
02 Albacete;02071 San Pedro;De 85 a 89 años;Total;1 de enero de 2010;29
02 Albacete;02071 San Pedro;De 90 a 94 años;Total;1 de enero de 2022;8
02 Albacete;02071 San Pedro;De 90 a 94 años;Total;1 de enero de 2021;11
02 Albacete;02071 San Pedro;De 90 a 94 años;Total;1 de enero de 2020;13
02 Albacete;02071 San Pedro;De 90 a 94 años;Total;1 de enero de 2019;13
02 Albacete;02071 San Pedro;De 90 a 94 años;Total;1 de enero de 2018;19
02 Albacete;02071 San Pedro;De 90 a 94 años;Total;1 de enero de 2017;22
02 Albacete;02071 San Pedro;De 90 a 94 años;Total;1 de enero de 2016;17
02 Albacete;02071 San Pedro;De 90 a 94 años;Total;1 de enero de 2015;13
02 Albacete;02071 San Pedro;De 90 a 94 años;Total;1 de enero de 2014;14
02 Albacete;02071 San Pedro;De 90 a 94 años;Total;1 de enero de 2013;8
02 Albacete;02071 San Pedro;De 90 a 94 años;Total;1 de enero de 2012;10
02 Albacete;02071 San Pedro;De 90 a 94 años;Total;1 de enero de 2011;10
02 Albacete;02071 San Pedro;De 90 a 94 años;Total;1 de enero de 2010;10
02 Albacete;02071 San Pedro;De 95 a 99 años;Total;1 de enero de 2022;5
02 Albacete;02071 San Pedro;De 95 a 99 años;Total;1 de enero de 2021;2
02 Albacete;02071 San Pedro;De 95 a 99 años;Total;1 de enero de 2020;3
02 Albacete;02071 San Pedro;De 95 a 99 años;Total;1 de enero de 2019;3
02 Albacete;02071 San Pedro;De 95 a 99 años;Total;1 de enero de 2018;3
02 Albacete;02071 San Pedro;De 95 a 99 años;Total;1 de enero de 2017;2
02 Albacete;02071 San Pedro;De 95 a 99 años;Total;1 de enero de 2016;1
02 Albacete;02071 San Pedro;De 95 a 99 años;Total;1 de enero de 2015;1
02 Albacete;02071 San Pedro;De 95 a 99 años;Total;1 de enero de 2014;0
02 Albacete;02071 San Pedro;De 95 a 99 años;Total;1 de enero de 2013;4
02 Albacete;02071 San Pedro;De 95 a 99 años;Total;1 de enero de 2012;2
02 Albacete;02071 San Pedro;De 95 a 99 años;Total;1 de enero de 2011;4
02 Albacete;02071 San Pedro;De 95 a 99 años;Total;1 de enero de 2010;2
02 Albacete;02071 San Pedro;100 y más años;Total;1 de enero de 2022;0
02 Albacete;02071 San Pedro;100 y más años;Total;1 de enero de 2021;0
02 Albacete;02071 San Pedro;100 y más años;Total;1 de enero de 2020;0
02 Albacete;02071 San Pedro;100 y más años;Total;1 de enero de 2019;0
02 Albacete;02071 San Pedro;100 y más años;Total;1 de enero de 2018;0
02 Albacete;02071 San Pedro;100 y más años;Total;1 de enero de 2017;0
02 Albacete;02071 San Pedro;100 y más años;Total;1 de enero de 2016;0
02 Albacete;02071 San Pedro;100 y más años;Total;1 de enero de 2015;1
02 Albacete;02071 San Pedro;100 y más años;Total;1 de enero de 2014;1
02 Albacete;02071 San Pedro;100 y más años;Total;1 de enero de 2013;0
02 Albacete;02071 San Pedro;100 y más años;Total;1 de enero de 2012;0
02 Albacete;02071 San Pedro;100 y más años;Total;1 de enero de 2011;0
02 Albacete;02071 San Pedro;100 y más años;Total;1 de enero de 2010;0
02 Albacete;02072 Socovos;De 0 a 4 años;Total;1 de enero de 2022;46
02 Albacete;02072 Socovos;De 0 a 4 años;Total;1 de enero de 2021;42
02 Albacete;02072 Socovos;De 0 a 4 años;Total;1 de enero de 2020;50
02 Albacete;02072 Socovos;De 0 a 4 años;Total;1 de enero de 2019;56
02 Albacete;02072 Socovos;De 0 a 4 años;Total;1 de enero de 2018;43
02 Albacete;02072 Socovos;De 0 a 4 años;Total;1 de enero de 2017;47
02 Albacete;02072 Socovos;De 0 a 4 años;Total;1 de enero de 2016;42
02 Albacete;02072 Socovos;De 0 a 4 años;Total;1 de enero de 2015;42
02 Albacete;02072 Socovos;De 0 a 4 años;Total;1 de enero de 2014;41
02 Albacete;02072 Socovos;De 0 a 4 años;Total;1 de enero de 2013;49
02 Albacete;02072 Socovos;De 0 a 4 años;Total;1 de enero de 2012;57
02 Albacete;02072 Socovos;De 0 a 4 años;Total;1 de enero de 2011;63
02 Albacete;02072 Socovos;De 0 a 4 años;Total;1 de enero de 2010;68
02 Albacete;02072 Socovos;De 5 a 9 años;Total;1 de enero de 2022;59
02 Albacete;02072 Socovos;De 5 a 9 años;Total;1 de enero de 2021;56
02 Albacete;02072 Socovos;De 5 a 9 años;Total;1 de enero de 2020;55
02 Albacete;02072 Socovos;De 5 a 9 años;Total;1 de enero de 2019;54
02 Albacete;02072 Socovos;De 5 a 9 años;Total;1 de enero de 2018;53
02 Albacete;02072 Socovos;De 5 a 9 años;Total;1 de enero de 2017;53
02 Albacete;02072 Socovos;De 5 a 9 años;Total;1 de enero de 2016;63
02 Albacete;02072 Socovos;De 5 a 9 años;Total;1 de enero de 2015;65
02 Albacete;02072 Socovos;De 5 a 9 años;Total;1 de enero de 2014;70
02 Albacete;02072 Socovos;De 5 a 9 años;Total;1 de enero de 2013;83
02 Albacete;02072 Socovos;De 5 a 9 años;Total;1 de enero de 2012;87
02 Albacete;02072 Socovos;De 5 a 9 años;Total;1 de enero de 2011;82
02 Albacete;02072 Socovos;De 5 a 9 años;Total;1 de enero de 2010;84
02 Albacete;02072 Socovos;De 10 a 14 años;Total;1 de enero de 2022;59
02 Albacete;02072 Socovos;De 10 a 14 años;Total;1 de enero de 2021;64
02 Albacete;02072 Socovos;De 10 a 14 años;Total;1 de enero de 2020;66
02 Albacete;02072 Socovos;De 10 a 14 años;Total;1 de enero de 2019;64
02 Albacete;02072 Socovos;De 10 a 14 años;Total;1 de enero de 2018;72
02 Albacete;02072 Socovos;De 10 a 14 años;Total;1 de enero de 2017;71
02 Albacete;02072 Socovos;De 10 a 14 años;Total;1 de enero de 2016;72
02 Albacete;02072 Socovos;De 10 a 14 años;Total;1 de enero de 2015;74
02 Albacete;02072 Socovos;De 10 a 14 años;Total;1 de enero de 2014;75
02 Albacete;02072 Socovos;De 10 a 14 años;Total;1 de enero de 2013;74
02 Albacete;02072 Socovos;De 10 a 14 años;Total;1 de enero de 2012;86
02 Albacete;02072 Socovos;De 10 a 14 años;Total;1 de enero de 2011;89
02 Albacete;02072 Socovos;De 10 a 14 años;Total;1 de enero de 2010;84
02 Albacete;02072 Socovos;De 65 a 69 años;Total;1 de enero de 2022;110
02 Albacete;02072 Socovos;De 65 a 69 años;Total;1 de enero de 2021;129
02 Albacete;02072 Socovos;De 65 a 69 años;Total;1 de enero de 2020;117
02 Albacete;02072 Socovos;De 65 a 69 años;Total;1 de enero de 2019;125
02 Albacete;02072 Socovos;De 65 a 69 años;Total;1 de enero de 2018;116
02 Albacete;02072 Socovos;De 65 a 69 años;Total;1 de enero de 2017;116
02 Albacete;02072 Socovos;De 65 a 69 años;Total;1 de enero de 2016;108
02 Albacete;02072 Socovos;De 65 a 69 años;Total;1 de enero de 2015;110
02 Albacete;02072 Socovos;De 65 a 69 años;Total;1 de enero de 2014;109
02 Albacete;02072 Socovos;De 65 a 69 años;Total;1 de enero de 2013;117
02 Albacete;02072 Socovos;De 65 a 69 años;Total;1 de enero de 2012;119
02 Albacete;02072 Socovos;De 65 a 69 años;Total;1 de enero de 2011;110
02 Albacete;02072 Socovos;De 65 a 69 años;Total;1 de enero de 2010;116
02 Albacete;02072 Socovos;De 70 a 74 años;Total;1 de enero de 2022;114
02 Albacete;02072 Socovos;De 70 a 74 años;Total;1 de enero de 2021;106
02 Albacete;02072 Socovos;De 70 a 74 años;Total;1 de enero de 2020;110
02 Albacete;02072 Socovos;De 70 a 74 años;Total;1 de enero de 2019;105
02 Albacete;02072 Socovos;De 70 a 74 años;Total;1 de enero de 2018;111
02 Albacete;02072 Socovos;De 70 a 74 años;Total;1 de enero de 2017;112
02 Albacete;02072 Socovos;De 70 a 74 años;Total;1 de enero de 2016;106
02 Albacete;02072 Socovos;De 70 a 74 años;Total;1 de enero de 2015;106
02 Albacete;02072 Socovos;De 70 a 74 años;Total;1 de enero de 2014;94
02 Albacete;02072 Socovos;De 70 a 74 años;Total;1 de enero de 2013;85
02 Albacete;02072 Socovos;De 70 a 74 años;Total;1 de enero de 2012;83
02 Albacete;02072 Socovos;De 70 a 74 años;Total;1 de enero de 2011;99
02 Albacete;02072 Socovos;De 70 a 74 años;Total;1 de enero de 2010;107
02 Albacete;02072 Socovos;De 75 a 79 años;Total;1 de enero de 2022;99
02 Albacete;02072 Socovos;De 75 a 79 años;Total;1 de enero de 2021;92
02 Albacete;02072 Socovos;De 75 a 79 años;Total;1 de enero de 2020;93
02 Albacete;02072 Socovos;De 75 a 79 años;Total;1 de enero de 2019;80
02 Albacete;02072 Socovos;De 75 a 79 años;Total;1 de enero de 2018;71
02 Albacete;02072 Socovos;De 75 a 79 años;Total;1 de enero de 2017;73
02 Albacete;02072 Socovos;De 75 a 79 años;Total;1 de enero de 2016;87
02 Albacete;02072 Socovos;De 75 a 79 años;Total;1 de enero de 2015;98
02 Albacete;02072 Socovos;De 75 a 79 años;Total;1 de enero de 2014;115
02 Albacete;02072 Socovos;De 75 a 79 años;Total;1 de enero de 2013;117
02 Albacete;02072 Socovos;De 75 a 79 años;Total;1 de enero de 2012;112
02 Albacete;02072 Socovos;De 75 a 79 años;Total;1 de enero de 2011;111
02 Albacete;02072 Socovos;De 75 a 79 años;Total;1 de enero de 2010;114
02 Albacete;02072 Socovos;De 80 a 84 años;Total;1 de enero de 2022;53
02 Albacete;02072 Socovos;De 80 a 84 años;Total;1 de enero de 2021;71
02 Albacete;02072 Socovos;De 80 a 84 años;Total;1 de enero de 2020;74
02 Albacete;02072 Socovos;De 80 a 84 años;Total;1 de enero de 2019;97
02 Albacete;02072 Socovos;De 80 a 84 años;Total;1 de enero de 2018;102
02 Albacete;02072 Socovos;De 80 a 84 años;Total;1 de enero de 2017;104
02 Albacete;02072 Socovos;De 80 a 84 años;Total;1 de enero de 2016;99
02 Albacete;02072 Socovos;De 80 a 84 años;Total;1 de enero de 2015;93
02 Albacete;02072 Socovos;De 80 a 84 años;Total;1 de enero de 2014;85
02 Albacete;02072 Socovos;De 80 a 84 años;Total;1 de enero de 2013;94
02 Albacete;02072 Socovos;De 80 a 84 años;Total;1 de enero de 2012;91
02 Albacete;02072 Socovos;De 80 a 84 años;Total;1 de enero de 2011;97
02 Albacete;02072 Socovos;De 80 a 84 años;Total;1 de enero de 2010;94
02 Albacete;02072 Socovos;De 85 a 89 años;Total;1 de enero de 2022;69
02 Albacete;02072 Socovos;De 85 a 89 años;Total;1 de enero de 2021;68
02 Albacete;02072 Socovos;De 85 a 89 años;Total;1 de enero de 2020;77
02 Albacete;02072 Socovos;De 85 a 89 años;Total;1 de enero de 2019;64
02 Albacete;02072 Socovos;De 85 a 89 años;Total;1 de enero de 2018;67
02 Albacete;02072 Socovos;De 85 a 89 años;Total;1 de enero de 2017;70
02 Albacete;02072 Socovos;De 85 a 89 años;Total;1 de enero de 2016;73
02 Albacete;02072 Socovos;De 85 a 89 años;Total;1 de enero de 2015;70
02 Albacete;02072 Socovos;De 85 a 89 años;Total;1 de enero de 2014;68
02 Albacete;02072 Socovos;De 85 a 89 años;Total;1 de enero de 2013;58
02 Albacete;02072 Socovos;De 85 a 89 años;Total;1 de enero de 2012;52
02 Albacete;02072 Socovos;De 85 a 89 años;Total;1 de enero de 2011;40
02 Albacete;02072 Socovos;De 85 a 89 años;Total;1 de enero de 2010;34
02 Albacete;02072 Socovos;De 90 a 94 años;Total;1 de enero de 2022;32
02 Albacete;02072 Socovos;De 90 a 94 años;Total;1 de enero de 2021;38
02 Albacete;02072 Socovos;De 90 a 94 años;Total;1 de enero de 2020;37
02 Albacete;02072 Socovos;De 90 a 94 años;Total;1 de enero de 2019;37
02 Albacete;02072 Socovos;De 90 a 94 años;Total;1 de enero de 2018;36
02 Albacete;02072 Socovos;De 90 a 94 años;Total;1 de enero de 2017;34
02 Albacete;02072 Socovos;De 90 a 94 años;Total;1 de enero de 2016;22
02 Albacete;02072 Socovos;De 90 a 94 años;Total;1 de enero de 2015;16
02 Albacete;02072 Socovos;De 90 a 94 años;Total;1 de enero de 2014;9
02 Albacete;02072 Socovos;De 90 a 94 años;Total;1 de enero de 2013;11
02 Albacete;02072 Socovos;De 90 a 94 años;Total;1 de enero de 2012;13
02 Albacete;02072 Socovos;De 90 a 94 años;Total;1 de enero de 2011;13
02 Albacete;02072 Socovos;De 90 a 94 años;Total;1 de enero de 2010;12
02 Albacete;02072 Socovos;De 95 a 99 años;Total;1 de enero de 2022;10
02 Albacete;02072 Socovos;De 95 a 99 años;Total;1 de enero de 2021;6
02 Albacete;02072 Socovos;De 95 a 99 años;Total;1 de enero de 2020;3
02 Albacete;02072 Socovos;De 95 a 99 años;Total;1 de enero de 2019;4
02 Albacete;02072 Socovos;De 95 a 99 años;Total;1 de enero de 2018;2
02 Albacete;02072 Socovos;De 95 a 99 años;Total;1 de enero de 2017;2
02 Albacete;02072 Socovos;De 95 a 99 años;Total;1 de enero de 2016;2
02 Albacete;02072 Socovos;De 95 a 99 años;Total;1 de enero de 2015;1
02 Albacete;02072 Socovos;De 95 a 99 años;Total;1 de enero de 2014;3
02 Albacete;02072 Socovos;De 95 a 99 años;Total;1 de enero de 2013;4
02 Albacete;02072 Socovos;De 95 a 99 años;Total;1 de enero de 2012;7
02 Albacete;02072 Socovos;De 95 a 99 años;Total;1 de enero de 2011;7
02 Albacete;02072 Socovos;De 95 a 99 años;Total;1 de enero de 2010;6
02 Albacete;02072 Socovos;100 y más años;Total;1 de enero de 2022;2
02 Albacete;02072 Socovos;100 y más años;Total;1 de enero de 2021;2
02 Albacete;02072 Socovos;100 y más años;Total;1 de enero de 2020;2
02 Albacete;02072 Socovos;100 y más años;Total;1 de enero de 2019;2
02 Albacete;02072 Socovos;100 y más años;Total;1 de enero de 2018;2
02 Albacete;02072 Socovos;100 y más años;Total;1 de enero de 2017;2
02 Albacete;02072 Socovos;100 y más años;Total;1 de enero de 2016;2
02 Albacete;02072 Socovos;100 y más años;Total;1 de enero de 2015;3
02 Albacete;02072 Socovos;100 y más años;Total;1 de enero de 2014;3
02 Albacete;02072 Socovos;100 y más años;Total;1 de enero de 2013;2
02 Albacete;02072 Socovos;100 y más años;Total;1 de enero de 2012;0
02 Albacete;02072 Socovos;100 y más años;Total;1 de enero de 2011;0
02 Albacete;02072 Socovos;100 y más años;Total;1 de enero de 2010;0
02 Albacete;02073 Tarazona de la Mancha;De 0 a 4 años;Total;1 de enero de 2022;236
02 Albacete;02073 Tarazona de la Mancha;De 0 a 4 años;Total;1 de enero de 2021;220
02 Albacete;02073 Tarazona de la Mancha;De 0 a 4 años;Total;1 de enero de 2020;217
02 Albacete;02073 Tarazona de la Mancha;De 0 a 4 años;Total;1 de enero de 2019;221
02 Albacete;02073 Tarazona de la Mancha;De 0 a 4 años;Total;1 de enero de 2018;238
02 Albacete;02073 Tarazona de la Mancha;De 0 a 4 años;Total;1 de enero de 2017;254
02 Albacete;02073 Tarazona de la Mancha;De 0 a 4 años;Total;1 de enero de 2016;275
02 Albacete;02073 Tarazona de la Mancha;De 0 a 4 años;Total;1 de enero de 2015;303
02 Albacete;02073 Tarazona de la Mancha;De 0 a 4 años;Total;1 de enero de 2014;330
02 Albacete;02073 Tarazona de la Mancha;De 0 a 4 años;Total;1 de enero de 2013;355
02 Albacete;02073 Tarazona de la Mancha;De 0 a 4 años;Total;1 de enero de 2012;349
02 Albacete;02073 Tarazona de la Mancha;De 0 a 4 años;Total;1 de enero de 2011;339
02 Albacete;02073 Tarazona de la Mancha;De 0 a 4 años;Total;1 de enero de 2010;347
02 Albacete;02073 Tarazona de la Mancha;De 5 a 9 años;Total;1 de enero de 2022;261
02 Albacete;02073 Tarazona de la Mancha;De 5 a 9 años;Total;1 de enero de 2021;271
02 Albacete;02073 Tarazona de la Mancha;De 5 a 9 años;Total;1 de enero de 2020;297
02 Albacete;02073 Tarazona de la Mancha;De 5 a 9 años;Total;1 de enero de 2019;330
02 Albacete;02073 Tarazona de la Mancha;De 5 a 9 años;Total;1 de enero de 2018;339
02 Albacete;02073 Tarazona de la Mancha;De 5 a 9 años;Total;1 de enero de 2017;343
02 Albacete;02073 Tarazona de la Mancha;De 5 a 9 años;Total;1 de enero de 2016;358
02 Albacete;02073 Tarazona de la Mancha;De 5 a 9 años;Total;1 de enero de 2015;349
02 Albacete;02073 Tarazona de la Mancha;De 5 a 9 años;Total;1 de enero de 2014;335
02 Albacete;02073 Tarazona de la Mancha;De 5 a 9 años;Total;1 de enero de 2013;344
02 Albacete;02073 Tarazona de la Mancha;De 5 a 9 años;Total;1 de enero de 2012;359
02 Albacete;02073 Tarazona de la Mancha;De 5 a 9 años;Total;1 de enero de 2011;347
02 Albacete;02073 Tarazona de la Mancha;De 5 a 9 años;Total;1 de enero de 2010;360
02 Albacete;02073 Tarazona de la Mancha;De 10 a 14 años;Total;1 de enero de 2022;332
02 Albacete;02073 Tarazona de la Mancha;De 10 a 14 años;Total;1 de enero de 2021;344
02 Albacete;02073 Tarazona de la Mancha;De 10 a 14 años;Total;1 de enero de 2020;332
02 Albacete;02073 Tarazona de la Mancha;De 10 a 14 años;Total;1 de enero de 2019;320
02 Albacete;02073 Tarazona de la Mancha;De 10 a 14 años;Total;1 de enero de 2018;319
02 Albacete;02073 Tarazona de la Mancha;De 10 a 14 años;Total;1 de enero de 2017;337
02 Albacete;02073 Tarazona de la Mancha;De 10 a 14 años;Total;1 de enero de 2016;337
02 Albacete;02073 Tarazona de la Mancha;De 10 a 14 años;Total;1 de enero de 2015;352
02 Albacete;02073 Tarazona de la Mancha;De 10 a 14 años;Total;1 de enero de 2014;378
02 Albacete;02073 Tarazona de la Mancha;De 10 a 14 años;Total;1 de enero de 2013;382
02 Albacete;02073 Tarazona de la Mancha;De 10 a 14 años;Total;1 de enero de 2012;362
02 Albacete;02073 Tarazona de la Mancha;De 10 a 14 años;Total;1 de enero de 2011;373
02 Albacete;02073 Tarazona de la Mancha;De 10 a 14 años;Total;1 de enero de 2010;373
02 Albacete;02073 Tarazona de la Mancha;De 65 a 69 años;Total;1 de enero de 2022;287
02 Albacete;02073 Tarazona de la Mancha;De 65 a 69 años;Total;1 de enero de 2021;272
02 Albacete;02073 Tarazona de la Mancha;De 65 a 69 años;Total;1 de enero de 2020;252
02 Albacete;02073 Tarazona de la Mancha;De 65 a 69 años;Total;1 de enero de 2019;266
02 Albacete;02073 Tarazona de la Mancha;De 65 a 69 años;Total;1 de enero de 2018;268
02 Albacete;02073 Tarazona de la Mancha;De 65 a 69 años;Total;1 de enero de 2017;270
02 Albacete;02073 Tarazona de la Mancha;De 65 a 69 años;Total;1 de enero de 2016;284
02 Albacete;02073 Tarazona de la Mancha;De 65 a 69 años;Total;1 de enero de 2015;286
02 Albacete;02073 Tarazona de la Mancha;De 65 a 69 años;Total;1 de enero de 2014;304
02 Albacete;02073 Tarazona de la Mancha;De 65 a 69 años;Total;1 de enero de 2013;289
02 Albacete;02073 Tarazona de la Mancha;De 65 a 69 años;Total;1 de enero de 2012;302
02 Albacete;02073 Tarazona de la Mancha;De 65 a 69 años;Total;1 de enero de 2011;309
02 Albacete;02073 Tarazona de la Mancha;De 65 a 69 años;Total;1 de enero de 2010;350
02 Albacete;02073 Tarazona de la Mancha;De 70 a 74 años;Total;1 de enero de 2022;261
02 Albacete;02073 Tarazona de la Mancha;De 70 a 74 años;Total;1 de enero de 2021;272
02 Albacete;02073 Tarazona de la Mancha;De 70 a 74 años;Total;1 de enero de 2020;276
02 Albacete;02073 Tarazona de la Mancha;De 70 a 74 años;Total;1 de enero de 2019;289
02 Albacete;02073 Tarazona de la Mancha;De 70 a 74 años;Total;1 de enero de 2018;275
02 Albacete;02073 Tarazona de la Mancha;De 70 a 74 años;Total;1 de enero de 2017;290
02 Albacete;02073 Tarazona de la Mancha;De 70 a 74 años;Total;1 de enero de 2016;294
02 Albacete;02073 Tarazona de la Mancha;De 70 a 74 años;Total;1 de enero de 2015;333
02 Albacete;02073 Tarazona de la Mancha;De 70 a 74 años;Total;1 de enero de 2014;295
02 Albacete;02073 Tarazona de la Mancha;De 70 a 74 años;Total;1 de enero de 2013;307
02 Albacete;02073 Tarazona de la Mancha;De 70 a 74 años;Total;1 de enero de 2012;308
02 Albacete;02073 Tarazona de la Mancha;De 70 a 74 años;Total;1 de enero de 2011;315
02 Albacete;02073 Tarazona de la Mancha;De 70 a 74 años;Total;1 de enero de 2010;287
02 Albacete;02073 Tarazona de la Mancha;De 75 a 79 años;Total;1 de enero de 2022;267
02 Albacete;02073 Tarazona de la Mancha;De 75 a 79 años;Total;1 de enero de 2021;264
02 Albacete;02073 Tarazona de la Mancha;De 75 a 79 años;Total;1 de enero de 2020;304
02 Albacete;02073 Tarazona de la Mancha;De 75 a 79 años;Total;1 de enero de 2019;268
02 Albacete;02073 Tarazona de la Mancha;De 75 a 79 años;Total;1 de enero de 2018;281
02 Albacete;02073 Tarazona de la Mancha;De 75 a 79 años;Total;1 de enero de 2017;279
02 Albacete;02073 Tarazona de la Mancha;De 75 a 79 años;Total;1 de enero de 2016;279
02 Albacete;02073 Tarazona de la Mancha;De 75 a 79 años;Total;1 de enero de 2015;254
02 Albacete;02073 Tarazona de la Mancha;De 75 a 79 años;Total;1 de enero de 2014;285
02 Albacete;02073 Tarazona de la Mancha;De 75 a 79 años;Total;1 de enero de 2013;296
02 Albacete;02073 Tarazona de la Mancha;De 75 a 79 años;Total;1 de enero de 2012;294
02 Albacete;02073 Tarazona de la Mancha;De 75 a 79 años;Total;1 de enero de 2011;304
02 Albacete;02073 Tarazona de la Mancha;De 75 a 79 años;Total;1 de enero de 2010;315
02 Albacete;02073 Tarazona de la Mancha;De 80 a 84 años;Total;1 de enero de 2022;227
02 Albacete;02073 Tarazona de la Mancha;De 80 a 84 años;Total;1 de enero de 2021;219
02 Albacete;02073 Tarazona de la Mancha;De 80 a 84 años;Total;1 de enero de 2020;208
02 Albacete;02073 Tarazona de la Mancha;De 80 a 84 años;Total;1 de enero de 2019;238
02 Albacete;02073 Tarazona de la Mancha;De 80 a 84 años;Total;1 de enero de 2018;237
02 Albacete;02073 Tarazona de la Mancha;De 80 a 84 años;Total;1 de enero de 2017;239
02 Albacete;02073 Tarazona de la Mancha;De 80 a 84 años;Total;1 de enero de 2016;242
02 Albacete;02073 Tarazona de la Mancha;De 80 a 84 años;Total;1 de enero de 2015;254
02 Albacete;02073 Tarazona de la Mancha;De 80 a 84 años;Total;1 de enero de 2014;251
02 Albacete;02073 Tarazona de la Mancha;De 80 a 84 años;Total;1 de enero de 2013;241
02 Albacete;02073 Tarazona de la Mancha;De 80 a 84 años;Total;1 de enero de 2012;243
02 Albacete;02073 Tarazona de la Mancha;De 80 a 84 años;Total;1 de enero de 2011;247
02 Albacete;02073 Tarazona de la Mancha;De 80 a 84 años;Total;1 de enero de 2010;233
02 Albacete;02073 Tarazona de la Mancha;De 85 a 89 años;Total;1 de enero de 2022;162
02 Albacete;02073 Tarazona de la Mancha;De 85 a 89 años;Total;1 de enero de 2021;167
02 Albacete;02073 Tarazona de la Mancha;De 85 a 89 años;Total;1 de enero de 2020;177
02 Albacete;02073 Tarazona de la Mancha;De 85 a 89 años;Total;1 de enero de 2019;176
02 Albacete;02073 Tarazona de la Mancha;De 85 a 89 años;Total;1 de enero de 2018;172
02 Albacete;02073 Tarazona de la Mancha;De 85 a 89 años;Total;1 de enero de 2017;169
02 Albacete;02073 Tarazona de la Mancha;De 85 a 89 años;Total;1 de enero de 2016;168
02 Albacete;02073 Tarazona de la Mancha;De 85 a 89 años;Total;1 de enero de 2015;154
02 Albacete;02073 Tarazona de la Mancha;De 85 a 89 años;Total;1 de enero de 2014;144
02 Albacete;02073 Tarazona de la Mancha;De 85 a 89 años;Total;1 de enero de 2013;141
02 Albacete;02073 Tarazona de la Mancha;De 85 a 89 años;Total;1 de enero de 2012;146
02 Albacete;02073 Tarazona de la Mancha;De 85 a 89 años;Total;1 de enero de 2011;140
02 Albacete;02073 Tarazona de la Mancha;De 85 a 89 años;Total;1 de enero de 2010;132
02 Albacete;02073 Tarazona de la Mancha;De 90 a 94 años;Total;1 de enero de 2022;87
02 Albacete;02073 Tarazona de la Mancha;De 90 a 94 años;Total;1 de enero de 2021;86
02 Albacete;02073 Tarazona de la Mancha;De 90 a 94 años;Total;1 de enero de 2020;73
02 Albacete;02073 Tarazona de la Mancha;De 90 a 94 años;Total;1 de enero de 2019;66
02 Albacete;02073 Tarazona de la Mancha;De 90 a 94 años;Total;1 de enero de 2018;69
02 Albacete;02073 Tarazona de la Mancha;De 90 a 94 años;Total;1 de enero de 2017;66
02 Albacete;02073 Tarazona de la Mancha;De 90 a 94 años;Total;1 de enero de 2016;64
02 Albacete;02073 Tarazona de la Mancha;De 90 a 94 años;Total;1 de enero de 2015;64
02 Albacete;02073 Tarazona de la Mancha;De 90 a 94 años;Total;1 de enero de 2014;59
02 Albacete;02073 Tarazona de la Mancha;De 90 a 94 años;Total;1 de enero de 2013;62
02 Albacete;02073 Tarazona de la Mancha;De 90 a 94 años;Total;1 de enero de 2012;54
02 Albacete;02073 Tarazona de la Mancha;De 90 a 94 años;Total;1 de enero de 2011;43
02 Albacete;02073 Tarazona de la Mancha;De 90 a 94 años;Total;1 de enero de 2010;38
02 Albacete;02073 Tarazona de la Mancha;De 95 a 99 años;Total;1 de enero de 2022;22
02 Albacete;02073 Tarazona de la Mancha;De 95 a 99 años;Total;1 de enero de 2021;18
02 Albacete;02073 Tarazona de la Mancha;De 95 a 99 años;Total;1 de enero de 2020;19
02 Albacete;02073 Tarazona de la Mancha;De 95 a 99 años;Total;1 de enero de 2019;17
02 Albacete;02073 Tarazona de la Mancha;De 95 a 99 años;Total;1 de enero de 2018;19
02 Albacete;02073 Tarazona de la Mancha;De 95 a 99 años;Total;1 de enero de 2017;16
02 Albacete;02073 Tarazona de la Mancha;De 95 a 99 años;Total;1 de enero de 2016;14
02 Albacete;02073 Tarazona de la Mancha;De 95 a 99 años;Total;1 de enero de 2015;15
02 Albacete;02073 Tarazona de la Mancha;De 95 a 99 años;Total;1 de enero de 2014;14
02 Albacete;02073 Tarazona de la Mancha;De 95 a 99 años;Total;1 de enero de 2013;15
02 Albacete;02073 Tarazona de la Mancha;De 95 a 99 años;Total;1 de enero de 2012;8
02 Albacete;02073 Tarazona de la Mancha;De 95 a 99 años;Total;1 de enero de 2011;4
02 Albacete;02073 Tarazona de la Mancha;De 95 a 99 años;Total;1 de enero de 2010;8
02 Albacete;02073 Tarazona de la Mancha;100 y más años;Total;1 de enero de 2022;4
02 Albacete;02073 Tarazona de la Mancha;100 y más años;Total;1 de enero de 2021;5
02 Albacete;02073 Tarazona de la Mancha;100 y más años;Total;1 de enero de 2020;5
02 Albacete;02073 Tarazona de la Mancha;100 y más años;Total;1 de enero de 2019;5
02 Albacete;02073 Tarazona de la Mancha;100 y más años;Total;1 de enero de 2018;5
02 Albacete;02073 Tarazona de la Mancha;100 y más años;Total;1 de enero de 2017;4
02 Albacete;02073 Tarazona de la Mancha;100 y más años;Total;1 de enero de 2016;2
02 Albacete;02073 Tarazona de la Mancha;100 y más años;Total;1 de enero de 2015;2
02 Albacete;02073 Tarazona de la Mancha;100 y más años;Total;1 de enero de 2014;4
02 Albacete;02073 Tarazona de la Mancha;100 y más años;Total;1 de enero de 2013;2
02 Albacete;02073 Tarazona de la Mancha;100 y más años;Total;1 de enero de 2012;1
02 Albacete;02073 Tarazona de la Mancha;100 y más años;Total;1 de enero de 2011;1
02 Albacete;02073 Tarazona de la Mancha;100 y más años;Total;1 de enero de 2010;0
02 Albacete;02074 Tobarra;De 0 a 4 años;Total;1 de enero de 2022;305
02 Albacete;02074 Tobarra;De 0 a 4 años;Total;1 de enero de 2021;302
02 Albacete;02074 Tobarra;De 0 a 4 años;Total;1 de enero de 2020;301
02 Albacete;02074 Tobarra;De 0 a 4 años;Total;1 de enero de 2019;310
02 Albacete;02074 Tobarra;De 0 a 4 años;Total;1 de enero de 2018;321
02 Albacete;02074 Tobarra;De 0 a 4 años;Total;1 de enero de 2017;309
02 Albacete;02074 Tobarra;De 0 a 4 años;Total;1 de enero de 2016;326
02 Albacete;02074 Tobarra;De 0 a 4 años;Total;1 de enero de 2015;355
02 Albacete;02074 Tobarra;De 0 a 4 años;Total;1 de enero de 2014;376
02 Albacete;02074 Tobarra;De 0 a 4 años;Total;1 de enero de 2013;376
02 Albacete;02074 Tobarra;De 0 a 4 años;Total;1 de enero de 2012;396
02 Albacete;02074 Tobarra;De 0 a 4 años;Total;1 de enero de 2011;402
02 Albacete;02074 Tobarra;De 0 a 4 años;Total;1 de enero de 2010;388
02 Albacete;02074 Tobarra;De 5 a 9 años;Total;1 de enero de 2022;336
02 Albacete;02074 Tobarra;De 5 a 9 años;Total;1 de enero de 2021;340
02 Albacete;02074 Tobarra;De 5 a 9 años;Total;1 de enero de 2020;367
02 Albacete;02074 Tobarra;De 5 a 9 años;Total;1 de enero de 2019;375
02 Albacete;02074 Tobarra;De 5 a 9 años;Total;1 de enero de 2018;383
02 Albacete;02074 Tobarra;De 5 a 9 años;Total;1 de enero de 2017;396
02 Albacete;02074 Tobarra;De 5 a 9 años;Total;1 de enero de 2016;397
02 Albacete;02074 Tobarra;De 5 a 9 años;Total;1 de enero de 2015;379
02 Albacete;02074 Tobarra;De 5 a 9 años;Total;1 de enero de 2014;392
02 Albacete;02074 Tobarra;De 5 a 9 años;Total;1 de enero de 2013;391
02 Albacete;02074 Tobarra;De 5 a 9 años;Total;1 de enero de 2012;386
02 Albacete;02074 Tobarra;De 5 a 9 años;Total;1 de enero de 2011;408
02 Albacete;02074 Tobarra;De 5 a 9 años;Total;1 de enero de 2010;438
02 Albacete;02074 Tobarra;De 10 a 14 años;Total;1 de enero de 2022;421
02 Albacete;02074 Tobarra;De 10 a 14 años;Total;1 de enero de 2021;412
02 Albacete;02074 Tobarra;De 10 a 14 años;Total;1 de enero de 2020;394
02 Albacete;02074 Tobarra;De 10 a 14 años;Total;1 de enero de 2019;391
02 Albacete;02074 Tobarra;De 10 a 14 años;Total;1 de enero de 2018;384
02 Albacete;02074 Tobarra;De 10 a 14 años;Total;1 de enero de 2017;362
02 Albacete;02074 Tobarra;De 10 a 14 años;Total;1 de enero de 2016;397
02 Albacete;02074 Tobarra;De 10 a 14 años;Total;1 de enero de 2015;430
02 Albacete;02074 Tobarra;De 10 a 14 años;Total;1 de enero de 2014;443
02 Albacete;02074 Tobarra;De 10 a 14 años;Total;1 de enero de 2013;403
02 Albacete;02074 Tobarra;De 10 a 14 años;Total;1 de enero de 2012;426
02 Albacete;02074 Tobarra;De 10 a 14 años;Total;1 de enero de 2011;409
02 Albacete;02074 Tobarra;De 10 a 14 años;Total;1 de enero de 2010;392
02 Albacete;02074 Tobarra;De 65 a 69 años;Total;1 de enero de 2022;343
02 Albacete;02074 Tobarra;De 65 a 69 años;Total;1 de enero de 2021;341
02 Albacete;02074 Tobarra;De 65 a 69 años;Total;1 de enero de 2020;332
02 Albacete;02074 Tobarra;De 65 a 69 años;Total;1 de enero de 2019;332
02 Albacete;02074 Tobarra;De 65 a 69 años;Total;1 de enero de 2018;347
02 Albacete;02074 Tobarra;De 65 a 69 años;Total;1 de enero de 2017;339
02 Albacete;02074 Tobarra;De 65 a 69 años;Total;1 de enero de 2016;340
02 Albacete;02074 Tobarra;De 65 a 69 años;Total;1 de enero de 2015;350
02 Albacete;02074 Tobarra;De 65 a 69 años;Total;1 de enero de 2014;333
02 Albacete;02074 Tobarra;De 65 a 69 años;Total;1 de enero de 2013;336
02 Albacete;02074 Tobarra;De 65 a 69 años;Total;1 de enero de 2012;346
02 Albacete;02074 Tobarra;De 65 a 69 años;Total;1 de enero de 2011;338
02 Albacete;02074 Tobarra;De 65 a 69 años;Total;1 de enero de 2010;386
02 Albacete;02074 Tobarra;De 70 a 74 años;Total;1 de enero de 2022;328
02 Albacete;02074 Tobarra;De 70 a 74 años;Total;1 de enero de 2021;328
02 Albacete;02074 Tobarra;De 70 a 74 años;Total;1 de enero de 2020;334
02 Albacete;02074 Tobarra;De 70 a 74 años;Total;1 de enero de 2019;315
02 Albacete;02074 Tobarra;De 70 a 74 años;Total;1 de enero de 2018;319
02 Albacete;02074 Tobarra;De 70 a 74 años;Total;1 de enero de 2017;322
02 Albacete;02074 Tobarra;De 70 a 74 años;Total;1 de enero de 2016;317
02 Albacete;02074 Tobarra;De 70 a 74 años;Total;1 de enero de 2015;359
02 Albacete;02074 Tobarra;De 70 a 74 años;Total;1 de enero de 2014;364
02 Albacete;02074 Tobarra;De 70 a 74 años;Total;1 de enero de 2013;371
02 Albacete;02074 Tobarra;De 70 a 74 años;Total;1 de enero de 2012;381
02 Albacete;02074 Tobarra;De 70 a 74 años;Total;1 de enero de 2011;419
02 Albacete;02074 Tobarra;De 70 a 74 años;Total;1 de enero de 2010;402
02 Albacete;02074 Tobarra;De 75 a 79 años;Total;1 de enero de 2022;307
02 Albacete;02074 Tobarra;De 75 a 79 años;Total;1 de enero de 2021;297
02 Albacete;02074 Tobarra;De 75 a 79 años;Total;1 de enero de 2020;332
02 Albacete;02074 Tobarra;De 75 a 79 años;Total;1 de enero de 2019;342
02 Albacete;02074 Tobarra;De 75 a 79 años;Total;1 de enero de 2018;339
02 Albacete;02074 Tobarra;De 75 a 79 años;Total;1 de enero de 2017;342
02 Albacete;02074 Tobarra;De 75 a 79 años;Total;1 de enero de 2016;370
02 Albacete;02074 Tobarra;De 75 a 79 años;Total;1 de enero de 2015;363
02 Albacete;02074 Tobarra;De 75 a 79 años;Total;1 de enero de 2014;369
02 Albacete;02074 Tobarra;De 75 a 79 años;Total;1 de enero de 2013;373
02 Albacete;02074 Tobarra;De 75 a 79 años;Total;1 de enero de 2012;402
02 Albacete;02074 Tobarra;De 75 a 79 años;Total;1 de enero de 2011;419
02 Albacete;02074 Tobarra;De 75 a 79 años;Total;1 de enero de 2010;410
02 Albacete;02074 Tobarra;De 80 a 84 años;Total;1 de enero de 2022;283
02 Albacete;02074 Tobarra;De 80 a 84 años;Total;1 de enero de 2021;301
02 Albacete;02074 Tobarra;De 80 a 84 años;Total;1 de enero de 2020;298
02 Albacete;02074 Tobarra;De 80 a 84 años;Total;1 de enero de 2019;300
02 Albacete;02074 Tobarra;De 80 a 84 años;Total;1 de enero de 2018;303
02 Albacete;02074 Tobarra;De 80 a 84 años;Total;1 de enero de 2017;322
02 Albacete;02074 Tobarra;De 80 a 84 años;Total;1 de enero de 2016;332
02 Albacete;02074 Tobarra;De 80 a 84 años;Total;1 de enero de 2015;326
02 Albacete;02074 Tobarra;De 80 a 84 años;Total;1 de enero de 2014;361
02 Albacete;02074 Tobarra;De 80 a 84 años;Total;1 de enero de 2013;352
02 Albacete;02074 Tobarra;De 80 a 84 años;Total;1 de enero de 2012;350
02 Albacete;02074 Tobarra;De 80 a 84 años;Total;1 de enero de 2011;344
02 Albacete;02074 Tobarra;De 80 a 84 años;Total;1 de enero de 2010;348
02 Albacete;02074 Tobarra;De 85 a 89 años;Total;1 de enero de 2022;223
02 Albacete;02074 Tobarra;De 85 a 89 años;Total;1 de enero de 2021;228
02 Albacete;02074 Tobarra;De 85 a 89 años;Total;1 de enero de 2020;223
02 Albacete;02074 Tobarra;De 85 a 89 años;Total;1 de enero de 2019;240
02 Albacete;02074 Tobarra;De 85 a 89 años;Total;1 de enero de 2018;232
02 Albacete;02074 Tobarra;De 85 a 89 años;Total;1 de enero de 2017;224
02 Albacete;02074 Tobarra;De 85 a 89 años;Total;1 de enero de 2016;220
02 Albacete;02074 Tobarra;De 85 a 89 años;Total;1 de enero de 2015;233
02 Albacete;02074 Tobarra;De 85 a 89 años;Total;1 de enero de 2014;225
02 Albacete;02074 Tobarra;De 85 a 89 años;Total;1 de enero de 2013;223
02 Albacete;02074 Tobarra;De 85 a 89 años;Total;1 de enero de 2012;213
02 Albacete;02074 Tobarra;De 85 a 89 años;Total;1 de enero de 2011;190
02 Albacete;02074 Tobarra;De 85 a 89 años;Total;1 de enero de 2010;159
02 Albacete;02074 Tobarra;De 90 a 94 años;Total;1 de enero de 2022;94
02 Albacete;02074 Tobarra;De 90 a 94 años;Total;1 de enero de 2021;92
02 Albacete;02074 Tobarra;De 90 a 94 años;Total;1 de enero de 2020;95
02 Albacete;02074 Tobarra;De 90 a 94 años;Total;1 de enero de 2019;104
02 Albacete;02074 Tobarra;De 90 a 94 años;Total;1 de enero de 2018;94
02 Albacete;02074 Tobarra;De 90 a 94 años;Total;1 de enero de 2017;100
02 Albacete;02074 Tobarra;De 90 a 94 años;Total;1 de enero de 2016;85
02 Albacete;02074 Tobarra;De 90 a 94 años;Total;1 de enero de 2015;83
02 Albacete;02074 Tobarra;De 90 a 94 años;Total;1 de enero de 2014;79
02 Albacete;02074 Tobarra;De 90 a 94 años;Total;1 de enero de 2013;70
02 Albacete;02074 Tobarra;De 90 a 94 años;Total;1 de enero de 2012;51
02 Albacete;02074 Tobarra;De 90 a 94 años;Total;1 de enero de 2011;58
02 Albacete;02074 Tobarra;De 90 a 94 años;Total;1 de enero de 2010;63
02 Albacete;02074 Tobarra;De 95 a 99 años;Total;1 de enero de 2022;28
02 Albacete;02074 Tobarra;De 95 a 99 años;Total;1 de enero de 2021;23
02 Albacete;02074 Tobarra;De 95 a 99 años;Total;1 de enero de 2020;19
02 Albacete;02074 Tobarra;De 95 a 99 años;Total;1 de enero de 2019;22
02 Albacete;02074 Tobarra;De 95 a 99 años;Total;1 de enero de 2018;23
02 Albacete;02074 Tobarra;De 95 a 99 años;Total;1 de enero de 2017;15
02 Albacete;02074 Tobarra;De 95 a 99 años;Total;1 de enero de 2016;19
02 Albacete;02074 Tobarra;De 95 a 99 años;Total;1 de enero de 2015;11
02 Albacete;02074 Tobarra;De 95 a 99 años;Total;1 de enero de 2014;11
02 Albacete;02074 Tobarra;De 95 a 99 años;Total;1 de enero de 2013;13
02 Albacete;02074 Tobarra;De 95 a 99 años;Total;1 de enero de 2012;13
02 Albacete;02074 Tobarra;De 95 a 99 años;Total;1 de enero de 2011;14
02 Albacete;02074 Tobarra;De 95 a 99 años;Total;1 de enero de 2010;18
02 Albacete;02074 Tobarra;100 y más años;Total;1 de enero de 2022;1
02 Albacete;02074 Tobarra;100 y más años;Total;1 de enero de 2021;1
02 Albacete;02074 Tobarra;100 y más años;Total;1 de enero de 2020;0
02 Albacete;02074 Tobarra;100 y más años;Total;1 de enero de 2019;3
02 Albacete;02074 Tobarra;100 y más años;Total;1 de enero de 2018;4
02 Albacete;02074 Tobarra;100 y más años;Total;1 de enero de 2017;4
02 Albacete;02074 Tobarra;100 y más años;Total;1 de enero de 2016;3
02 Albacete;02074 Tobarra;100 y más años;Total;1 de enero de 2015;3
02 Albacete;02074 Tobarra;100 y más años;Total;1 de enero de 2014;3
02 Albacete;02074 Tobarra;100 y más años;Total;1 de enero de 2013;3
02 Albacete;02074 Tobarra;100 y más años;Total;1 de enero de 2012;2
02 Albacete;02074 Tobarra;100 y más años;Total;1 de enero de 2011;2
02 Albacete;02074 Tobarra;100 y más años;Total;1 de enero de 2010;1
02 Albacete;02075 Valdeganga;De 0 a 4 años;Total;1 de enero de 2022;62
02 Albacete;02075 Valdeganga;De 0 a 4 años;Total;1 de enero de 2021;69
02 Albacete;02075 Valdeganga;De 0 a 4 años;Total;1 de enero de 2020;79
02 Albacete;02075 Valdeganga;De 0 a 4 años;Total;1 de enero de 2019;79
02 Albacete;02075 Valdeganga;De 0 a 4 años;Total;1 de enero de 2018;80
02 Albacete;02075 Valdeganga;De 0 a 4 años;Total;1 de enero de 2017;75
02 Albacete;02075 Valdeganga;De 0 a 4 años;Total;1 de enero de 2016;72
02 Albacete;02075 Valdeganga;De 0 a 4 años;Total;1 de enero de 2015;66
02 Albacete;02075 Valdeganga;De 0 a 4 años;Total;1 de enero de 2014;59
02 Albacete;02075 Valdeganga;De 0 a 4 años;Total;1 de enero de 2013;58
02 Albacete;02075 Valdeganga;De 0 a 4 años;Total;1 de enero de 2012;63
02 Albacete;02075 Valdeganga;De 0 a 4 años;Total;1 de enero de 2011;65
02 Albacete;02075 Valdeganga;De 0 a 4 años;Total;1 de enero de 2010;71
02 Albacete;02075 Valdeganga;De 5 a 9 años;Total;1 de enero de 2022;76
02 Albacete;02075 Valdeganga;De 5 a 9 años;Total;1 de enero de 2021;76
02 Albacete;02075 Valdeganga;De 5 a 9 años;Total;1 de enero de 2020;69
02 Albacete;02075 Valdeganga;De 5 a 9 años;Total;1 de enero de 2019;68
02 Albacete;02075 Valdeganga;De 5 a 9 años;Total;1 de enero de 2018;61
02 Albacete;02075 Valdeganga;De 5 a 9 años;Total;1 de enero de 2017;60
02 Albacete;02075 Valdeganga;De 5 a 9 años;Total;1 de enero de 2016;66
02 Albacete;02075 Valdeganga;De 5 a 9 años;Total;1 de enero de 2015;75
02 Albacete;02075 Valdeganga;De 5 a 9 años;Total;1 de enero de 2014;68
02 Albacete;02075 Valdeganga;De 5 a 9 años;Total;1 de enero de 2013;80
02 Albacete;02075 Valdeganga;De 5 a 9 años;Total;1 de enero de 2012;77
02 Albacete;02075 Valdeganga;De 5 a 9 años;Total;1 de enero de 2011;80
02 Albacete;02075 Valdeganga;De 5 a 9 años;Total;1 de enero de 2010;73
02 Albacete;02075 Valdeganga;De 10 a 14 años;Total;1 de enero de 2022;72
02 Albacete;02075 Valdeganga;De 10 a 14 años;Total;1 de enero de 2021;74
02 Albacete;02075 Valdeganga;De 10 a 14 años;Total;1 de enero de 2020;81
02 Albacete;02075 Valdeganga;De 10 a 14 años;Total;1 de enero de 2019;83
02 Albacete;02075 Valdeganga;De 10 a 14 años;Total;1 de enero de 2018;84
02 Albacete;02075 Valdeganga;De 10 a 14 años;Total;1 de enero de 2017;83
02 Albacete;02075 Valdeganga;De 10 a 14 años;Total;1 de enero de 2016;88
02 Albacete;02075 Valdeganga;De 10 a 14 años;Total;1 de enero de 2015;83
02 Albacete;02075 Valdeganga;De 10 a 14 años;Total;1 de enero de 2014;84
02 Albacete;02075 Valdeganga;De 10 a 14 años;Total;1 de enero de 2013;79
02 Albacete;02075 Valdeganga;De 10 a 14 años;Total;1 de enero de 2012;87
02 Albacete;02075 Valdeganga;De 10 a 14 años;Total;1 de enero de 2011;77
02 Albacete;02075 Valdeganga;De 10 a 14 años;Total;1 de enero de 2010;79
02 Albacete;02075 Valdeganga;De 65 a 69 años;Total;1 de enero de 2022;102
02 Albacete;02075 Valdeganga;De 65 a 69 años;Total;1 de enero de 2021;105
02 Albacete;02075 Valdeganga;De 65 a 69 años;Total;1 de enero de 2020;105
02 Albacete;02075 Valdeganga;De 65 a 69 años;Total;1 de enero de 2019;108
02 Albacete;02075 Valdeganga;De 65 a 69 años;Total;1 de enero de 2018;115
02 Albacete;02075 Valdeganga;De 65 a 69 años;Total;1 de enero de 2017;121
02 Albacete;02075 Valdeganga;De 65 a 69 años;Total;1 de enero de 2016;125
02 Albacete;02075 Valdeganga;De 65 a 69 años;Total;1 de enero de 2015;129
02 Albacete;02075 Valdeganga;De 65 a 69 años;Total;1 de enero de 2014;136
02 Albacete;02075 Valdeganga;De 65 a 69 años;Total;1 de enero de 2013;126
02 Albacete;02075 Valdeganga;De 65 a 69 años;Total;1 de enero de 2012;124
02 Albacete;02075 Valdeganga;De 65 a 69 años;Total;1 de enero de 2011;126
02 Albacete;02075 Valdeganga;De 65 a 69 años;Total;1 de enero de 2010;121
02 Albacete;02075 Valdeganga;De 70 a 74 años;Total;1 de enero de 2022;118
02 Albacete;02075 Valdeganga;De 70 a 74 años;Total;1 de enero de 2021;116
02 Albacete;02075 Valdeganga;De 70 a 74 años;Total;1 de enero de 2020;118
02 Albacete;02075 Valdeganga;De 70 a 74 años;Total;1 de enero de 2019;127
02 Albacete;02075 Valdeganga;De 70 a 74 años;Total;1 de enero de 2018;118
02 Albacete;02075 Valdeganga;De 70 a 74 años;Total;1 de enero de 2017;117
02 Albacete;02075 Valdeganga;De 70 a 74 años;Total;1 de enero de 2016;121
02 Albacete;02075 Valdeganga;De 70 a 74 años;Total;1 de enero de 2015;117
02 Albacete;02075 Valdeganga;De 70 a 74 años;Total;1 de enero de 2014;106
02 Albacete;02075 Valdeganga;De 70 a 74 años;Total;1 de enero de 2013;103
02 Albacete;02075 Valdeganga;De 70 a 74 años;Total;1 de enero de 2012;98
02 Albacete;02075 Valdeganga;De 70 a 74 años;Total;1 de enero de 2011;102
02 Albacete;02075 Valdeganga;De 70 a 74 años;Total;1 de enero de 2010;107
02 Albacete;02075 Valdeganga;De 75 a 79 años;Total;1 de enero de 2022;107
02 Albacete;02075 Valdeganga;De 75 a 79 años;Total;1 de enero de 2021;109
02 Albacete;02075 Valdeganga;De 75 a 79 años;Total;1 de enero de 2020;108
02 Albacete;02075 Valdeganga;De 75 a 79 años;Total;1 de enero de 2019;96
02 Albacete;02075 Valdeganga;De 75 a 79 años;Total;1 de enero de 2018;97
02 Albacete;02075 Valdeganga;De 75 a 79 años;Total;1 de enero de 2017;90
02 Albacete;02075 Valdeganga;De 75 a 79 años;Total;1 de enero de 2016;96
02 Albacete;02075 Valdeganga;De 75 a 79 años;Total;1 de enero de 2015;90
02 Albacete;02075 Valdeganga;De 75 a 79 años;Total;1 de enero de 2014;94
02 Albacete;02075 Valdeganga;De 75 a 79 años;Total;1 de enero de 2013;104
02 Albacete;02075 Valdeganga;De 75 a 79 años;Total;1 de enero de 2012;108
02 Albacete;02075 Valdeganga;De 75 a 79 años;Total;1 de enero de 2011;113
02 Albacete;02075 Valdeganga;De 75 a 79 años;Total;1 de enero de 2010;117
02 Albacete;02075 Valdeganga;De 80 a 84 años;Total;1 de enero de 2022;72
02 Albacete;02075 Valdeganga;De 80 a 84 años;Total;1 de enero de 2021;76
02 Albacete;02075 Valdeganga;De 80 a 84 años;Total;1 de enero de 2020;76
02 Albacete;02075 Valdeganga;De 80 a 84 años;Total;1 de enero de 2019;83
02 Albacete;02075 Valdeganga;De 80 a 84 años;Total;1 de enero de 2018;89
02 Albacete;02075 Valdeganga;De 80 a 84 años;Total;1 de enero de 2017;91
02 Albacete;02075 Valdeganga;De 80 a 84 años;Total;1 de enero de 2016;83
02 Albacete;02075 Valdeganga;De 80 a 84 años;Total;1 de enero de 2015;87
02 Albacete;02075 Valdeganga;De 80 a 84 años;Total;1 de enero de 2014;100
02 Albacete;02075 Valdeganga;De 80 a 84 años;Total;1 de enero de 2013;108
02 Albacete;02075 Valdeganga;De 80 a 84 años;Total;1 de enero de 2012;113
02 Albacete;02075 Valdeganga;De 80 a 84 años;Total;1 de enero de 2011;113
02 Albacete;02075 Valdeganga;De 80 a 84 años;Total;1 de enero de 2010;101
02 Albacete;02075 Valdeganga;De 85 a 89 años;Total;1 de enero de 2022;62
02 Albacete;02075 Valdeganga;De 85 a 89 años;Total;1 de enero de 2021;60
02 Albacete;02075 Valdeganga;De 85 a 89 años;Total;1 de enero de 2020;63
02 Albacete;02075 Valdeganga;De 85 a 89 años;Total;1 de enero de 2019;67
02 Albacete;02075 Valdeganga;De 85 a 89 años;Total;1 de enero de 2018;73
02 Albacete;02075 Valdeganga;De 85 a 89 años;Total;1 de enero de 2017;80
02 Albacete;02075 Valdeganga;De 85 a 89 años;Total;1 de enero de 2016;86
02 Albacete;02075 Valdeganga;De 85 a 89 años;Total;1 de enero de 2015;78
02 Albacete;02075 Valdeganga;De 85 a 89 años;Total;1 de enero de 2014;61
02 Albacete;02075 Valdeganga;De 85 a 89 años;Total;1 de enero de 2013;56
02 Albacete;02075 Valdeganga;De 85 a 89 años;Total;1 de enero de 2012;48
02 Albacete;02075 Valdeganga;De 85 a 89 años;Total;1 de enero de 2011;39
02 Albacete;02075 Valdeganga;De 85 a 89 años;Total;1 de enero de 2010;45
02 Albacete;02075 Valdeganga;De 90 a 94 años;Total;1 de enero de 2022;34
02 Albacete;02075 Valdeganga;De 90 a 94 años;Total;1 de enero de 2021;36
02 Albacete;02075 Valdeganga;De 90 a 94 años;Total;1 de enero de 2020;37
02 Albacete;02075 Valdeganga;De 90 a 94 años;Total;1 de enero de 2019;38
02 Albacete;02075 Valdeganga;De 90 a 94 años;Total;1 de enero de 2018;31
02 Albacete;02075 Valdeganga;De 90 a 94 años;Total;1 de enero de 2017;29
02 Albacete;02075 Valdeganga;De 90 a 94 años;Total;1 de enero de 2016;19
02 Albacete;02075 Valdeganga;De 90 a 94 años;Total;1 de enero de 2015;20
02 Albacete;02075 Valdeganga;De 90 a 94 años;Total;1 de enero de 2014;19
02 Albacete;02075 Valdeganga;De 90 a 94 años;Total;1 de enero de 2013;18
02 Albacete;02075 Valdeganga;De 90 a 94 años;Total;1 de enero de 2012;19
02 Albacete;02075 Valdeganga;De 90 a 94 años;Total;1 de enero de 2011;17
02 Albacete;02075 Valdeganga;De 90 a 94 años;Total;1 de enero de 2010;14
02 Albacete;02075 Valdeganga;De 95 a 99 años;Total;1 de enero de 2022;6
02 Albacete;02075 Valdeganga;De 95 a 99 años;Total;1 de enero de 2021;5
02 Albacete;02075 Valdeganga;De 95 a 99 años;Total;1 de enero de 2020;6
02 Albacete;02075 Valdeganga;De 95 a 99 años;Total;1 de enero de 2019;4
02 Albacete;02075 Valdeganga;De 95 a 99 años;Total;1 de enero de 2018;4
02 Albacete;02075 Valdeganga;De 95 a 99 años;Total;1 de enero de 2017;4
02 Albacete;02075 Valdeganga;De 95 a 99 años;Total;1 de enero de 2016;3
02 Albacete;02075 Valdeganga;De 95 a 99 años;Total;1 de enero de 2015;2
02 Albacete;02075 Valdeganga;De 95 a 99 años;Total;1 de enero de 2014;4
02 Albacete;02075 Valdeganga;De 95 a 99 años;Total;1 de enero de 2013;2
02 Albacete;02075 Valdeganga;De 95 a 99 años;Total;1 de enero de 2012;5
02 Albacete;02075 Valdeganga;De 95 a 99 años;Total;1 de enero de 2011;4
02 Albacete;02075 Valdeganga;De 95 a 99 años;Total;1 de enero de 2010;3
02 Albacete;02075 Valdeganga;100 y más años;Total;1 de enero de 2022;1
02 Albacete;02075 Valdeganga;100 y más años;Total;1 de enero de 2021;1
02 Albacete;02075 Valdeganga;100 y más años;Total;1 de enero de 2020;0
02 Albacete;02075 Valdeganga;100 y más años;Total;1 de enero de 2019;0
02 Albacete;02075 Valdeganga;100 y más años;Total;1 de enero de 2018;0
02 Albacete;02075 Valdeganga;100 y más años;Total;1 de enero de 2017;0
02 Albacete;02075 Valdeganga;100 y más años;Total;1 de enero de 2016;0
02 Albacete;02075 Valdeganga;100 y más años;Total;1 de enero de 2015;0
02 Albacete;02075 Valdeganga;100 y más años;Total;1 de enero de 2014;0
02 Albacete;02075 Valdeganga;100 y más años;Total;1 de enero de 2013;0
02 Albacete;02075 Valdeganga;100 y más años;Total;1 de enero de 2012;1
02 Albacete;02075 Valdeganga;100 y más años;Total;1 de enero de 2011;1
02 Albacete;02075 Valdeganga;100 y más años;Total;1 de enero de 2010;1
02 Albacete;02076 Vianos;De 0 a 4 años;Total;1 de enero de 2022;2
02 Albacete;02076 Vianos;De 0 a 4 años;Total;1 de enero de 2021;6
02 Albacete;02076 Vianos;De 0 a 4 años;Total;1 de enero de 2020;6
02 Albacete;02076 Vianos;De 0 a 4 años;Total;1 de enero de 2019;4
02 Albacete;02076 Vianos;De 0 a 4 años;Total;1 de enero de 2018;7
02 Albacete;02076 Vianos;De 0 a 4 años;Total;1 de enero de 2017;8
02 Albacete;02076 Vianos;De 0 a 4 años;Total;1 de enero de 2016;7
02 Albacete;02076 Vianos;De 0 a 4 años;Total;1 de enero de 2015;5
02 Albacete;02076 Vianos;De 0 a 4 años;Total;1 de enero de 2014;4
02 Albacete;02076 Vianos;De 0 a 4 años;Total;1 de enero de 2013;7
02 Albacete;02076 Vianos;De 0 a 4 años;Total;1 de enero de 2012;5
02 Albacete;02076 Vianos;De 0 a 4 años;Total;1 de enero de 2011;6
02 Albacete;02076 Vianos;De 0 a 4 años;Total;1 de enero de 2010;6
02 Albacete;02076 Vianos;De 5 a 9 años;Total;1 de enero de 2022;8
02 Albacete;02076 Vianos;De 5 a 9 años;Total;1 de enero de 2021;8
02 Albacete;02076 Vianos;De 5 a 9 años;Total;1 de enero de 2020;6
02 Albacete;02076 Vianos;De 5 a 9 años;Total;1 de enero de 2019;7
02 Albacete;02076 Vianos;De 5 a 9 años;Total;1 de enero de 2018;6
02 Albacete;02076 Vianos;De 5 a 9 años;Total;1 de enero de 2017;6
02 Albacete;02076 Vianos;De 5 a 9 años;Total;1 de enero de 2016;8
02 Albacete;02076 Vianos;De 5 a 9 años;Total;1 de enero de 2015;9
02 Albacete;02076 Vianos;De 5 a 9 años;Total;1 de enero de 2014;9
02 Albacete;02076 Vianos;De 5 a 9 años;Total;1 de enero de 2013;13
02 Albacete;02076 Vianos;De 5 a 9 años;Total;1 de enero de 2012;13
02 Albacete;02076 Vianos;De 5 a 9 años;Total;1 de enero de 2011;12
02 Albacete;02076 Vianos;De 5 a 9 años;Total;1 de enero de 2010;12
02 Albacete;02076 Vianos;De 10 a 14 años;Total;1 de enero de 2022;6
02 Albacete;02076 Vianos;De 10 a 14 años;Total;1 de enero de 2021;8
02 Albacete;02076 Vianos;De 10 a 14 años;Total;1 de enero de 2020;9
02 Albacete;02076 Vianos;De 10 a 14 años;Total;1 de enero de 2019;9
02 Albacete;02076 Vianos;De 10 a 14 años;Total;1 de enero de 2018;13
02 Albacete;02076 Vianos;De 10 a 14 años;Total;1 de enero de 2017;13
02 Albacete;02076 Vianos;De 10 a 14 años;Total;1 de enero de 2016;13
02 Albacete;02076 Vianos;De 10 a 14 años;Total;1 de enero de 2015;13
02 Albacete;02076 Vianos;De 10 a 14 años;Total;1 de enero de 2014;16
02 Albacete;02076 Vianos;De 10 a 14 años;Total;1 de enero de 2013;10
02 Albacete;02076 Vianos;De 10 a 14 años;Total;1 de enero de 2012;12
02 Albacete;02076 Vianos;De 10 a 14 años;Total;1 de enero de 2011;12
02 Albacete;02076 Vianos;De 10 a 14 años;Total;1 de enero de 2010;13
02 Albacete;02076 Vianos;De 65 a 69 años;Total;1 de enero de 2022;20
02 Albacete;02076 Vianos;De 65 a 69 años;Total;1 de enero de 2021;20
02 Albacete;02076 Vianos;De 65 a 69 años;Total;1 de enero de 2020;22
02 Albacete;02076 Vianos;De 65 a 69 años;Total;1 de enero de 2019;23
02 Albacete;02076 Vianos;De 65 a 69 años;Total;1 de enero de 2018;24
02 Albacete;02076 Vianos;De 65 a 69 años;Total;1 de enero de 2017;24
02 Albacete;02076 Vianos;De 65 a 69 años;Total;1 de enero de 2016;20
02 Albacete;02076 Vianos;De 65 a 69 años;Total;1 de enero de 2015;20
02 Albacete;02076 Vianos;De 65 a 69 años;Total;1 de enero de 2014;23
02 Albacete;02076 Vianos;De 65 a 69 años;Total;1 de enero de 2013;23
02 Albacete;02076 Vianos;De 65 a 69 años;Total;1 de enero de 2012;18
02 Albacete;02076 Vianos;De 65 a 69 años;Total;1 de enero de 2011;23
02 Albacete;02076 Vianos;De 65 a 69 años;Total;1 de enero de 2010;22
02 Albacete;02076 Vianos;De 70 a 74 años;Total;1 de enero de 2022;25
02 Albacete;02076 Vianos;De 70 a 74 años;Total;1 de enero de 2021;23
02 Albacete;02076 Vianos;De 70 a 74 años;Total;1 de enero de 2020;21
02 Albacete;02076 Vianos;De 70 a 74 años;Total;1 de enero de 2019;22
02 Albacete;02076 Vianos;De 70 a 74 años;Total;1 de enero de 2018;21
02 Albacete;02076 Vianos;De 70 a 74 años;Total;1 de enero de 2017;17
02 Albacete;02076 Vianos;De 70 a 74 años;Total;1 de enero de 2016;19
02 Albacete;02076 Vianos;De 70 a 74 años;Total;1 de enero de 2015;19
02 Albacete;02076 Vianos;De 70 a 74 años;Total;1 de enero de 2014;18
02 Albacete;02076 Vianos;De 70 a 74 años;Total;1 de enero de 2013;18
02 Albacete;02076 Vianos;De 70 a 74 años;Total;1 de enero de 2012;22
02 Albacete;02076 Vianos;De 70 a 74 años;Total;1 de enero de 2011;24
02 Albacete;02076 Vianos;De 70 a 74 años;Total;1 de enero de 2010;28
02 Albacete;02076 Vianos;De 75 a 79 años;Total;1 de enero de 2022;14
02 Albacete;02076 Vianos;De 75 a 79 años;Total;1 de enero de 2021;14
02 Albacete;02076 Vianos;De 75 a 79 años;Total;1 de enero de 2020;12
02 Albacete;02076 Vianos;De 75 a 79 años;Total;1 de enero de 2019;14
02 Albacete;02076 Vianos;De 75 a 79 años;Total;1 de enero de 2018;15
02 Albacete;02076 Vianos;De 75 a 79 años;Total;1 de enero de 2017;15
02 Albacete;02076 Vianos;De 75 a 79 años;Total;1 de enero de 2016;19
02 Albacete;02076 Vianos;De 75 a 79 años;Total;1 de enero de 2015;23
02 Albacete;02076 Vianos;De 75 a 79 años;Total;1 de enero de 2014;23
02 Albacete;02076 Vianos;De 75 a 79 años;Total;1 de enero de 2013;25
02 Albacete;02076 Vianos;De 75 a 79 años;Total;1 de enero de 2012;25
02 Albacete;02076 Vianos;De 75 a 79 años;Total;1 de enero de 2011;30
02 Albacete;02076 Vianos;De 75 a 79 años;Total;1 de enero de 2010;31
02 Albacete;02076 Vianos;De 80 a 84 años;Total;1 de enero de 2022;8
02 Albacete;02076 Vianos;De 80 a 84 años;Total;1 de enero de 2021;13
02 Albacete;02076 Vianos;De 80 a 84 años;Total;1 de enero de 2020;19
02 Albacete;02076 Vianos;De 80 a 84 años;Total;1 de enero de 2019;17
02 Albacete;02076 Vianos;De 80 a 84 años;Total;1 de enero de 2018;18
02 Albacete;02076 Vianos;De 80 a 84 años;Total;1 de enero de 2017;19
02 Albacete;02076 Vianos;De 80 a 84 años;Total;1 de enero de 2016;22
02 Albacete;02076 Vianos;De 80 a 84 años;Total;1 de enero de 2015;22
02 Albacete;02076 Vianos;De 80 a 84 años;Total;1 de enero de 2014;25
02 Albacete;02076 Vianos;De 80 a 84 años;Total;1 de enero de 2013;26
02 Albacete;02076 Vianos;De 80 a 84 años;Total;1 de enero de 2012;31
02 Albacete;02076 Vianos;De 80 a 84 años;Total;1 de enero de 2011;33
02 Albacete;02076 Vianos;De 80 a 84 años;Total;1 de enero de 2010;32
02 Albacete;02076 Vianos;De 85 a 89 años;Total;1 de enero de 2022;14
02 Albacete;02076 Vianos;De 85 a 89 años;Total;1 de enero de 2021;16
02 Albacete;02076 Vianos;De 85 a 89 años;Total;1 de enero de 2020;16
02 Albacete;02076 Vianos;De 85 a 89 años;Total;1 de enero de 2019;18
02 Albacete;02076 Vianos;De 85 a 89 años;Total;1 de enero de 2018;21
02 Albacete;02076 Vianos;De 85 a 89 años;Total;1 de enero de 2017;21
02 Albacete;02076 Vianos;De 85 a 89 años;Total;1 de enero de 2016;22
02 Albacete;02076 Vianos;De 85 a 89 años;Total;1 de enero de 2015;20
02 Albacete;02076 Vianos;De 85 a 89 años;Total;1 de enero de 2014;20
02 Albacete;02076 Vianos;De 85 a 89 años;Total;1 de enero de 2013;19
02 Albacete;02076 Vianos;De 85 a 89 años;Total;1 de enero de 2012;18
02 Albacete;02076 Vianos;De 85 a 89 años;Total;1 de enero de 2011;17
02 Albacete;02076 Vianos;De 85 a 89 años;Total;1 de enero de 2010;21
02 Albacete;02076 Vianos;De 90 a 94 años;Total;1 de enero de 2022;15
02 Albacete;02076 Vianos;De 90 a 94 años;Total;1 de enero de 2021;15
02 Albacete;02076 Vianos;De 90 a 94 años;Total;1 de enero de 2020;14
02 Albacete;02076 Vianos;De 90 a 94 años;Total;1 de enero de 2019;13
02 Albacete;02076 Vianos;De 90 a 94 años;Total;1 de enero de 2018;10
02 Albacete;02076 Vianos;De 90 a 94 años;Total;1 de enero de 2017;7
02 Albacete;02076 Vianos;De 90 a 94 años;Total;1 de enero de 2016;5
02 Albacete;02076 Vianos;De 90 a 94 años;Total;1 de enero de 2015;7
02 Albacete;02076 Vianos;De 90 a 94 años;Total;1 de enero de 2014;11
02 Albacete;02076 Vianos;De 90 a 94 años;Total;1 de enero de 2013;11
02 Albacete;02076 Vianos;De 90 a 94 años;Total;1 de enero de 2012;8
02 Albacete;02076 Vianos;De 90 a 94 años;Total;1 de enero de 2011;13
02 Albacete;02076 Vianos;De 90 a 94 años;Total;1 de enero de 2010;9
02 Albacete;02076 Vianos;De 95 a 99 años;Total;1 de enero de 2022;2
02 Albacete;02076 Vianos;De 95 a 99 años;Total;1 de enero de 2021;2
02 Albacete;02076 Vianos;De 95 a 99 años;Total;1 de enero de 2020;2
02 Albacete;02076 Vianos;De 95 a 99 años;Total;1 de enero de 2019;2
02 Albacete;02076 Vianos;De 95 a 99 años;Total;1 de enero de 2018;2
02 Albacete;02076 Vianos;De 95 a 99 años;Total;1 de enero de 2017;3
02 Albacete;02076 Vianos;De 95 a 99 años;Total;1 de enero de 2016;3
02 Albacete;02076 Vianos;De 95 a 99 años;Total;1 de enero de 2015;1
02 Albacete;02076 Vianos;De 95 a 99 años;Total;1 de enero de 2014;0
02 Albacete;02076 Vianos;De 95 a 99 años;Total;1 de enero de 2013;1
02 Albacete;02076 Vianos;De 95 a 99 años;Total;1 de enero de 2012;1
02 Albacete;02076 Vianos;De 95 a 99 años;Total;1 de enero de 2011;0
02 Albacete;02076 Vianos;De 95 a 99 años;Total;1 de enero de 2010;0
02 Albacete;02076 Vianos;100 y más años;Total;1 de enero de 2022;0
02 Albacete;02076 Vianos;100 y más años;Total;1 de enero de 2021;0
02 Albacete;02076 Vianos;100 y más años;Total;1 de enero de 2020;0
02 Albacete;02076 Vianos;100 y más años;Total;1 de enero de 2019;0
02 Albacete;02076 Vianos;100 y más años;Total;1 de enero de 2018;0
02 Albacete;02076 Vianos;100 y más años;Total;1 de enero de 2017;0
02 Albacete;02076 Vianos;100 y más años;Total;1 de enero de 2016;0
02 Albacete;02076 Vianos;100 y más años;Total;1 de enero de 2015;0
02 Albacete;02076 Vianos;100 y más años;Total;1 de enero de 2014;0
02 Albacete;02076 Vianos;100 y más años;Total;1 de enero de 2013;0
02 Albacete;02076 Vianos;100 y más años;Total;1 de enero de 2012;0
02 Albacete;02076 Vianos;100 y más años;Total;1 de enero de 2011;0
02 Albacete;02076 Vianos;100 y más años;Total;1 de enero de 2010;0
02 Albacete;02077 Villa de Ves;De 0 a 4 años;Total;1 de enero de 2022;1
02 Albacete;02077 Villa de Ves;De 0 a 4 años;Total;1 de enero de 2021;1
02 Albacete;02077 Villa de Ves;De 0 a 4 años;Total;1 de enero de 2020;1
02 Albacete;02077 Villa de Ves;De 0 a 4 años;Total;1 de enero de 2019;0
02 Albacete;02077 Villa de Ves;De 0 a 4 años;Total;1 de enero de 2018;0
02 Albacete;02077 Villa de Ves;De 0 a 4 años;Total;1 de enero de 2017;0
02 Albacete;02077 Villa de Ves;De 0 a 4 años;Total;1 de enero de 2016;0
02 Albacete;02077 Villa de Ves;De 0 a 4 años;Total;1 de enero de 2015;0
02 Albacete;02077 Villa de Ves;De 0 a 4 años;Total;1 de enero de 2014;0
02 Albacete;02077 Villa de Ves;De 0 a 4 años;Total;1 de enero de 2013;0
02 Albacete;02077 Villa de Ves;De 0 a 4 años;Total;1 de enero de 2012;0
02 Albacete;02077 Villa de Ves;De 0 a 4 años;Total;1 de enero de 2011;0
02 Albacete;02077 Villa de Ves;De 0 a 4 años;Total;1 de enero de 2010;1
02 Albacete;02077 Villa de Ves;De 5 a 9 años;Total;1 de enero de 2022;0
02 Albacete;02077 Villa de Ves;De 5 a 9 años;Total;1 de enero de 2021;0
02 Albacete;02077 Villa de Ves;De 5 a 9 años;Total;1 de enero de 2020;0
02 Albacete;02077 Villa de Ves;De 5 a 9 años;Total;1 de enero de 2019;0
02 Albacete;02077 Villa de Ves;De 5 a 9 años;Total;1 de enero de 2018;0
02 Albacete;02077 Villa de Ves;De 5 a 9 años;Total;1 de enero de 2017;1
02 Albacete;02077 Villa de Ves;De 5 a 9 años;Total;1 de enero de 2016;1
02 Albacete;02077 Villa de Ves;De 5 a 9 años;Total;1 de enero de 2015;2
02 Albacete;02077 Villa de Ves;De 5 a 9 años;Total;1 de enero de 2014;3
02 Albacete;02077 Villa de Ves;De 5 a 9 años;Total;1 de enero de 2013;1
02 Albacete;02077 Villa de Ves;De 5 a 9 años;Total;1 de enero de 2012;1
02 Albacete;02077 Villa de Ves;De 5 a 9 años;Total;1 de enero de 2011;2
02 Albacete;02077 Villa de Ves;De 5 a 9 años;Total;1 de enero de 2010;1
02 Albacete;02077 Villa de Ves;De 10 a 14 años;Total;1 de enero de 2022;0
02 Albacete;02077 Villa de Ves;De 10 a 14 años;Total;1 de enero de 2021;0
02 Albacete;02077 Villa de Ves;De 10 a 14 años;Total;1 de enero de 2020;2
02 Albacete;02077 Villa de Ves;De 10 a 14 años;Total;1 de enero de 2019;2
02 Albacete;02077 Villa de Ves;De 10 a 14 años;Total;1 de enero de 2018;2
02 Albacete;02077 Villa de Ves;De 10 a 14 años;Total;1 de enero de 2017;3
02 Albacete;02077 Villa de Ves;De 10 a 14 años;Total;1 de enero de 2016;4
02 Albacete;02077 Villa de Ves;De 10 a 14 años;Total;1 de enero de 2015;3
02 Albacete;02077 Villa de Ves;De 10 a 14 años;Total;1 de enero de 2014;2
02 Albacete;02077 Villa de Ves;De 10 a 14 años;Total;1 de enero de 2013;1
02 Albacete;02077 Villa de Ves;De 10 a 14 años;Total;1 de enero de 2012;1
02 Albacete;02077 Villa de Ves;De 10 a 14 años;Total;1 de enero de 2011;0
02 Albacete;02077 Villa de Ves;De 10 a 14 años;Total;1 de enero de 2010;0
02 Albacete;02077 Villa de Ves;De 65 a 69 años;Total;1 de enero de 2022;4
02 Albacete;02077 Villa de Ves;De 65 a 69 años;Total;1 de enero de 2021;4
02 Albacete;02077 Villa de Ves;De 65 a 69 años;Total;1 de enero de 2020;5
02 Albacete;02077 Villa de Ves;De 65 a 69 años;Total;1 de enero de 2019;3
02 Albacete;02077 Villa de Ves;De 65 a 69 años;Total;1 de enero de 2018;2
02 Albacete;02077 Villa de Ves;De 65 a 69 años;Total;1 de enero de 2017;2
02 Albacete;02077 Villa de Ves;De 65 a 69 años;Total;1 de enero de 2016;2
02 Albacete;02077 Villa de Ves;De 65 a 69 años;Total;1 de enero de 2015;0
02 Albacete;02077 Villa de Ves;De 65 a 69 años;Total;1 de enero de 2014;0
02 Albacete;02077 Villa de Ves;De 65 a 69 años;Total;1 de enero de 2013;0
02 Albacete;02077 Villa de Ves;De 65 a 69 años;Total;1 de enero de 2012;3
02 Albacete;02077 Villa de Ves;De 65 a 69 años;Total;1 de enero de 2011;3
02 Albacete;02077 Villa de Ves;De 65 a 69 años;Total;1 de enero de 2010;4
02 Albacete;02077 Villa de Ves;De 70 a 74 años;Total;1 de enero de 2022;2
02 Albacete;02077 Villa de Ves;De 70 a 74 años;Total;1 de enero de 2021;1
02 Albacete;02077 Villa de Ves;De 70 a 74 años;Total;1 de enero de 2020;0
02 Albacete;02077 Villa de Ves;De 70 a 74 años;Total;1 de enero de 2019;0
02 Albacete;02077 Villa de Ves;De 70 a 74 años;Total;1 de enero de 2018;1
02 Albacete;02077 Villa de Ves;De 70 a 74 años;Total;1 de enero de 2017;2
02 Albacete;02077 Villa de Ves;De 70 a 74 años;Total;1 de enero de 2016;2
02 Albacete;02077 Villa de Ves;De 70 a 74 años;Total;1 de enero de 2015;2
02 Albacete;02077 Villa de Ves;De 70 a 74 años;Total;1 de enero de 2014;1
02 Albacete;02077 Villa de Ves;De 70 a 74 años;Total;1 de enero de 2013;3
02 Albacete;02077 Villa de Ves;De 70 a 74 años;Total;1 de enero de 2012;4
02 Albacete;02077 Villa de Ves;De 70 a 74 años;Total;1 de enero de 2011;5
02 Albacete;02077 Villa de Ves;De 70 a 74 años;Total;1 de enero de 2010;5
02 Albacete;02077 Villa de Ves;De 75 a 79 años;Total;1 de enero de 2022;1
02 Albacete;02077 Villa de Ves;De 75 a 79 años;Total;1 de enero de 2021;1
02 Albacete;02077 Villa de Ves;De 75 a 79 años;Total;1 de enero de 2020;1
02 Albacete;02077 Villa de Ves;De 75 a 79 años;Total;1 de enero de 2019;1
02 Albacete;02077 Villa de Ves;De 75 a 79 años;Total;1 de enero de 2018;2
02 Albacete;02077 Villa de Ves;De 75 a 79 años;Total;1 de enero de 2017;2
02 Albacete;02077 Villa de Ves;De 75 a 79 años;Total;1 de enero de 2016;3
02 Albacete;02077 Villa de Ves;De 75 a 79 años;Total;1 de enero de 2015;5
02 Albacete;02077 Villa de Ves;De 75 a 79 años;Total;1 de enero de 2014;6
02 Albacete;02077 Villa de Ves;De 75 a 79 años;Total;1 de enero de 2013;5
02 Albacete;02077 Villa de Ves;De 75 a 79 años;Total;1 de enero de 2012;7
02 Albacete;02077 Villa de Ves;De 75 a 79 años;Total;1 de enero de 2011;6
02 Albacete;02077 Villa de Ves;De 75 a 79 años;Total;1 de enero de 2010;7
02 Albacete;02077 Villa de Ves;De 80 a 84 años;Total;1 de enero de 2022;4
02 Albacete;02077 Villa de Ves;De 80 a 84 años;Total;1 de enero de 2021;1
02 Albacete;02077 Villa de Ves;De 80 a 84 años;Total;1 de enero de 2020;2
02 Albacete;02077 Villa de Ves;De 80 a 84 años;Total;1 de enero de 2019;5
02 Albacete;02077 Villa de Ves;De 80 a 84 años;Total;1 de enero de 2018;5
02 Albacete;02077 Villa de Ves;De 80 a 84 años;Total;1 de enero de 2017;7
02 Albacete;02077 Villa de Ves;De 80 a 84 años;Total;1 de enero de 2016;6
02 Albacete;02077 Villa de Ves;De 80 a 84 años;Total;1 de enero de 2015;5
02 Albacete;02077 Villa de Ves;De 80 a 84 años;Total;1 de enero de 2014;5
02 Albacete;02077 Villa de Ves;De 80 a 84 años;Total;1 de enero de 2013;8
02 Albacete;02077 Villa de Ves;De 80 a 84 años;Total;1 de enero de 2012;6
02 Albacete;02077 Villa de Ves;De 80 a 84 años;Total;1 de enero de 2011;8
02 Albacete;02077 Villa de Ves;De 80 a 84 años;Total;1 de enero de 2010;7
02 Albacete;02077 Villa de Ves;De 85 a 89 años;Total;1 de enero de 2022;2
02 Albacete;02077 Villa de Ves;De 85 a 89 años;Total;1 de enero de 2021;3
02 Albacete;02077 Villa de Ves;De 85 a 89 años;Total;1 de enero de 2020;4
02 Albacete;02077 Villa de Ves;De 85 a 89 años;Total;1 de enero de 2019;3
02 Albacete;02077 Villa de Ves;De 85 a 89 años;Total;1 de enero de 2018;6
02 Albacete;02077 Villa de Ves;De 85 a 89 años;Total;1 de enero de 2017;5
02 Albacete;02077 Villa de Ves;De 85 a 89 años;Total;1 de enero de 2016;9
02 Albacete;02077 Villa de Ves;De 85 a 89 años;Total;1 de enero de 2015;8
02 Albacete;02077 Villa de Ves;De 85 a 89 años;Total;1 de enero de 2014;6
02 Albacete;02077 Villa de Ves;De 85 a 89 años;Total;1 de enero de 2013;4
02 Albacete;02077 Villa de Ves;De 85 a 89 años;Total;1 de enero de 2012;5
02 Albacete;02077 Villa de Ves;De 85 a 89 años;Total;1 de enero de 2011;4
02 Albacete;02077 Villa de Ves;De 85 a 89 años;Total;1 de enero de 2010;5
02 Albacete;02077 Villa de Ves;De 90 a 94 años;Total;1 de enero de 2022;0
02 Albacete;02077 Villa de Ves;De 90 a 94 años;Total;1 de enero de 2021;0
02 Albacete;02077 Villa de Ves;De 90 a 94 años;Total;1 de enero de 2020;0
02 Albacete;02077 Villa de Ves;De 90 a 94 años;Total;1 de enero de 2019;0
02 Albacete;02077 Villa de Ves;De 90 a 94 años;Total;1 de enero de 2018;3
02 Albacete;02077 Villa de Ves;De 90 a 94 años;Total;1 de enero de 2017;2
02 Albacete;02077 Villa de Ves;De 90 a 94 años;Total;1 de enero de 2016;1
02 Albacete;02077 Villa de Ves;De 90 a 94 años;Total;1 de enero de 2015;1
02 Albacete;02077 Villa de Ves;De 90 a 94 años;Total;1 de enero de 2014;1
02 Albacete;02077 Villa de Ves;De 90 a 94 años;Total;1 de enero de 2013;1
02 Albacete;02077 Villa de Ves;De 90 a 94 años;Total;1 de enero de 2012;0
02 Albacete;02077 Villa de Ves;De 90 a 94 años;Total;1 de enero de 2011;0
02 Albacete;02077 Villa de Ves;De 90 a 94 años;Total;1 de enero de 2010;0
02 Albacete;02077 Villa de Ves;De 95 a 99 años;Total;1 de enero de 2022;0
02 Albacete;02077 Villa de Ves;De 95 a 99 años;Total;1 de enero de 2021;1
02 Albacete;02077 Villa de Ves;De 95 a 99 años;Total;1 de enero de 2020;1
02 Albacete;02077 Villa de Ves;De 95 a 99 años;Total;1 de enero de 2019;1
02 Albacete;02077 Villa de Ves;De 95 a 99 años;Total;1 de enero de 2018;1
02 Albacete;02077 Villa de Ves;De 95 a 99 años;Total;1 de enero de 2017;0
02 Albacete;02077 Villa de Ves;De 95 a 99 años;Total;1 de enero de 2016;0
02 Albacete;02077 Villa de Ves;De 95 a 99 años;Total;1 de enero de 2015;0
02 Albacete;02077 Villa de Ves;De 95 a 99 años;Total;1 de enero de 2014;0
02 Albacete;02077 Villa de Ves;De 95 a 99 años;Total;1 de enero de 2013;0
02 Albacete;02077 Villa de Ves;De 95 a 99 años;Total;1 de enero de 2012;0
02 Albacete;02077 Villa de Ves;De 95 a 99 años;Total;1 de enero de 2011;0
02 Albacete;02077 Villa de Ves;De 95 a 99 años;Total;1 de enero de 2010;0
02 Albacete;02077 Villa de Ves;100 y más años;Total;1 de enero de 2022;0
02 Albacete;02077 Villa de Ves;100 y más años;Total;1 de enero de 2021;0
02 Albacete;02077 Villa de Ves;100 y más años;Total;1 de enero de 2020;0
02 Albacete;02077 Villa de Ves;100 y más años;Total;1 de enero de 2019;0
02 Albacete;02077 Villa de Ves;100 y más años;Total;1 de enero de 2018;0
02 Albacete;02077 Villa de Ves;100 y más años;Total;1 de enero de 2017;0
02 Albacete;02077 Villa de Ves;100 y más años;Total;1 de enero de 2016;0
02 Albacete;02077 Villa de Ves;100 y más años;Total;1 de enero de 2015;0
02 Albacete;02077 Villa de Ves;100 y más años;Total;1 de enero de 2014;0
02 Albacete;02077 Villa de Ves;100 y más años;Total;1 de enero de 2013;0
02 Albacete;02077 Villa de Ves;100 y más años;Total;1 de enero de 2012;0
02 Albacete;02077 Villa de Ves;100 y más años;Total;1 de enero de 2011;0
02 Albacete;02077 Villa de Ves;100 y más años;Total;1 de enero de 2010;0
02 Albacete;02078 Villalgordo del Júcar;De 0 a 4 años;Total;1 de enero de 2022;23
02 Albacete;02078 Villalgordo del Júcar;De 0 a 4 años;Total;1 de enero de 2021;24
02 Albacete;02078 Villalgordo del Júcar;De 0 a 4 años;Total;1 de enero de 2020;32
02 Albacete;02078 Villalgordo del Júcar;De 0 a 4 años;Total;1 de enero de 2019;35
02 Albacete;02078 Villalgordo del Júcar;De 0 a 4 años;Total;1 de enero de 2018;40
02 Albacete;02078 Villalgordo del Júcar;De 0 a 4 años;Total;1 de enero de 2017;45
02 Albacete;02078 Villalgordo del Júcar;De 0 a 4 años;Total;1 de enero de 2016;49
02 Albacete;02078 Villalgordo del Júcar;De 0 a 4 años;Total;1 de enero de 2015;46
02 Albacete;02078 Villalgordo del Júcar;De 0 a 4 años;Total;1 de enero de 2014;43
02 Albacete;02078 Villalgordo del Júcar;De 0 a 4 años;Total;1 de enero de 2013;50
02 Albacete;02078 Villalgordo del Júcar;De 0 a 4 años;Total;1 de enero de 2012;44
02 Albacete;02078 Villalgordo del Júcar;De 0 a 4 años;Total;1 de enero de 2011;40
02 Albacete;02078 Villalgordo del Júcar;De 0 a 4 años;Total;1 de enero de 2010;42
02 Albacete;02078 Villalgordo del Júcar;De 5 a 9 años;Total;1 de enero de 2022;42
02 Albacete;02078 Villalgordo del Júcar;De 5 a 9 años;Total;1 de enero de 2021;47
02 Albacete;02078 Villalgordo del Júcar;De 5 a 9 años;Total;1 de enero de 2020;49
02 Albacete;02078 Villalgordo del Júcar;De 5 a 9 años;Total;1 de enero de 2019;44
02 Albacete;02078 Villalgordo del Júcar;De 5 a 9 años;Total;1 de enero de 2018;44
02 Albacete;02078 Villalgordo del Júcar;De 5 a 9 años;Total;1 de enero de 2017;37
02 Albacete;02078 Villalgordo del Júcar;De 5 a 9 años;Total;1 de enero de 2016;33
02 Albacete;02078 Villalgordo del Júcar;De 5 a 9 años;Total;1 de enero de 2015;44
02 Albacete;02078 Villalgordo del Júcar;De 5 a 9 años;Total;1 de enero de 2014;44
02 Albacete;02078 Villalgordo del Júcar;De 5 a 9 años;Total;1 de enero de 2013;42
02 Albacete;02078 Villalgordo del Júcar;De 5 a 9 años;Total;1 de enero de 2012;46
02 Albacete;02078 Villalgordo del Júcar;De 5 a 9 años;Total;1 de enero de 2011;62
02 Albacete;02078 Villalgordo del Júcar;De 5 a 9 años;Total;1 de enero de 2010;55
02 Albacete;02078 Villalgordo del Júcar;De 10 a 14 años;Total;1 de enero de 2022;36
02 Albacete;02078 Villalgordo del Júcar;De 10 a 14 años;Total;1 de enero de 2021;33
02 Albacete;02078 Villalgordo del Júcar;De 10 a 14 años;Total;1 de enero de 2020;40
02 Albacete;02078 Villalgordo del Júcar;De 10 a 14 años;Total;1 de enero de 2019;40
02 Albacete;02078 Villalgordo del Júcar;De 10 a 14 años;Total;1 de enero de 2018;41
02 Albacete;02078 Villalgordo del Júcar;De 10 a 14 años;Total;1 de enero de 2017;45
02 Albacete;02078 Villalgordo del Júcar;De 10 a 14 años;Total;1 de enero de 2016;53
02 Albacete;02078 Villalgordo del Júcar;De 10 a 14 años;Total;1 de enero de 2015;49
02 Albacete;02078 Villalgordo del Júcar;De 10 a 14 años;Total;1 de enero de 2014;53
02 Albacete;02078 Villalgordo del Júcar;De 10 a 14 años;Total;1 de enero de 2013;61
02 Albacete;02078 Villalgordo del Júcar;De 10 a 14 años;Total;1 de enero de 2012;58
02 Albacete;02078 Villalgordo del Júcar;De 10 a 14 años;Total;1 de enero de 2011;55
02 Albacete;02078 Villalgordo del Júcar;De 10 a 14 años;Total;1 de enero de 2010;56
02 Albacete;02078 Villalgordo del Júcar;De 65 a 69 años;Total;1 de enero de 2022;59
02 Albacete;02078 Villalgordo del Júcar;De 65 a 69 años;Total;1 de enero de 2021;63
02 Albacete;02078 Villalgordo del Júcar;De 65 a 69 años;Total;1 de enero de 2020;57
02 Albacete;02078 Villalgordo del Júcar;De 65 a 69 años;Total;1 de enero de 2019;62
02 Albacete;02078 Villalgordo del Júcar;De 65 a 69 años;Total;1 de enero de 2018;56
02 Albacete;02078 Villalgordo del Júcar;De 65 a 69 años;Total;1 de enero de 2017;51
02 Albacete;02078 Villalgordo del Júcar;De 65 a 69 años;Total;1 de enero de 2016;49
02 Albacete;02078 Villalgordo del Júcar;De 65 a 69 años;Total;1 de enero de 2015;45
02 Albacete;02078 Villalgordo del Júcar;De 65 a 69 años;Total;1 de enero de 2014;45
02 Albacete;02078 Villalgordo del Júcar;De 65 a 69 años;Total;1 de enero de 2013;51
02 Albacete;02078 Villalgordo del Júcar;De 65 a 69 años;Total;1 de enero de 2012;53
02 Albacete;02078 Villalgordo del Júcar;De 65 a 69 años;Total;1 de enero de 2011;63
02 Albacete;02078 Villalgordo del Júcar;De 65 a 69 años;Total;1 de enero de 2010;81
02 Albacete;02078 Villalgordo del Júcar;De 70 a 74 años;Total;1 de enero de 2022;49
02 Albacete;02078 Villalgordo del Júcar;De 70 a 74 años;Total;1 de enero de 2021;48
02 Albacete;02078 Villalgordo del Júcar;De 70 a 74 años;Total;1 de enero de 2020;46
02 Albacete;02078 Villalgordo del Júcar;De 70 a 74 años;Total;1 de enero de 2019;43
02 Albacete;02078 Villalgordo del Júcar;De 70 a 74 años;Total;1 de enero de 2018;48
02 Albacete;02078 Villalgordo del Júcar;De 70 a 74 años;Total;1 de enero de 2017;50
02 Albacete;02078 Villalgordo del Júcar;De 70 a 74 años;Total;1 de enero de 2016;58
02 Albacete;02078 Villalgordo del Júcar;De 70 a 74 años;Total;1 de enero de 2015;75
02 Albacete;02078 Villalgordo del Júcar;De 70 a 74 años;Total;1 de enero de 2014;67
02 Albacete;02078 Villalgordo del Júcar;De 70 a 74 años;Total;1 de enero de 2013;65
02 Albacete;02078 Villalgordo del Júcar;De 70 a 74 años;Total;1 de enero de 2012;75
02 Albacete;02078 Villalgordo del Júcar;De 70 a 74 años;Total;1 de enero de 2011;81
02 Albacete;02078 Villalgordo del Júcar;De 70 a 74 años;Total;1 de enero de 2010;80
02 Albacete;02078 Villalgordo del Júcar;De 75 a 79 años;Total;1 de enero de 2022;48
02 Albacete;02078 Villalgordo del Júcar;De 75 a 79 años;Total;1 de enero de 2021;54
02 Albacete;02078 Villalgordo del Júcar;De 75 a 79 años;Total;1 de enero de 2020;67
02 Albacete;02078 Villalgordo del Júcar;De 75 a 79 años;Total;1 de enero de 2019;63
02 Albacete;02078 Villalgordo del Júcar;De 75 a 79 años;Total;1 de enero de 2018;63
02 Albacete;02078 Villalgordo del Júcar;De 75 a 79 años;Total;1 de enero de 2017;69
02 Albacete;02078 Villalgordo del Júcar;De 75 a 79 años;Total;1 de enero de 2016;74
02 Albacete;02078 Villalgordo del Júcar;De 75 a 79 años;Total;1 de enero de 2015;70
02 Albacete;02078 Villalgordo del Júcar;De 75 a 79 años;Total;1 de enero de 2014;82
02 Albacete;02078 Villalgordo del Júcar;De 75 a 79 años;Total;1 de enero de 2013;87
02 Albacete;02078 Villalgordo del Júcar;De 75 a 79 años;Total;1 de enero de 2012;86
02 Albacete;02078 Villalgordo del Júcar;De 75 a 79 años;Total;1 de enero de 2011;74
02 Albacete;02078 Villalgordo del Júcar;De 75 a 79 años;Total;1 de enero de 2010;67
02 Albacete;02078 Villalgordo del Júcar;De 80 a 84 años;Total;1 de enero de 2022;59
02 Albacete;02078 Villalgordo del Júcar;De 80 a 84 años;Total;1 de enero de 2021;62
02 Albacete;02078 Villalgordo del Júcar;De 80 a 84 años;Total;1 de enero de 2020;60
02 Albacete;02078 Villalgordo del Júcar;De 80 a 84 años;Total;1 de enero de 2019;67
02 Albacete;02078 Villalgordo del Júcar;De 80 a 84 años;Total;1 de enero de 2018;71
02 Albacete;02078 Villalgordo del Júcar;De 80 a 84 años;Total;1 de enero de 2017;69
02 Albacete;02078 Villalgordo del Júcar;De 80 a 84 años;Total;1 de enero de 2016;64
02 Albacete;02078 Villalgordo del Júcar;De 80 a 84 años;Total;1 de enero de 2015;58
02 Albacete;02078 Villalgordo del Júcar;De 80 a 84 años;Total;1 de enero de 2014;61
02 Albacete;02078 Villalgordo del Júcar;De 80 a 84 años;Total;1 de enero de 2013;57
02 Albacete;02078 Villalgordo del Júcar;De 80 a 84 años;Total;1 de enero de 2012;54
02 Albacete;02078 Villalgordo del Júcar;De 80 a 84 años;Total;1 de enero de 2011;57
02 Albacete;02078 Villalgordo del Júcar;De 80 a 84 años;Total;1 de enero de 2010;60
02 Albacete;02078 Villalgordo del Júcar;De 85 a 89 años;Total;1 de enero de 2022;42
02 Albacete;02078 Villalgordo del Júcar;De 85 a 89 años;Total;1 de enero de 2021;38
02 Albacete;02078 Villalgordo del Júcar;De 85 a 89 años;Total;1 de enero de 2020;39
02 Albacete;02078 Villalgordo del Júcar;De 85 a 89 años;Total;1 de enero de 2019;47
02 Albacete;02078 Villalgordo del Júcar;De 85 a 89 años;Total;1 de enero de 2018;43
02 Albacete;02078 Villalgordo del Júcar;De 85 a 89 años;Total;1 de enero de 2017;40
02 Albacete;02078 Villalgordo del Júcar;De 85 a 89 años;Total;1 de enero de 2016;38
02 Albacete;02078 Villalgordo del Júcar;De 85 a 89 años;Total;1 de enero de 2015;37
02 Albacete;02078 Villalgordo del Júcar;De 85 a 89 años;Total;1 de enero de 2014;32
02 Albacete;02078 Villalgordo del Júcar;De 85 a 89 años;Total;1 de enero de 2013;38
02 Albacete;02078 Villalgordo del Júcar;De 85 a 89 años;Total;1 de enero de 2012;41
02 Albacete;02078 Villalgordo del Júcar;De 85 a 89 años;Total;1 de enero de 2011;37
02 Albacete;02078 Villalgordo del Júcar;De 85 a 89 años;Total;1 de enero de 2010;32
02 Albacete;02078 Villalgordo del Júcar;De 90 a 94 años;Total;1 de enero de 2022;25
02 Albacete;02078 Villalgordo del Júcar;De 90 a 94 años;Total;1 de enero de 2021;19
02 Albacete;02078 Villalgordo del Júcar;De 90 a 94 años;Total;1 de enero de 2020;17
02 Albacete;02078 Villalgordo del Júcar;De 90 a 94 años;Total;1 de enero de 2019;13
02 Albacete;02078 Villalgordo del Júcar;De 90 a 94 años;Total;1 de enero de 2018;14
02 Albacete;02078 Villalgordo del Júcar;De 90 a 94 años;Total;1 de enero de 2017;12
02 Albacete;02078 Villalgordo del Júcar;De 90 a 94 años;Total;1 de enero de 2016;12
02 Albacete;02078 Villalgordo del Júcar;De 90 a 94 años;Total;1 de enero de 2015;12
02 Albacete;02078 Villalgordo del Júcar;De 90 a 94 años;Total;1 de enero de 2014;15
02 Albacete;02078 Villalgordo del Júcar;De 90 a 94 años;Total;1 de enero de 2013;12
02 Albacete;02078 Villalgordo del Júcar;De 90 a 94 años;Total;1 de enero de 2012;11
02 Albacete;02078 Villalgordo del Júcar;De 90 a 94 años;Total;1 de enero de 2011;9
02 Albacete;02078 Villalgordo del Júcar;De 90 a 94 años;Total;1 de enero de 2010;14
02 Albacete;02078 Villalgordo del Júcar;De 95 a 99 años;Total;1 de enero de 2022;3
02 Albacete;02078 Villalgordo del Júcar;De 95 a 99 años;Total;1 de enero de 2021;2
02 Albacete;02078 Villalgordo del Júcar;De 95 a 99 años;Total;1 de enero de 2020;3
02 Albacete;02078 Villalgordo del Júcar;De 95 a 99 años;Total;1 de enero de 2019;3
02 Albacete;02078 Villalgordo del Júcar;De 95 a 99 años;Total;1 de enero de 2018;4
02 Albacete;02078 Villalgordo del Júcar;De 95 a 99 años;Total;1 de enero de 2017;4
02 Albacete;02078 Villalgordo del Júcar;De 95 a 99 años;Total;1 de enero de 2016;4
02 Albacete;02078 Villalgordo del Júcar;De 95 a 99 años;Total;1 de enero de 2015;3
02 Albacete;02078 Villalgordo del Júcar;De 95 a 99 años;Total;1 de enero de 2014;2
02 Albacete;02078 Villalgordo del Júcar;De 95 a 99 años;Total;1 de enero de 2013;2
02 Albacete;02078 Villalgordo del Júcar;De 95 a 99 años;Total;1 de enero de 2012;2
02 Albacete;02078 Villalgordo del Júcar;De 95 a 99 años;Total;1 de enero de 2011;5
02 Albacete;02078 Villalgordo del Júcar;De 95 a 99 años;Total;1 de enero de 2010;3
02 Albacete;02078 Villalgordo del Júcar;100 y más años;Total;1 de enero de 2022;1
02 Albacete;02078 Villalgordo del Júcar;100 y más años;Total;1 de enero de 2021;1
02 Albacete;02078 Villalgordo del Júcar;100 y más años;Total;1 de enero de 2020;1
02 Albacete;02078 Villalgordo del Júcar;100 y más años;Total;1 de enero de 2019;1
02 Albacete;02078 Villalgordo del Júcar;100 y más años;Total;1 de enero de 2018;1
02 Albacete;02078 Villalgordo del Júcar;100 y más años;Total;1 de enero de 2017;1
02 Albacete;02078 Villalgordo del Júcar;100 y más años;Total;1 de enero de 2016;0
02 Albacete;02078 Villalgordo del Júcar;100 y más años;Total;1 de enero de 2015;0
02 Albacete;02078 Villalgordo del Júcar;100 y más años;Total;1 de enero de 2014;0
02 Albacete;02078 Villalgordo del Júcar;100 y más años;Total;1 de enero de 2013;0
02 Albacete;02078 Villalgordo del Júcar;100 y más años;Total;1 de enero de 2012;0
02 Albacete;02078 Villalgordo del Júcar;100 y más años;Total;1 de enero de 2011;0
02 Albacete;02078 Villalgordo del Júcar;100 y más años;Total;1 de enero de 2010;0
02 Albacete;02079 Villamalea;De 0 a 4 años;Total;1 de enero de 2022;134
02 Albacete;02079 Villamalea;De 0 a 4 años;Total;1 de enero de 2021;151
02 Albacete;02079 Villamalea;De 0 a 4 años;Total;1 de enero de 2020;151
02 Albacete;02079 Villamalea;De 0 a 4 años;Total;1 de enero de 2019;163
02 Albacete;02079 Villamalea;De 0 a 4 años;Total;1 de enero de 2018;187
02 Albacete;02079 Villamalea;De 0 a 4 años;Total;1 de enero de 2017;175
02 Albacete;02079 Villamalea;De 0 a 4 años;Total;1 de enero de 2016;165
02 Albacete;02079 Villamalea;De 0 a 4 años;Total;1 de enero de 2015;186
02 Albacete;02079 Villamalea;De 0 a 4 años;Total;1 de enero de 2014;183
02 Albacete;02079 Villamalea;De 0 a 4 años;Total;1 de enero de 2013;165
02 Albacete;02079 Villamalea;De 0 a 4 años;Total;1 de enero de 2012;171
02 Albacete;02079 Villamalea;De 0 a 4 años;Total;1 de enero de 2011;176
02 Albacete;02079 Villamalea;De 0 a 4 años;Total;1 de enero de 2010;173
02 Albacete;02079 Villamalea;De 5 a 9 años;Total;1 de enero de 2022;177
02 Albacete;02079 Villamalea;De 5 a 9 años;Total;1 de enero de 2021;181
02 Albacete;02079 Villamalea;De 5 a 9 años;Total;1 de enero de 2020;186
02 Albacete;02079 Villamalea;De 5 a 9 años;Total;1 de enero de 2019;188
02 Albacete;02079 Villamalea;De 5 a 9 años;Total;1 de enero de 2018;188
02 Albacete;02079 Villamalea;De 5 a 9 años;Total;1 de enero de 2017;193
02 Albacete;02079 Villamalea;De 5 a 9 años;Total;1 de enero de 2016;194
02 Albacete;02079 Villamalea;De 5 a 9 años;Total;1 de enero de 2015;179
02 Albacete;02079 Villamalea;De 5 a 9 años;Total;1 de enero de 2014;186
02 Albacete;02079 Villamalea;De 5 a 9 años;Total;1 de enero de 2013;186
02 Albacete;02079 Villamalea;De 5 a 9 años;Total;1 de enero de 2012;207
02 Albacete;02079 Villamalea;De 5 a 9 años;Total;1 de enero de 2011;195
02 Albacete;02079 Villamalea;De 5 a 9 años;Total;1 de enero de 2010;203
02 Albacete;02079 Villamalea;De 10 a 14 años;Total;1 de enero de 2022;196
02 Albacete;02079 Villamalea;De 10 a 14 años;Total;1 de enero de 2021;205
02 Albacete;02079 Villamalea;De 10 a 14 años;Total;1 de enero de 2020;201
02 Albacete;02079 Villamalea;De 10 a 14 años;Total;1 de enero de 2019;189
02 Albacete;02079 Villamalea;De 10 a 14 años;Total;1 de enero de 2018;199
02 Albacete;02079 Villamalea;De 10 a 14 años;Total;1 de enero de 2017;219
02 Albacete;02079 Villamalea;De 10 a 14 años;Total;1 de enero de 2016;206
02 Albacete;02079 Villamalea;De 10 a 14 años;Total;1 de enero de 2015;211
02 Albacete;02079 Villamalea;De 10 a 14 años;Total;1 de enero de 2014;212
02 Albacete;02079 Villamalea;De 10 a 14 años;Total;1 de enero de 2013;225
02 Albacete;02079 Villamalea;De 10 a 14 años;Total;1 de enero de 2012;212
02 Albacete;02079 Villamalea;De 10 a 14 años;Total;1 de enero de 2011;218
02 Albacete;02079 Villamalea;De 10 a 14 años;Total;1 de enero de 2010;218
02 Albacete;02079 Villamalea;De 65 a 69 años;Total;1 de enero de 2022;169
02 Albacete;02079 Villamalea;De 65 a 69 años;Total;1 de enero de 2021;169
02 Albacete;02079 Villamalea;De 65 a 69 años;Total;1 de enero de 2020;173
02 Albacete;02079 Villamalea;De 65 a 69 años;Total;1 de enero de 2019;164
02 Albacete;02079 Villamalea;De 65 a 69 años;Total;1 de enero de 2018;179
02 Albacete;02079 Villamalea;De 65 a 69 años;Total;1 de enero de 2017;183
02 Albacete;02079 Villamalea;De 65 a 69 años;Total;1 de enero de 2016;170
02 Albacete;02079 Villamalea;De 65 a 69 años;Total;1 de enero de 2015;164
02 Albacete;02079 Villamalea;De 65 a 69 años;Total;1 de enero de 2014;178
02 Albacete;02079 Villamalea;De 65 a 69 años;Total;1 de enero de 2013;170
02 Albacete;02079 Villamalea;De 65 a 69 años;Total;1 de enero de 2012;157
02 Albacete;02079 Villamalea;De 65 a 69 años;Total;1 de enero de 2011;173
02 Albacete;02079 Villamalea;De 65 a 69 años;Total;1 de enero de 2010;199
02 Albacete;02079 Villamalea;De 70 a 74 años;Total;1 de enero de 2022;184
02 Albacete;02079 Villamalea;De 70 a 74 años;Total;1 de enero de 2021;166
02 Albacete;02079 Villamalea;De 70 a 74 años;Total;1 de enero de 2020;155
02 Albacete;02079 Villamalea;De 70 a 74 años;Total;1 de enero de 2019;165
02 Albacete;02079 Villamalea;De 70 a 74 años;Total;1 de enero de 2018;162
02 Albacete;02079 Villamalea;De 70 a 74 años;Total;1 de enero de 2017;144
02 Albacete;02079 Villamalea;De 70 a 74 años;Total;1 de enero de 2016;169
02 Albacete;02079 Villamalea;De 70 a 74 años;Total;1 de enero de 2015;189
02 Albacete;02079 Villamalea;De 70 a 74 años;Total;1 de enero de 2014;168
02 Albacete;02079 Villamalea;De 70 a 74 años;Total;1 de enero de 2013;168
02 Albacete;02079 Villamalea;De 70 a 74 años;Total;1 de enero de 2012;176
02 Albacete;02079 Villamalea;De 70 a 74 años;Total;1 de enero de 2011;183
02 Albacete;02079 Villamalea;De 70 a 74 años;Total;1 de enero de 2010;175
02 Albacete;02079 Villamalea;De 75 a 79 años;Total;1 de enero de 2022;139
02 Albacete;02079 Villamalea;De 75 a 79 años;Total;1 de enero de 2021;157
02 Albacete;02079 Villamalea;De 75 a 79 años;Total;1 de enero de 2020;177
02 Albacete;02079 Villamalea;De 75 a 79 años;Total;1 de enero de 2019;160
02 Albacete;02079 Villamalea;De 75 a 79 años;Total;1 de enero de 2018;162
02 Albacete;02079 Villamalea;De 75 a 79 años;Total;1 de enero de 2017;169
02 Albacete;02079 Villamalea;De 75 a 79 años;Total;1 de enero de 2016;169
02 Albacete;02079 Villamalea;De 75 a 79 años;Total;1 de enero de 2015;162
02 Albacete;02079 Villamalea;De 75 a 79 años;Total;1 de enero de 2014;181
02 Albacete;02079 Villamalea;De 75 a 79 años;Total;1 de enero de 2013;188
02 Albacete;02079 Villamalea;De 75 a 79 años;Total;1 de enero de 2012;197
02 Albacete;02079 Villamalea;De 75 a 79 años;Total;1 de enero de 2011;187
02 Albacete;02079 Villamalea;De 75 a 79 años;Total;1 de enero de 2010;202
02 Albacete;02079 Villamalea;De 80 a 84 años;Total;1 de enero de 2022;151
02 Albacete;02079 Villamalea;De 80 a 84 años;Total;1 de enero de 2021;146
02 Albacete;02079 Villamalea;De 80 a 84 años;Total;1 de enero de 2020;136
02 Albacete;02079 Villamalea;De 80 a 84 años;Total;1 de enero de 2019;150
02 Albacete;02079 Villamalea;De 80 a 84 años;Total;1 de enero de 2018;149
02 Albacete;02079 Villamalea;De 80 a 84 años;Total;1 de enero de 2017;164
02 Albacete;02079 Villamalea;De 80 a 84 años;Total;1 de enero de 2016;157
02 Albacete;02079 Villamalea;De 80 a 84 años;Total;1 de enero de 2015;167
02 Albacete;02079 Villamalea;De 80 a 84 años;Total;1 de enero de 2014;178
02 Albacete;02079 Villamalea;De 80 a 84 años;Total;1 de enero de 2013;170
02 Albacete;02079 Villamalea;De 80 a 84 años;Total;1 de enero de 2012;179
02 Albacete;02079 Villamalea;De 80 a 84 años;Total;1 de enero de 2011;190
02 Albacete;02079 Villamalea;De 80 a 84 años;Total;1 de enero de 2010;174
02 Albacete;02079 Villamalea;De 85 a 89 años;Total;1 de enero de 2022;116
02 Albacete;02079 Villamalea;De 85 a 89 años;Total;1 de enero de 2021;110
02 Albacete;02079 Villamalea;De 85 a 89 años;Total;1 de enero de 2020;121
02 Albacete;02079 Villamalea;De 85 a 89 años;Total;1 de enero de 2019;124
02 Albacete;02079 Villamalea;De 85 a 89 años;Total;1 de enero de 2018;118
02 Albacete;02079 Villamalea;De 85 a 89 años;Total;1 de enero de 2017;118
02 Albacete;02079 Villamalea;De 85 a 89 años;Total;1 de enero de 2016;123
02 Albacete;02079 Villamalea;De 85 a 89 años;Total;1 de enero de 2015;118
02 Albacete;02079 Villamalea;De 85 a 89 años;Total;1 de enero de 2014;119
02 Albacete;02079 Villamalea;De 85 a 89 años;Total;1 de enero de 2013;117
02 Albacete;02079 Villamalea;De 85 a 89 años;Total;1 de enero de 2012;117
02 Albacete;02079 Villamalea;De 85 a 89 años;Total;1 de enero de 2011;105
02 Albacete;02079 Villamalea;De 85 a 89 años;Total;1 de enero de 2010;94
02 Albacete;02079 Villamalea;De 90 a 94 años;Total;1 de enero de 2022;59
02 Albacete;02079 Villamalea;De 90 a 94 años;Total;1 de enero de 2021;65
02 Albacete;02079 Villamalea;De 90 a 94 años;Total;1 de enero de 2020;66
02 Albacete;02079 Villamalea;De 90 a 94 años;Total;1 de enero de 2019;56
02 Albacete;02079 Villamalea;De 90 a 94 años;Total;1 de enero de 2018;58
02 Albacete;02079 Villamalea;De 90 a 94 años;Total;1 de enero de 2017;60
02 Albacete;02079 Villamalea;De 90 a 94 años;Total;1 de enero de 2016;51
02 Albacete;02079 Villamalea;De 90 a 94 años;Total;1 de enero de 2015;53
02 Albacete;02079 Villamalea;De 90 a 94 años;Total;1 de enero de 2014;45
02 Albacete;02079 Villamalea;De 90 a 94 años;Total;1 de enero de 2013;43
02 Albacete;02079 Villamalea;De 90 a 94 años;Total;1 de enero de 2012;30
02 Albacete;02079 Villamalea;De 90 a 94 años;Total;1 de enero de 2011;21
02 Albacete;02079 Villamalea;De 90 a 94 años;Total;1 de enero de 2010;18
02 Albacete;02079 Villamalea;De 95 a 99 años;Total;1 de enero de 2022;20
02 Albacete;02079 Villamalea;De 95 a 99 años;Total;1 de enero de 2021;11
02 Albacete;02079 Villamalea;De 95 a 99 años;Total;1 de enero de 2020;11
02 Albacete;02079 Villamalea;De 95 a 99 años;Total;1 de enero de 2019;12
02 Albacete;02079 Villamalea;De 95 a 99 años;Total;1 de enero de 2018;11
02 Albacete;02079 Villamalea;De 95 a 99 años;Total;1 de enero de 2017;9
02 Albacete;02079 Villamalea;De 95 a 99 años;Total;1 de enero de 2016;4
02 Albacete;02079 Villamalea;De 95 a 99 años;Total;1 de enero de 2015;2
02 Albacete;02079 Villamalea;De 95 a 99 años;Total;1 de enero de 2014;3
02 Albacete;02079 Villamalea;De 95 a 99 años;Total;1 de enero de 2013;4
02 Albacete;02079 Villamalea;De 95 a 99 años;Total;1 de enero de 2012;7
02 Albacete;02079 Villamalea;De 95 a 99 años;Total;1 de enero de 2011;5
02 Albacete;02079 Villamalea;De 95 a 99 años;Total;1 de enero de 2010;7
02 Albacete;02079 Villamalea;100 y más años;Total;1 de enero de 2022;4
02 Albacete;02079 Villamalea;100 y más años;Total;1 de enero de 2021;2
02 Albacete;02079 Villamalea;100 y más años;Total;1 de enero de 2020;0
02 Albacete;02079 Villamalea;100 y más años;Total;1 de enero de 2019;0
02 Albacete;02079 Villamalea;100 y más años;Total;1 de enero de 2018;0
02 Albacete;02079 Villamalea;100 y más años;Total;1 de enero de 2017;0
02 Albacete;02079 Villamalea;100 y más años;Total;1 de enero de 2016;0
02 Albacete;02079 Villamalea;100 y más años;Total;1 de enero de 2015;0
02 Albacete;02079 Villamalea;100 y más años;Total;1 de enero de 2014;3
02 Albacete;02079 Villamalea;100 y más años;Total;1 de enero de 2013;2
02 Albacete;02079 Villamalea;100 y más años;Total;1 de enero de 2012;1
02 Albacete;02079 Villamalea;100 y más años;Total;1 de enero de 2011;2
02 Albacete;02079 Villamalea;100 y más años;Total;1 de enero de 2010;1
02 Albacete;02080 Villapalacios;De 0 a 4 años;Total;1 de enero de 2022;11
02 Albacete;02080 Villapalacios;De 0 a 4 años;Total;1 de enero de 2021;16
02 Albacete;02080 Villapalacios;De 0 a 4 años;Total;1 de enero de 2020;15
02 Albacete;02080 Villapalacios;De 0 a 4 años;Total;1 de enero de 2019;14
02 Albacete;02080 Villapalacios;De 0 a 4 años;Total;1 de enero de 2018;16
02 Albacete;02080 Villapalacios;De 0 a 4 años;Total;1 de enero de 2017;14
02 Albacete;02080 Villapalacios;De 0 a 4 años;Total;1 de enero de 2016;14
02 Albacete;02080 Villapalacios;De 0 a 4 años;Total;1 de enero de 2015;16
02 Albacete;02080 Villapalacios;De 0 a 4 años;Total;1 de enero de 2014;10
02 Albacete;02080 Villapalacios;De 0 a 4 años;Total;1 de enero de 2013;7
02 Albacete;02080 Villapalacios;De 0 a 4 años;Total;1 de enero de 2012;12
02 Albacete;02080 Villapalacios;De 0 a 4 años;Total;1 de enero de 2011;16
02 Albacete;02080 Villapalacios;De 0 a 4 años;Total;1 de enero de 2010;16
02 Albacete;02080 Villapalacios;De 5 a 9 años;Total;1 de enero de 2022;17
02 Albacete;02080 Villapalacios;De 5 a 9 años;Total;1 de enero de 2021;13
02 Albacete;02080 Villapalacios;De 5 a 9 años;Total;1 de enero de 2020;14
02 Albacete;02080 Villapalacios;De 5 a 9 años;Total;1 de enero de 2019;13
02 Albacete;02080 Villapalacios;De 5 a 9 años;Total;1 de enero de 2018;8
02 Albacete;02080 Villapalacios;De 5 a 9 años;Total;1 de enero de 2017;9
02 Albacete;02080 Villapalacios;De 5 a 9 años;Total;1 de enero de 2016;13
02 Albacete;02080 Villapalacios;De 5 a 9 años;Total;1 de enero de 2015;12
02 Albacete;02080 Villapalacios;De 5 a 9 años;Total;1 de enero de 2014;15
02 Albacete;02080 Villapalacios;De 5 a 9 años;Total;1 de enero de 2013;17
02 Albacete;02080 Villapalacios;De 5 a 9 años;Total;1 de enero de 2012;17
02 Albacete;02080 Villapalacios;De 5 a 9 años;Total;1 de enero de 2011;20
02 Albacete;02080 Villapalacios;De 5 a 9 años;Total;1 de enero de 2010;23
02 Albacete;02080 Villapalacios;De 10 a 14 años;Total;1 de enero de 2022;12
02 Albacete;02080 Villapalacios;De 10 a 14 años;Total;1 de enero de 2021;10
02 Albacete;02080 Villapalacios;De 10 a 14 años;Total;1 de enero de 2020;12
02 Albacete;02080 Villapalacios;De 10 a 14 años;Total;1 de enero de 2019;17
02 Albacete;02080 Villapalacios;De 10 a 14 años;Total;1 de enero de 2018;16
02 Albacete;02080 Villapalacios;De 10 a 14 años;Total;1 de enero de 2017;14
02 Albacete;02080 Villapalacios;De 10 a 14 años;Total;1 de enero de 2016;21
02 Albacete;02080 Villapalacios;De 10 a 14 años;Total;1 de enero de 2015;23
02 Albacete;02080 Villapalacios;De 10 a 14 años;Total;1 de enero de 2014;26
02 Albacete;02080 Villapalacios;De 10 a 14 años;Total;1 de enero de 2013;33
02 Albacete;02080 Villapalacios;De 10 a 14 años;Total;1 de enero de 2012;33
02 Albacete;02080 Villapalacios;De 10 a 14 años;Total;1 de enero de 2011;31
02 Albacete;02080 Villapalacios;De 10 a 14 años;Total;1 de enero de 2010;26
02 Albacete;02080 Villapalacios;De 65 a 69 años;Total;1 de enero de 2022;34
02 Albacete;02080 Villapalacios;De 65 a 69 años;Total;1 de enero de 2021;32
02 Albacete;02080 Villapalacios;De 65 a 69 años;Total;1 de enero de 2020;28
02 Albacete;02080 Villapalacios;De 65 a 69 años;Total;1 de enero de 2019;23
02 Albacete;02080 Villapalacios;De 65 a 69 años;Total;1 de enero de 2018;29
02 Albacete;02080 Villapalacios;De 65 a 69 años;Total;1 de enero de 2017;29
02 Albacete;02080 Villapalacios;De 65 a 69 años;Total;1 de enero de 2016;27
02 Albacete;02080 Villapalacios;De 65 a 69 años;Total;1 de enero de 2015;27
02 Albacete;02080 Villapalacios;De 65 a 69 años;Total;1 de enero de 2014;30
02 Albacete;02080 Villapalacios;De 65 a 69 años;Total;1 de enero de 2013;32
02 Albacete;02080 Villapalacios;De 65 a 69 años;Total;1 de enero de 2012;41
02 Albacete;02080 Villapalacios;De 65 a 69 años;Total;1 de enero de 2011;37
02 Albacete;02080 Villapalacios;De 65 a 69 años;Total;1 de enero de 2010;42
02 Albacete;02080 Villapalacios;De 70 a 74 años;Total;1 de enero de 2022;29
02 Albacete;02080 Villapalacios;De 70 a 74 años;Total;1 de enero de 2021;26
02 Albacete;02080 Villapalacios;De 70 a 74 años;Total;1 de enero de 2020;26
02 Albacete;02080 Villapalacios;De 70 a 74 años;Total;1 de enero de 2019;27
02 Albacete;02080 Villapalacios;De 70 a 74 años;Total;1 de enero de 2018;27
02 Albacete;02080 Villapalacios;De 70 a 74 años;Total;1 de enero de 2017;34
02 Albacete;02080 Villapalacios;De 70 a 74 años;Total;1 de enero de 2016;35
02 Albacete;02080 Villapalacios;De 70 a 74 años;Total;1 de enero de 2015;39
02 Albacete;02080 Villapalacios;De 70 a 74 años;Total;1 de enero de 2014;41
02 Albacete;02080 Villapalacios;De 70 a 74 años;Total;1 de enero de 2013;41
02 Albacete;02080 Villapalacios;De 70 a 74 años;Total;1 de enero de 2012;35
02 Albacete;02080 Villapalacios;De 70 a 74 años;Total;1 de enero de 2011;43
02 Albacete;02080 Villapalacios;De 70 a 74 años;Total;1 de enero de 2010;47
02 Albacete;02080 Villapalacios;De 75 a 79 años;Total;1 de enero de 2022;33
02 Albacete;02080 Villapalacios;De 75 a 79 años;Total;1 de enero de 2021;32
02 Albacete;02080 Villapalacios;De 75 a 79 años;Total;1 de enero de 2020;37
02 Albacete;02080 Villapalacios;De 75 a 79 años;Total;1 de enero de 2019;34
02 Albacete;02080 Villapalacios;De 75 a 79 años;Total;1 de enero de 2018;37
02 Albacete;02080 Villapalacios;De 75 a 79 años;Total;1 de enero de 2017;32
02 Albacete;02080 Villapalacios;De 75 a 79 años;Total;1 de enero de 2016;35
02 Albacete;02080 Villapalacios;De 75 a 79 años;Total;1 de enero de 2015;37
02 Albacete;02080 Villapalacios;De 75 a 79 años;Total;1 de enero de 2014;42
02 Albacete;02080 Villapalacios;De 75 a 79 años;Total;1 de enero de 2013;51
02 Albacete;02080 Villapalacios;De 75 a 79 años;Total;1 de enero de 2012;56
02 Albacete;02080 Villapalacios;De 75 a 79 años;Total;1 de enero de 2011;60
02 Albacete;02080 Villapalacios;De 75 a 79 años;Total;1 de enero de 2010;62
02 Albacete;02080 Villapalacios;De 80 a 84 años;Total;1 de enero de 2022;26
02 Albacete;02080 Villapalacios;De 80 a 84 años;Total;1 de enero de 2021;33
02 Albacete;02080 Villapalacios;De 80 a 84 años;Total;1 de enero de 2020;36
02 Albacete;02080 Villapalacios;De 80 a 84 años;Total;1 de enero de 2019;38
02 Albacete;02080 Villapalacios;De 80 a 84 años;Total;1 de enero de 2018;42
02 Albacete;02080 Villapalacios;De 80 a 84 años;Total;1 de enero de 2017;45
02 Albacete;02080 Villapalacios;De 80 a 84 años;Total;1 de enero de 2016;44
02 Albacete;02080 Villapalacios;De 80 a 84 años;Total;1 de enero de 2015;45
02 Albacete;02080 Villapalacios;De 80 a 84 años;Total;1 de enero de 2014;45
02 Albacete;02080 Villapalacios;De 80 a 84 años;Total;1 de enero de 2013;50
02 Albacete;02080 Villapalacios;De 80 a 84 años;Total;1 de enero de 2012;54
02 Albacete;02080 Villapalacios;De 80 a 84 años;Total;1 de enero de 2011;60
02 Albacete;02080 Villapalacios;De 80 a 84 años;Total;1 de enero de 2010;57
02 Albacete;02080 Villapalacios;De 85 a 89 años;Total;1 de enero de 2022;25
02 Albacete;02080 Villapalacios;De 85 a 89 años;Total;1 de enero de 2021;22
02 Albacete;02080 Villapalacios;De 85 a 89 años;Total;1 de enero de 2020;20
02 Albacete;02080 Villapalacios;De 85 a 89 años;Total;1 de enero de 2019;27
02 Albacete;02080 Villapalacios;De 85 a 89 años;Total;1 de enero de 2018;28
02 Albacete;02080 Villapalacios;De 85 a 89 años;Total;1 de enero de 2017;29
02 Albacete;02080 Villapalacios;De 85 a 89 años;Total;1 de enero de 2016;32
02 Albacete;02080 Villapalacios;De 85 a 89 años;Total;1 de enero de 2015;34
02 Albacete;02080 Villapalacios;De 85 a 89 años;Total;1 de enero de 2014;34
02 Albacete;02080 Villapalacios;De 85 a 89 años;Total;1 de enero de 2013;25
02 Albacete;02080 Villapalacios;De 85 a 89 años;Total;1 de enero de 2012;29
02 Albacete;02080 Villapalacios;De 85 a 89 años;Total;1 de enero de 2011;21
02 Albacete;02080 Villapalacios;De 85 a 89 años;Total;1 de enero de 2010;22
02 Albacete;02080 Villapalacios;De 90 a 94 años;Total;1 de enero de 2022;13
02 Albacete;02080 Villapalacios;De 90 a 94 años;Total;1 de enero de 2021;16
02 Albacete;02080 Villapalacios;De 90 a 94 años;Total;1 de enero de 2020;19
02 Albacete;02080 Villapalacios;De 90 a 94 años;Total;1 de enero de 2019;13
02 Albacete;02080 Villapalacios;De 90 a 94 años;Total;1 de enero de 2018;10
02 Albacete;02080 Villapalacios;De 90 a 94 años;Total;1 de enero de 2017;11
02 Albacete;02080 Villapalacios;De 90 a 94 años;Total;1 de enero de 2016;6
02 Albacete;02080 Villapalacios;De 90 a 94 años;Total;1 de enero de 2015;10
02 Albacete;02080 Villapalacios;De 90 a 94 años;Total;1 de enero de 2014;11
02 Albacete;02080 Villapalacios;De 90 a 94 años;Total;1 de enero de 2013;10
02 Albacete;02080 Villapalacios;De 90 a 94 años;Total;1 de enero de 2012;13
02 Albacete;02080 Villapalacios;De 90 a 94 años;Total;1 de enero de 2011;11
02 Albacete;02080 Villapalacios;De 90 a 94 años;Total;1 de enero de 2010;13
02 Albacete;02080 Villapalacios;De 95 a 99 años;Total;1 de enero de 2022;6
02 Albacete;02080 Villapalacios;De 95 a 99 años;Total;1 de enero de 2021;3
02 Albacete;02080 Villapalacios;De 95 a 99 años;Total;1 de enero de 2020;3
02 Albacete;02080 Villapalacios;De 95 a 99 años;Total;1 de enero de 2019;3
02 Albacete;02080 Villapalacios;De 95 a 99 años;Total;1 de enero de 2018;4
02 Albacete;02080 Villapalacios;De 95 a 99 años;Total;1 de enero de 2017;2
02 Albacete;02080 Villapalacios;De 95 a 99 años;Total;1 de enero de 2016;5
02 Albacete;02080 Villapalacios;De 95 a 99 años;Total;1 de enero de 2015;6
02 Albacete;02080 Villapalacios;De 95 a 99 años;Total;1 de enero de 2014;5
02 Albacete;02080 Villapalacios;De 95 a 99 años;Total;1 de enero de 2013;4
02 Albacete;02080 Villapalacios;De 95 a 99 años;Total;1 de enero de 2012;2
02 Albacete;02080 Villapalacios;De 95 a 99 años;Total;1 de enero de 2011;2
02 Albacete;02080 Villapalacios;De 95 a 99 años;Total;1 de enero de 2010;4
02 Albacete;02080 Villapalacios;100 y más años;Total;1 de enero de 2022;1
02 Albacete;02080 Villapalacios;100 y más años;Total;1 de enero de 2021;2
02 Albacete;02080 Villapalacios;100 y más años;Total;1 de enero de 2020;2
02 Albacete;02080 Villapalacios;100 y más años;Total;1 de enero de 2019;2
02 Albacete;02080 Villapalacios;100 y más años;Total;1 de enero de 2018;1
02 Albacete;02080 Villapalacios;100 y más años;Total;1 de enero de 2017;0
02 Albacete;02080 Villapalacios;100 y más años;Total;1 de enero de 2016;0
02 Albacete;02080 Villapalacios;100 y más años;Total;1 de enero de 2015;1
02 Albacete;02080 Villapalacios;100 y más años;Total;1 de enero de 2014;0
02 Albacete;02080 Villapalacios;100 y más años;Total;1 de enero de 2013;0
02 Albacete;02080 Villapalacios;100 y más años;Total;1 de enero de 2012;0
02 Albacete;02080 Villapalacios;100 y más años;Total;1 de enero de 2011;0
02 Albacete;02080 Villapalacios;100 y más años;Total;1 de enero de 2010;0
02 Albacete;02081 Villarrobledo;De 0 a 4 años;Total;1 de enero de 2022;1.078
02 Albacete;02081 Villarrobledo;De 0 a 4 años;Total;1 de enero de 2021;1.083
02 Albacete;02081 Villarrobledo;De 0 a 4 años;Total;1 de enero de 2020;1.175
02 Albacete;02081 Villarrobledo;De 0 a 4 años;Total;1 de enero de 2019;1.175
02 Albacete;02081 Villarrobledo;De 0 a 4 años;Total;1 de enero de 2018;1.162
02 Albacete;02081 Villarrobledo;De 0 a 4 años;Total;1 de enero de 2017;1.162
02 Albacete;02081 Villarrobledo;De 0 a 4 años;Total;1 de enero de 2016;1.254
02 Albacete;02081 Villarrobledo;De 0 a 4 años;Total;1 de enero de 2015;1.290
02 Albacete;02081 Villarrobledo;De 0 a 4 años;Total;1 de enero de 2014;1.372
02 Albacete;02081 Villarrobledo;De 0 a 4 años;Total;1 de enero de 2013;1.448
02 Albacete;02081 Villarrobledo;De 0 a 4 años;Total;1 de enero de 2012;1.430
02 Albacete;02081 Villarrobledo;De 0 a 4 años;Total;1 de enero de 2011;1.464
02 Albacete;02081 Villarrobledo;De 0 a 4 años;Total;1 de enero de 2010;1.529
02 Albacete;02081 Villarrobledo;De 5 a 9 años;Total;1 de enero de 2022;1.224
02 Albacete;02081 Villarrobledo;De 5 a 9 años;Total;1 de enero de 2021;1.262
02 Albacete;02081 Villarrobledo;De 5 a 9 años;Total;1 de enero de 2020;1.273
02 Albacete;02081 Villarrobledo;De 5 a 9 años;Total;1 de enero de 2019;1.340
02 Albacete;02081 Villarrobledo;De 5 a 9 años;Total;1 de enero de 2018;1.380
02 Albacete;02081 Villarrobledo;De 5 a 9 años;Total;1 de enero de 2017;1.400
02 Albacete;02081 Villarrobledo;De 5 a 9 años;Total;1 de enero de 2016;1.421
02 Albacete;02081 Villarrobledo;De 5 a 9 años;Total;1 de enero de 2015;1.463
02 Albacete;02081 Villarrobledo;De 5 a 9 años;Total;1 de enero de 2014;1.503
02 Albacete;02081 Villarrobledo;De 5 a 9 años;Total;1 de enero de 2013;1.504
02 Albacete;02081 Villarrobledo;De 5 a 9 años;Total;1 de enero de 2012;1.482
02 Albacete;02081 Villarrobledo;De 5 a 9 años;Total;1 de enero de 2011;1.459
02 Albacete;02081 Villarrobledo;De 5 a 9 años;Total;1 de enero de 2010;1.494
02 Albacete;02081 Villarrobledo;De 10 a 14 años;Total;1 de enero de 2022;1.407
02 Albacete;02081 Villarrobledo;De 10 a 14 años;Total;1 de enero de 2021;1.426
02 Albacete;02081 Villarrobledo;De 10 a 14 años;Total;1 de enero de 2020;1.440
02 Albacete;02081 Villarrobledo;De 10 a 14 años;Total;1 de enero de 2019;1.449
02 Albacete;02081 Villarrobledo;De 10 a 14 años;Total;1 de enero de 2018;1.448
02 Albacete;02081 Villarrobledo;De 10 a 14 años;Total;1 de enero de 2017;1.424
02 Albacete;02081 Villarrobledo;De 10 a 14 años;Total;1 de enero de 2016;1.415
02 Albacete;02081 Villarrobledo;De 10 a 14 años;Total;1 de enero de 2015;1.502
02 Albacete;02081 Villarrobledo;De 10 a 14 años;Total;1 de enero de 2014;1.466
02 Albacete;02081 Villarrobledo;De 10 a 14 años;Total;1 de enero de 2013;1.460
02 Albacete;02081 Villarrobledo;De 10 a 14 años;Total;1 de enero de 2012;1.477
02 Albacete;02081 Villarrobledo;De 10 a 14 años;Total;1 de enero de 2011;1.509
02 Albacete;02081 Villarrobledo;De 10 a 14 años;Total;1 de enero de 2010;1.480
02 Albacete;02081 Villarrobledo;De 65 a 69 años;Total;1 de enero de 2022;1.085
02 Albacete;02081 Villarrobledo;De 65 a 69 años;Total;1 de enero de 2021;1.047
02 Albacete;02081 Villarrobledo;De 65 a 69 años;Total;1 de enero de 2020;1.044
02 Albacete;02081 Villarrobledo;De 65 a 69 años;Total;1 de enero de 2019;1.038
02 Albacete;02081 Villarrobledo;De 65 a 69 años;Total;1 de enero de 2018;1.071
02 Albacete;02081 Villarrobledo;De 65 a 69 años;Total;1 de enero de 2017;1.063
02 Albacete;02081 Villarrobledo;De 65 a 69 años;Total;1 de enero de 2016;1.036
02 Albacete;02081 Villarrobledo;De 65 a 69 años;Total;1 de enero de 2015;1.018
02 Albacete;02081 Villarrobledo;De 65 a 69 años;Total;1 de enero de 2014;988
02 Albacete;02081 Villarrobledo;De 65 a 69 años;Total;1 de enero de 2013;955
02 Albacete;02081 Villarrobledo;De 65 a 69 años;Total;1 de enero de 2012;943
02 Albacete;02081 Villarrobledo;De 65 a 69 años;Total;1 de enero de 2011;942
02 Albacete;02081 Villarrobledo;De 65 a 69 años;Total;1 de enero de 2010;1.021
02 Albacete;02081 Villarrobledo;De 70 a 74 años;Total;1 de enero de 2022;981
02 Albacete;02081 Villarrobledo;De 70 a 74 años;Total;1 de enero de 2021;962
02 Albacete;02081 Villarrobledo;De 70 a 74 años;Total;1 de enero de 2020;946
02 Albacete;02081 Villarrobledo;De 70 a 74 años;Total;1 de enero de 2019;927
02 Albacete;02081 Villarrobledo;De 70 a 74 años;Total;1 de enero de 2018;891
02 Albacete;02081 Villarrobledo;De 70 a 74 años;Total;1 de enero de 2017;887
02 Albacete;02081 Villarrobledo;De 70 a 74 años;Total;1 de enero de 2016;881
02 Albacete;02081 Villarrobledo;De 70 a 74 años;Total;1 de enero de 2015;969
02 Albacete;02081 Villarrobledo;De 70 a 74 años;Total;1 de enero de 2014;906
02 Albacete;02081 Villarrobledo;De 70 a 74 años;Total;1 de enero de 2013;858
02 Albacete;02081 Villarrobledo;De 70 a 74 años;Total;1 de enero de 2012;903
02 Albacete;02081 Villarrobledo;De 70 a 74 años;Total;1 de enero de 2011;991
02 Albacete;02081 Villarrobledo;De 70 a 74 años;Total;1 de enero de 2010;939
02 Albacete;02081 Villarrobledo;De 75 a 79 años;Total;1 de enero de 2022;803
02 Albacete;02081 Villarrobledo;De 75 a 79 años;Total;1 de enero de 2021;804
02 Albacete;02081 Villarrobledo;De 75 a 79 años;Total;1 de enero de 2020;873
02 Albacete;02081 Villarrobledo;De 75 a 79 años;Total;1 de enero de 2019;830
02 Albacete;02081 Villarrobledo;De 75 a 79 años;Total;1 de enero de 2018;789
02 Albacete;02081 Villarrobledo;De 75 a 79 años;Total;1 de enero de 2017;824
02 Albacete;02081 Villarrobledo;De 75 a 79 años;Total;1 de enero de 2016;894
02 Albacete;02081 Villarrobledo;De 75 a 79 años;Total;1 de enero de 2015;841
02 Albacete;02081 Villarrobledo;De 75 a 79 años;Total;1 de enero de 2014;944
02 Albacete;02081 Villarrobledo;De 75 a 79 años;Total;1 de enero de 2013;981
02 Albacete;02081 Villarrobledo;De 75 a 79 años;Total;1 de enero de 2012;1.002
02 Albacete;02081 Villarrobledo;De 75 a 79 años;Total;1 de enero de 2011;966
02 Albacete;02081 Villarrobledo;De 75 a 79 años;Total;1 de enero de 2010;1.020
02 Albacete;02081 Villarrobledo;De 80 a 84 años;Total;1 de enero de 2022;659
02 Albacete;02081 Villarrobledo;De 80 a 84 años;Total;1 de enero de 2021;728
02 Albacete;02081 Villarrobledo;De 80 a 84 años;Total;1 de enero de 2020;692
02 Albacete;02081 Villarrobledo;De 80 a 84 años;Total;1 de enero de 2019;769
02 Albacete;02081 Villarrobledo;De 80 a 84 años;Total;1 de enero de 2018;797
02 Albacete;02081 Villarrobledo;De 80 a 84 años;Total;1 de enero de 2017;811
02 Albacete;02081 Villarrobledo;De 80 a 84 años;Total;1 de enero de 2016;776
02 Albacete;02081 Villarrobledo;De 80 a 84 años;Total;1 de enero de 2015;824
02 Albacete;02081 Villarrobledo;De 80 a 84 años;Total;1 de enero de 2014;825
02 Albacete;02081 Villarrobledo;De 80 a 84 años;Total;1 de enero de 2013;847
02 Albacete;02081 Villarrobledo;De 80 a 84 años;Total;1 de enero de 2012;853
02 Albacete;02081 Villarrobledo;De 80 a 84 años;Total;1 de enero de 2011;825
02 Albacete;02081 Villarrobledo;De 80 a 84 años;Total;1 de enero de 2010;745
02 Albacete;02081 Villarrobledo;De 85 a 89 años;Total;1 de enero de 2022;530
02 Albacete;02081 Villarrobledo;De 85 a 89 años;Total;1 de enero de 2021;506
02 Albacete;02081 Villarrobledo;De 85 a 89 años;Total;1 de enero de 2020;543
02 Albacete;02081 Villarrobledo;De 85 a 89 años;Total;1 de enero de 2019;547
02 Albacete;02081 Villarrobledo;De 85 a 89 años;Total;1 de enero de 2018;555
02 Albacete;02081 Villarrobledo;De 85 a 89 años;Total;1 de enero de 2017;549
02 Albacete;02081 Villarrobledo;De 85 a 89 años;Total;1 de enero de 2016;527
02 Albacete;02081 Villarrobledo;De 85 a 89 años;Total;1 de enero de 2015;488
02 Albacete;02081 Villarrobledo;De 85 a 89 años;Total;1 de enero de 2014;468
02 Albacete;02081 Villarrobledo;De 85 a 89 años;Total;1 de enero de 2013;450
02 Albacete;02081 Villarrobledo;De 85 a 89 años;Total;1 de enero de 2012;431
02 Albacete;02081 Villarrobledo;De 85 a 89 años;Total;1 de enero de 2011;416
02 Albacete;02081 Villarrobledo;De 85 a 89 años;Total;1 de enero de 2010;388
02 Albacete;02081 Villarrobledo;De 90 a 94 años;Total;1 de enero de 2022;257
02 Albacete;02081 Villarrobledo;De 90 a 94 años;Total;1 de enero de 2021;256
02 Albacete;02081 Villarrobledo;De 90 a 94 años;Total;1 de enero de 2020;236
02 Albacete;02081 Villarrobledo;De 90 a 94 años;Total;1 de enero de 2019;210
02 Albacete;02081 Villarrobledo;De 90 a 94 años;Total;1 de enero de 2018;200
02 Albacete;02081 Villarrobledo;De 90 a 94 años;Total;1 de enero de 2017;197
02 Albacete;02081 Villarrobledo;De 90 a 94 años;Total;1 de enero de 2016;191
02 Albacete;02081 Villarrobledo;De 90 a 94 años;Total;1 de enero de 2015;184
02 Albacete;02081 Villarrobledo;De 90 a 94 años;Total;1 de enero de 2014;162
02 Albacete;02081 Villarrobledo;De 90 a 94 años;Total;1 de enero de 2013;154
02 Albacete;02081 Villarrobledo;De 90 a 94 años;Total;1 de enero de 2012;136
02 Albacete;02081 Villarrobledo;De 90 a 94 años;Total;1 de enero de 2011;122
02 Albacete;02081 Villarrobledo;De 90 a 94 años;Total;1 de enero de 2010;97
02 Albacete;02081 Villarrobledo;De 95 a 99 años;Total;1 de enero de 2022;54
02 Albacete;02081 Villarrobledo;De 95 a 99 años;Total;1 de enero de 2021;55
02 Albacete;02081 Villarrobledo;De 95 a 99 años;Total;1 de enero de 2020;39
02 Albacete;02081 Villarrobledo;De 95 a 99 años;Total;1 de enero de 2019;45
02 Albacete;02081 Villarrobledo;De 95 a 99 años;Total;1 de enero de 2018;38
02 Albacete;02081 Villarrobledo;De 95 a 99 años;Total;1 de enero de 2017;32
02 Albacete;02081 Villarrobledo;De 95 a 99 años;Total;1 de enero de 2016;34
02 Albacete;02081 Villarrobledo;De 95 a 99 años;Total;1 de enero de 2015;24
02 Albacete;02081 Villarrobledo;De 95 a 99 años;Total;1 de enero de 2014;27
02 Albacete;02081 Villarrobledo;De 95 a 99 años;Total;1 de enero de 2013;20
02 Albacete;02081 Villarrobledo;De 95 a 99 años;Total;1 de enero de 2012;19
02 Albacete;02081 Villarrobledo;De 95 a 99 años;Total;1 de enero de 2011;21
02 Albacete;02081 Villarrobledo;De 95 a 99 años;Total;1 de enero de 2010;24
02 Albacete;02081 Villarrobledo;100 y más años;Total;1 de enero de 2022;6
02 Albacete;02081 Villarrobledo;100 y más años;Total;1 de enero de 2021;5
02 Albacete;02081 Villarrobledo;100 y más años;Total;1 de enero de 2020;6
02 Albacete;02081 Villarrobledo;100 y más años;Total;1 de enero de 2019;4
02 Albacete;02081 Villarrobledo;100 y más años;Total;1 de enero de 2018;2
02 Albacete;02081 Villarrobledo;100 y más años;Total;1 de enero de 2017;3
02 Albacete;02081 Villarrobledo;100 y más años;Total;1 de enero de 2016;2
02 Albacete;02081 Villarrobledo;100 y más años;Total;1 de enero de 2015;5
02 Albacete;02081 Villarrobledo;100 y más años;Total;1 de enero de 2014;3
02 Albacete;02081 Villarrobledo;100 y más años;Total;1 de enero de 2013;3
02 Albacete;02081 Villarrobledo;100 y más años;Total;1 de enero de 2012;2
02 Albacete;02081 Villarrobledo;100 y más años;Total;1 de enero de 2011;0
02 Albacete;02081 Villarrobledo;100 y más años;Total;1 de enero de 2010;1
02 Albacete;02082 Villatoya;De 0 a 4 años;Total;1 de enero de 2022;2
02 Albacete;02082 Villatoya;De 0 a 4 años;Total;1 de enero de 2021;2
02 Albacete;02082 Villatoya;De 0 a 4 años;Total;1 de enero de 2020;3
02 Albacete;02082 Villatoya;De 0 a 4 años;Total;1 de enero de 2019;2
02 Albacete;02082 Villatoya;De 0 a 4 años;Total;1 de enero de 2018;0
02 Albacete;02082 Villatoya;De 0 a 4 años;Total;1 de enero de 2017;1
02 Albacete;02082 Villatoya;De 0 a 4 años;Total;1 de enero de 2016;0
02 Albacete;02082 Villatoya;De 0 a 4 años;Total;1 de enero de 2015;1
02 Albacete;02082 Villatoya;De 0 a 4 años;Total;1 de enero de 2014;1
02 Albacete;02082 Villatoya;De 0 a 4 años;Total;1 de enero de 2013;0
02 Albacete;02082 Villatoya;De 0 a 4 años;Total;1 de enero de 2012;0
02 Albacete;02082 Villatoya;De 0 a 4 años;Total;1 de enero de 2011;1
02 Albacete;02082 Villatoya;De 0 a 4 años;Total;1 de enero de 2010;2
02 Albacete;02082 Villatoya;De 5 a 9 años;Total;1 de enero de 2022;1
02 Albacete;02082 Villatoya;De 5 a 9 años;Total;1 de enero de 2021;1
02 Albacete;02082 Villatoya;De 5 a 9 años;Total;1 de enero de 2020;2
02 Albacete;02082 Villatoya;De 5 a 9 años;Total;1 de enero de 2019;0
02 Albacete;02082 Villatoya;De 5 a 9 años;Total;1 de enero de 2018;0
02 Albacete;02082 Villatoya;De 5 a 9 años;Total;1 de enero de 2017;1
02 Albacete;02082 Villatoya;De 5 a 9 años;Total;1 de enero de 2016;0
02 Albacete;02082 Villatoya;De 5 a 9 años;Total;1 de enero de 2015;2
02 Albacete;02082 Villatoya;De 5 a 9 años;Total;1 de enero de 2014;4
02 Albacete;02082 Villatoya;De 5 a 9 años;Total;1 de enero de 2013;5
02 Albacete;02082 Villatoya;De 5 a 9 años;Total;1 de enero de 2012;4
02 Albacete;02082 Villatoya;De 5 a 9 años;Total;1 de enero de 2011;4
02 Albacete;02082 Villatoya;De 5 a 9 años;Total;1 de enero de 2010;2
02 Albacete;02082 Villatoya;De 10 a 14 años;Total;1 de enero de 2022;2
02 Albacete;02082 Villatoya;De 10 a 14 años;Total;1 de enero de 2021;2
02 Albacete;02082 Villatoya;De 10 a 14 años;Total;1 de enero de 2020;4
02 Albacete;02082 Villatoya;De 10 a 14 años;Total;1 de enero de 2019;4
02 Albacete;02082 Villatoya;De 10 a 14 años;Total;1 de enero de 2018;3
02 Albacete;02082 Villatoya;De 10 a 14 años;Total;1 de enero de 2017;3
02 Albacete;02082 Villatoya;De 10 a 14 años;Total;1 de enero de 2016;4
02 Albacete;02082 Villatoya;De 10 a 14 años;Total;1 de enero de 2015;2
02 Albacete;02082 Villatoya;De 10 a 14 años;Total;1 de enero de 2014;2
02 Albacete;02082 Villatoya;De 10 a 14 años;Total;1 de enero de 2013;1
02 Albacete;02082 Villatoya;De 10 a 14 años;Total;1 de enero de 2012;2
02 Albacete;02082 Villatoya;De 10 a 14 años;Total;1 de enero de 2011;1
02 Albacete;02082 Villatoya;De 10 a 14 años;Total;1 de enero de 2010;2
02 Albacete;02082 Villatoya;De 65 a 69 años;Total;1 de enero de 2022;9
02 Albacete;02082 Villatoya;De 65 a 69 años;Total;1 de enero de 2021;9
02 Albacete;02082 Villatoya;De 65 a 69 años;Total;1 de enero de 2020;14
02 Albacete;02082 Villatoya;De 65 a 69 años;Total;1 de enero de 2019;14
02 Albacete;02082 Villatoya;De 65 a 69 años;Total;1 de enero de 2018;11
02 Albacete;02082 Villatoya;De 65 a 69 años;Total;1 de enero de 2017;11
02 Albacete;02082 Villatoya;De 65 a 69 años;Total;1 de enero de 2016;11
02 Albacete;02082 Villatoya;De 65 a 69 años;Total;1 de enero de 2015;10
02 Albacete;02082 Villatoya;De 65 a 69 años;Total;1 de enero de 2014;7
02 Albacete;02082 Villatoya;De 65 a 69 años;Total;1 de enero de 2013;7
02 Albacete;02082 Villatoya;De 65 a 69 años;Total;1 de enero de 2012;4
02 Albacete;02082 Villatoya;De 65 a 69 años;Total;1 de enero de 2011;7
02 Albacete;02082 Villatoya;De 65 a 69 años;Total;1 de enero de 2010;8
02 Albacete;02082 Villatoya;De 70 a 74 años;Total;1 de enero de 2022;10
02 Albacete;02082 Villatoya;De 70 a 74 años;Total;1 de enero de 2021;9
02 Albacete;02082 Villatoya;De 70 a 74 años;Total;1 de enero de 2020;6
02 Albacete;02082 Villatoya;De 70 a 74 años;Total;1 de enero de 2019;5
02 Albacete;02082 Villatoya;De 70 a 74 años;Total;1 de enero de 2018;4
02 Albacete;02082 Villatoya;De 70 a 74 años;Total;1 de enero de 2017;3
02 Albacete;02082 Villatoya;De 70 a 74 años;Total;1 de enero de 2016;5
02 Albacete;02082 Villatoya;De 70 a 74 años;Total;1 de enero de 2015;6
02 Albacete;02082 Villatoya;De 70 a 74 años;Total;1 de enero de 2014;7
02 Albacete;02082 Villatoya;De 70 a 74 años;Total;1 de enero de 2013;10
02 Albacete;02082 Villatoya;De 70 a 74 años;Total;1 de enero de 2012;11
02 Albacete;02082 Villatoya;De 70 a 74 años;Total;1 de enero de 2011;8
02 Albacete;02082 Villatoya;De 70 a 74 años;Total;1 de enero de 2010;6
02 Albacete;02082 Villatoya;De 75 a 79 años;Total;1 de enero de 2022;2
02 Albacete;02082 Villatoya;De 75 a 79 años;Total;1 de enero de 2021;3
02 Albacete;02082 Villatoya;De 75 a 79 años;Total;1 de enero de 2020;2
02 Albacete;02082 Villatoya;De 75 a 79 años;Total;1 de enero de 2019;3
02 Albacete;02082 Villatoya;De 75 a 79 años;Total;1 de enero de 2018;6
02 Albacete;02082 Villatoya;De 75 a 79 años;Total;1 de enero de 2017;7
02 Albacete;02082 Villatoya;De 75 a 79 años;Total;1 de enero de 2016;6
02 Albacete;02082 Villatoya;De 75 a 79 años;Total;1 de enero de 2015;5
02 Albacete;02082 Villatoya;De 75 a 79 años;Total;1 de enero de 2014;5
02 Albacete;02082 Villatoya;De 75 a 79 años;Total;1 de enero de 2013;8
02 Albacete;02082 Villatoya;De 75 a 79 años;Total;1 de enero de 2012;9
02 Albacete;02082 Villatoya;De 75 a 79 años;Total;1 de enero de 2011;12
02 Albacete;02082 Villatoya;De 75 a 79 años;Total;1 de enero de 2010;12
02 Albacete;02082 Villatoya;De 80 a 84 años;Total;1 de enero de 2022;6
02 Albacete;02082 Villatoya;De 80 a 84 años;Total;1 de enero de 2021;5
02 Albacete;02082 Villatoya;De 80 a 84 años;Total;1 de enero de 2020;5
02 Albacete;02082 Villatoya;De 80 a 84 años;Total;1 de enero de 2019;5
02 Albacete;02082 Villatoya;De 80 a 84 años;Total;1 de enero de 2018;5
02 Albacete;02082 Villatoya;De 80 a 84 años;Total;1 de enero de 2017;8
02 Albacete;02082 Villatoya;De 80 a 84 años;Total;1 de enero de 2016;9
02 Albacete;02082 Villatoya;De 80 a 84 años;Total;1 de enero de 2015;12
02 Albacete;02082 Villatoya;De 80 a 84 años;Total;1 de enero de 2014;11
02 Albacete;02082 Villatoya;De 80 a 84 años;Total;1 de enero de 2013;10
02 Albacete;02082 Villatoya;De 80 a 84 años;Total;1 de enero de 2012;13
02 Albacete;02082 Villatoya;De 80 a 84 años;Total;1 de enero de 2011;11
02 Albacete;02082 Villatoya;De 80 a 84 años;Total;1 de enero de 2010;12
02 Albacete;02082 Villatoya;De 85 a 89 años;Total;1 de enero de 2022;5
02 Albacete;02082 Villatoya;De 85 a 89 años;Total;1 de enero de 2021;4
02 Albacete;02082 Villatoya;De 85 a 89 años;Total;1 de enero de 2020;5
02 Albacete;02082 Villatoya;De 85 a 89 años;Total;1 de enero de 2019;6
02 Albacete;02082 Villatoya;De 85 a 89 años;Total;1 de enero de 2018;5
02 Albacete;02082 Villatoya;De 85 a 89 años;Total;1 de enero de 2017;5
02 Albacete;02082 Villatoya;De 85 a 89 años;Total;1 de enero de 2016;5
02 Albacete;02082 Villatoya;De 85 a 89 años;Total;1 de enero de 2015;4
02 Albacete;02082 Villatoya;De 85 a 89 años;Total;1 de enero de 2014;6
02 Albacete;02082 Villatoya;De 85 a 89 años;Total;1 de enero de 2013;7
02 Albacete;02082 Villatoya;De 85 a 89 años;Total;1 de enero de 2012;5
02 Albacete;02082 Villatoya;De 85 a 89 años;Total;1 de enero de 2011;6
02 Albacete;02082 Villatoya;De 85 a 89 años;Total;1 de enero de 2010;9
02 Albacete;02082 Villatoya;De 90 a 94 años;Total;1 de enero de 2022;0
02 Albacete;02082 Villatoya;De 90 a 94 años;Total;1 de enero de 2021;2
02 Albacete;02082 Villatoya;De 90 a 94 años;Total;1 de enero de 2020;2
02 Albacete;02082 Villatoya;De 90 a 94 años;Total;1 de enero de 2019;3
02 Albacete;02082 Villatoya;De 90 a 94 años;Total;1 de enero de 2018;4
02 Albacete;02082 Villatoya;De 90 a 94 años;Total;1 de enero de 2017;4
02 Albacete;02082 Villatoya;De 90 a 94 años;Total;1 de enero de 2016;3
02 Albacete;02082 Villatoya;De 90 a 94 años;Total;1 de enero de 2015;4
02 Albacete;02082 Villatoya;De 90 a 94 años;Total;1 de enero de 2014;3
02 Albacete;02082 Villatoya;De 90 a 94 años;Total;1 de enero de 2013;3
02 Albacete;02082 Villatoya;De 90 a 94 años;Total;1 de enero de 2012;2
02 Albacete;02082 Villatoya;De 90 a 94 años;Total;1 de enero de 2011;2
02 Albacete;02082 Villatoya;De 90 a 94 años;Total;1 de enero de 2010;3
02 Albacete;02082 Villatoya;De 95 a 99 años;Total;1 de enero de 2022;2
02 Albacete;02082 Villatoya;De 95 a 99 años;Total;1 de enero de 2021;1
02 Albacete;02082 Villatoya;De 95 a 99 años;Total;1 de enero de 2020;2
02 Albacete;02082 Villatoya;De 95 a 99 años;Total;1 de enero de 2019;1
02 Albacete;02082 Villatoya;De 95 a 99 años;Total;1 de enero de 2018;1
02 Albacete;02082 Villatoya;De 95 a 99 años;Total;1 de enero de 2017;1
02 Albacete;02082 Villatoya;De 95 a 99 años;Total;1 de enero de 2016;0
02 Albacete;02082 Villatoya;De 95 a 99 años;Total;1 de enero de 2015;0
02 Albacete;02082 Villatoya;De 95 a 99 años;Total;1 de enero de 2014;0
02 Albacete;02082 Villatoya;De 95 a 99 años;Total;1 de enero de 2013;1
02 Albacete;02082 Villatoya;De 95 a 99 años;Total;1 de enero de 2012;1
02 Albacete;02082 Villatoya;De 95 a 99 años;Total;1 de enero de 2011;1
02 Albacete;02082 Villatoya;De 95 a 99 años;Total;1 de enero de 2010;1
02 Albacete;02082 Villatoya;100 y más años;Total;1 de enero de 2022;0
02 Albacete;02082 Villatoya;100 y más años;Total;1 de enero de 2021;0
02 Albacete;02082 Villatoya;100 y más años;Total;1 de enero de 2020;0
02 Albacete;02082 Villatoya;100 y más años;Total;1 de enero de 2019;0
02 Albacete;02082 Villatoya;100 y más años;Total;1 de enero de 2018;0
02 Albacete;02082 Villatoya;100 y más años;Total;1 de enero de 2017;0
02 Albacete;02082 Villatoya;100 y más años;Total;1 de enero de 2016;0
02 Albacete;02082 Villatoya;100 y más años;Total;1 de enero de 2015;0
02 Albacete;02082 Villatoya;100 y más años;Total;1 de enero de 2014;0
02 Albacete;02082 Villatoya;100 y más años;Total;1 de enero de 2013;0
02 Albacete;02082 Villatoya;100 y más años;Total;1 de enero de 2012;0
02 Albacete;02082 Villatoya;100 y más años;Total;1 de enero de 2011;0
02 Albacete;02082 Villatoya;100 y más años;Total;1 de enero de 2010;1
02 Albacete;02083 Villavaliente;De 0 a 4 años;Total;1 de enero de 2022;1
02 Albacete;02083 Villavaliente;De 0 a 4 años;Total;1 de enero de 2021;1
02 Albacete;02083 Villavaliente;De 0 a 4 años;Total;1 de enero de 2020;0
02 Albacete;02083 Villavaliente;De 0 a 4 años;Total;1 de enero de 2019;0
02 Albacete;02083 Villavaliente;De 0 a 4 años;Total;1 de enero de 2018;0
02 Albacete;02083 Villavaliente;De 0 a 4 años;Total;1 de enero de 2017;1
02 Albacete;02083 Villavaliente;De 0 a 4 años;Total;1 de enero de 2016;2
02 Albacete;02083 Villavaliente;De 0 a 4 años;Total;1 de enero de 2015;2
02 Albacete;02083 Villavaliente;De 0 a 4 años;Total;1 de enero de 2014;4
02 Albacete;02083 Villavaliente;De 0 a 4 años;Total;1 de enero de 2013;5
02 Albacete;02083 Villavaliente;De 0 a 4 años;Total;1 de enero de 2012;4
02 Albacete;02083 Villavaliente;De 0 a 4 años;Total;1 de enero de 2011;3
02 Albacete;02083 Villavaliente;De 0 a 4 años;Total;1 de enero de 2010;2
02 Albacete;02083 Villavaliente;De 5 a 9 años;Total;1 de enero de 2022;2
02 Albacete;02083 Villavaliente;De 5 a 9 años;Total;1 de enero de 2021;5
02 Albacete;02083 Villavaliente;De 5 a 9 años;Total;1 de enero de 2020;3
02 Albacete;02083 Villavaliente;De 5 a 9 años;Total;1 de enero de 2019;5
02 Albacete;02083 Villavaliente;De 5 a 9 años;Total;1 de enero de 2018;6
02 Albacete;02083 Villavaliente;De 5 a 9 años;Total;1 de enero de 2017;4
02 Albacete;02083 Villavaliente;De 5 a 9 años;Total;1 de enero de 2016;2
02 Albacete;02083 Villavaliente;De 5 a 9 años;Total;1 de enero de 2015;2
02 Albacete;02083 Villavaliente;De 5 a 9 años;Total;1 de enero de 2014;2
02 Albacete;02083 Villavaliente;De 5 a 9 años;Total;1 de enero de 2013;2
02 Albacete;02083 Villavaliente;De 5 a 9 años;Total;1 de enero de 2012;2
02 Albacete;02083 Villavaliente;De 5 a 9 años;Total;1 de enero de 2011;5
02 Albacete;02083 Villavaliente;De 5 a 9 años;Total;1 de enero de 2010;7
02 Albacete;02083 Villavaliente;De 10 a 14 años;Total;1 de enero de 2022;5
02 Albacete;02083 Villavaliente;De 10 a 14 años;Total;1 de enero de 2021;4
02 Albacete;02083 Villavaliente;De 10 a 14 años;Total;1 de enero de 2020;3
02 Albacete;02083 Villavaliente;De 10 a 14 años;Total;1 de enero de 2019;4
02 Albacete;02083 Villavaliente;De 10 a 14 años;Total;1 de enero de 2018;4
02 Albacete;02083 Villavaliente;De 10 a 14 años;Total;1 de enero de 2017;2
02 Albacete;02083 Villavaliente;De 10 a 14 años;Total;1 de enero de 2016;4
02 Albacete;02083 Villavaliente;De 10 a 14 años;Total;1 de enero de 2015;5
02 Albacete;02083 Villavaliente;De 10 a 14 años;Total;1 de enero de 2014;6
02 Albacete;02083 Villavaliente;De 10 a 14 años;Total;1 de enero de 2013;8
02 Albacete;02083 Villavaliente;De 10 a 14 años;Total;1 de enero de 2012;11
02 Albacete;02083 Villavaliente;De 10 a 14 años;Total;1 de enero de 2011;9
02 Albacete;02083 Villavaliente;De 10 a 14 años;Total;1 de enero de 2010;9
02 Albacete;02083 Villavaliente;De 65 a 69 años;Total;1 de enero de 2022;19
02 Albacete;02083 Villavaliente;De 65 a 69 años;Total;1 de enero de 2021;14
02 Albacete;02083 Villavaliente;De 65 a 69 años;Total;1 de enero de 2020;16
02 Albacete;02083 Villavaliente;De 65 a 69 años;Total;1 de enero de 2019;19
02 Albacete;02083 Villavaliente;De 65 a 69 años;Total;1 de enero de 2018;18
02 Albacete;02083 Villavaliente;De 65 a 69 años;Total;1 de enero de 2017;19
02 Albacete;02083 Villavaliente;De 65 a 69 años;Total;1 de enero de 2016;18
02 Albacete;02083 Villavaliente;De 65 a 69 años;Total;1 de enero de 2015;16
02 Albacete;02083 Villavaliente;De 65 a 69 años;Total;1 de enero de 2014;18
02 Albacete;02083 Villavaliente;De 65 a 69 años;Total;1 de enero de 2013;20
02 Albacete;02083 Villavaliente;De 65 a 69 años;Total;1 de enero de 2012;19
02 Albacete;02083 Villavaliente;De 65 a 69 años;Total;1 de enero de 2011;23
02 Albacete;02083 Villavaliente;De 65 a 69 años;Total;1 de enero de 2010;25
02 Albacete;02083 Villavaliente;De 70 a 74 años;Total;1 de enero de 2022;15
02 Albacete;02083 Villavaliente;De 70 a 74 años;Total;1 de enero de 2021;13
02 Albacete;02083 Villavaliente;De 70 a 74 años;Total;1 de enero de 2020;14
02 Albacete;02083 Villavaliente;De 70 a 74 años;Total;1 de enero de 2019;16
02 Albacete;02083 Villavaliente;De 70 a 74 años;Total;1 de enero de 2018;19
02 Albacete;02083 Villavaliente;De 70 a 74 años;Total;1 de enero de 2017;19
02 Albacete;02083 Villavaliente;De 70 a 74 años;Total;1 de enero de 2016;21
02 Albacete;02083 Villavaliente;De 70 a 74 años;Total;1 de enero de 2015;23
02 Albacete;02083 Villavaliente;De 70 a 74 años;Total;1 de enero de 2014;20
02 Albacete;02083 Villavaliente;De 70 a 74 años;Total;1 de enero de 2013;16
02 Albacete;02083 Villavaliente;De 70 a 74 años;Total;1 de enero de 2012;16
02 Albacete;02083 Villavaliente;De 70 a 74 años;Total;1 de enero de 2011;18
02 Albacete;02083 Villavaliente;De 70 a 74 años;Total;1 de enero de 2010;14
02 Albacete;02083 Villavaliente;De 75 a 79 años;Total;1 de enero de 2022;16
02 Albacete;02083 Villavaliente;De 75 a 79 años;Total;1 de enero de 2021;18
02 Albacete;02083 Villavaliente;De 75 a 79 años;Total;1 de enero de 2020;21
02 Albacete;02083 Villavaliente;De 75 a 79 años;Total;1 de enero de 2019;20
02 Albacete;02083 Villavaliente;De 75 a 79 años;Total;1 de enero de 2018;18
02 Albacete;02083 Villavaliente;De 75 a 79 años;Total;1 de enero de 2017;17
02 Albacete;02083 Villavaliente;De 75 a 79 años;Total;1 de enero de 2016;17
02 Albacete;02083 Villavaliente;De 75 a 79 años;Total;1 de enero de 2015;13
02 Albacete;02083 Villavaliente;De 75 a 79 años;Total;1 de enero de 2014;10
02 Albacete;02083 Villavaliente;De 75 a 79 años;Total;1 de enero de 2013;13
02 Albacete;02083 Villavaliente;De 75 a 79 años;Total;1 de enero de 2012;16
02 Albacete;02083 Villavaliente;De 75 a 79 años;Total;1 de enero de 2011;19
02 Albacete;02083 Villavaliente;De 75 a 79 años;Total;1 de enero de 2010;25
02 Albacete;02083 Villavaliente;De 80 a 84 años;Total;1 de enero de 2022;13
02 Albacete;02083 Villavaliente;De 80 a 84 años;Total;1 de enero de 2021;15
02 Albacete;02083 Villavaliente;De 80 a 84 años;Total;1 de enero de 2020;14
02 Albacete;02083 Villavaliente;De 80 a 84 años;Total;1 de enero de 2019;12
02 Albacete;02083 Villavaliente;De 80 a 84 años;Total;1 de enero de 2018;13
02 Albacete;02083 Villavaliente;De 80 a 84 años;Total;1 de enero de 2017;14
02 Albacete;02083 Villavaliente;De 80 a 84 años;Total;1 de enero de 2016;16
02 Albacete;02083 Villavaliente;De 80 a 84 años;Total;1 de enero de 2015;23
02 Albacete;02083 Villavaliente;De 80 a 84 años;Total;1 de enero de 2014;22
02 Albacete;02083 Villavaliente;De 80 a 84 años;Total;1 de enero de 2013;20
02 Albacete;02083 Villavaliente;De 80 a 84 años;Total;1 de enero de 2012;18
02 Albacete;02083 Villavaliente;De 80 a 84 años;Total;1 de enero de 2011;13
02 Albacete;02083 Villavaliente;De 80 a 84 años;Total;1 de enero de 2010;12
02 Albacete;02083 Villavaliente;De 85 a 89 años;Total;1 de enero de 2022;11
02 Albacete;02083 Villavaliente;De 85 a 89 años;Total;1 de enero de 2021;11
02 Albacete;02083 Villavaliente;De 85 a 89 años;Total;1 de enero de 2020;17
02 Albacete;02083 Villavaliente;De 85 a 89 años;Total;1 de enero de 2019;19
02 Albacete;02083 Villavaliente;De 85 a 89 años;Total;1 de enero de 2018;15
02 Albacete;02083 Villavaliente;De 85 a 89 años;Total;1 de enero de 2017;14
02 Albacete;02083 Villavaliente;De 85 a 89 años;Total;1 de enero de 2016;12
02 Albacete;02083 Villavaliente;De 85 a 89 años;Total;1 de enero de 2015;5
02 Albacete;02083 Villavaliente;De 85 a 89 años;Total;1 de enero de 2014;10
02 Albacete;02083 Villavaliente;De 85 a 89 años;Total;1 de enero de 2013;12
02 Albacete;02083 Villavaliente;De 85 a 89 años;Total;1 de enero de 2012;12
02 Albacete;02083 Villavaliente;De 85 a 89 años;Total;1 de enero de 2011;15
02 Albacete;02083 Villavaliente;De 85 a 89 años;Total;1 de enero de 2010;11
02 Albacete;02083 Villavaliente;De 90 a 94 años;Total;1 de enero de 2022;8
02 Albacete;02083 Villavaliente;De 90 a 94 años;Total;1 de enero de 2021;7
02 Albacete;02083 Villavaliente;De 90 a 94 años;Total;1 de enero de 2020;2
02 Albacete;02083 Villavaliente;De 90 a 94 años;Total;1 de enero de 2019;2
02 Albacete;02083 Villavaliente;De 90 a 94 años;Total;1 de enero de 2018;2
02 Albacete;02083 Villavaliente;De 90 a 94 años;Total;1 de enero de 2017;4
02 Albacete;02083 Villavaliente;De 90 a 94 años;Total;1 de enero de 2016;4
02 Albacete;02083 Villavaliente;De 90 a 94 años;Total;1 de enero de 2015;6
02 Albacete;02083 Villavaliente;De 90 a 94 años;Total;1 de enero de 2014;4
02 Albacete;02083 Villavaliente;De 90 a 94 años;Total;1 de enero de 2013;7
02 Albacete;02083 Villavaliente;De 90 a 94 años;Total;1 de enero de 2012;7
02 Albacete;02083 Villavaliente;De 90 a 94 años;Total;1 de enero de 2011;6
02 Albacete;02083 Villavaliente;De 90 a 94 años;Total;1 de enero de 2010;8
02 Albacete;02083 Villavaliente;De 95 a 99 años;Total;1 de enero de 2022;1
02 Albacete;02083 Villavaliente;De 95 a 99 años;Total;1 de enero de 2021;2
02 Albacete;02083 Villavaliente;De 95 a 99 años;Total;1 de enero de 2020;2
02 Albacete;02083 Villavaliente;De 95 a 99 años;Total;1 de enero de 2019;1
02 Albacete;02083 Villavaliente;De 95 a 99 años;Total;1 de enero de 2018;2
02 Albacete;02083 Villavaliente;De 95 a 99 años;Total;1 de enero de 2017;1
02 Albacete;02083 Villavaliente;De 95 a 99 años;Total;1 de enero de 2016;1
02 Albacete;02083 Villavaliente;De 95 a 99 años;Total;1 de enero de 2015;2
02 Albacete;02083 Villavaliente;De 95 a 99 años;Total;1 de enero de 2014;3
02 Albacete;02083 Villavaliente;De 95 a 99 años;Total;1 de enero de 2013;1
02 Albacete;02083 Villavaliente;De 95 a 99 años;Total;1 de enero de 2012;2
02 Albacete;02083 Villavaliente;De 95 a 99 años;Total;1 de enero de 2011;2
02 Albacete;02083 Villavaliente;De 95 a 99 años;Total;1 de enero de 2010;1
02 Albacete;02083 Villavaliente;100 y más años;Total;1 de enero de 2022;0
02 Albacete;02083 Villavaliente;100 y más años;Total;1 de enero de 2021;1
02 Albacete;02083 Villavaliente;100 y más años;Total;1 de enero de 2020;1
02 Albacete;02083 Villavaliente;100 y más años;Total;1 de enero de 2019;1
02 Albacete;02083 Villavaliente;100 y más años;Total;1 de enero de 2018;0
02 Albacete;02083 Villavaliente;100 y más años;Total;1 de enero de 2017;0
02 Albacete;02083 Villavaliente;100 y más años;Total;1 de enero de 2016;0
02 Albacete;02083 Villavaliente;100 y más años;Total;1 de enero de 2015;0
02 Albacete;02083 Villavaliente;100 y más años;Total;1 de enero de 2014;1
02 Albacete;02083 Villavaliente;100 y más años;Total;1 de enero de 2013;1
02 Albacete;02083 Villavaliente;100 y más años;Total;1 de enero de 2012;1
02 Albacete;02083 Villavaliente;100 y más años;Total;1 de enero de 2011;0
02 Albacete;02083 Villavaliente;100 y más años;Total;1 de enero de 2010;0
02 Albacete;02084 Villaverde de Guadalimar;De 0 a 4 años;Total;1 de enero de 2022;5
02 Albacete;02084 Villaverde de Guadalimar;De 0 a 4 años;Total;1 de enero de 2021;7
02 Albacete;02084 Villaverde de Guadalimar;De 0 a 4 años;Total;1 de enero de 2020;6
02 Albacete;02084 Villaverde de Guadalimar;De 0 a 4 años;Total;1 de enero de 2019;8
02 Albacete;02084 Villaverde de Guadalimar;De 0 a 4 años;Total;1 de enero de 2018;11
02 Albacete;02084 Villaverde de Guadalimar;De 0 a 4 años;Total;1 de enero de 2017;7
02 Albacete;02084 Villaverde de Guadalimar;De 0 a 4 años;Total;1 de enero de 2016;8
02 Albacete;02084 Villaverde de Guadalimar;De 0 a 4 años;Total;1 de enero de 2015;10
02 Albacete;02084 Villaverde de Guadalimar;De 0 a 4 años;Total;1 de enero de 2014;10
02 Albacete;02084 Villaverde de Guadalimar;De 0 a 4 años;Total;1 de enero de 2013;8
02 Albacete;02084 Villaverde de Guadalimar;De 0 a 4 años;Total;1 de enero de 2012;10
02 Albacete;02084 Villaverde de Guadalimar;De 0 a 4 años;Total;1 de enero de 2011;11
02 Albacete;02084 Villaverde de Guadalimar;De 0 a 4 años;Total;1 de enero de 2010;8
02 Albacete;02084 Villaverde de Guadalimar;De 5 a 9 años;Total;1 de enero de 2022;7
02 Albacete;02084 Villaverde de Guadalimar;De 5 a 9 años;Total;1 de enero de 2021;6
02 Albacete;02084 Villaverde de Guadalimar;De 5 a 9 años;Total;1 de enero de 2020;8
02 Albacete;02084 Villaverde de Guadalimar;De 5 a 9 años;Total;1 de enero de 2019;12
02 Albacete;02084 Villaverde de Guadalimar;De 5 a 9 años;Total;1 de enero de 2018;10
02 Albacete;02084 Villaverde de Guadalimar;De 5 a 9 años;Total;1 de enero de 2017;9
02 Albacete;02084 Villaverde de Guadalimar;De 5 a 9 años;Total;1 de enero de 2016;8
02 Albacete;02084 Villaverde de Guadalimar;De 5 a 9 años;Total;1 de enero de 2015;8
02 Albacete;02084 Villaverde de Guadalimar;De 5 a 9 años;Total;1 de enero de 2014;6
02 Albacete;02084 Villaverde de Guadalimar;De 5 a 9 años;Total;1 de enero de 2013;10
02 Albacete;02084 Villaverde de Guadalimar;De 5 a 9 años;Total;1 de enero de 2012;10
02 Albacete;02084 Villaverde de Guadalimar;De 5 a 9 años;Total;1 de enero de 2011;10
02 Albacete;02084 Villaverde de Guadalimar;De 5 a 9 años;Total;1 de enero de 2010;7
02 Albacete;02084 Villaverde de Guadalimar;De 10 a 14 años;Total;1 de enero de 2022;8
02 Albacete;02084 Villaverde de Guadalimar;De 10 a 14 años;Total;1 de enero de 2021;10
02 Albacete;02084 Villaverde de Guadalimar;De 10 a 14 años;Total;1 de enero de 2020;8
02 Albacete;02084 Villaverde de Guadalimar;De 10 a 14 años;Total;1 de enero de 2019;6
02 Albacete;02084 Villaverde de Guadalimar;De 10 a 14 años;Total;1 de enero de 2018;9
02 Albacete;02084 Villaverde de Guadalimar;De 10 a 14 años;Total;1 de enero de 2017;9
02 Albacete;02084 Villaverde de Guadalimar;De 10 a 14 años;Total;1 de enero de 2016;8
02 Albacete;02084 Villaverde de Guadalimar;De 10 a 14 años;Total;1 de enero de 2015;8
02 Albacete;02084 Villaverde de Guadalimar;De 10 a 14 años;Total;1 de enero de 2014;12
02 Albacete;02084 Villaverde de Guadalimar;De 10 a 14 años;Total;1 de enero de 2013;13
02 Albacete;02084 Villaverde de Guadalimar;De 10 a 14 años;Total;1 de enero de 2012;12
02 Albacete;02084 Villaverde de Guadalimar;De 10 a 14 años;Total;1 de enero de 2011;13
02 Albacete;02084 Villaverde de Guadalimar;De 10 a 14 años;Total;1 de enero de 2010;12
02 Albacete;02084 Villaverde de Guadalimar;De 65 a 69 años;Total;1 de enero de 2022;24
02 Albacete;02084 Villaverde de Guadalimar;De 65 a 69 años;Total;1 de enero de 2021;22
02 Albacete;02084 Villaverde de Guadalimar;De 65 a 69 años;Total;1 de enero de 2020;17
02 Albacete;02084 Villaverde de Guadalimar;De 65 a 69 años;Total;1 de enero de 2019;19
02 Albacete;02084 Villaverde de Guadalimar;De 65 a 69 años;Total;1 de enero de 2018;19
02 Albacete;02084 Villaverde de Guadalimar;De 65 a 69 años;Total;1 de enero de 2017;16
02 Albacete;02084 Villaverde de Guadalimar;De 65 a 69 años;Total;1 de enero de 2016;23
02 Albacete;02084 Villaverde de Guadalimar;De 65 a 69 años;Total;1 de enero de 2015;25
02 Albacete;02084 Villaverde de Guadalimar;De 65 a 69 años;Total;1 de enero de 2014;26
02 Albacete;02084 Villaverde de Guadalimar;De 65 a 69 años;Total;1 de enero de 2013;24
02 Albacete;02084 Villaverde de Guadalimar;De 65 a 69 años;Total;1 de enero de 2012;27
02 Albacete;02084 Villaverde de Guadalimar;De 65 a 69 años;Total;1 de enero de 2011;24
02 Albacete;02084 Villaverde de Guadalimar;De 65 a 69 años;Total;1 de enero de 2010;28
02 Albacete;02084 Villaverde de Guadalimar;De 70 a 74 años;Total;1 de enero de 2022;19
02 Albacete;02084 Villaverde de Guadalimar;De 70 a 74 años;Total;1 de enero de 2021;23
02 Albacete;02084 Villaverde de Guadalimar;De 70 a 74 años;Total;1 de enero de 2020;22
02 Albacete;02084 Villaverde de Guadalimar;De 70 a 74 años;Total;1 de enero de 2019;23
02 Albacete;02084 Villaverde de Guadalimar;De 70 a 74 años;Total;1 de enero de 2018;22
02 Albacete;02084 Villaverde de Guadalimar;De 70 a 74 años;Total;1 de enero de 2017;23
02 Albacete;02084 Villaverde de Guadalimar;De 70 a 74 años;Total;1 de enero de 2016;18
02 Albacete;02084 Villaverde de Guadalimar;De 70 a 74 años;Total;1 de enero de 2015;23
02 Albacete;02084 Villaverde de Guadalimar;De 70 a 74 años;Total;1 de enero de 2014;24
02 Albacete;02084 Villaverde de Guadalimar;De 70 a 74 años;Total;1 de enero de 2013;24
02 Albacete;02084 Villaverde de Guadalimar;De 70 a 74 años;Total;1 de enero de 2012;26
02 Albacete;02084 Villaverde de Guadalimar;De 70 a 74 años;Total;1 de enero de 2011;32
02 Albacete;02084 Villaverde de Guadalimar;De 70 a 74 años;Total;1 de enero de 2010;30
02 Albacete;02084 Villaverde de Guadalimar;De 75 a 79 años;Total;1 de enero de 2022;18
02 Albacete;02084 Villaverde de Guadalimar;De 75 a 79 años;Total;1 de enero de 2021;14
02 Albacete;02084 Villaverde de Guadalimar;De 75 a 79 años;Total;1 de enero de 2020;18
02 Albacete;02084 Villaverde de Guadalimar;De 75 a 79 años;Total;1 de enero de 2019;17
02 Albacete;02084 Villaverde de Guadalimar;De 75 a 79 años;Total;1 de enero de 2018;15
02 Albacete;02084 Villaverde de Guadalimar;De 75 a 79 años;Total;1 de enero de 2017;20
02 Albacete;02084 Villaverde de Guadalimar;De 75 a 79 años;Total;1 de enero de 2016;27
02 Albacete;02084 Villaverde de Guadalimar;De 75 a 79 años;Total;1 de enero de 2015;24
02 Albacete;02084 Villaverde de Guadalimar;De 75 a 79 años;Total;1 de enero de 2014;27
02 Albacete;02084 Villaverde de Guadalimar;De 75 a 79 años;Total;1 de enero de 2013;32
02 Albacete;02084 Villaverde de Guadalimar;De 75 a 79 años;Total;1 de enero de 2012;31
02 Albacete;02084 Villaverde de Guadalimar;De 75 a 79 años;Total;1 de enero de 2011;30
02 Albacete;02084 Villaverde de Guadalimar;De 75 a 79 años;Total;1 de enero de 2010;30
02 Albacete;02084 Villaverde de Guadalimar;De 80 a 84 años;Total;1 de enero de 2022;16
02 Albacete;02084 Villaverde de Guadalimar;De 80 a 84 años;Total;1 de enero de 2021;20
02 Albacete;02084 Villaverde de Guadalimar;De 80 a 84 años;Total;1 de enero de 2020;21
02 Albacete;02084 Villaverde de Guadalimar;De 80 a 84 años;Total;1 de enero de 2019;21
02 Albacete;02084 Villaverde de Guadalimar;De 80 a 84 años;Total;1 de enero de 2018;27
02 Albacete;02084 Villaverde de Guadalimar;De 80 a 84 años;Total;1 de enero de 2017;25
02 Albacete;02084 Villaverde de Guadalimar;De 80 a 84 años;Total;1 de enero de 2016;26
02 Albacete;02084 Villaverde de Guadalimar;De 80 a 84 años;Total;1 de enero de 2015;24
02 Albacete;02084 Villaverde de Guadalimar;De 80 a 84 años;Total;1 de enero de 2014;26
02 Albacete;02084 Villaverde de Guadalimar;De 80 a 84 años;Total;1 de enero de 2013;23
02 Albacete;02084 Villaverde de Guadalimar;De 80 a 84 años;Total;1 de enero de 2012;24
02 Albacete;02084 Villaverde de Guadalimar;De 80 a 84 años;Total;1 de enero de 2011;23
02 Albacete;02084 Villaverde de Guadalimar;De 80 a 84 años;Total;1 de enero de 2010;27
02 Albacete;02084 Villaverde de Guadalimar;De 85 a 89 años;Total;1 de enero de 2022;18
02 Albacete;02084 Villaverde de Guadalimar;De 85 a 89 años;Total;1 de enero de 2021;16
02 Albacete;02084 Villaverde de Guadalimar;De 85 a 89 años;Total;1 de enero de 2020;16
02 Albacete;02084 Villaverde de Guadalimar;De 85 a 89 años;Total;1 de enero de 2019;16
02 Albacete;02084 Villaverde de Guadalimar;De 85 a 89 años;Total;1 de enero de 2018;12
02 Albacete;02084 Villaverde de Guadalimar;De 85 a 89 años;Total;1 de enero de 2017;16
02 Albacete;02084 Villaverde de Guadalimar;De 85 a 89 años;Total;1 de enero de 2016;13
02 Albacete;02084 Villaverde de Guadalimar;De 85 a 89 años;Total;1 de enero de 2015;14
02 Albacete;02084 Villaverde de Guadalimar;De 85 a 89 años;Total;1 de enero de 2014;9
02 Albacete;02084 Villaverde de Guadalimar;De 85 a 89 años;Total;1 de enero de 2013;10
02 Albacete;02084 Villaverde de Guadalimar;De 85 a 89 años;Total;1 de enero de 2012;11
02 Albacete;02084 Villaverde de Guadalimar;De 85 a 89 años;Total;1 de enero de 2011;15
02 Albacete;02084 Villaverde de Guadalimar;De 85 a 89 años;Total;1 de enero de 2010;14
02 Albacete;02084 Villaverde de Guadalimar;De 90 a 94 años;Total;1 de enero de 2022;3
02 Albacete;02084 Villaverde de Guadalimar;De 90 a 94 años;Total;1 de enero de 2021;3
02 Albacete;02084 Villaverde de Guadalimar;De 90 a 94 años;Total;1 de enero de 2020;5
02 Albacete;02084 Villaverde de Guadalimar;De 90 a 94 años;Total;1 de enero de 2019;5
02 Albacete;02084 Villaverde de Guadalimar;De 90 a 94 años;Total;1 de enero de 2018;4
02 Albacete;02084 Villaverde de Guadalimar;De 90 a 94 años;Total;1 de enero de 2017;3
02 Albacete;02084 Villaverde de Guadalimar;De 90 a 94 años;Total;1 de enero de 2016;3
02 Albacete;02084 Villaverde de Guadalimar;De 90 a 94 años;Total;1 de enero de 2015;2
02 Albacete;02084 Villaverde de Guadalimar;De 90 a 94 años;Total;1 de enero de 2014;3
02 Albacete;02084 Villaverde de Guadalimar;De 90 a 94 años;Total;1 de enero de 2013;4
02 Albacete;02084 Villaverde de Guadalimar;De 90 a 94 años;Total;1 de enero de 2012;4
02 Albacete;02084 Villaverde de Guadalimar;De 90 a 94 años;Total;1 de enero de 2011;4
02 Albacete;02084 Villaverde de Guadalimar;De 90 a 94 años;Total;1 de enero de 2010;6
02 Albacete;02084 Villaverde de Guadalimar;De 95 a 99 años;Total;1 de enero de 2022;0
02 Albacete;02084 Villaverde de Guadalimar;De 95 a 99 años;Total;1 de enero de 2021;0
02 Albacete;02084 Villaverde de Guadalimar;De 95 a 99 años;Total;1 de enero de 2020;1
02 Albacete;02084 Villaverde de Guadalimar;De 95 a 99 años;Total;1 de enero de 2019;1
02 Albacete;02084 Villaverde de Guadalimar;De 95 a 99 años;Total;1 de enero de 2018;1
02 Albacete;02084 Villaverde de Guadalimar;De 95 a 99 años;Total;1 de enero de 2017;1
02 Albacete;02084 Villaverde de Guadalimar;De 95 a 99 años;Total;1 de enero de 2016;2
02 Albacete;02084 Villaverde de Guadalimar;De 95 a 99 años;Total;1 de enero de 2015;2
02 Albacete;02084 Villaverde de Guadalimar;De 95 a 99 años;Total;1 de enero de 2014;1
02 Albacete;02084 Villaverde de Guadalimar;De 95 a 99 años;Total;1 de enero de 2013;1
02 Albacete;02084 Villaverde de Guadalimar;De 95 a 99 años;Total;1 de enero de 2012;1
02 Albacete;02084 Villaverde de Guadalimar;De 95 a 99 años;Total;1 de enero de 2011;0
02 Albacete;02084 Villaverde de Guadalimar;De 95 a 99 años;Total;1 de enero de 2010;0
02 Albacete;02084 Villaverde de Guadalimar;100 y más años;Total;1 de enero de 2022;0
02 Albacete;02084 Villaverde de Guadalimar;100 y más años;Total;1 de enero de 2021;0
02 Albacete;02084 Villaverde de Guadalimar;100 y más años;Total;1 de enero de 2020;0
02 Albacete;02084 Villaverde de Guadalimar;100 y más años;Total;1 de enero de 2019;1
02 Albacete;02084 Villaverde de Guadalimar;100 y más años;Total;1 de enero de 2018;1
02 Albacete;02084 Villaverde de Guadalimar;100 y más años;Total;1 de enero de 2017;0
02 Albacete;02084 Villaverde de Guadalimar;100 y más años;Total;1 de enero de 2016;0
02 Albacete;02084 Villaverde de Guadalimar;100 y más años;Total;1 de enero de 2015;0
02 Albacete;02084 Villaverde de Guadalimar;100 y más años;Total;1 de enero de 2014;0
02 Albacete;02084 Villaverde de Guadalimar;100 y más años;Total;1 de enero de 2013;0
02 Albacete;02084 Villaverde de Guadalimar;100 y más años;Total;1 de enero de 2012;0
02 Albacete;02084 Villaverde de Guadalimar;100 y más años;Total;1 de enero de 2011;0
02 Albacete;02084 Villaverde de Guadalimar;100 y más años;Total;1 de enero de 2010;0
02 Albacete;02085 Viveros;De 0 a 4 años;Total;1 de enero de 2022;4
02 Albacete;02085 Viveros;De 0 a 4 años;Total;1 de enero de 2021;3
02 Albacete;02085 Viveros;De 0 a 4 años;Total;1 de enero de 2020;2
02 Albacete;02085 Viveros;De 0 a 4 años;Total;1 de enero de 2019;5
02 Albacete;02085 Viveros;De 0 a 4 años;Total;1 de enero de 2018;8
02 Albacete;02085 Viveros;De 0 a 4 años;Total;1 de enero de 2017;7
02 Albacete;02085 Viveros;De 0 a 4 años;Total;1 de enero de 2016;7
02 Albacete;02085 Viveros;De 0 a 4 años;Total;1 de enero de 2015;6
02 Albacete;02085 Viveros;De 0 a 4 años;Total;1 de enero de 2014;3
02 Albacete;02085 Viveros;De 0 a 4 años;Total;1 de enero de 2013;2
02 Albacete;02085 Viveros;De 0 a 4 años;Total;1 de enero de 2012;3
02 Albacete;02085 Viveros;De 0 a 4 años;Total;1 de enero de 2011;5
02 Albacete;02085 Viveros;De 0 a 4 años;Total;1 de enero de 2010;4
02 Albacete;02085 Viveros;De 5 a 9 años;Total;1 de enero de 2022;9
02 Albacete;02085 Viveros;De 5 a 9 años;Total;1 de enero de 2021;12
02 Albacete;02085 Viveros;De 5 a 9 años;Total;1 de enero de 2020;13
02 Albacete;02085 Viveros;De 5 a 9 años;Total;1 de enero de 2019;12
02 Albacete;02085 Viveros;De 5 a 9 años;Total;1 de enero de 2018;11
02 Albacete;02085 Viveros;De 5 a 9 años;Total;1 de enero de 2017;8
02 Albacete;02085 Viveros;De 5 a 9 años;Total;1 de enero de 2016;5
02 Albacete;02085 Viveros;De 5 a 9 años;Total;1 de enero de 2015;4
02 Albacete;02085 Viveros;De 5 a 9 años;Total;1 de enero de 2014;2
02 Albacete;02085 Viveros;De 5 a 9 años;Total;1 de enero de 2013;2
02 Albacete;02085 Viveros;De 5 a 9 años;Total;1 de enero de 2012;3
02 Albacete;02085 Viveros;De 5 a 9 años;Total;1 de enero de 2011;7
02 Albacete;02085 Viveros;De 5 a 9 años;Total;1 de enero de 2010;6
02 Albacete;02085 Viveros;De 10 a 14 años;Total;1 de enero de 2022;9
02 Albacete;02085 Viveros;De 10 a 14 años;Total;1 de enero de 2021;7
02 Albacete;02085 Viveros;De 10 a 14 años;Total;1 de enero de 2020;6
02 Albacete;02085 Viveros;De 10 a 14 años;Total;1 de enero de 2019;4
02 Albacete;02085 Viveros;De 10 a 14 años;Total;1 de enero de 2018;3
02 Albacete;02085 Viveros;De 10 a 14 años;Total;1 de enero de 2017;3
02 Albacete;02085 Viveros;De 10 a 14 años;Total;1 de enero de 2016;2
02 Albacete;02085 Viveros;De 10 a 14 años;Total;1 de enero de 2015;3
02 Albacete;02085 Viveros;De 10 a 14 años;Total;1 de enero de 2014;6
02 Albacete;02085 Viveros;De 10 a 14 años;Total;1 de enero de 2013;9
02 Albacete;02085 Viveros;De 10 a 14 años;Total;1 de enero de 2012;10
02 Albacete;02085 Viveros;De 10 a 14 años;Total;1 de enero de 2011;9
02 Albacete;02085 Viveros;De 10 a 14 años;Total;1 de enero de 2010;9
02 Albacete;02085 Viveros;De 65 a 69 años;Total;1 de enero de 2022;21
02 Albacete;02085 Viveros;De 65 a 69 años;Total;1 de enero de 2021;24
02 Albacete;02085 Viveros;De 65 a 69 años;Total;1 de enero de 2020;24
02 Albacete;02085 Viveros;De 65 a 69 años;Total;1 de enero de 2019;27
02 Albacete;02085 Viveros;De 65 a 69 años;Total;1 de enero de 2018;25
02 Albacete;02085 Viveros;De 65 a 69 años;Total;1 de enero de 2017;27
02 Albacete;02085 Viveros;De 65 a 69 años;Total;1 de enero de 2016;23
02 Albacete;02085 Viveros;De 65 a 69 años;Total;1 de enero de 2015;17
02 Albacete;02085 Viveros;De 65 a 69 años;Total;1 de enero de 2014;15
02 Albacete;02085 Viveros;De 65 a 69 años;Total;1 de enero de 2013;13
02 Albacete;02085 Viveros;De 65 a 69 años;Total;1 de enero de 2012;11
02 Albacete;02085 Viveros;De 65 a 69 años;Total;1 de enero de 2011;14
02 Albacete;02085 Viveros;De 65 a 69 años;Total;1 de enero de 2010;24
02 Albacete;02085 Viveros;De 70 a 74 años;Total;1 de enero de 2022;28
02 Albacete;02085 Viveros;De 70 a 74 años;Total;1 de enero de 2021;21
02 Albacete;02085 Viveros;De 70 a 74 años;Total;1 de enero de 2020;18
02 Albacete;02085 Viveros;De 70 a 74 años;Total;1 de enero de 2019;16
02 Albacete;02085 Viveros;De 70 a 74 años;Total;1 de enero de 2018;14
02 Albacete;02085 Viveros;De 70 a 74 años;Total;1 de enero de 2017;12
02 Albacete;02085 Viveros;De 70 a 74 años;Total;1 de enero de 2016;11
02 Albacete;02085 Viveros;De 70 a 74 años;Total;1 de enero de 2015;19
02 Albacete;02085 Viveros;De 70 a 74 años;Total;1 de enero de 2014;21
02 Albacete;02085 Viveros;De 70 a 74 años;Total;1 de enero de 2013;22
02 Albacete;02085 Viveros;De 70 a 74 años;Total;1 de enero de 2012;27
02 Albacete;02085 Viveros;De 70 a 74 años;Total;1 de enero de 2011;29
02 Albacete;02085 Viveros;De 70 a 74 años;Total;1 de enero de 2010;26
02 Albacete;02085 Viveros;De 75 a 79 años;Total;1 de enero de 2022;11
02 Albacete;02085 Viveros;De 75 a 79 años;Total;1 de enero de 2021;10
02 Albacete;02085 Viveros;De 75 a 79 años;Total;1 de enero de 2020;15
02 Albacete;02085 Viveros;De 75 a 79 años;Total;1 de enero de 2019;17
02 Albacete;02085 Viveros;De 75 a 79 años;Total;1 de enero de 2018;17
02 Albacete;02085 Viveros;De 75 a 79 años;Total;1 de enero de 2017;23
02 Albacete;02085 Viveros;De 75 a 79 años;Total;1 de enero de 2016;25
02 Albacete;02085 Viveros;De 75 a 79 años;Total;1 de enero de 2015;21
02 Albacete;02085 Viveros;De 75 a 79 años;Total;1 de enero de 2014;30
02 Albacete;02085 Viveros;De 75 a 79 años;Total;1 de enero de 2013;30
02 Albacete;02085 Viveros;De 75 a 79 años;Total;1 de enero de 2012;28
02 Albacete;02085 Viveros;De 75 a 79 años;Total;1 de enero de 2011;30
02 Albacete;02085 Viveros;De 75 a 79 años;Total;1 de enero de 2010;29
02 Albacete;02085 Viveros;De 80 a 84 años;Total;1 de enero de 2022;20
02 Albacete;02085 Viveros;De 80 a 84 años;Total;1 de enero de 2021;20
02 Albacete;02085 Viveros;De 80 a 84 años;Total;1 de enero de 2020;15
02 Albacete;02085 Viveros;De 80 a 84 años;Total;1 de enero de 2019;25
02 Albacete;02085 Viveros;De 80 a 84 años;Total;1 de enero de 2018;26
02 Albacete;02085 Viveros;De 80 a 84 años;Total;1 de enero de 2017;24
02 Albacete;02085 Viveros;De 80 a 84 años;Total;1 de enero de 2016;25
02 Albacete;02085 Viveros;De 80 a 84 años;Total;1 de enero de 2015;23
02 Albacete;02085 Viveros;De 80 a 84 años;Total;1 de enero de 2014;24
02 Albacete;02085 Viveros;De 80 a 84 años;Total;1 de enero de 2013;25
02 Albacete;02085 Viveros;De 80 a 84 años;Total;1 de enero de 2012;31
02 Albacete;02085 Viveros;De 80 a 84 años;Total;1 de enero de 2011;29
02 Albacete;02085 Viveros;De 80 a 84 años;Total;1 de enero de 2010;29
02 Albacete;02085 Viveros;De 85 a 89 años;Total;1 de enero de 2022;19
02 Albacete;02085 Viveros;De 85 a 89 años;Total;1 de enero de 2021;21
02 Albacete;02085 Viveros;De 85 a 89 años;Total;1 de enero de 2020;23
02 Albacete;02085 Viveros;De 85 a 89 años;Total;1 de enero de 2019;21
02 Albacete;02085 Viveros;De 85 a 89 años;Total;1 de enero de 2018;23
02 Albacete;02085 Viveros;De 85 a 89 años;Total;1 de enero de 2017;23
02 Albacete;02085 Viveros;De 85 a 89 años;Total;1 de enero de 2016;22
02 Albacete;02085 Viveros;De 85 a 89 años;Total;1 de enero de 2015;19
02 Albacete;02085 Viveros;De 85 a 89 años;Total;1 de enero de 2014;14
02 Albacete;02085 Viveros;De 85 a 89 años;Total;1 de enero de 2013;15
02 Albacete;02085 Viveros;De 85 a 89 años;Total;1 de enero de 2012;14
02 Albacete;02085 Viveros;De 85 a 89 años;Total;1 de enero de 2011;14
02 Albacete;02085 Viveros;De 85 a 89 años;Total;1 de enero de 2010;17
02 Albacete;02085 Viveros;De 90 a 94 años;Total;1 de enero de 2022;11
02 Albacete;02085 Viveros;De 90 a 94 años;Total;1 de enero de 2021;10
02 Albacete;02085 Viveros;De 90 a 94 años;Total;1 de enero de 2020;8
02 Albacete;02085 Viveros;De 90 a 94 años;Total;1 de enero de 2019;9
02 Albacete;02085 Viveros;De 90 a 94 años;Total;1 de enero de 2018;5
02 Albacete;02085 Viveros;De 90 a 94 años;Total;1 de enero de 2017;4
02 Albacete;02085 Viveros;De 90 a 94 años;Total;1 de enero de 2016;5
02 Albacete;02085 Viveros;De 90 a 94 años;Total;1 de enero de 2015;7
02 Albacete;02085 Viveros;De 90 a 94 años;Total;1 de enero de 2014;6
02 Albacete;02085 Viveros;De 90 a 94 años;Total;1 de enero de 2013;4
02 Albacete;02085 Viveros;De 90 a 94 años;Total;1 de enero de 2012;5
02 Albacete;02085 Viveros;De 90 a 94 años;Total;1 de enero de 2011;3
02 Albacete;02085 Viveros;De 90 a 94 años;Total;1 de enero de 2010;4
02 Albacete;02085 Viveros;De 95 a 99 años;Total;1 de enero de 2022;3
02 Albacete;02085 Viveros;De 95 a 99 años;Total;1 de enero de 2021;0
02 Albacete;02085 Viveros;De 95 a 99 años;Total;1 de enero de 2020;0
02 Albacete;02085 Viveros;De 95 a 99 años;Total;1 de enero de 2019;0
02 Albacete;02085 Viveros;De 95 a 99 años;Total;1 de enero de 2018;0
02 Albacete;02085 Viveros;De 95 a 99 años;Total;1 de enero de 2017;0
02 Albacete;02085 Viveros;De 95 a 99 años;Total;1 de enero de 2016;1
02 Albacete;02085 Viveros;De 95 a 99 años;Total;1 de enero de 2015;1
02 Albacete;02085 Viveros;De 95 a 99 años;Total;1 de enero de 2014;1
02 Albacete;02085 Viveros;De 95 a 99 años;Total;1 de enero de 2013;0
02 Albacete;02085 Viveros;De 95 a 99 años;Total;1 de enero de 2012;0
02 Albacete;02085 Viveros;De 95 a 99 años;Total;1 de enero de 2011;0
02 Albacete;02085 Viveros;De 95 a 99 años;Total;1 de enero de 2010;0
02 Albacete;02085 Viveros;100 y más años;Total;1 de enero de 2022;0
02 Albacete;02085 Viveros;100 y más años;Total;1 de enero de 2021;0
02 Albacete;02085 Viveros;100 y más años;Total;1 de enero de 2020;0
02 Albacete;02085 Viveros;100 y más años;Total;1 de enero de 2019;0
02 Albacete;02085 Viveros;100 y más años;Total;1 de enero de 2018;0
02 Albacete;02085 Viveros;100 y más años;Total;1 de enero de 2017;0
02 Albacete;02085 Viveros;100 y más años;Total;1 de enero de 2016;0
02 Albacete;02085 Viveros;100 y más años;Total;1 de enero de 2015;0
02 Albacete;02085 Viveros;100 y más años;Total;1 de enero de 2014;0
02 Albacete;02085 Viveros;100 y más años;Total;1 de enero de 2013;0
02 Albacete;02085 Viveros;100 y más años;Total;1 de enero de 2012;0
02 Albacete;02085 Viveros;100 y más años;Total;1 de enero de 2011;0
02 Albacete;02085 Viveros;100 y más años;Total;1 de enero de 2010;0
02 Albacete;02086 Yeste;De 0 a 4 años;Total;1 de enero de 2022;50
02 Albacete;02086 Yeste;De 0 a 4 años;Total;1 de enero de 2021;45
02 Albacete;02086 Yeste;De 0 a 4 años;Total;1 de enero de 2020;53
02 Albacete;02086 Yeste;De 0 a 4 años;Total;1 de enero de 2019;55
02 Albacete;02086 Yeste;De 0 a 4 años;Total;1 de enero de 2018;51
02 Albacete;02086 Yeste;De 0 a 4 años;Total;1 de enero de 2017;50
02 Albacete;02086 Yeste;De 0 a 4 años;Total;1 de enero de 2016;54
02 Albacete;02086 Yeste;De 0 a 4 años;Total;1 de enero de 2015;48
02 Albacete;02086 Yeste;De 0 a 4 años;Total;1 de enero de 2014;47
02 Albacete;02086 Yeste;De 0 a 4 años;Total;1 de enero de 2013;58
02 Albacete;02086 Yeste;De 0 a 4 años;Total;1 de enero de 2012;62
02 Albacete;02086 Yeste;De 0 a 4 años;Total;1 de enero de 2011;73
02 Albacete;02086 Yeste;De 0 a 4 años;Total;1 de enero de 2010;69
02 Albacete;02086 Yeste;De 5 a 9 años;Total;1 de enero de 2022;46
02 Albacete;02086 Yeste;De 5 a 9 años;Total;1 de enero de 2021;57
02 Albacete;02086 Yeste;De 5 a 9 años;Total;1 de enero de 2020;55
02 Albacete;02086 Yeste;De 5 a 9 años;Total;1 de enero de 2019;58
02 Albacete;02086 Yeste;De 5 a 9 años;Total;1 de enero de 2018;62
02 Albacete;02086 Yeste;De 5 a 9 años;Total;1 de enero de 2017;67
02 Albacete;02086 Yeste;De 5 a 9 años;Total;1 de enero de 2016;65
02 Albacete;02086 Yeste;De 5 a 9 años;Total;1 de enero de 2015;69
02 Albacete;02086 Yeste;De 5 a 9 años;Total;1 de enero de 2014;79
02 Albacete;02086 Yeste;De 5 a 9 años;Total;1 de enero de 2013;76
02 Albacete;02086 Yeste;De 5 a 9 años;Total;1 de enero de 2012;87
02 Albacete;02086 Yeste;De 5 a 9 años;Total;1 de enero de 2011;89
02 Albacete;02086 Yeste;De 5 a 9 años;Total;1 de enero de 2010;101
02 Albacete;02086 Yeste;De 10 a 14 años;Total;1 de enero de 2022;77
02 Albacete;02086 Yeste;De 10 a 14 años;Total;1 de enero de 2021;78
02 Albacete;02086 Yeste;De 10 a 14 años;Total;1 de enero de 2020;78
02 Albacete;02086 Yeste;De 10 a 14 años;Total;1 de enero de 2019;82
02 Albacete;02086 Yeste;De 10 a 14 años;Total;1 de enero de 2018;77
02 Albacete;02086 Yeste;De 10 a 14 años;Total;1 de enero de 2017;84
02 Albacete;02086 Yeste;De 10 a 14 años;Total;1 de enero de 2016;92
02 Albacete;02086 Yeste;De 10 a 14 años;Total;1 de enero de 2015;101
02 Albacete;02086 Yeste;De 10 a 14 años;Total;1 de enero de 2014;101
02 Albacete;02086 Yeste;De 10 a 14 años;Total;1 de enero de 2013;109
02 Albacete;02086 Yeste;De 10 a 14 años;Total;1 de enero de 2012;109
02 Albacete;02086 Yeste;De 10 a 14 años;Total;1 de enero de 2011;100
02 Albacete;02086 Yeste;De 10 a 14 años;Total;1 de enero de 2010;109
02 Albacete;02086 Yeste;De 65 a 69 años;Total;1 de enero de 2022;147
02 Albacete;02086 Yeste;De 65 a 69 años;Total;1 de enero de 2021;168
02 Albacete;02086 Yeste;De 65 a 69 años;Total;1 de enero de 2020;175
02 Albacete;02086 Yeste;De 65 a 69 años;Total;1 de enero de 2019;174
02 Albacete;02086 Yeste;De 65 a 69 años;Total;1 de enero de 2018;184
02 Albacete;02086 Yeste;De 65 a 69 años;Total;1 de enero de 2017;188
02 Albacete;02086 Yeste;De 65 a 69 años;Total;1 de enero de 2016;183
02 Albacete;02086 Yeste;De 65 a 69 años;Total;1 de enero de 2015;191
02 Albacete;02086 Yeste;De 65 a 69 años;Total;1 de enero de 2014;202
02 Albacete;02086 Yeste;De 65 a 69 años;Total;1 de enero de 2013;204
02 Albacete;02086 Yeste;De 65 a 69 años;Total;1 de enero de 2012;207
02 Albacete;02086 Yeste;De 65 a 69 años;Total;1 de enero de 2011;217
02 Albacete;02086 Yeste;De 65 a 69 años;Total;1 de enero de 2010;233
02 Albacete;02086 Yeste;De 70 a 74 años;Total;1 de enero de 2022;174
02 Albacete;02086 Yeste;De 70 a 74 años;Total;1 de enero de 2021;167
02 Albacete;02086 Yeste;De 70 a 74 años;Total;1 de enero de 2020;176
02 Albacete;02086 Yeste;De 70 a 74 años;Total;1 de enero de 2019;187
02 Albacete;02086 Yeste;De 70 a 74 años;Total;1 de enero de 2018;177
02 Albacete;02086 Yeste;De 70 a 74 años;Total;1 de enero de 2017;188
02 Albacete;02086 Yeste;De 70 a 74 años;Total;1 de enero de 2016;198
02 Albacete;02086 Yeste;De 70 a 74 años;Total;1 de enero de 2015;213
02 Albacete;02086 Yeste;De 70 a 74 años;Total;1 de enero de 2014;216
02 Albacete;02086 Yeste;De 70 a 74 años;Total;1 de enero de 2013;218
02 Albacete;02086 Yeste;De 70 a 74 años;Total;1 de enero de 2012;239
02 Albacete;02086 Yeste;De 70 a 74 años;Total;1 de enero de 2011;248
02 Albacete;02086 Yeste;De 70 a 74 años;Total;1 de enero de 2010;242
02 Albacete;02086 Yeste;De 75 a 79 años;Total;1 de enero de 2022;167
02 Albacete;02086 Yeste;De 75 a 79 años;Total;1 de enero de 2021;166
02 Albacete;02086 Yeste;De 75 a 79 años;Total;1 de enero de 2020;179
02 Albacete;02086 Yeste;De 75 a 79 años;Total;1 de enero de 2019;189
02 Albacete;02086 Yeste;De 75 a 79 años;Total;1 de enero de 2018;194
02 Albacete;02086 Yeste;De 75 a 79 años;Total;1 de enero de 2017;207
02 Albacete;02086 Yeste;De 75 a 79 años;Total;1 de enero de 2016;206
02 Albacete;02086 Yeste;De 75 a 79 años;Total;1 de enero de 2015;201
02 Albacete;02086 Yeste;De 75 a 79 años;Total;1 de enero de 2014;238
02 Albacete;02086 Yeste;De 75 a 79 años;Total;1 de enero de 2013;264
02 Albacete;02086 Yeste;De 75 a 79 años;Total;1 de enero de 2012;285
02 Albacete;02086 Yeste;De 75 a 79 años;Total;1 de enero de 2011;302
02 Albacete;02086 Yeste;De 75 a 79 años;Total;1 de enero de 2010;327
02 Albacete;02086 Yeste;De 80 a 84 años;Total;1 de enero de 2022;165
02 Albacete;02086 Yeste;De 80 a 84 años;Total;1 de enero de 2021;168
02 Albacete;02086 Yeste;De 80 a 84 años;Total;1 de enero de 2020;166
02 Albacete;02086 Yeste;De 80 a 84 años;Total;1 de enero de 2019;185
02 Albacete;02086 Yeste;De 80 a 84 años;Total;1 de enero de 2018;208
02 Albacete;02086 Yeste;De 80 a 84 años;Total;1 de enero de 2017;215
02 Albacete;02086 Yeste;De 80 a 84 años;Total;1 de enero de 2016;242
02 Albacete;02086 Yeste;De 80 a 84 años;Total;1 de enero de 2015;258
02 Albacete;02086 Yeste;De 80 a 84 años;Total;1 de enero de 2014;259
02 Albacete;02086 Yeste;De 80 a 84 años;Total;1 de enero de 2013;241
02 Albacete;02086 Yeste;De 80 a 84 años;Total;1 de enero de 2012;235
02 Albacete;02086 Yeste;De 80 a 84 años;Total;1 de enero de 2011;235
02 Albacete;02086 Yeste;De 80 a 84 años;Total;1 de enero de 2010;224
02 Albacete;02086 Yeste;De 85 a 89 años;Total;1 de enero de 2022;139
02 Albacete;02086 Yeste;De 85 a 89 años;Total;1 de enero de 2021;160
02 Albacete;02086 Yeste;De 85 a 89 años;Total;1 de enero de 2020;174
02 Albacete;02086 Yeste;De 85 a 89 años;Total;1 de enero de 2019;175
02 Albacete;02086 Yeste;De 85 a 89 años;Total;1 de enero de 2018;167
02 Albacete;02086 Yeste;De 85 a 89 años;Total;1 de enero de 2017;167
02 Albacete;02086 Yeste;De 85 a 89 años;Total;1 de enero de 2016;156
02 Albacete;02086 Yeste;De 85 a 89 años;Total;1 de enero de 2015;145
02 Albacete;02086 Yeste;De 85 a 89 años;Total;1 de enero de 2014;132
02 Albacete;02086 Yeste;De 85 a 89 años;Total;1 de enero de 2013;127
02 Albacete;02086 Yeste;De 85 a 89 años;Total;1 de enero de 2012;119
02 Albacete;02086 Yeste;De 85 a 89 años;Total;1 de enero de 2011;124
02 Albacete;02086 Yeste;De 85 a 89 años;Total;1 de enero de 2010;116
02 Albacete;02086 Yeste;De 90 a 94 años;Total;1 de enero de 2022;89
02 Albacete;02086 Yeste;De 90 a 94 años;Total;1 de enero de 2021;85
02 Albacete;02086 Yeste;De 90 a 94 años;Total;1 de enero de 2020;79
02 Albacete;02086 Yeste;De 90 a 94 años;Total;1 de enero de 2019;65
02 Albacete;02086 Yeste;De 90 a 94 años;Total;1 de enero de 2018;63
02 Albacete;02086 Yeste;De 90 a 94 años;Total;1 de enero de 2017;58
02 Albacete;02086 Yeste;De 90 a 94 años;Total;1 de enero de 2016;51
02 Albacete;02086 Yeste;De 90 a 94 años;Total;1 de enero de 2015;49
02 Albacete;02086 Yeste;De 90 a 94 años;Total;1 de enero de 2014;53
02 Albacete;02086 Yeste;De 90 a 94 años;Total;1 de enero de 2013;49
02 Albacete;02086 Yeste;De 90 a 94 años;Total;1 de enero de 2012;42
02 Albacete;02086 Yeste;De 90 a 94 años;Total;1 de enero de 2011;43
02 Albacete;02086 Yeste;De 90 a 94 años;Total;1 de enero de 2010;44
02 Albacete;02086 Yeste;De 95 a 99 años;Total;1 de enero de 2022;24
02 Albacete;02086 Yeste;De 95 a 99 años;Total;1 de enero de 2021;18
02 Albacete;02086 Yeste;De 95 a 99 años;Total;1 de enero de 2020;15
02 Albacete;02086 Yeste;De 95 a 99 años;Total;1 de enero de 2019;19
02 Albacete;02086 Yeste;De 95 a 99 años;Total;1 de enero de 2018;14
02 Albacete;02086 Yeste;De 95 a 99 años;Total;1 de enero de 2017;11
02 Albacete;02086 Yeste;De 95 a 99 años;Total;1 de enero de 2016;12
02 Albacete;02086 Yeste;De 95 a 99 años;Total;1 de enero de 2015;15
02 Albacete;02086 Yeste;De 95 a 99 años;Total;1 de enero de 2014;14
02 Albacete;02086 Yeste;De 95 a 99 años;Total;1 de enero de 2013;16
02 Albacete;02086 Yeste;De 95 a 99 años;Total;1 de enero de 2012;20
02 Albacete;02086 Yeste;De 95 a 99 años;Total;1 de enero de 2011;20
02 Albacete;02086 Yeste;De 95 a 99 años;Total;1 de enero de 2010;15
02 Albacete;02086 Yeste;100 y más años;Total;1 de enero de 2022;4
02 Albacete;02086 Yeste;100 y más años;Total;1 de enero de 2021;6
02 Albacete;02086 Yeste;100 y más años;Total;1 de enero de 2020;3
02 Albacete;02086 Yeste;100 y más años;Total;1 de enero de 2019;3
02 Albacete;02086 Yeste;100 y más años;Total;1 de enero de 2018;5
02 Albacete;02086 Yeste;100 y más años;Total;1 de enero de 2017;4
02 Albacete;02086 Yeste;100 y más años;Total;1 de enero de 2016;6
02 Albacete;02086 Yeste;100 y más años;Total;1 de enero de 2015;5
02 Albacete;02086 Yeste;100 y más años;Total;1 de enero de 2014;4
02 Albacete;02086 Yeste;100 y más años;Total;1 de enero de 2013;5
02 Albacete;02086 Yeste;100 y más años;Total;1 de enero de 2012;5
02 Albacete;02086 Yeste;100 y más años;Total;1 de enero de 2011;3
02 Albacete;02086 Yeste;100 y más años;Total;1 de enero de 2010;3
