Sexo;Provincias;Municipios;Edad (grupos quinquenales);Periodo;Total
Total;16 Cuenca;16001 Abia de la Obispalía;Todas las edades;1 de enero de 2020;61
Total;16 Cuenca;16001 Abia de la Obispalía;De 0 a 4 años;1 de enero de 2020;0
Total;16 Cuenca;16001 Abia de la Obispalía;De 5 a 9 años;1 de enero de 2020;1
Total;16 Cuenca;16001 Abia de la Obispalía;De 10 a 14 años;1 de enero de 2020;1
Total;16 Cuenca;16001 Abia de la Obispalía;De 65 a 69 años;1 de enero de 2020;6
Total;16 Cuenca;16001 Abia de la Obispalía;De 70 a 74 años;1 de enero de 2020;5
Total;16 Cuenca;16001 Abia de la Obispalía;De 75 a 79 años;1 de enero de 2020;2
Total;16 Cuenca;16001 Abia de la Obispalía;De 80 a 84 años;1 de enero de 2020;3
Total;16 Cuenca;16001 Abia de la Obispalía;De 85 a 89 años;1 de enero de 2020;5
Total;16 Cuenca;16001 Abia de la Obispalía;De 90 a 94 años;1 de enero de 2020;5
Total;16 Cuenca;16001 Abia de la Obispalía;De 95 a 99 años;1 de enero de 2020;0
Total;16 Cuenca;16001 Abia de la Obispalía;100 y más años;1 de enero de 2020;0
Total;16 Cuenca;16002 Acebrón, El;Todas las edades;1 de enero de 2020;231
Total;16 Cuenca;16002 Acebrón, El;De 0 a 4 años;1 de enero de 2020;5
Total;16 Cuenca;16002 Acebrón, El;De 5 a 9 años;1 de enero de 2020;4
Total;16 Cuenca;16002 Acebrón, El;De 10 a 14 años;1 de enero de 2020;9
Total;16 Cuenca;16002 Acebrón, El;De 65 a 69 años;1 de enero de 2020;14
Total;16 Cuenca;16002 Acebrón, El;De 70 a 74 años;1 de enero de 2020;10
Total;16 Cuenca;16002 Acebrón, El;De 75 a 79 años;1 de enero de 2020;15
Total;16 Cuenca;16002 Acebrón, El;De 80 a 84 años;1 de enero de 2020;18
Total;16 Cuenca;16002 Acebrón, El;De 85 a 89 años;1 de enero de 2020;15
Total;16 Cuenca;16002 Acebrón, El;De 90 a 94 años;1 de enero de 2020;5
Total;16 Cuenca;16002 Acebrón, El;De 95 a 99 años;1 de enero de 2020;0
Total;16 Cuenca;16002 Acebrón, El;100 y más años;1 de enero de 2020;0
Total;16 Cuenca;16003 Alarcón;Todas las edades;1 de enero de 2020;156
Total;16 Cuenca;16003 Alarcón;De 0 a 4 años;1 de enero de 2020;2
Total;16 Cuenca;16003 Alarcón;De 5 a 9 años;1 de enero de 2020;3
Total;16 Cuenca;16003 Alarcón;De 10 a 14 años;1 de enero de 2020;8
Total;16 Cuenca;16003 Alarcón;De 65 a 69 años;1 de enero de 2020;13
Total;16 Cuenca;16003 Alarcón;De 70 a 74 años;1 de enero de 2020;8
Total;16 Cuenca;16003 Alarcón;De 75 a 79 años;1 de enero de 2020;8
Total;16 Cuenca;16003 Alarcón;De 80 a 84 años;1 de enero de 2020;6
Total;16 Cuenca;16003 Alarcón;De 85 a 89 años;1 de enero de 2020;7
Total;16 Cuenca;16003 Alarcón;De 90 a 94 años;1 de enero de 2020;4
Total;16 Cuenca;16003 Alarcón;De 95 a 99 años;1 de enero de 2020;0
Total;16 Cuenca;16003 Alarcón;100 y más años;1 de enero de 2020;0
Total;16 Cuenca;16004 Albaladejo del Cuende;Todas las edades;1 de enero de 2020;245
Total;16 Cuenca;16004 Albaladejo del Cuende;De 0 a 4 años;1 de enero de 2020;5
Total;16 Cuenca;16004 Albaladejo del Cuende;De 5 a 9 años;1 de enero de 2020;5
Total;16 Cuenca;16004 Albaladejo del Cuende;De 10 a 14 años;1 de enero de 2020;5
Total;16 Cuenca;16004 Albaladejo del Cuende;De 65 a 69 años;1 de enero de 2020;19
Total;16 Cuenca;16004 Albaladejo del Cuende;De 70 a 74 años;1 de enero de 2020;25
Total;16 Cuenca;16004 Albaladejo del Cuende;De 75 a 79 años;1 de enero de 2020;35
Total;16 Cuenca;16004 Albaladejo del Cuende;De 80 a 84 años;1 de enero de 2020;18
Total;16 Cuenca;16004 Albaladejo del Cuende;De 85 a 89 años;1 de enero de 2020;15
Total;16 Cuenca;16004 Albaladejo del Cuende;De 90 a 94 años;1 de enero de 2020;12
Total;16 Cuenca;16004 Albaladejo del Cuende;De 95 a 99 años;1 de enero de 2020;3
Total;16 Cuenca;16004 Albaladejo del Cuende;100 y más años;1 de enero de 2020;0
Total;16 Cuenca;16005 Albalate de las Nogueras;Todas las edades;1 de enero de 2020;257
Total;16 Cuenca;16005 Albalate de las Nogueras;De 0 a 4 años;1 de enero de 2020;2
Total;16 Cuenca;16005 Albalate de las Nogueras;De 5 a 9 años;1 de enero de 2020;7
Total;16 Cuenca;16005 Albalate de las Nogueras;De 10 a 14 años;1 de enero de 2020;2
Total;16 Cuenca;16005 Albalate de las Nogueras;De 65 a 69 años;1 de enero de 2020;11
Total;16 Cuenca;16005 Albalate de las Nogueras;De 70 a 74 años;1 de enero de 2020;14
Total;16 Cuenca;16005 Albalate de las Nogueras;De 75 a 79 años;1 de enero de 2020;17
Total;16 Cuenca;16005 Albalate de las Nogueras;De 80 a 84 años;1 de enero de 2020;21
Total;16 Cuenca;16005 Albalate de las Nogueras;De 85 a 89 años;1 de enero de 2020;23
Total;16 Cuenca;16005 Albalate de las Nogueras;De 90 a 94 años;1 de enero de 2020;7
Total;16 Cuenca;16005 Albalate de las Nogueras;De 95 a 99 años;1 de enero de 2020;1
Total;16 Cuenca;16005 Albalate de las Nogueras;100 y más años;1 de enero de 2020;0
Total;16 Cuenca;16006 Albendea;Todas las edades;1 de enero de 2020;125
Total;16 Cuenca;16006 Albendea;De 0 a 4 años;1 de enero de 2020;4
Total;16 Cuenca;16006 Albendea;De 5 a 9 años;1 de enero de 2020;3
Total;16 Cuenca;16006 Albendea;De 10 a 14 años;1 de enero de 2020;1
Total;16 Cuenca;16006 Albendea;De 65 a 69 años;1 de enero de 2020;9
Total;16 Cuenca;16006 Albendea;De 70 a 74 años;1 de enero de 2020;11
Total;16 Cuenca;16006 Albendea;De 75 a 79 años;1 de enero de 2020;13
Total;16 Cuenca;16006 Albendea;De 80 a 84 años;1 de enero de 2020;9
Total;16 Cuenca;16006 Albendea;De 85 a 89 años;1 de enero de 2020;4
Total;16 Cuenca;16006 Albendea;De 90 a 94 años;1 de enero de 2020;1
Total;16 Cuenca;16006 Albendea;De 95 a 99 años;1 de enero de 2020;1
Total;16 Cuenca;16006 Albendea;100 y más años;1 de enero de 2020;1
Total;16 Cuenca;16007 Alberca de Záncara, La;Todas las edades;1 de enero de 2020;1.608
Total;16 Cuenca;16007 Alberca de Záncara, La;De 0 a 4 años;1 de enero de 2020;66
Total;16 Cuenca;16007 Alberca de Záncara, La;De 5 a 9 años;1 de enero de 2020;59
Total;16 Cuenca;16007 Alberca de Záncara, La;De 10 a 14 años;1 de enero de 2020;66
Total;16 Cuenca;16007 Alberca de Záncara, La;De 65 a 69 años;1 de enero de 2020;81
Total;16 Cuenca;16007 Alberca de Záncara, La;De 70 a 74 años;1 de enero de 2020;77
Total;16 Cuenca;16007 Alberca de Záncara, La;De 75 a 79 años;1 de enero de 2020;81
Total;16 Cuenca;16007 Alberca de Záncara, La;De 80 a 84 años;1 de enero de 2020;68
Total;16 Cuenca;16007 Alberca de Záncara, La;De 85 a 89 años;1 de enero de 2020;50
Total;16 Cuenca;16007 Alberca de Záncara, La;De 90 a 94 años;1 de enero de 2020;12
Total;16 Cuenca;16007 Alberca de Záncara, La;De 95 a 99 años;1 de enero de 2020;8
Total;16 Cuenca;16007 Alberca de Záncara, La;100 y más años;1 de enero de 2020;0
Total;16 Cuenca;16008 Alcalá de la Vega;Todas las edades;1 de enero de 2020;90
Total;16 Cuenca;16008 Alcalá de la Vega;De 0 a 4 años;1 de enero de 2020;1
Total;16 Cuenca;16008 Alcalá de la Vega;De 5 a 9 años;1 de enero de 2020;1
Total;16 Cuenca;16008 Alcalá de la Vega;De 10 a 14 años;1 de enero de 2020;0
Total;16 Cuenca;16008 Alcalá de la Vega;De 65 a 69 años;1 de enero de 2020;12
Total;16 Cuenca;16008 Alcalá de la Vega;De 70 a 74 años;1 de enero de 2020;5
Total;16 Cuenca;16008 Alcalá de la Vega;De 75 a 79 años;1 de enero de 2020;6
Total;16 Cuenca;16008 Alcalá de la Vega;De 80 a 84 años;1 de enero de 2020;7
Total;16 Cuenca;16008 Alcalá de la Vega;De 85 a 89 años;1 de enero de 2020;9
Total;16 Cuenca;16008 Alcalá de la Vega;De 90 a 94 años;1 de enero de 2020;6
Total;16 Cuenca;16008 Alcalá de la Vega;De 95 a 99 años;1 de enero de 2020;0
Total;16 Cuenca;16008 Alcalá de la Vega;100 y más años;1 de enero de 2020;0
Total;16 Cuenca;16009 Alcantud;Todas las edades;1 de enero de 2020;48
Total;16 Cuenca;16009 Alcantud;De 0 a 4 años;1 de enero de 2020;0
Total;16 Cuenca;16009 Alcantud;De 5 a 9 años;1 de enero de 2020;0
Total;16 Cuenca;16009 Alcantud;De 10 a 14 años;1 de enero de 2020;0
Total;16 Cuenca;16009 Alcantud;De 65 a 69 años;1 de enero de 2020;4
Total;16 Cuenca;16009 Alcantud;De 70 a 74 años;1 de enero de 2020;4
Total;16 Cuenca;16009 Alcantud;De 75 a 79 años;1 de enero de 2020;3
Total;16 Cuenca;16009 Alcantud;De 80 a 84 años;1 de enero de 2020;5
Total;16 Cuenca;16009 Alcantud;De 85 a 89 años;1 de enero de 2020;4
Total;16 Cuenca;16009 Alcantud;De 90 a 94 años;1 de enero de 2020;3
Total;16 Cuenca;16009 Alcantud;De 95 a 99 años;1 de enero de 2020;0
Total;16 Cuenca;16009 Alcantud;100 y más años;1 de enero de 2020;0
Total;16 Cuenca;16010 Alcázar del Rey;Todas las edades;1 de enero de 2020;142
Total;16 Cuenca;16010 Alcázar del Rey;De 0 a 4 años;1 de enero de 2020;4
Total;16 Cuenca;16010 Alcázar del Rey;De 5 a 9 años;1 de enero de 2020;6
Total;16 Cuenca;16010 Alcázar del Rey;De 10 a 14 años;1 de enero de 2020;1
Total;16 Cuenca;16010 Alcázar del Rey;De 65 a 69 años;1 de enero de 2020;11
Total;16 Cuenca;16010 Alcázar del Rey;De 70 a 74 años;1 de enero de 2020;8
Total;16 Cuenca;16010 Alcázar del Rey;De 75 a 79 años;1 de enero de 2020;8
Total;16 Cuenca;16010 Alcázar del Rey;De 80 a 84 años;1 de enero de 2020;9
Total;16 Cuenca;16010 Alcázar del Rey;De 85 a 89 años;1 de enero de 2020;11
Total;16 Cuenca;16010 Alcázar del Rey;De 90 a 94 años;1 de enero de 2020;4
Total;16 Cuenca;16010 Alcázar del Rey;De 95 a 99 años;1 de enero de 2020;1
Total;16 Cuenca;16010 Alcázar del Rey;100 y más años;1 de enero de 2020;0
Total;16 Cuenca;16011 Alcohujate;Todas las edades;1 de enero de 2020;26
Total;16 Cuenca;16011 Alcohujate;De 0 a 4 años;1 de enero de 2020;0
Total;16 Cuenca;16011 Alcohujate;De 5 a 9 años;1 de enero de 2020;0
Total;16 Cuenca;16011 Alcohujate;De 10 a 14 años;1 de enero de 2020;1
Total;16 Cuenca;16011 Alcohujate;De 65 a 69 años;1 de enero de 2020;2
Total;16 Cuenca;16011 Alcohujate;De 70 a 74 años;1 de enero de 2020;2
Total;16 Cuenca;16011 Alcohujate;De 75 a 79 años;1 de enero de 2020;3
Total;16 Cuenca;16011 Alcohujate;De 80 a 84 años;1 de enero de 2020;1
Total;16 Cuenca;16011 Alcohujate;De 85 a 89 años;1 de enero de 2020;1
Total;16 Cuenca;16011 Alcohujate;De 90 a 94 años;1 de enero de 2020;0
Total;16 Cuenca;16011 Alcohujate;De 95 a 99 años;1 de enero de 2020;0
Total;16 Cuenca;16011 Alcohujate;100 y más años;1 de enero de 2020;0
Total;16 Cuenca;16012 Alconchel de la Estrella;Todas las edades;1 de enero de 2020;85
Total;16 Cuenca;16012 Alconchel de la Estrella;De 0 a 4 años;1 de enero de 2020;0
Total;16 Cuenca;16012 Alconchel de la Estrella;De 5 a 9 años;1 de enero de 2020;2
Total;16 Cuenca;16012 Alconchel de la Estrella;De 10 a 14 años;1 de enero de 2020;0
Total;16 Cuenca;16012 Alconchel de la Estrella;De 65 a 69 años;1 de enero de 2020;9
Total;16 Cuenca;16012 Alconchel de la Estrella;De 70 a 74 años;1 de enero de 2020;3
Total;16 Cuenca;16012 Alconchel de la Estrella;De 75 a 79 años;1 de enero de 2020;2
Total;16 Cuenca;16012 Alconchel de la Estrella;De 80 a 84 años;1 de enero de 2020;3
Total;16 Cuenca;16012 Alconchel de la Estrella;De 85 a 89 años;1 de enero de 2020;5
Total;16 Cuenca;16012 Alconchel de la Estrella;De 90 a 94 años;1 de enero de 2020;4
Total;16 Cuenca;16012 Alconchel de la Estrella;De 95 a 99 años;1 de enero de 2020;1
Total;16 Cuenca;16012 Alconchel de la Estrella;100 y más años;1 de enero de 2020;0
Total;16 Cuenca;16013 Algarra;Todas las edades;1 de enero de 2020;24
Total;16 Cuenca;16013 Algarra;De 0 a 4 años;1 de enero de 2020;0
Total;16 Cuenca;16013 Algarra;De 5 a 9 años;1 de enero de 2020;0
Total;16 Cuenca;16013 Algarra;De 10 a 14 años;1 de enero de 2020;0
Total;16 Cuenca;16013 Algarra;De 65 a 69 años;1 de enero de 2020;4
Total;16 Cuenca;16013 Algarra;De 70 a 74 años;1 de enero de 2020;3
Total;16 Cuenca;16013 Algarra;De 75 a 79 años;1 de enero de 2020;1
Total;16 Cuenca;16013 Algarra;De 80 a 84 años;1 de enero de 2020;1
Total;16 Cuenca;16013 Algarra;De 85 a 89 años;1 de enero de 2020;1
Total;16 Cuenca;16013 Algarra;De 90 a 94 años;1 de enero de 2020;0
Total;16 Cuenca;16013 Algarra;De 95 a 99 años;1 de enero de 2020;0
Total;16 Cuenca;16013 Algarra;100 y más años;1 de enero de 2020;0
Total;16 Cuenca;16014 Aliaguilla;Todas las edades;1 de enero de 2020;632
Total;16 Cuenca;16014 Aliaguilla;De 0 a 4 años;1 de enero de 2020;15
Total;16 Cuenca;16014 Aliaguilla;De 5 a 9 años;1 de enero de 2020;18
Total;16 Cuenca;16014 Aliaguilla;De 10 a 14 años;1 de enero de 2020;23
Total;16 Cuenca;16014 Aliaguilla;De 65 a 69 años;1 de enero de 2020;48
Total;16 Cuenca;16014 Aliaguilla;De 70 a 74 años;1 de enero de 2020;44
Total;16 Cuenca;16014 Aliaguilla;De 75 a 79 años;1 de enero de 2020;36
Total;16 Cuenca;16014 Aliaguilla;De 80 a 84 años;1 de enero de 2020;36
Total;16 Cuenca;16014 Aliaguilla;De 85 a 89 años;1 de enero de 2020;31
Total;16 Cuenca;16014 Aliaguilla;De 90 a 94 años;1 de enero de 2020;15
Total;16 Cuenca;16014 Aliaguilla;De 95 a 99 años;1 de enero de 2020;2
Total;16 Cuenca;16014 Aliaguilla;100 y más años;1 de enero de 2020;0
Total;16 Cuenca;16015 Almarcha, La;Todas las edades;1 de enero de 2020;378
Total;16 Cuenca;16015 Almarcha, La;De 0 a 4 años;1 de enero de 2020;6
Total;16 Cuenca;16015 Almarcha, La;De 5 a 9 años;1 de enero de 2020;5
Total;16 Cuenca;16015 Almarcha, La;De 10 a 14 años;1 de enero de 2020;8
Total;16 Cuenca;16015 Almarcha, La;De 65 a 69 años;1 de enero de 2020;24
Total;16 Cuenca;16015 Almarcha, La;De 70 a 74 años;1 de enero de 2020;22
Total;16 Cuenca;16015 Almarcha, La;De 75 a 79 años;1 de enero de 2020;21
Total;16 Cuenca;16015 Almarcha, La;De 80 a 84 años;1 de enero de 2020;22
Total;16 Cuenca;16015 Almarcha, La;De 85 a 89 años;1 de enero de 2020;21
Total;16 Cuenca;16015 Almarcha, La;De 90 a 94 años;1 de enero de 2020;8
Total;16 Cuenca;16015 Almarcha, La;De 95 a 99 años;1 de enero de 2020;2
Total;16 Cuenca;16015 Almarcha, La;100 y más años;1 de enero de 2020;0
Total;16 Cuenca;16016 Almendros;Todas las edades;1 de enero de 2020;239
Total;16 Cuenca;16016 Almendros;De 0 a 4 años;1 de enero de 2020;5
Total;16 Cuenca;16016 Almendros;De 5 a 9 años;1 de enero de 2020;3
Total;16 Cuenca;16016 Almendros;De 10 a 14 años;1 de enero de 2020;3
Total;16 Cuenca;16016 Almendros;De 65 a 69 años;1 de enero de 2020;19
Total;16 Cuenca;16016 Almendros;De 70 a 74 años;1 de enero de 2020;21
Total;16 Cuenca;16016 Almendros;De 75 a 79 años;1 de enero de 2020;28
Total;16 Cuenca;16016 Almendros;De 80 a 84 años;1 de enero de 2020;9
Total;16 Cuenca;16016 Almendros;De 85 a 89 años;1 de enero de 2020;5
Total;16 Cuenca;16016 Almendros;De 90 a 94 años;1 de enero de 2020;7
Total;16 Cuenca;16016 Almendros;De 95 a 99 años;1 de enero de 2020;2
Total;16 Cuenca;16016 Almendros;100 y más años;1 de enero de 2020;0
Total;16 Cuenca;16017 Almodóvar del Pinar;Todas las edades;1 de enero de 2020;393
Total;16 Cuenca;16017 Almodóvar del Pinar;De 0 a 4 años;1 de enero de 2020;10
Total;16 Cuenca;16017 Almodóvar del Pinar;De 5 a 9 años;1 de enero de 2020;12
Total;16 Cuenca;16017 Almodóvar del Pinar;De 10 a 14 años;1 de enero de 2020;13
Total;16 Cuenca;16017 Almodóvar del Pinar;De 65 a 69 años;1 de enero de 2020;25
Total;16 Cuenca;16017 Almodóvar del Pinar;De 70 a 74 años;1 de enero de 2020;26
Total;16 Cuenca;16017 Almodóvar del Pinar;De 75 a 79 años;1 de enero de 2020;24
Total;16 Cuenca;16017 Almodóvar del Pinar;De 80 a 84 años;1 de enero de 2020;18
Total;16 Cuenca;16017 Almodóvar del Pinar;De 85 a 89 años;1 de enero de 2020;20
Total;16 Cuenca;16017 Almodóvar del Pinar;De 90 a 94 años;1 de enero de 2020;9
Total;16 Cuenca;16017 Almodóvar del Pinar;De 95 a 99 años;1 de enero de 2020;1
Total;16 Cuenca;16017 Almodóvar del Pinar;100 y más años;1 de enero de 2020;0
Total;16 Cuenca;16018 Almonacid del Marquesado;Todas las edades;1 de enero de 2020;432
Total;16 Cuenca;16018 Almonacid del Marquesado;De 0 a 4 años;1 de enero de 2020;9
Total;16 Cuenca;16018 Almonacid del Marquesado;De 5 a 9 años;1 de enero de 2020;17
Total;16 Cuenca;16018 Almonacid del Marquesado;De 10 a 14 años;1 de enero de 2020;5
Total;16 Cuenca;16018 Almonacid del Marquesado;De 65 a 69 años;1 de enero de 2020;21
Total;16 Cuenca;16018 Almonacid del Marquesado;De 70 a 74 años;1 de enero de 2020;20
Total;16 Cuenca;16018 Almonacid del Marquesado;De 75 a 79 años;1 de enero de 2020;34
Total;16 Cuenca;16018 Almonacid del Marquesado;De 80 a 84 años;1 de enero de 2020;33
Total;16 Cuenca;16018 Almonacid del Marquesado;De 85 a 89 años;1 de enero de 2020;19
Total;16 Cuenca;16018 Almonacid del Marquesado;De 90 a 94 años;1 de enero de 2020;13
Total;16 Cuenca;16018 Almonacid del Marquesado;De 95 a 99 años;1 de enero de 2020;0
Total;16 Cuenca;16018 Almonacid del Marquesado;100 y más años;1 de enero de 2020;0
Total;16 Cuenca;16019 Altarejos;Todas las edades;1 de enero de 2020;188
Total;16 Cuenca;16019 Altarejos;De 0 a 4 años;1 de enero de 2020;0
Total;16 Cuenca;16019 Altarejos;De 5 a 9 años;1 de enero de 2020;3
Total;16 Cuenca;16019 Altarejos;De 10 a 14 años;1 de enero de 2020;2
Total;16 Cuenca;16019 Altarejos;De 65 a 69 años;1 de enero de 2020;16
Total;16 Cuenca;16019 Altarejos;De 70 a 74 años;1 de enero de 2020;11
Total;16 Cuenca;16019 Altarejos;De 75 a 79 años;1 de enero de 2020;20
Total;16 Cuenca;16019 Altarejos;De 80 a 84 años;1 de enero de 2020;22
Total;16 Cuenca;16019 Altarejos;De 85 a 89 años;1 de enero de 2020;11
Total;16 Cuenca;16019 Altarejos;De 90 a 94 años;1 de enero de 2020;7
Total;16 Cuenca;16019 Altarejos;De 95 a 99 años;1 de enero de 2020;3
Total;16 Cuenca;16019 Altarejos;100 y más años;1 de enero de 2020;1
Total;16 Cuenca;16020 Arandilla del Arroyo;Todas las edades;1 de enero de 2020;7
Total;16 Cuenca;16020 Arandilla del Arroyo;De 0 a 4 años;1 de enero de 2020;0
Total;16 Cuenca;16020 Arandilla del Arroyo;De 5 a 9 años;1 de enero de 2020;0
Total;16 Cuenca;16020 Arandilla del Arroyo;De 10 a 14 años;1 de enero de 2020;0
Total;16 Cuenca;16020 Arandilla del Arroyo;De 65 a 69 años;1 de enero de 2020;2
Total;16 Cuenca;16020 Arandilla del Arroyo;De 70 a 74 años;1 de enero de 2020;0
Total;16 Cuenca;16020 Arandilla del Arroyo;De 75 a 79 años;1 de enero de 2020;0
Total;16 Cuenca;16020 Arandilla del Arroyo;De 80 a 84 años;1 de enero de 2020;1
Total;16 Cuenca;16020 Arandilla del Arroyo;De 85 a 89 años;1 de enero de 2020;1
Total;16 Cuenca;16020 Arandilla del Arroyo;De 90 a 94 años;1 de enero de 2020;1
Total;16 Cuenca;16020 Arandilla del Arroyo;De 95 a 99 años;1 de enero de 2020;0
Total;16 Cuenca;16020 Arandilla del Arroyo;100 y más años;1 de enero de 2020;0
Total;16 Cuenca;16905 Arcas;Todas las edades;1 de enero de 2020;1.775
Total;16 Cuenca;16905 Arcas;De 0 a 4 años;1 de enero de 2020;85
Total;16 Cuenca;16905 Arcas;De 5 a 9 años;1 de enero de 2020;109
Total;16 Cuenca;16905 Arcas;De 10 a 14 años;1 de enero de 2020;119
Total;16 Cuenca;16905 Arcas;De 65 a 69 años;1 de enero de 2020;46
Total;16 Cuenca;16905 Arcas;De 70 a 74 años;1 de enero de 2020;43
Total;16 Cuenca;16905 Arcas;De 75 a 79 años;1 de enero de 2020;26
Total;16 Cuenca;16905 Arcas;De 80 a 84 años;1 de enero de 2020;19
Total;16 Cuenca;16905 Arcas;De 85 a 89 años;1 de enero de 2020;17
Total;16 Cuenca;16905 Arcas;De 90 a 94 años;1 de enero de 2020;7
Total;16 Cuenca;16905 Arcas;De 95 a 99 años;1 de enero de 2020;4
Total;16 Cuenca;16905 Arcas;100 y más años;1 de enero de 2020;1
Total;16 Cuenca;16022 Arcos de la Sierra;Todas las edades;1 de enero de 2020;77
Total;16 Cuenca;16022 Arcos de la Sierra;De 0 a 4 años;1 de enero de 2020;0
Total;16 Cuenca;16022 Arcos de la Sierra;De 5 a 9 años;1 de enero de 2020;1
Total;16 Cuenca;16022 Arcos de la Sierra;De 10 a 14 años;1 de enero de 2020;2
Total;16 Cuenca;16022 Arcos de la Sierra;De 65 a 69 años;1 de enero de 2020;6
Total;16 Cuenca;16022 Arcos de la Sierra;De 70 a 74 años;1 de enero de 2020;8
Total;16 Cuenca;16022 Arcos de la Sierra;De 75 a 79 años;1 de enero de 2020;5
Total;16 Cuenca;16022 Arcos de la Sierra;De 80 a 84 años;1 de enero de 2020;8
Total;16 Cuenca;16022 Arcos de la Sierra;De 85 a 89 años;1 de enero de 2020;5
Total;16 Cuenca;16022 Arcos de la Sierra;De 90 a 94 años;1 de enero de 2020;4
Total;16 Cuenca;16022 Arcos de la Sierra;De 95 a 99 años;1 de enero de 2020;2
Total;16 Cuenca;16022 Arcos de la Sierra;100 y más años;1 de enero de 2020;0
Total;16 Cuenca;16024 Arguisuelas;Todas las edades;1 de enero de 2020;136
Total;16 Cuenca;16024 Arguisuelas;De 0 a 4 años;1 de enero de 2020;1
Total;16 Cuenca;16024 Arguisuelas;De 5 a 9 años;1 de enero de 2020;8
Total;16 Cuenca;16024 Arguisuelas;De 10 a 14 años;1 de enero de 2020;6
Total;16 Cuenca;16024 Arguisuelas;De 65 a 69 años;1 de enero de 2020;5
Total;16 Cuenca;16024 Arguisuelas;De 70 a 74 años;1 de enero de 2020;6
Total;16 Cuenca;16024 Arguisuelas;De 75 a 79 años;1 de enero de 2020;6
Total;16 Cuenca;16024 Arguisuelas;De 80 a 84 años;1 de enero de 2020;13
Total;16 Cuenca;16024 Arguisuelas;De 85 a 89 años;1 de enero de 2020;9
Total;16 Cuenca;16024 Arguisuelas;De 90 a 94 años;1 de enero de 2020;3
Total;16 Cuenca;16024 Arguisuelas;De 95 a 99 años;1 de enero de 2020;0
Total;16 Cuenca;16024 Arguisuelas;100 y más años;1 de enero de 2020;0
Total;16 Cuenca;16025 Arrancacepas;Todas las edades;1 de enero de 2020;25
Total;16 Cuenca;16025 Arrancacepas;De 0 a 4 años;1 de enero de 2020;0
Total;16 Cuenca;16025 Arrancacepas;De 5 a 9 años;1 de enero de 2020;0
Total;16 Cuenca;16025 Arrancacepas;De 10 a 14 años;1 de enero de 2020;0
Total;16 Cuenca;16025 Arrancacepas;De 65 a 69 años;1 de enero de 2020;1
Total;16 Cuenca;16025 Arrancacepas;De 70 a 74 años;1 de enero de 2020;3
Total;16 Cuenca;16025 Arrancacepas;De 75 a 79 años;1 de enero de 2020;3
Total;16 Cuenca;16025 Arrancacepas;De 80 a 84 años;1 de enero de 2020;2
Total;16 Cuenca;16025 Arrancacepas;De 85 a 89 años;1 de enero de 2020;1
Total;16 Cuenca;16025 Arrancacepas;De 90 a 94 años;1 de enero de 2020;3
Total;16 Cuenca;16025 Arrancacepas;De 95 a 99 años;1 de enero de 2020;0
Total;16 Cuenca;16025 Arrancacepas;100 y más años;1 de enero de 2020;0
Total;16 Cuenca;16026 Atalaya del Cañavate;Todas las edades;1 de enero de 2020;98
Total;16 Cuenca;16026 Atalaya del Cañavate;De 0 a 4 años;1 de enero de 2020;1
Total;16 Cuenca;16026 Atalaya del Cañavate;De 5 a 9 años;1 de enero de 2020;2
Total;16 Cuenca;16026 Atalaya del Cañavate;De 10 a 14 años;1 de enero de 2020;1
Total;16 Cuenca;16026 Atalaya del Cañavate;De 65 a 69 años;1 de enero de 2020;9
Total;16 Cuenca;16026 Atalaya del Cañavate;De 70 a 74 años;1 de enero de 2020;5
Total;16 Cuenca;16026 Atalaya del Cañavate;De 75 a 79 años;1 de enero de 2020;7
Total;16 Cuenca;16026 Atalaya del Cañavate;De 80 a 84 años;1 de enero de 2020;9
Total;16 Cuenca;16026 Atalaya del Cañavate;De 85 a 89 años;1 de enero de 2020;5
Total;16 Cuenca;16026 Atalaya del Cañavate;De 90 a 94 años;1 de enero de 2020;1
Total;16 Cuenca;16026 Atalaya del Cañavate;De 95 a 99 años;1 de enero de 2020;0
Total;16 Cuenca;16026 Atalaya del Cañavate;100 y más años;1 de enero de 2020;0
Total;16 Cuenca;16027 Barajas de Melo;Todas las edades;1 de enero de 2020;940
Total;16 Cuenca;16027 Barajas de Melo;De 0 a 4 años;1 de enero de 2020;22
Total;16 Cuenca;16027 Barajas de Melo;De 5 a 9 años;1 de enero de 2020;28
Total;16 Cuenca;16027 Barajas de Melo;De 10 a 14 años;1 de enero de 2020;43
Total;16 Cuenca;16027 Barajas de Melo;De 65 a 69 años;1 de enero de 2020;53
Total;16 Cuenca;16027 Barajas de Melo;De 70 a 74 años;1 de enero de 2020;42
Total;16 Cuenca;16027 Barajas de Melo;De 75 a 79 años;1 de enero de 2020;38
Total;16 Cuenca;16027 Barajas de Melo;De 80 a 84 años;1 de enero de 2020;37
Total;16 Cuenca;16027 Barajas de Melo;De 85 a 89 años;1 de enero de 2020;40
Total;16 Cuenca;16027 Barajas de Melo;De 90 a 94 años;1 de enero de 2020;21
Total;16 Cuenca;16027 Barajas de Melo;De 95 a 99 años;1 de enero de 2020;2
Total;16 Cuenca;16027 Barajas de Melo;100 y más años;1 de enero de 2020;2
Total;16 Cuenca;16029 Barchín del Hoyo;Todas las edades;1 de enero de 2020;95
Total;16 Cuenca;16029 Barchín del Hoyo;De 0 a 4 años;1 de enero de 2020;1
Total;16 Cuenca;16029 Barchín del Hoyo;De 5 a 9 años;1 de enero de 2020;0
Total;16 Cuenca;16029 Barchín del Hoyo;De 10 a 14 años;1 de enero de 2020;1
Total;16 Cuenca;16029 Barchín del Hoyo;De 65 a 69 años;1 de enero de 2020;6
Total;16 Cuenca;16029 Barchín del Hoyo;De 70 a 74 años;1 de enero de 2020;11
Total;16 Cuenca;16029 Barchín del Hoyo;De 75 a 79 años;1 de enero de 2020;6
Total;16 Cuenca;16029 Barchín del Hoyo;De 80 a 84 años;1 de enero de 2020;4
Total;16 Cuenca;16029 Barchín del Hoyo;De 85 a 89 años;1 de enero de 2020;6
Total;16 Cuenca;16029 Barchín del Hoyo;De 90 a 94 años;1 de enero de 2020;3
Total;16 Cuenca;16029 Barchín del Hoyo;De 95 a 99 años;1 de enero de 2020;0
Total;16 Cuenca;16029 Barchín del Hoyo;100 y más años;1 de enero de 2020;0
Total;16 Cuenca;16030 Bascuñana de San Pedro;Todas las edades;1 de enero de 2020;23
Total;16 Cuenca;16030 Bascuñana de San Pedro;De 0 a 4 años;1 de enero de 2020;0
Total;16 Cuenca;16030 Bascuñana de San Pedro;De 5 a 9 años;1 de enero de 2020;0
Total;16 Cuenca;16030 Bascuñana de San Pedro;De 10 a 14 años;1 de enero de 2020;0
Total;16 Cuenca;16030 Bascuñana de San Pedro;De 65 a 69 años;1 de enero de 2020;1
Total;16 Cuenca;16030 Bascuñana de San Pedro;De 70 a 74 años;1 de enero de 2020;0
Total;16 Cuenca;16030 Bascuñana de San Pedro;De 75 a 79 años;1 de enero de 2020;2
Total;16 Cuenca;16030 Bascuñana de San Pedro;De 80 a 84 años;1 de enero de 2020;1
Total;16 Cuenca;16030 Bascuñana de San Pedro;De 85 a 89 años;1 de enero de 2020;1
Total;16 Cuenca;16030 Bascuñana de San Pedro;De 90 a 94 años;1 de enero de 2020;0
Total;16 Cuenca;16030 Bascuñana de San Pedro;De 95 a 99 años;1 de enero de 2020;0
Total;16 Cuenca;16030 Bascuñana de San Pedro;100 y más años;1 de enero de 2020;0
Total;16 Cuenca;16031 Beamud;Todas las edades;1 de enero de 2020;39
Total;16 Cuenca;16031 Beamud;De 0 a 4 años;1 de enero de 2020;1
Total;16 Cuenca;16031 Beamud;De 5 a 9 años;1 de enero de 2020;1
Total;16 Cuenca;16031 Beamud;De 10 a 14 años;1 de enero de 2020;0
Total;16 Cuenca;16031 Beamud;De 65 a 69 años;1 de enero de 2020;3
Total;16 Cuenca;16031 Beamud;De 70 a 74 años;1 de enero de 2020;2
Total;16 Cuenca;16031 Beamud;De 75 a 79 años;1 de enero de 2020;2
Total;16 Cuenca;16031 Beamud;De 80 a 84 años;1 de enero de 2020;3
Total;16 Cuenca;16031 Beamud;De 85 a 89 años;1 de enero de 2020;3
Total;16 Cuenca;16031 Beamud;De 90 a 94 años;1 de enero de 2020;2
Total;16 Cuenca;16031 Beamud;De 95 a 99 años;1 de enero de 2020;0
Total;16 Cuenca;16031 Beamud;100 y más años;1 de enero de 2020;0
Total;16 Cuenca;16032 Belinchón;Todas las edades;1 de enero de 2020;352
Total;16 Cuenca;16032 Belinchón;De 0 a 4 años;1 de enero de 2020;10
Total;16 Cuenca;16032 Belinchón;De 5 a 9 años;1 de enero de 2020;15
Total;16 Cuenca;16032 Belinchón;De 10 a 14 años;1 de enero de 2020;14
Total;16 Cuenca;16032 Belinchón;De 65 a 69 años;1 de enero de 2020;17
Total;16 Cuenca;16032 Belinchón;De 70 a 74 años;1 de enero de 2020;24
Total;16 Cuenca;16032 Belinchón;De 75 a 79 años;1 de enero de 2020;30
Total;16 Cuenca;16032 Belinchón;De 80 a 84 años;1 de enero de 2020;15
Total;16 Cuenca;16032 Belinchón;De 85 a 89 años;1 de enero de 2020;17
Total;16 Cuenca;16032 Belinchón;De 90 a 94 años;1 de enero de 2020;9
Total;16 Cuenca;16032 Belinchón;De 95 a 99 años;1 de enero de 2020;1
Total;16 Cuenca;16032 Belinchón;100 y más años;1 de enero de 2020;0
Total;16 Cuenca;16033 Belmonte;Todas las edades;1 de enero de 2020;1.870
Total;16 Cuenca;16033 Belmonte;De 0 a 4 años;1 de enero de 2020;39
Total;16 Cuenca;16033 Belmonte;De 5 a 9 años;1 de enero de 2020;46
Total;16 Cuenca;16033 Belmonte;De 10 a 14 años;1 de enero de 2020;68
Total;16 Cuenca;16033 Belmonte;De 65 a 69 años;1 de enero de 2020;115
Total;16 Cuenca;16033 Belmonte;De 70 a 74 años;1 de enero de 2020;100
Total;16 Cuenca;16033 Belmonte;De 75 a 79 años;1 de enero de 2020;85
Total;16 Cuenca;16033 Belmonte;De 80 a 84 años;1 de enero de 2020;90
Total;16 Cuenca;16033 Belmonte;De 85 a 89 años;1 de enero de 2020;89
Total;16 Cuenca;16033 Belmonte;De 90 a 94 años;1 de enero de 2020;51
Total;16 Cuenca;16033 Belmonte;De 95 a 99 años;1 de enero de 2020;12
Total;16 Cuenca;16033 Belmonte;100 y más años;1 de enero de 2020;2
Total;16 Cuenca;16034 Belmontejo;Todas las edades;1 de enero de 2020;154
Total;16 Cuenca;16034 Belmontejo;De 0 a 4 años;1 de enero de 2020;0
Total;16 Cuenca;16034 Belmontejo;De 5 a 9 años;1 de enero de 2020;0
Total;16 Cuenca;16034 Belmontejo;De 10 a 14 años;1 de enero de 2020;2
Total;16 Cuenca;16034 Belmontejo;De 65 a 69 años;1 de enero de 2020;14
Total;16 Cuenca;16034 Belmontejo;De 70 a 74 años;1 de enero de 2020;13
Total;16 Cuenca;16034 Belmontejo;De 75 a 79 años;1 de enero de 2020;13
Total;16 Cuenca;16034 Belmontejo;De 80 a 84 años;1 de enero de 2020;11
Total;16 Cuenca;16034 Belmontejo;De 85 a 89 años;1 de enero de 2020;13
Total;16 Cuenca;16034 Belmontejo;De 90 a 94 años;1 de enero de 2020;7
Total;16 Cuenca;16034 Belmontejo;De 95 a 99 años;1 de enero de 2020;2
Total;16 Cuenca;16034 Belmontejo;100 y más años;1 de enero de 2020;0
Total;16 Cuenca;16035 Beteta;Todas las edades;1 de enero de 2020;236
Total;16 Cuenca;16035 Beteta;De 0 a 4 años;1 de enero de 2020;3
Total;16 Cuenca;16035 Beteta;De 5 a 9 años;1 de enero de 2020;5
Total;16 Cuenca;16035 Beteta;De 10 a 14 años;1 de enero de 2020;3
Total;16 Cuenca;16035 Beteta;De 65 a 69 años;1 de enero de 2020;17
Total;16 Cuenca;16035 Beteta;De 70 a 74 años;1 de enero de 2020;18
Total;16 Cuenca;16035 Beteta;De 75 a 79 años;1 de enero de 2020;6
Total;16 Cuenca;16035 Beteta;De 80 a 84 años;1 de enero de 2020;8
Total;16 Cuenca;16035 Beteta;De 85 a 89 años;1 de enero de 2020;14
Total;16 Cuenca;16035 Beteta;De 90 a 94 años;1 de enero de 2020;7
Total;16 Cuenca;16035 Beteta;De 95 a 99 años;1 de enero de 2020;1
Total;16 Cuenca;16035 Beteta;100 y más años;1 de enero de 2020;0
Total;16 Cuenca;16036 Boniches;Todas las edades;1 de enero de 2020;139
Total;16 Cuenca;16036 Boniches;De 0 a 4 años;1 de enero de 2020;2
Total;16 Cuenca;16036 Boniches;De 5 a 9 años;1 de enero de 2020;7
Total;16 Cuenca;16036 Boniches;De 10 a 14 años;1 de enero de 2020;9
Total;16 Cuenca;16036 Boniches;De 65 a 69 años;1 de enero de 2020;9
Total;16 Cuenca;16036 Boniches;De 70 a 74 años;1 de enero de 2020;8
Total;16 Cuenca;16036 Boniches;De 75 a 79 años;1 de enero de 2020;14
Total;16 Cuenca;16036 Boniches;De 80 a 84 años;1 de enero de 2020;9
Total;16 Cuenca;16036 Boniches;De 85 a 89 años;1 de enero de 2020;8
Total;16 Cuenca;16036 Boniches;De 90 a 94 años;1 de enero de 2020;3
Total;16 Cuenca;16036 Boniches;De 95 a 99 años;1 de enero de 2020;1
Total;16 Cuenca;16036 Boniches;100 y más años;1 de enero de 2020;1
Total;16 Cuenca;16038 Buciegas;Todas las edades;1 de enero de 2020;32
Total;16 Cuenca;16038 Buciegas;De 0 a 4 años;1 de enero de 2020;0
Total;16 Cuenca;16038 Buciegas;De 5 a 9 años;1 de enero de 2020;1
Total;16 Cuenca;16038 Buciegas;De 10 a 14 años;1 de enero de 2020;1
Total;16 Cuenca;16038 Buciegas;De 65 a 69 años;1 de enero de 2020;2
Total;16 Cuenca;16038 Buciegas;De 70 a 74 años;1 de enero de 2020;2
Total;16 Cuenca;16038 Buciegas;De 75 a 79 años;1 de enero de 2020;1
Total;16 Cuenca;16038 Buciegas;De 80 a 84 años;1 de enero de 2020;3
Total;16 Cuenca;16038 Buciegas;De 85 a 89 años;1 de enero de 2020;2
Total;16 Cuenca;16038 Buciegas;De 90 a 94 años;1 de enero de 2020;2
Total;16 Cuenca;16038 Buciegas;De 95 a 99 años;1 de enero de 2020;0
Total;16 Cuenca;16038 Buciegas;100 y más años;1 de enero de 2020;0
Total;16 Cuenca;16039 Buenache de Alarcón;Todas las edades;1 de enero de 2020;463
Total;16 Cuenca;16039 Buenache de Alarcón;De 0 a 4 años;1 de enero de 2020;12
Total;16 Cuenca;16039 Buenache de Alarcón;De 5 a 9 años;1 de enero de 2020;7
Total;16 Cuenca;16039 Buenache de Alarcón;De 10 a 14 años;1 de enero de 2020;14
Total;16 Cuenca;16039 Buenache de Alarcón;De 65 a 69 años;1 de enero de 2020;22
Total;16 Cuenca;16039 Buenache de Alarcón;De 70 a 74 años;1 de enero de 2020;24
Total;16 Cuenca;16039 Buenache de Alarcón;De 75 a 79 años;1 de enero de 2020;27
Total;16 Cuenca;16039 Buenache de Alarcón;De 80 a 84 años;1 de enero de 2020;23
Total;16 Cuenca;16039 Buenache de Alarcón;De 85 a 89 años;1 de enero de 2020;26
Total;16 Cuenca;16039 Buenache de Alarcón;De 90 a 94 años;1 de enero de 2020;25
Total;16 Cuenca;16039 Buenache de Alarcón;De 95 a 99 años;1 de enero de 2020;10
Total;16 Cuenca;16039 Buenache de Alarcón;100 y más años;1 de enero de 2020;0
Total;16 Cuenca;16040 Buenache de la Sierra;Todas las edades;1 de enero de 2020;105
Total;16 Cuenca;16040 Buenache de la Sierra;De 0 a 4 años;1 de enero de 2020;1
Total;16 Cuenca;16040 Buenache de la Sierra;De 5 a 9 años;1 de enero de 2020;4
Total;16 Cuenca;16040 Buenache de la Sierra;De 10 a 14 años;1 de enero de 2020;5
Total;16 Cuenca;16040 Buenache de la Sierra;De 65 a 69 años;1 de enero de 2020;6
Total;16 Cuenca;16040 Buenache de la Sierra;De 70 a 74 años;1 de enero de 2020;8
Total;16 Cuenca;16040 Buenache de la Sierra;De 75 a 79 años;1 de enero de 2020;3
Total;16 Cuenca;16040 Buenache de la Sierra;De 80 a 84 años;1 de enero de 2020;2
Total;16 Cuenca;16040 Buenache de la Sierra;De 85 a 89 años;1 de enero de 2020;2
Total;16 Cuenca;16040 Buenache de la Sierra;De 90 a 94 años;1 de enero de 2020;0
Total;16 Cuenca;16040 Buenache de la Sierra;De 95 a 99 años;1 de enero de 2020;0
Total;16 Cuenca;16040 Buenache de la Sierra;100 y más años;1 de enero de 2020;0
Total;16 Cuenca;16041 Buendía;Todas las edades;1 de enero de 2020;408
Total;16 Cuenca;16041 Buendía;De 0 a 4 años;1 de enero de 2020;11
Total;16 Cuenca;16041 Buendía;De 5 a 9 años;1 de enero de 2020;14
Total;16 Cuenca;16041 Buendía;De 10 a 14 años;1 de enero de 2020;9
Total;16 Cuenca;16041 Buendía;De 65 a 69 años;1 de enero de 2020;30
Total;16 Cuenca;16041 Buendía;De 70 a 74 años;1 de enero de 2020;22
Total;16 Cuenca;16041 Buendía;De 75 a 79 años;1 de enero de 2020;19
Total;16 Cuenca;16041 Buendía;De 80 a 84 años;1 de enero de 2020;20
Total;16 Cuenca;16041 Buendía;De 85 a 89 años;1 de enero de 2020;24
Total;16 Cuenca;16041 Buendía;De 90 a 94 años;1 de enero de 2020;9
Total;16 Cuenca;16041 Buendía;De 95 a 99 años;1 de enero de 2020;4
Total;16 Cuenca;16041 Buendía;100 y más años;1 de enero de 2020;0
Total;16 Cuenca;16042 Campillo de Altobuey;Todas las edades;1 de enero de 2020;1.265
Total;16 Cuenca;16042 Campillo de Altobuey;De 0 a 4 años;1 de enero de 2020;33
Total;16 Cuenca;16042 Campillo de Altobuey;De 5 a 9 años;1 de enero de 2020;43
Total;16 Cuenca;16042 Campillo de Altobuey;De 10 a 14 años;1 de enero de 2020;36
Total;16 Cuenca;16042 Campillo de Altobuey;De 65 a 69 años;1 de enero de 2020;59
Total;16 Cuenca;16042 Campillo de Altobuey;De 70 a 74 años;1 de enero de 2020;64
Total;16 Cuenca;16042 Campillo de Altobuey;De 75 a 79 años;1 de enero de 2020;75
Total;16 Cuenca;16042 Campillo de Altobuey;De 80 a 84 años;1 de enero de 2020;79
Total;16 Cuenca;16042 Campillo de Altobuey;De 85 a 89 años;1 de enero de 2020;57
Total;16 Cuenca;16042 Campillo de Altobuey;De 90 a 94 años;1 de enero de 2020;25
Total;16 Cuenca;16042 Campillo de Altobuey;De 95 a 99 años;1 de enero de 2020;5
Total;16 Cuenca;16042 Campillo de Altobuey;100 y más años;1 de enero de 2020;0
Total;16 Cuenca;16043 Campillos-Paravientos;Todas las edades;1 de enero de 2020;104
Total;16 Cuenca;16043 Campillos-Paravientos;De 0 a 4 años;1 de enero de 2020;0
Total;16 Cuenca;16043 Campillos-Paravientos;De 5 a 9 años;1 de enero de 2020;3
Total;16 Cuenca;16043 Campillos-Paravientos;De 10 a 14 años;1 de enero de 2020;5
Total;16 Cuenca;16043 Campillos-Paravientos;De 65 a 69 años;1 de enero de 2020;8
Total;16 Cuenca;16043 Campillos-Paravientos;De 70 a 74 años;1 de enero de 2020;4
Total;16 Cuenca;16043 Campillos-Paravientos;De 75 a 79 años;1 de enero de 2020;5
Total;16 Cuenca;16043 Campillos-Paravientos;De 80 a 84 años;1 de enero de 2020;10
Total;16 Cuenca;16043 Campillos-Paravientos;De 85 a 89 años;1 de enero de 2020;8
Total;16 Cuenca;16043 Campillos-Paravientos;De 90 a 94 años;1 de enero de 2020;2
Total;16 Cuenca;16043 Campillos-Paravientos;De 95 a 99 años;1 de enero de 2020;1
Total;16 Cuenca;16043 Campillos-Paravientos;100 y más años;1 de enero de 2020;0
Total;16 Cuenca;16044 Campillos-Sierra;Todas las edades;1 de enero de 2020;38
Total;16 Cuenca;16044 Campillos-Sierra;De 0 a 4 años;1 de enero de 2020;0
Total;16 Cuenca;16044 Campillos-Sierra;De 5 a 9 años;1 de enero de 2020;0
Total;16 Cuenca;16044 Campillos-Sierra;De 10 a 14 años;1 de enero de 2020;0
Total;16 Cuenca;16044 Campillos-Sierra;De 65 a 69 años;1 de enero de 2020;2
Total;16 Cuenca;16044 Campillos-Sierra;De 70 a 74 años;1 de enero de 2020;4
Total;16 Cuenca;16044 Campillos-Sierra;De 75 a 79 años;1 de enero de 2020;2
Total;16 Cuenca;16044 Campillos-Sierra;De 80 a 84 años;1 de enero de 2020;5
Total;16 Cuenca;16044 Campillos-Sierra;De 85 a 89 años;1 de enero de 2020;3
Total;16 Cuenca;16044 Campillos-Sierra;De 90 a 94 años;1 de enero de 2020;5
Total;16 Cuenca;16044 Campillos-Sierra;De 95 a 99 años;1 de enero de 2020;0
Total;16 Cuenca;16044 Campillos-Sierra;100 y más años;1 de enero de 2020;0
Total;16 Cuenca;16901 Campos del Paraíso;Todas las edades;1 de enero de 2020;718
Total;16 Cuenca;16901 Campos del Paraíso;De 0 a 4 años;1 de enero de 2020;11
Total;16 Cuenca;16901 Campos del Paraíso;De 5 a 9 años;1 de enero de 2020;20
Total;16 Cuenca;16901 Campos del Paraíso;De 10 a 14 años;1 de enero de 2020;20
Total;16 Cuenca;16901 Campos del Paraíso;De 65 a 69 años;1 de enero de 2020;41
Total;16 Cuenca;16901 Campos del Paraíso;De 70 a 74 años;1 de enero de 2020;43
Total;16 Cuenca;16901 Campos del Paraíso;De 75 a 79 años;1 de enero de 2020;54
Total;16 Cuenca;16901 Campos del Paraíso;De 80 a 84 años;1 de enero de 2020;45
Total;16 Cuenca;16901 Campos del Paraíso;De 85 a 89 años;1 de enero de 2020;68
Total;16 Cuenca;16901 Campos del Paraíso;De 90 a 94 años;1 de enero de 2020;25
Total;16 Cuenca;16901 Campos del Paraíso;De 95 a 99 años;1 de enero de 2020;12
Total;16 Cuenca;16901 Campos del Paraíso;100 y más años;1 de enero de 2020;0
Total;16 Cuenca;16045 Canalejas del Arroyo;Todas las edades;1 de enero de 2020;177
Total;16 Cuenca;16045 Canalejas del Arroyo;De 0 a 4 años;1 de enero de 2020;0
Total;16 Cuenca;16045 Canalejas del Arroyo;De 5 a 9 años;1 de enero de 2020;0
Total;16 Cuenca;16045 Canalejas del Arroyo;De 10 a 14 años;1 de enero de 2020;1
Total;16 Cuenca;16045 Canalejas del Arroyo;De 65 a 69 años;1 de enero de 2020;2
Total;16 Cuenca;16045 Canalejas del Arroyo;De 70 a 74 años;1 de enero de 2020;9
Total;16 Cuenca;16045 Canalejas del Arroyo;De 75 a 79 años;1 de enero de 2020;15
Total;16 Cuenca;16045 Canalejas del Arroyo;De 80 a 84 años;1 de enero de 2020;16
Total;16 Cuenca;16045 Canalejas del Arroyo;De 85 a 89 años;1 de enero de 2020;28
Total;16 Cuenca;16045 Canalejas del Arroyo;De 90 a 94 años;1 de enero de 2020;11
Total;16 Cuenca;16045 Canalejas del Arroyo;De 95 a 99 años;1 de enero de 2020;3
Total;16 Cuenca;16045 Canalejas del Arroyo;100 y más años;1 de enero de 2020;0
Total;16 Cuenca;16046 Cañada del Hoyo;Todas las edades;1 de enero de 2020;232
Total;16 Cuenca;16046 Cañada del Hoyo;De 0 a 4 años;1 de enero de 2020;1
Total;16 Cuenca;16046 Cañada del Hoyo;De 5 a 9 años;1 de enero de 2020;6
Total;16 Cuenca;16046 Cañada del Hoyo;De 10 a 14 años;1 de enero de 2020;8
Total;16 Cuenca;16046 Cañada del Hoyo;De 65 a 69 años;1 de enero de 2020;21
Total;16 Cuenca;16046 Cañada del Hoyo;De 70 a 74 años;1 de enero de 2020;13
Total;16 Cuenca;16046 Cañada del Hoyo;De 75 a 79 años;1 de enero de 2020;21
Total;16 Cuenca;16046 Cañada del Hoyo;De 80 a 84 años;1 de enero de 2020;12
Total;16 Cuenca;16046 Cañada del Hoyo;De 85 a 89 años;1 de enero de 2020;15
Total;16 Cuenca;16046 Cañada del Hoyo;De 90 a 94 años;1 de enero de 2020;6
Total;16 Cuenca;16046 Cañada del Hoyo;De 95 a 99 años;1 de enero de 2020;3
Total;16 Cuenca;16046 Cañada del Hoyo;100 y más años;1 de enero de 2020;1
Total;16 Cuenca;16047 Cañada Juncosa;Todas las edades;1 de enero de 2020;243
Total;16 Cuenca;16047 Cañada Juncosa;De 0 a 4 años;1 de enero de 2020;1
Total;16 Cuenca;16047 Cañada Juncosa;De 5 a 9 años;1 de enero de 2020;2
Total;16 Cuenca;16047 Cañada Juncosa;De 10 a 14 años;1 de enero de 2020;7
Total;16 Cuenca;16047 Cañada Juncosa;De 65 a 69 años;1 de enero de 2020;13
Total;16 Cuenca;16047 Cañada Juncosa;De 70 a 74 años;1 de enero de 2020;10
Total;16 Cuenca;16047 Cañada Juncosa;De 75 a 79 años;1 de enero de 2020;18
Total;16 Cuenca;16047 Cañada Juncosa;De 80 a 84 años;1 de enero de 2020;17
Total;16 Cuenca;16047 Cañada Juncosa;De 85 a 89 años;1 de enero de 2020;14
Total;16 Cuenca;16047 Cañada Juncosa;De 90 a 94 años;1 de enero de 2020;7
Total;16 Cuenca;16047 Cañada Juncosa;De 95 a 99 años;1 de enero de 2020;2
Total;16 Cuenca;16047 Cañada Juncosa;100 y más años;1 de enero de 2020;0
Total;16 Cuenca;16048 Cañamares;Todas las edades;1 de enero de 2020;457
Total;16 Cuenca;16048 Cañamares;De 0 a 4 años;1 de enero de 2020;16
Total;16 Cuenca;16048 Cañamares;De 5 a 9 años;1 de enero de 2020;12
Total;16 Cuenca;16048 Cañamares;De 10 a 14 años;1 de enero de 2020;16
Total;16 Cuenca;16048 Cañamares;De 65 a 69 años;1 de enero de 2020;33
Total;16 Cuenca;16048 Cañamares;De 70 a 74 años;1 de enero de 2020;22
Total;16 Cuenca;16048 Cañamares;De 75 a 79 años;1 de enero de 2020;26
Total;16 Cuenca;16048 Cañamares;De 80 a 84 años;1 de enero de 2020;17
Total;16 Cuenca;16048 Cañamares;De 85 a 89 años;1 de enero de 2020;18
Total;16 Cuenca;16048 Cañamares;De 90 a 94 años;1 de enero de 2020;8
Total;16 Cuenca;16048 Cañamares;De 95 a 99 años;1 de enero de 2020;5
Total;16 Cuenca;16048 Cañamares;100 y más años;1 de enero de 2020;0
Total;16 Cuenca;16049 Cañavate, El;Todas las edades;1 de enero de 2020;132
Total;16 Cuenca;16049 Cañavate, El;De 0 a 4 años;1 de enero de 2020;1
Total;16 Cuenca;16049 Cañavate, El;De 5 a 9 años;1 de enero de 2020;1
Total;16 Cuenca;16049 Cañavate, El;De 10 a 14 años;1 de enero de 2020;1
Total;16 Cuenca;16049 Cañavate, El;De 65 a 69 años;1 de enero de 2020;6
Total;16 Cuenca;16049 Cañavate, El;De 70 a 74 años;1 de enero de 2020;13
Total;16 Cuenca;16049 Cañavate, El;De 75 a 79 años;1 de enero de 2020;14
Total;16 Cuenca;16049 Cañavate, El;De 80 a 84 años;1 de enero de 2020;13
Total;16 Cuenca;16049 Cañavate, El;De 85 a 89 años;1 de enero de 2020;11
Total;16 Cuenca;16049 Cañavate, El;De 90 a 94 años;1 de enero de 2020;4
Total;16 Cuenca;16049 Cañavate, El;De 95 a 99 años;1 de enero de 2020;2
Total;16 Cuenca;16049 Cañavate, El;100 y más años;1 de enero de 2020;0
Total;16 Cuenca;16050 Cañaveras;Todas las edades;1 de enero de 2020;247
Total;16 Cuenca;16050 Cañaveras;De 0 a 4 años;1 de enero de 2020;7
Total;16 Cuenca;16050 Cañaveras;De 5 a 9 años;1 de enero de 2020;7
Total;16 Cuenca;16050 Cañaveras;De 10 a 14 años;1 de enero de 2020;7
Total;16 Cuenca;16050 Cañaveras;De 65 a 69 años;1 de enero de 2020;13
Total;16 Cuenca;16050 Cañaveras;De 70 a 74 años;1 de enero de 2020;11
Total;16 Cuenca;16050 Cañaveras;De 75 a 79 años;1 de enero de 2020;12
Total;16 Cuenca;16050 Cañaveras;De 80 a 84 años;1 de enero de 2020;15
Total;16 Cuenca;16050 Cañaveras;De 85 a 89 años;1 de enero de 2020;22
Total;16 Cuenca;16050 Cañaveras;De 90 a 94 años;1 de enero de 2020;11
Total;16 Cuenca;16050 Cañaveras;De 95 a 99 años;1 de enero de 2020;7
Total;16 Cuenca;16050 Cañaveras;100 y más años;1 de enero de 2020;0
Total;16 Cuenca;16051 Cañaveruelas;Todas las edades;1 de enero de 2020;126
Total;16 Cuenca;16051 Cañaveruelas;De 0 a 4 años;1 de enero de 2020;0
Total;16 Cuenca;16051 Cañaveruelas;De 5 a 9 años;1 de enero de 2020;0
Total;16 Cuenca;16051 Cañaveruelas;De 10 a 14 años;1 de enero de 2020;2
Total;16 Cuenca;16051 Cañaveruelas;De 65 a 69 años;1 de enero de 2020;3
Total;16 Cuenca;16051 Cañaveruelas;De 70 a 74 años;1 de enero de 2020;8
Total;16 Cuenca;16051 Cañaveruelas;De 75 a 79 años;1 de enero de 2020;12
Total;16 Cuenca;16051 Cañaveruelas;De 80 a 84 años;1 de enero de 2020;6
Total;16 Cuenca;16051 Cañaveruelas;De 85 a 89 años;1 de enero de 2020;17
Total;16 Cuenca;16051 Cañaveruelas;De 90 a 94 años;1 de enero de 2020;5
Total;16 Cuenca;16051 Cañaveruelas;De 95 a 99 años;1 de enero de 2020;2
Total;16 Cuenca;16051 Cañaveruelas;100 y más años;1 de enero de 2020;0
Total;16 Cuenca;16052 Cañete;Todas las edades;1 de enero de 2020;764
Total;16 Cuenca;16052 Cañete;De 0 a 4 años;1 de enero de 2020;23
Total;16 Cuenca;16052 Cañete;De 5 a 9 años;1 de enero de 2020;36
Total;16 Cuenca;16052 Cañete;De 10 a 14 años;1 de enero de 2020;42
Total;16 Cuenca;16052 Cañete;De 65 a 69 años;1 de enero de 2020;33
Total;16 Cuenca;16052 Cañete;De 70 a 74 años;1 de enero de 2020;27
Total;16 Cuenca;16052 Cañete;De 75 a 79 años;1 de enero de 2020;35
Total;16 Cuenca;16052 Cañete;De 80 a 84 años;1 de enero de 2020;21
Total;16 Cuenca;16052 Cañete;De 85 a 89 años;1 de enero de 2020;29
Total;16 Cuenca;16052 Cañete;De 90 a 94 años;1 de enero de 2020;19
Total;16 Cuenca;16052 Cañete;De 95 a 99 años;1 de enero de 2020;2
Total;16 Cuenca;16052 Cañete;100 y más años;1 de enero de 2020;1
Total;16 Cuenca;16053 Cañizares;Todas las edades;1 de enero de 2020;432
Total;16 Cuenca;16053 Cañizares;De 0 a 4 años;1 de enero de 2020;2
Total;16 Cuenca;16053 Cañizares;De 5 a 9 años;1 de enero de 2020;3
Total;16 Cuenca;16053 Cañizares;De 10 a 14 años;1 de enero de 2020;18
Total;16 Cuenca;16053 Cañizares;De 65 a 69 años;1 de enero de 2020;35
Total;16 Cuenca;16053 Cañizares;De 70 a 74 años;1 de enero de 2020;18
Total;16 Cuenca;16053 Cañizares;De 75 a 79 años;1 de enero de 2020;25
Total;16 Cuenca;16053 Cañizares;De 80 a 84 años;1 de enero de 2020;17
Total;16 Cuenca;16053 Cañizares;De 85 a 89 años;1 de enero de 2020;14
Total;16 Cuenca;16053 Cañizares;De 90 a 94 años;1 de enero de 2020;6
Total;16 Cuenca;16053 Cañizares;De 95 a 99 años;1 de enero de 2020;5
Total;16 Cuenca;16053 Cañizares;100 y más años;1 de enero de 2020;0
Total;16 Cuenca;16055 Carboneras de Guadazaón;Todas las edades;1 de enero de 2020;795
Total;16 Cuenca;16055 Carboneras de Guadazaón;De 0 a 4 años;1 de enero de 2020;16
Total;16 Cuenca;16055 Carboneras de Guadazaón;De 5 a 9 años;1 de enero de 2020;17
Total;16 Cuenca;16055 Carboneras de Guadazaón;De 10 a 14 años;1 de enero de 2020;32
Total;16 Cuenca;16055 Carboneras de Guadazaón;De 65 a 69 años;1 de enero de 2020;49
Total;16 Cuenca;16055 Carboneras de Guadazaón;De 70 a 74 años;1 de enero de 2020;49
Total;16 Cuenca;16055 Carboneras de Guadazaón;De 75 a 79 años;1 de enero de 2020;58
Total;16 Cuenca;16055 Carboneras de Guadazaón;De 80 a 84 años;1 de enero de 2020;36
Total;16 Cuenca;16055 Carboneras de Guadazaón;De 85 a 89 años;1 de enero de 2020;35
Total;16 Cuenca;16055 Carboneras de Guadazaón;De 90 a 94 años;1 de enero de 2020;16
Total;16 Cuenca;16055 Carboneras de Guadazaón;De 95 a 99 años;1 de enero de 2020;9
Total;16 Cuenca;16055 Carboneras de Guadazaón;100 y más años;1 de enero de 2020;1
Total;16 Cuenca;16056 Cardenete;Todas las edades;1 de enero de 2020;486
Total;16 Cuenca;16056 Cardenete;De 0 a 4 años;1 de enero de 2020;10
Total;16 Cuenca;16056 Cardenete;De 5 a 9 años;1 de enero de 2020;10
Total;16 Cuenca;16056 Cardenete;De 10 a 14 años;1 de enero de 2020;3
Total;16 Cuenca;16056 Cardenete;De 65 a 69 años;1 de enero de 2020;28
Total;16 Cuenca;16056 Cardenete;De 70 a 74 años;1 de enero de 2020;36
Total;16 Cuenca;16056 Cardenete;De 75 a 79 años;1 de enero de 2020;28
Total;16 Cuenca;16056 Cardenete;De 80 a 84 años;1 de enero de 2020;35
Total;16 Cuenca;16056 Cardenete;De 85 a 89 años;1 de enero de 2020;25
Total;16 Cuenca;16056 Cardenete;De 90 a 94 años;1 de enero de 2020;21
Total;16 Cuenca;16056 Cardenete;De 95 a 99 años;1 de enero de 2020;1
Total;16 Cuenca;16056 Cardenete;100 y más años;1 de enero de 2020;0
Total;16 Cuenca;16057 Carrascosa;Todas las edades;1 de enero de 2020;67
Total;16 Cuenca;16057 Carrascosa;De 0 a 4 años;1 de enero de 2020;1
Total;16 Cuenca;16057 Carrascosa;De 5 a 9 años;1 de enero de 2020;0
Total;16 Cuenca;16057 Carrascosa;De 10 a 14 años;1 de enero de 2020;0
Total;16 Cuenca;16057 Carrascosa;De 65 a 69 años;1 de enero de 2020;1
Total;16 Cuenca;16057 Carrascosa;De 70 a 74 años;1 de enero de 2020;4
Total;16 Cuenca;16057 Carrascosa;De 75 a 79 años;1 de enero de 2020;5
Total;16 Cuenca;16057 Carrascosa;De 80 a 84 años;1 de enero de 2020;9
Total;16 Cuenca;16057 Carrascosa;De 85 a 89 años;1 de enero de 2020;2
Total;16 Cuenca;16057 Carrascosa;De 90 a 94 años;1 de enero de 2020;3
Total;16 Cuenca;16057 Carrascosa;De 95 a 99 años;1 de enero de 2020;0
Total;16 Cuenca;16057 Carrascosa;100 y más años;1 de enero de 2020;1
Total;16 Cuenca;16058 Carrascosa de Haro;Todas las edades;1 de enero de 2020;100
Total;16 Cuenca;16058 Carrascosa de Haro;De 0 a 4 años;1 de enero de 2020;0
Total;16 Cuenca;16058 Carrascosa de Haro;De 5 a 9 años;1 de enero de 2020;2
Total;16 Cuenca;16058 Carrascosa de Haro;De 10 a 14 años;1 de enero de 2020;2
Total;16 Cuenca;16058 Carrascosa de Haro;De 65 a 69 años;1 de enero de 2020;5
Total;16 Cuenca;16058 Carrascosa de Haro;De 70 a 74 años;1 de enero de 2020;10
Total;16 Cuenca;16058 Carrascosa de Haro;De 75 a 79 años;1 de enero de 2020;7
Total;16 Cuenca;16058 Carrascosa de Haro;De 80 a 84 años;1 de enero de 2020;10
Total;16 Cuenca;16058 Carrascosa de Haro;De 85 a 89 años;1 de enero de 2020;2
Total;16 Cuenca;16058 Carrascosa de Haro;De 90 a 94 años;1 de enero de 2020;4
Total;16 Cuenca;16058 Carrascosa de Haro;De 95 a 99 años;1 de enero de 2020;1
Total;16 Cuenca;16058 Carrascosa de Haro;100 y más años;1 de enero de 2020;0
Total;16 Cuenca;16060 Casas de Benítez;Todas las edades;1 de enero de 2020;823
Total;16 Cuenca;16060 Casas de Benítez;De 0 a 4 años;1 de enero de 2020;23
Total;16 Cuenca;16060 Casas de Benítez;De 5 a 9 años;1 de enero de 2020;22
Total;16 Cuenca;16060 Casas de Benítez;De 10 a 14 años;1 de enero de 2020;34
Total;16 Cuenca;16060 Casas de Benítez;De 65 a 69 años;1 de enero de 2020;57
Total;16 Cuenca;16060 Casas de Benítez;De 70 a 74 años;1 de enero de 2020;41
Total;16 Cuenca;16060 Casas de Benítez;De 75 a 79 años;1 de enero de 2020;60
Total;16 Cuenca;16060 Casas de Benítez;De 80 a 84 años;1 de enero de 2020;49
Total;16 Cuenca;16060 Casas de Benítez;De 85 a 89 años;1 de enero de 2020;27
Total;16 Cuenca;16060 Casas de Benítez;De 90 a 94 años;1 de enero de 2020;22
Total;16 Cuenca;16060 Casas de Benítez;De 95 a 99 años;1 de enero de 2020;6
Total;16 Cuenca;16060 Casas de Benítez;100 y más años;1 de enero de 2020;0
Total;16 Cuenca;16061 Casas de Fernando Alonso;Todas las edades;1 de enero de 2020;1.140
Total;16 Cuenca;16061 Casas de Fernando Alonso;De 0 a 4 años;1 de enero de 2020;32
Total;16 Cuenca;16061 Casas de Fernando Alonso;De 5 a 9 años;1 de enero de 2020;28
Total;16 Cuenca;16061 Casas de Fernando Alonso;De 10 a 14 años;1 de enero de 2020;35
Total;16 Cuenca;16061 Casas de Fernando Alonso;De 65 a 69 años;1 de enero de 2020;69
Total;16 Cuenca;16061 Casas de Fernando Alonso;De 70 a 74 años;1 de enero de 2020;55
Total;16 Cuenca;16061 Casas de Fernando Alonso;De 75 a 79 años;1 de enero de 2020;68
Total;16 Cuenca;16061 Casas de Fernando Alonso;De 80 a 84 años;1 de enero de 2020;61
Total;16 Cuenca;16061 Casas de Fernando Alonso;De 85 a 89 años;1 de enero de 2020;65
Total;16 Cuenca;16061 Casas de Fernando Alonso;De 90 a 94 años;1 de enero de 2020;24
Total;16 Cuenca;16061 Casas de Fernando Alonso;De 95 a 99 años;1 de enero de 2020;4
Total;16 Cuenca;16061 Casas de Fernando Alonso;100 y más años;1 de enero de 2020;1
Total;16 Cuenca;16062 Casas de Garcimolina;Todas las edades;1 de enero de 2020;29
Total;16 Cuenca;16062 Casas de Garcimolina;De 0 a 4 años;1 de enero de 2020;0
Total;16 Cuenca;16062 Casas de Garcimolina;De 5 a 9 años;1 de enero de 2020;2
Total;16 Cuenca;16062 Casas de Garcimolina;De 10 a 14 años;1 de enero de 2020;1
Total;16 Cuenca;16062 Casas de Garcimolina;De 65 a 69 años;1 de enero de 2020;1
Total;16 Cuenca;16062 Casas de Garcimolina;De 70 a 74 años;1 de enero de 2020;2
Total;16 Cuenca;16062 Casas de Garcimolina;De 75 a 79 años;1 de enero de 2020;2
Total;16 Cuenca;16062 Casas de Garcimolina;De 80 a 84 años;1 de enero de 2020;2
Total;16 Cuenca;16062 Casas de Garcimolina;De 85 a 89 años;1 de enero de 2020;1
Total;16 Cuenca;16062 Casas de Garcimolina;De 90 a 94 años;1 de enero de 2020;0
Total;16 Cuenca;16062 Casas de Garcimolina;De 95 a 99 años;1 de enero de 2020;0
Total;16 Cuenca;16062 Casas de Garcimolina;100 y más años;1 de enero de 2020;0
Total;16 Cuenca;16063 Casas de Guijarro;Todas las edades;1 de enero de 2020;112
Total;16 Cuenca;16063 Casas de Guijarro;De 0 a 4 años;1 de enero de 2020;3
Total;16 Cuenca;16063 Casas de Guijarro;De 5 a 9 años;1 de enero de 2020;1
Total;16 Cuenca;16063 Casas de Guijarro;De 10 a 14 años;1 de enero de 2020;0
Total;16 Cuenca;16063 Casas de Guijarro;De 65 a 69 años;1 de enero de 2020;4
Total;16 Cuenca;16063 Casas de Guijarro;De 70 a 74 años;1 de enero de 2020;9
Total;16 Cuenca;16063 Casas de Guijarro;De 75 a 79 años;1 de enero de 2020;6
Total;16 Cuenca;16063 Casas de Guijarro;De 80 a 84 años;1 de enero de 2020;10
Total;16 Cuenca;16063 Casas de Guijarro;De 85 a 89 años;1 de enero de 2020;5
Total;16 Cuenca;16063 Casas de Guijarro;De 90 a 94 años;1 de enero de 2020;7
Total;16 Cuenca;16063 Casas de Guijarro;De 95 a 99 años;1 de enero de 2020;1
Total;16 Cuenca;16063 Casas de Guijarro;100 y más años;1 de enero de 2020;0
Total;16 Cuenca;16064 Casas de Haro;Todas las edades;1 de enero de 2020;827
Total;16 Cuenca;16064 Casas de Haro;De 0 a 4 años;1 de enero de 2020;20
Total;16 Cuenca;16064 Casas de Haro;De 5 a 9 años;1 de enero de 2020;25
Total;16 Cuenca;16064 Casas de Haro;De 10 a 14 años;1 de enero de 2020;37
Total;16 Cuenca;16064 Casas de Haro;De 65 a 69 años;1 de enero de 2020;39
Total;16 Cuenca;16064 Casas de Haro;De 70 a 74 años;1 de enero de 2020;53
Total;16 Cuenca;16064 Casas de Haro;De 75 a 79 años;1 de enero de 2020;50
Total;16 Cuenca;16064 Casas de Haro;De 80 a 84 años;1 de enero de 2020;32
Total;16 Cuenca;16064 Casas de Haro;De 85 a 89 años;1 de enero de 2020;32
Total;16 Cuenca;16064 Casas de Haro;De 90 a 94 años;1 de enero de 2020;12
Total;16 Cuenca;16064 Casas de Haro;De 95 a 99 años;1 de enero de 2020;3
Total;16 Cuenca;16064 Casas de Haro;100 y más años;1 de enero de 2020;0
Total;16 Cuenca;16065 Casas de los Pinos;Todas las edades;1 de enero de 2020;435
Total;16 Cuenca;16065 Casas de los Pinos;De 0 a 4 años;1 de enero de 2020;9
Total;16 Cuenca;16065 Casas de los Pinos;De 5 a 9 años;1 de enero de 2020;12
Total;16 Cuenca;16065 Casas de los Pinos;De 10 a 14 años;1 de enero de 2020;10
Total;16 Cuenca;16065 Casas de los Pinos;De 65 a 69 años;1 de enero de 2020;30
Total;16 Cuenca;16065 Casas de los Pinos;De 70 a 74 años;1 de enero de 2020;22
Total;16 Cuenca;16065 Casas de los Pinos;De 75 a 79 años;1 de enero de 2020;32
Total;16 Cuenca;16065 Casas de los Pinos;De 80 a 84 años;1 de enero de 2020;27
Total;16 Cuenca;16065 Casas de los Pinos;De 85 a 89 años;1 de enero de 2020;28
Total;16 Cuenca;16065 Casas de los Pinos;De 90 a 94 años;1 de enero de 2020;18
Total;16 Cuenca;16065 Casas de los Pinos;De 95 a 99 años;1 de enero de 2020;2
Total;16 Cuenca;16065 Casas de los Pinos;100 y más años;1 de enero de 2020;0
Total;16 Cuenca;16066 Casasimarro;Todas las edades;1 de enero de 2020;3.103
Total;16 Cuenca;16066 Casasimarro;De 0 a 4 años;1 de enero de 2020;149
Total;16 Cuenca;16066 Casasimarro;De 5 a 9 años;1 de enero de 2020;156
Total;16 Cuenca;16066 Casasimarro;De 10 a 14 años;1 de enero de 2020;137
Total;16 Cuenca;16066 Casasimarro;De 65 a 69 años;1 de enero de 2020;152
Total;16 Cuenca;16066 Casasimarro;De 70 a 74 años;1 de enero de 2020;128
Total;16 Cuenca;16066 Casasimarro;De 75 a 79 años;1 de enero de 2020;141
Total;16 Cuenca;16066 Casasimarro;De 80 a 84 años;1 de enero de 2020;109
Total;16 Cuenca;16066 Casasimarro;De 85 a 89 años;1 de enero de 2020;98
Total;16 Cuenca;16066 Casasimarro;De 90 a 94 años;1 de enero de 2020;54
Total;16 Cuenca;16066 Casasimarro;De 95 a 99 años;1 de enero de 2020;10
Total;16 Cuenca;16066 Casasimarro;100 y más años;1 de enero de 2020;0
Total;16 Cuenca;16067 Castejón;Todas las edades;1 de enero de 2020;135
Total;16 Cuenca;16067 Castejón;De 0 a 4 años;1 de enero de 2020;1
Total;16 Cuenca;16067 Castejón;De 5 a 9 años;1 de enero de 2020;1
Total;16 Cuenca;16067 Castejón;De 10 a 14 años;1 de enero de 2020;1
Total;16 Cuenca;16067 Castejón;De 65 a 69 años;1 de enero de 2020;14
Total;16 Cuenca;16067 Castejón;De 70 a 74 años;1 de enero de 2020;9
Total;16 Cuenca;16067 Castejón;De 75 a 79 años;1 de enero de 2020;8
Total;16 Cuenca;16067 Castejón;De 80 a 84 años;1 de enero de 2020;7
Total;16 Cuenca;16067 Castejón;De 85 a 89 años;1 de enero de 2020;10
Total;16 Cuenca;16067 Castejón;De 90 a 94 años;1 de enero de 2020;5
Total;16 Cuenca;16067 Castejón;De 95 a 99 años;1 de enero de 2020;0
Total;16 Cuenca;16067 Castejón;100 y más años;1 de enero de 2020;0
Total;16 Cuenca;16068 Castillejo de Iniesta;Todas las edades;1 de enero de 2020;151
Total;16 Cuenca;16068 Castillejo de Iniesta;De 0 a 4 años;1 de enero de 2020;2
Total;16 Cuenca;16068 Castillejo de Iniesta;De 5 a 9 años;1 de enero de 2020;6
Total;16 Cuenca;16068 Castillejo de Iniesta;De 10 a 14 años;1 de enero de 2020;3
Total;16 Cuenca;16068 Castillejo de Iniesta;De 65 a 69 años;1 de enero de 2020;5
Total;16 Cuenca;16068 Castillejo de Iniesta;De 70 a 74 años;1 de enero de 2020;4
Total;16 Cuenca;16068 Castillejo de Iniesta;De 75 a 79 años;1 de enero de 2020;8
Total;16 Cuenca;16068 Castillejo de Iniesta;De 80 a 84 años;1 de enero de 2020;11
Total;16 Cuenca;16068 Castillejo de Iniesta;De 85 a 89 años;1 de enero de 2020;10
Total;16 Cuenca;16068 Castillejo de Iniesta;De 90 a 94 años;1 de enero de 2020;4
Total;16 Cuenca;16068 Castillejo de Iniesta;De 95 a 99 años;1 de enero de 2020;2
Total;16 Cuenca;16068 Castillejo de Iniesta;100 y más años;1 de enero de 2020;0
Total;16 Cuenca;16070 Castillejo-Sierra;Todas las edades;1 de enero de 2020;31
Total;16 Cuenca;16070 Castillejo-Sierra;De 0 a 4 años;1 de enero de 2020;1
Total;16 Cuenca;16070 Castillejo-Sierra;De 5 a 9 años;1 de enero de 2020;0
Total;16 Cuenca;16070 Castillejo-Sierra;De 10 a 14 años;1 de enero de 2020;0
Total;16 Cuenca;16070 Castillejo-Sierra;De 65 a 69 años;1 de enero de 2020;2
Total;16 Cuenca;16070 Castillejo-Sierra;De 70 a 74 años;1 de enero de 2020;0
Total;16 Cuenca;16070 Castillejo-Sierra;De 75 a 79 años;1 de enero de 2020;0
Total;16 Cuenca;16070 Castillejo-Sierra;De 80 a 84 años;1 de enero de 2020;0
Total;16 Cuenca;16070 Castillejo-Sierra;De 85 a 89 años;1 de enero de 2020;1
Total;16 Cuenca;16070 Castillejo-Sierra;De 90 a 94 años;1 de enero de 2020;3
Total;16 Cuenca;16070 Castillejo-Sierra;De 95 a 99 años;1 de enero de 2020;0
Total;16 Cuenca;16070 Castillejo-Sierra;100 y más años;1 de enero de 2020;0
Total;16 Cuenca;16072 Castillo de Garcimuñoz;Todas las edades;1 de enero de 2020;131
Total;16 Cuenca;16072 Castillo de Garcimuñoz;De 0 a 4 años;1 de enero de 2020;1
Total;16 Cuenca;16072 Castillo de Garcimuñoz;De 5 a 9 años;1 de enero de 2020;0
Total;16 Cuenca;16072 Castillo de Garcimuñoz;De 10 a 14 años;1 de enero de 2020;3
Total;16 Cuenca;16072 Castillo de Garcimuñoz;De 65 a 69 años;1 de enero de 2020;8
Total;16 Cuenca;16072 Castillo de Garcimuñoz;De 70 a 74 años;1 de enero de 2020;7
Total;16 Cuenca;16072 Castillo de Garcimuñoz;De 75 a 79 años;1 de enero de 2020;16
Total;16 Cuenca;16072 Castillo de Garcimuñoz;De 80 a 84 años;1 de enero de 2020;7
Total;16 Cuenca;16072 Castillo de Garcimuñoz;De 85 a 89 años;1 de enero de 2020;8
Total;16 Cuenca;16072 Castillo de Garcimuñoz;De 90 a 94 años;1 de enero de 2020;5
Total;16 Cuenca;16072 Castillo de Garcimuñoz;De 95 a 99 años;1 de enero de 2020;4
Total;16 Cuenca;16072 Castillo de Garcimuñoz;100 y más años;1 de enero de 2020;1
Total;16 Cuenca;16071 Castillo-Albaráñez;Todas las edades;1 de enero de 2020;21
Total;16 Cuenca;16071 Castillo-Albaráñez;De 0 a 4 años;1 de enero de 2020;2
Total;16 Cuenca;16071 Castillo-Albaráñez;De 5 a 9 años;1 de enero de 2020;0
Total;16 Cuenca;16071 Castillo-Albaráñez;De 10 a 14 años;1 de enero de 2020;0
Total;16 Cuenca;16071 Castillo-Albaráñez;De 65 a 69 años;1 de enero de 2020;4
Total;16 Cuenca;16071 Castillo-Albaráñez;De 70 a 74 años;1 de enero de 2020;5
Total;16 Cuenca;16071 Castillo-Albaráñez;De 75 a 79 años;1 de enero de 2020;0
Total;16 Cuenca;16071 Castillo-Albaráñez;De 80 a 84 años;1 de enero de 2020;0
Total;16 Cuenca;16071 Castillo-Albaráñez;De 85 a 89 años;1 de enero de 2020;0
Total;16 Cuenca;16071 Castillo-Albaráñez;De 90 a 94 años;1 de enero de 2020;0
Total;16 Cuenca;16071 Castillo-Albaráñez;De 95 a 99 años;1 de enero de 2020;1
Total;16 Cuenca;16071 Castillo-Albaráñez;100 y más años;1 de enero de 2020;0
Total;16 Cuenca;16073 Cervera del Llano;Todas las edades;1 de enero de 2020;218
Total;16 Cuenca;16073 Cervera del Llano;De 0 a 4 años;1 de enero de 2020;1
Total;16 Cuenca;16073 Cervera del Llano;De 5 a 9 años;1 de enero de 2020;8
Total;16 Cuenca;16073 Cervera del Llano;De 10 a 14 años;1 de enero de 2020;8
Total;16 Cuenca;16073 Cervera del Llano;De 65 a 69 años;1 de enero de 2020;13
Total;16 Cuenca;16073 Cervera del Llano;De 70 a 74 años;1 de enero de 2020;17
Total;16 Cuenca;16073 Cervera del Llano;De 75 a 79 años;1 de enero de 2020;16
Total;16 Cuenca;16073 Cervera del Llano;De 80 a 84 años;1 de enero de 2020;12
Total;16 Cuenca;16073 Cervera del Llano;De 85 a 89 años;1 de enero de 2020;10
Total;16 Cuenca;16073 Cervera del Llano;De 90 a 94 años;1 de enero de 2020;6
Total;16 Cuenca;16073 Cervera del Llano;De 95 a 99 años;1 de enero de 2020;0
Total;16 Cuenca;16073 Cervera del Llano;100 y más años;1 de enero de 2020;0
Total;16 Cuenca;16023 Chillarón de Cuenca;Todas las edades;1 de enero de 2020;632
Total;16 Cuenca;16023 Chillarón de Cuenca;De 0 a 4 años;1 de enero de 2020;19
Total;16 Cuenca;16023 Chillarón de Cuenca;De 5 a 9 años;1 de enero de 2020;36
Total;16 Cuenca;16023 Chillarón de Cuenca;De 10 a 14 años;1 de enero de 2020;44
Total;16 Cuenca;16023 Chillarón de Cuenca;De 65 a 69 años;1 de enero de 2020;27
Total;16 Cuenca;16023 Chillarón de Cuenca;De 70 a 74 años;1 de enero de 2020;19
Total;16 Cuenca;16023 Chillarón de Cuenca;De 75 a 79 años;1 de enero de 2020;31
Total;16 Cuenca;16023 Chillarón de Cuenca;De 80 a 84 años;1 de enero de 2020;14
Total;16 Cuenca;16023 Chillarón de Cuenca;De 85 a 89 años;1 de enero de 2020;19
Total;16 Cuenca;16023 Chillarón de Cuenca;De 90 a 94 años;1 de enero de 2020;9
Total;16 Cuenca;16023 Chillarón de Cuenca;De 95 a 99 años;1 de enero de 2020;1
Total;16 Cuenca;16023 Chillarón de Cuenca;100 y más años;1 de enero de 2020;1
Total;16 Cuenca;16081 Chumillas;Todas las edades;1 de enero de 2020;58
Total;16 Cuenca;16081 Chumillas;De 0 a 4 años;1 de enero de 2020;0
Total;16 Cuenca;16081 Chumillas;De 5 a 9 años;1 de enero de 2020;1
Total;16 Cuenca;16081 Chumillas;De 10 a 14 años;1 de enero de 2020;9
Total;16 Cuenca;16081 Chumillas;De 65 a 69 años;1 de enero de 2020;3
Total;16 Cuenca;16081 Chumillas;De 70 a 74 años;1 de enero de 2020;3
Total;16 Cuenca;16081 Chumillas;De 75 a 79 años;1 de enero de 2020;2
Total;16 Cuenca;16081 Chumillas;De 80 a 84 años;1 de enero de 2020;2
Total;16 Cuenca;16081 Chumillas;De 85 a 89 años;1 de enero de 2020;2
Total;16 Cuenca;16081 Chumillas;De 90 a 94 años;1 de enero de 2020;0
Total;16 Cuenca;16081 Chumillas;De 95 a 99 años;1 de enero de 2020;0
Total;16 Cuenca;16081 Chumillas;100 y más años;1 de enero de 2020;0
Total;16 Cuenca;16074 Cierva, La;Todas las edades;1 de enero de 2020;31
Total;16 Cuenca;16074 Cierva, La;De 0 a 4 años;1 de enero de 2020;0
Total;16 Cuenca;16074 Cierva, La;De 5 a 9 años;1 de enero de 2020;0
Total;16 Cuenca;16074 Cierva, La;De 10 a 14 años;1 de enero de 2020;0
Total;16 Cuenca;16074 Cierva, La;De 65 a 69 años;1 de enero de 2020;2
Total;16 Cuenca;16074 Cierva, La;De 70 a 74 años;1 de enero de 2020;1
Total;16 Cuenca;16074 Cierva, La;De 75 a 79 años;1 de enero de 2020;7
Total;16 Cuenca;16074 Cierva, La;De 80 a 84 años;1 de enero de 2020;1
Total;16 Cuenca;16074 Cierva, La;De 85 a 89 años;1 de enero de 2020;4
Total;16 Cuenca;16074 Cierva, La;De 90 a 94 años;1 de enero de 2020;1
Total;16 Cuenca;16074 Cierva, La;De 95 a 99 años;1 de enero de 2020;0
Total;16 Cuenca;16074 Cierva, La;100 y más años;1 de enero de 2020;0
Total;16 Cuenca;16078 Cuenca;Todas las edades;1 de enero de 2020;54.621
Total;16 Cuenca;16078 Cuenca;De 0 a 4 años;1 de enero de 2020;2.084
Total;16 Cuenca;16078 Cuenca;De 5 a 9 años;1 de enero de 2020;2.623
Total;16 Cuenca;16078 Cuenca;De 10 a 14 años;1 de enero de 2020;2.912
Total;16 Cuenca;16078 Cuenca;De 65 a 69 años;1 de enero de 2020;2.595
Total;16 Cuenca;16078 Cuenca;De 70 a 74 años;1 de enero de 2020;2.178
Total;16 Cuenca;16078 Cuenca;De 75 a 79 años;1 de enero de 2020;1.879
Total;16 Cuenca;16078 Cuenca;De 80 a 84 años;1 de enero de 2020;1.432
Total;16 Cuenca;16078 Cuenca;De 85 a 89 años;1 de enero de 2020;1.347
Total;16 Cuenca;16078 Cuenca;De 90 a 94 años;1 de enero de 2020;620
Total;16 Cuenca;16078 Cuenca;De 95 a 99 años;1 de enero de 2020;157
Total;16 Cuenca;16078 Cuenca;100 y más años;1 de enero de 2020;26
Total;16 Cuenca;16079 Cueva del Hierro;Todas las edades;1 de enero de 2020;32
Total;16 Cuenca;16079 Cueva del Hierro;De 0 a 4 años;1 de enero de 2020;0
Total;16 Cuenca;16079 Cueva del Hierro;De 5 a 9 años;1 de enero de 2020;0
Total;16 Cuenca;16079 Cueva del Hierro;De 10 a 14 años;1 de enero de 2020;1
Total;16 Cuenca;16079 Cueva del Hierro;De 65 a 69 años;1 de enero de 2020;2
Total;16 Cuenca;16079 Cueva del Hierro;De 70 a 74 años;1 de enero de 2020;3
Total;16 Cuenca;16079 Cueva del Hierro;De 75 a 79 años;1 de enero de 2020;1
Total;16 Cuenca;16079 Cueva del Hierro;De 80 a 84 años;1 de enero de 2020;2
Total;16 Cuenca;16079 Cueva del Hierro;De 85 a 89 años;1 de enero de 2020;0
Total;16 Cuenca;16079 Cueva del Hierro;De 90 a 94 años;1 de enero de 2020;3
Total;16 Cuenca;16079 Cueva del Hierro;De 95 a 99 años;1 de enero de 2020;0
Total;16 Cuenca;16079 Cueva del Hierro;100 y más años;1 de enero de 2020;0
Total;16 Cuenca;16082 Enguídanos;Todas las edades;1 de enero de 2020;313
Total;16 Cuenca;16082 Enguídanos;De 0 a 4 años;1 de enero de 2020;9
Total;16 Cuenca;16082 Enguídanos;De 5 a 9 años;1 de enero de 2020;12
Total;16 Cuenca;16082 Enguídanos;De 10 a 14 años;1 de enero de 2020;6
Total;16 Cuenca;16082 Enguídanos;De 65 a 69 años;1 de enero de 2020;25
Total;16 Cuenca;16082 Enguídanos;De 70 a 74 años;1 de enero de 2020;15
Total;16 Cuenca;16082 Enguídanos;De 75 a 79 años;1 de enero de 2020;20
Total;16 Cuenca;16082 Enguídanos;De 80 a 84 años;1 de enero de 2020;24
Total;16 Cuenca;16082 Enguídanos;De 85 a 89 años;1 de enero de 2020;19
Total;16 Cuenca;16082 Enguídanos;De 90 a 94 años;1 de enero de 2020;9
Total;16 Cuenca;16082 Enguídanos;De 95 a 99 años;1 de enero de 2020;3
Total;16 Cuenca;16082 Enguídanos;100 y más años;1 de enero de 2020;1
Total;16 Cuenca;16083 Fresneda de Altarejos;Todas las edades;1 de enero de 2020;37
Total;16 Cuenca;16083 Fresneda de Altarejos;De 0 a 4 años;1 de enero de 2020;0
Total;16 Cuenca;16083 Fresneda de Altarejos;De 5 a 9 años;1 de enero de 2020;0
Total;16 Cuenca;16083 Fresneda de Altarejos;De 10 a 14 años;1 de enero de 2020;0
Total;16 Cuenca;16083 Fresneda de Altarejos;De 65 a 69 años;1 de enero de 2020;1
Total;16 Cuenca;16083 Fresneda de Altarejos;De 70 a 74 años;1 de enero de 2020;0
Total;16 Cuenca;16083 Fresneda de Altarejos;De 75 a 79 años;1 de enero de 2020;2
Total;16 Cuenca;16083 Fresneda de Altarejos;De 80 a 84 años;1 de enero de 2020;3
Total;16 Cuenca;16083 Fresneda de Altarejos;De 85 a 89 años;1 de enero de 2020;4
Total;16 Cuenca;16083 Fresneda de Altarejos;De 90 a 94 años;1 de enero de 2020;1
Total;16 Cuenca;16083 Fresneda de Altarejos;De 95 a 99 años;1 de enero de 2020;0
Total;16 Cuenca;16083 Fresneda de Altarejos;100 y más años;1 de enero de 2020;0
Total;16 Cuenca;16084 Fresneda de la Sierra;Todas las edades;1 de enero de 2020;51
Total;16 Cuenca;16084 Fresneda de la Sierra;De 0 a 4 años;1 de enero de 2020;0
Total;16 Cuenca;16084 Fresneda de la Sierra;De 5 a 9 años;1 de enero de 2020;0
Total;16 Cuenca;16084 Fresneda de la Sierra;De 10 a 14 años;1 de enero de 2020;1
Total;16 Cuenca;16084 Fresneda de la Sierra;De 65 a 69 años;1 de enero de 2020;2
Total;16 Cuenca;16084 Fresneda de la Sierra;De 70 a 74 años;1 de enero de 2020;3
Total;16 Cuenca;16084 Fresneda de la Sierra;De 75 a 79 años;1 de enero de 2020;0
Total;16 Cuenca;16084 Fresneda de la Sierra;De 80 a 84 años;1 de enero de 2020;5
Total;16 Cuenca;16084 Fresneda de la Sierra;De 85 a 89 años;1 de enero de 2020;5
Total;16 Cuenca;16084 Fresneda de la Sierra;De 90 a 94 años;1 de enero de 2020;3
Total;16 Cuenca;16084 Fresneda de la Sierra;De 95 a 99 años;1 de enero de 2020;1
Total;16 Cuenca;16084 Fresneda de la Sierra;100 y más años;1 de enero de 2020;0
Total;16 Cuenca;16085 Frontera, La;Todas las edades;1 de enero de 2020;148
Total;16 Cuenca;16085 Frontera, La;De 0 a 4 años;1 de enero de 2020;5
Total;16 Cuenca;16085 Frontera, La;De 5 a 9 años;1 de enero de 2020;3
Total;16 Cuenca;16085 Frontera, La;De 10 a 14 años;1 de enero de 2020;2
Total;16 Cuenca;16085 Frontera, La;De 65 a 69 años;1 de enero de 2020;5
Total;16 Cuenca;16085 Frontera, La;De 70 a 74 años;1 de enero de 2020;9
Total;16 Cuenca;16085 Frontera, La;De 75 a 79 años;1 de enero de 2020;8
Total;16 Cuenca;16085 Frontera, La;De 80 a 84 años;1 de enero de 2020;7
Total;16 Cuenca;16085 Frontera, La;De 85 a 89 años;1 de enero de 2020;15
Total;16 Cuenca;16085 Frontera, La;De 90 a 94 años;1 de enero de 2020;8
Total;16 Cuenca;16085 Frontera, La;De 95 a 99 años;1 de enero de 2020;1
Total;16 Cuenca;16085 Frontera, La;100 y más años;1 de enero de 2020;0
Total;16 Cuenca;16086 Fuente de Pedro Naharro;Todas las edades;1 de enero de 2020;1.215
Total;16 Cuenca;16086 Fuente de Pedro Naharro;De 0 a 4 años;1 de enero de 2020;45
Total;16 Cuenca;16086 Fuente de Pedro Naharro;De 5 a 9 años;1 de enero de 2020;45
Total;16 Cuenca;16086 Fuente de Pedro Naharro;De 10 a 14 años;1 de enero de 2020;61
Total;16 Cuenca;16086 Fuente de Pedro Naharro;De 65 a 69 años;1 de enero de 2020;49
Total;16 Cuenca;16086 Fuente de Pedro Naharro;De 70 a 74 años;1 de enero de 2020;54
Total;16 Cuenca;16086 Fuente de Pedro Naharro;De 75 a 79 años;1 de enero de 2020;35
Total;16 Cuenca;16086 Fuente de Pedro Naharro;De 80 a 84 años;1 de enero de 2020;41
Total;16 Cuenca;16086 Fuente de Pedro Naharro;De 85 a 89 años;1 de enero de 2020;53
Total;16 Cuenca;16086 Fuente de Pedro Naharro;De 90 a 94 años;1 de enero de 2020;20
Total;16 Cuenca;16086 Fuente de Pedro Naharro;De 95 a 99 años;1 de enero de 2020;4
Total;16 Cuenca;16086 Fuente de Pedro Naharro;100 y más años;1 de enero de 2020;0
Total;16 Cuenca;16087 Fuentelespino de Haro;Todas las edades;1 de enero de 2020;268
Total;16 Cuenca;16087 Fuentelespino de Haro;De 0 a 4 años;1 de enero de 2020;2
Total;16 Cuenca;16087 Fuentelespino de Haro;De 5 a 9 años;1 de enero de 2020;7
Total;16 Cuenca;16087 Fuentelespino de Haro;De 10 a 14 años;1 de enero de 2020;6
Total;16 Cuenca;16087 Fuentelespino de Haro;De 65 a 69 años;1 de enero de 2020;20
Total;16 Cuenca;16087 Fuentelespino de Haro;De 70 a 74 años;1 de enero de 2020;22
Total;16 Cuenca;16087 Fuentelespino de Haro;De 75 a 79 años;1 de enero de 2020;17
Total;16 Cuenca;16087 Fuentelespino de Haro;De 80 a 84 años;1 de enero de 2020;27
Total;16 Cuenca;16087 Fuentelespino de Haro;De 85 a 89 años;1 de enero de 2020;30
Total;16 Cuenca;16087 Fuentelespino de Haro;De 90 a 94 años;1 de enero de 2020;16
Total;16 Cuenca;16087 Fuentelespino de Haro;De 95 a 99 años;1 de enero de 2020;4
Total;16 Cuenca;16087 Fuentelespino de Haro;100 y más años;1 de enero de 2020;0
Total;16 Cuenca;16088 Fuentelespino de Moya;Todas las edades;1 de enero de 2020;104
Total;16 Cuenca;16088 Fuentelespino de Moya;De 0 a 4 años;1 de enero de 2020;4
Total;16 Cuenca;16088 Fuentelespino de Moya;De 5 a 9 años;1 de enero de 2020;1
Total;16 Cuenca;16088 Fuentelespino de Moya;De 10 a 14 años;1 de enero de 2020;2
Total;16 Cuenca;16088 Fuentelespino de Moya;De 65 a 69 años;1 de enero de 2020;6
Total;16 Cuenca;16088 Fuentelespino de Moya;De 70 a 74 años;1 de enero de 2020;6
Total;16 Cuenca;16088 Fuentelespino de Moya;De 75 a 79 años;1 de enero de 2020;4
Total;16 Cuenca;16088 Fuentelespino de Moya;De 80 a 84 años;1 de enero de 2020;12
Total;16 Cuenca;16088 Fuentelespino de Moya;De 85 a 89 años;1 de enero de 2020;7
Total;16 Cuenca;16088 Fuentelespino de Moya;De 90 a 94 años;1 de enero de 2020;1
Total;16 Cuenca;16088 Fuentelespino de Moya;De 95 a 99 años;1 de enero de 2020;0
Total;16 Cuenca;16088 Fuentelespino de Moya;100 y más años;1 de enero de 2020;0
Total;16 Cuenca;16904 Fuentenava de Jábaga;Todas las edades;1 de enero de 2020;489
Total;16 Cuenca;16904 Fuentenava de Jábaga;De 0 a 4 años;1 de enero de 2020;7
Total;16 Cuenca;16904 Fuentenava de Jábaga;De 5 a 9 años;1 de enero de 2020;13
Total;16 Cuenca;16904 Fuentenava de Jábaga;De 10 a 14 años;1 de enero de 2020;17
Total;16 Cuenca;16904 Fuentenava de Jábaga;De 65 a 69 años;1 de enero de 2020;31
Total;16 Cuenca;16904 Fuentenava de Jábaga;De 70 a 74 años;1 de enero de 2020;29
Total;16 Cuenca;16904 Fuentenava de Jábaga;De 75 a 79 años;1 de enero de 2020;22
Total;16 Cuenca;16904 Fuentenava de Jábaga;De 80 a 84 años;1 de enero de 2020;9
Total;16 Cuenca;16904 Fuentenava de Jábaga;De 85 a 89 años;1 de enero de 2020;16
Total;16 Cuenca;16904 Fuentenava de Jábaga;De 90 a 94 años;1 de enero de 2020;4
Total;16 Cuenca;16904 Fuentenava de Jábaga;De 95 a 99 años;1 de enero de 2020;1
Total;16 Cuenca;16904 Fuentenava de Jábaga;100 y más años;1 de enero de 2020;1
Total;16 Cuenca;16089 Fuentes;Todas las edades;1 de enero de 2020;458
Total;16 Cuenca;16089 Fuentes;De 0 a 4 años;1 de enero de 2020;9
Total;16 Cuenca;16089 Fuentes;De 5 a 9 años;1 de enero de 2020;13
Total;16 Cuenca;16089 Fuentes;De 10 a 14 años;1 de enero de 2020;24
Total;16 Cuenca;16089 Fuentes;De 65 a 69 años;1 de enero de 2020;28
Total;16 Cuenca;16089 Fuentes;De 70 a 74 años;1 de enero de 2020;21
Total;16 Cuenca;16089 Fuentes;De 75 a 79 años;1 de enero de 2020;29
Total;16 Cuenca;16089 Fuentes;De 80 a 84 años;1 de enero de 2020;23
Total;16 Cuenca;16089 Fuentes;De 85 a 89 años;1 de enero de 2020;21
Total;16 Cuenca;16089 Fuentes;De 90 a 94 años;1 de enero de 2020;6
Total;16 Cuenca;16089 Fuentes;De 95 a 99 años;1 de enero de 2020;1
Total;16 Cuenca;16089 Fuentes;100 y más años;1 de enero de 2020;0
Total;16 Cuenca;16091 Fuertescusa;Todas las edades;1 de enero de 2020;60
Total;16 Cuenca;16091 Fuertescusa;De 0 a 4 años;1 de enero de 2020;0
Total;16 Cuenca;16091 Fuertescusa;De 5 a 9 años;1 de enero de 2020;0
Total;16 Cuenca;16091 Fuertescusa;De 10 a 14 años;1 de enero de 2020;1
Total;16 Cuenca;16091 Fuertescusa;De 65 a 69 años;1 de enero de 2020;5
Total;16 Cuenca;16091 Fuertescusa;De 70 a 74 años;1 de enero de 2020;3
Total;16 Cuenca;16091 Fuertescusa;De 75 a 79 años;1 de enero de 2020;11
Total;16 Cuenca;16091 Fuertescusa;De 80 a 84 años;1 de enero de 2020;2
Total;16 Cuenca;16091 Fuertescusa;De 85 a 89 años;1 de enero de 2020;7
Total;16 Cuenca;16091 Fuertescusa;De 90 a 94 años;1 de enero de 2020;4
Total;16 Cuenca;16091 Fuertescusa;De 95 a 99 años;1 de enero de 2020;1
Total;16 Cuenca;16091 Fuertescusa;100 y más años;1 de enero de 2020;0
Total;16 Cuenca;16092 Gabaldón;Todas las edades;1 de enero de 2020;178
Total;16 Cuenca;16092 Gabaldón;De 0 a 4 años;1 de enero de 2020;3
Total;16 Cuenca;16092 Gabaldón;De 5 a 9 años;1 de enero de 2020;4
Total;16 Cuenca;16092 Gabaldón;De 10 a 14 años;1 de enero de 2020;8
Total;16 Cuenca;16092 Gabaldón;De 65 a 69 años;1 de enero de 2020;18
Total;16 Cuenca;16092 Gabaldón;De 70 a 74 años;1 de enero de 2020;7
Total;16 Cuenca;16092 Gabaldón;De 75 a 79 años;1 de enero de 2020;8
Total;16 Cuenca;16092 Gabaldón;De 80 a 84 años;1 de enero de 2020;4
Total;16 Cuenca;16092 Gabaldón;De 85 a 89 años;1 de enero de 2020;6
Total;16 Cuenca;16092 Gabaldón;De 90 a 94 años;1 de enero de 2020;7
Total;16 Cuenca;16092 Gabaldón;De 95 a 99 años;1 de enero de 2020;1
Total;16 Cuenca;16092 Gabaldón;100 y más años;1 de enero de 2020;0
Total;16 Cuenca;16093 Garaballa;Todas las edades;1 de enero de 2020;55
Total;16 Cuenca;16093 Garaballa;De 0 a 4 años;1 de enero de 2020;0
Total;16 Cuenca;16093 Garaballa;De 5 a 9 años;1 de enero de 2020;0
Total;16 Cuenca;16093 Garaballa;De 10 a 14 años;1 de enero de 2020;0
Total;16 Cuenca;16093 Garaballa;De 65 a 69 años;1 de enero de 2020;5
Total;16 Cuenca;16093 Garaballa;De 70 a 74 años;1 de enero de 2020;5
Total;16 Cuenca;16093 Garaballa;De 75 a 79 años;1 de enero de 2020;6
Total;16 Cuenca;16093 Garaballa;De 80 a 84 años;1 de enero de 2020;5
Total;16 Cuenca;16093 Garaballa;De 85 a 89 años;1 de enero de 2020;2
Total;16 Cuenca;16093 Garaballa;De 90 a 94 años;1 de enero de 2020;0
Total;16 Cuenca;16093 Garaballa;De 95 a 99 años;1 de enero de 2020;0
Total;16 Cuenca;16093 Garaballa;100 y más años;1 de enero de 2020;0
Total;16 Cuenca;16094 Gascueña;Todas las edades;1 de enero de 2020;143
Total;16 Cuenca;16094 Gascueña;De 0 a 4 años;1 de enero de 2020;2
Total;16 Cuenca;16094 Gascueña;De 5 a 9 años;1 de enero de 2020;4
Total;16 Cuenca;16094 Gascueña;De 10 a 14 años;1 de enero de 2020;6
Total;16 Cuenca;16094 Gascueña;De 65 a 69 años;1 de enero de 2020;11
Total;16 Cuenca;16094 Gascueña;De 70 a 74 años;1 de enero de 2020;12
Total;16 Cuenca;16094 Gascueña;De 75 a 79 años;1 de enero de 2020;11
Total;16 Cuenca;16094 Gascueña;De 80 a 84 años;1 de enero de 2020;6
Total;16 Cuenca;16094 Gascueña;De 85 a 89 años;1 de enero de 2020;9
Total;16 Cuenca;16094 Gascueña;De 90 a 94 años;1 de enero de 2020;4
Total;16 Cuenca;16094 Gascueña;De 95 a 99 años;1 de enero de 2020;1
Total;16 Cuenca;16094 Gascueña;100 y más años;1 de enero de 2020;0
Total;16 Cuenca;16095 Graja de Campalbo;Todas las edades;1 de enero de 2020;91
Total;16 Cuenca;16095 Graja de Campalbo;De 0 a 4 años;1 de enero de 2020;2
Total;16 Cuenca;16095 Graja de Campalbo;De 5 a 9 años;1 de enero de 2020;2
Total;16 Cuenca;16095 Graja de Campalbo;De 10 a 14 años;1 de enero de 2020;2
Total;16 Cuenca;16095 Graja de Campalbo;De 65 a 69 años;1 de enero de 2020;3
Total;16 Cuenca;16095 Graja de Campalbo;De 70 a 74 años;1 de enero de 2020;6
Total;16 Cuenca;16095 Graja de Campalbo;De 75 a 79 años;1 de enero de 2020;5
Total;16 Cuenca;16095 Graja de Campalbo;De 80 a 84 años;1 de enero de 2020;6
Total;16 Cuenca;16095 Graja de Campalbo;De 85 a 89 años;1 de enero de 2020;2
Total;16 Cuenca;16095 Graja de Campalbo;De 90 a 94 años;1 de enero de 2020;6
Total;16 Cuenca;16095 Graja de Campalbo;De 95 a 99 años;1 de enero de 2020;0
Total;16 Cuenca;16095 Graja de Campalbo;100 y más años;1 de enero de 2020;0
Total;16 Cuenca;16096 Graja de Iniesta;Todas las edades;1 de enero de 2020;358
Total;16 Cuenca;16096 Graja de Iniesta;De 0 a 4 años;1 de enero de 2020;12
Total;16 Cuenca;16096 Graja de Iniesta;De 5 a 9 años;1 de enero de 2020;14
Total;16 Cuenca;16096 Graja de Iniesta;De 10 a 14 años;1 de enero de 2020;10
Total;16 Cuenca;16096 Graja de Iniesta;De 65 a 69 años;1 de enero de 2020;16
Total;16 Cuenca;16096 Graja de Iniesta;De 70 a 74 años;1 de enero de 2020;10
Total;16 Cuenca;16096 Graja de Iniesta;De 75 a 79 años;1 de enero de 2020;12
Total;16 Cuenca;16096 Graja de Iniesta;De 80 a 84 años;1 de enero de 2020;15
Total;16 Cuenca;16096 Graja de Iniesta;De 85 a 89 años;1 de enero de 2020;8
Total;16 Cuenca;16096 Graja de Iniesta;De 90 a 94 años;1 de enero de 2020;9
Total;16 Cuenca;16096 Graja de Iniesta;De 95 a 99 años;1 de enero de 2020;0
Total;16 Cuenca;16096 Graja de Iniesta;100 y más años;1 de enero de 2020;0
Total;16 Cuenca;16097 Henarejos;Todas las edades;1 de enero de 2020;134
Total;16 Cuenca;16097 Henarejos;De 0 a 4 años;1 de enero de 2020;0
Total;16 Cuenca;16097 Henarejos;De 5 a 9 años;1 de enero de 2020;0
Total;16 Cuenca;16097 Henarejos;De 10 a 14 años;1 de enero de 2020;3
Total;16 Cuenca;16097 Henarejos;De 65 a 69 años;1 de enero de 2020;11
Total;16 Cuenca;16097 Henarejos;De 70 a 74 años;1 de enero de 2020;14
Total;16 Cuenca;16097 Henarejos;De 75 a 79 años;1 de enero de 2020;16
Total;16 Cuenca;16097 Henarejos;De 80 a 84 años;1 de enero de 2020;17
Total;16 Cuenca;16097 Henarejos;De 85 a 89 años;1 de enero de 2020;8
Total;16 Cuenca;16097 Henarejos;De 90 a 94 años;1 de enero de 2020;1
Total;16 Cuenca;16097 Henarejos;De 95 a 99 años;1 de enero de 2020;0
Total;16 Cuenca;16097 Henarejos;100 y más años;1 de enero de 2020;1
Total;16 Cuenca;16098 Herrumblar, El;Todas las edades;1 de enero de 2020;677
Total;16 Cuenca;16098 Herrumblar, El;De 0 a 4 años;1 de enero de 2020;21
Total;16 Cuenca;16098 Herrumblar, El;De 5 a 9 años;1 de enero de 2020;26
Total;16 Cuenca;16098 Herrumblar, El;De 10 a 14 años;1 de enero de 2020;22
Total;16 Cuenca;16098 Herrumblar, El;De 65 a 69 años;1 de enero de 2020;39
Total;16 Cuenca;16098 Herrumblar, El;De 70 a 74 años;1 de enero de 2020;34
Total;16 Cuenca;16098 Herrumblar, El;De 75 a 79 años;1 de enero de 2020;38
Total;16 Cuenca;16098 Herrumblar, El;De 80 a 84 años;1 de enero de 2020;31
Total;16 Cuenca;16098 Herrumblar, El;De 85 a 89 años;1 de enero de 2020;22
Total;16 Cuenca;16098 Herrumblar, El;De 90 a 94 años;1 de enero de 2020;11
Total;16 Cuenca;16098 Herrumblar, El;De 95 a 99 años;1 de enero de 2020;0
Total;16 Cuenca;16098 Herrumblar, El;100 y más años;1 de enero de 2020;0
Total;16 Cuenca;16099 Hinojosa, La;Todas las edades;1 de enero de 2020;180
Total;16 Cuenca;16099 Hinojosa, La;De 0 a 4 años;1 de enero de 2020;0
Total;16 Cuenca;16099 Hinojosa, La;De 5 a 9 años;1 de enero de 2020;3
Total;16 Cuenca;16099 Hinojosa, La;De 10 a 14 años;1 de enero de 2020;1
Total;16 Cuenca;16099 Hinojosa, La;De 65 a 69 años;1 de enero de 2020;18
Total;16 Cuenca;16099 Hinojosa, La;De 70 a 74 años;1 de enero de 2020;13
Total;16 Cuenca;16099 Hinojosa, La;De 75 a 79 años;1 de enero de 2020;12
Total;16 Cuenca;16099 Hinojosa, La;De 80 a 84 años;1 de enero de 2020;9
Total;16 Cuenca;16099 Hinojosa, La;De 85 a 89 años;1 de enero de 2020;11
Total;16 Cuenca;16099 Hinojosa, La;De 90 a 94 años;1 de enero de 2020;10
Total;16 Cuenca;16099 Hinojosa, La;De 95 a 99 años;1 de enero de 2020;2
Total;16 Cuenca;16099 Hinojosa, La;100 y más años;1 de enero de 2020;0
Total;16 Cuenca;16100 Hinojosos, Los;Todas las edades;1 de enero de 2020;784
Total;16 Cuenca;16100 Hinojosos, Los;De 0 a 4 años;1 de enero de 2020;22
Total;16 Cuenca;16100 Hinojosos, Los;De 5 a 9 años;1 de enero de 2020;25
Total;16 Cuenca;16100 Hinojosos, Los;De 10 a 14 años;1 de enero de 2020;27
Total;16 Cuenca;16100 Hinojosos, Los;De 65 a 69 años;1 de enero de 2020;42
Total;16 Cuenca;16100 Hinojosos, Los;De 70 a 74 años;1 de enero de 2020;49
Total;16 Cuenca;16100 Hinojosos, Los;De 75 a 79 años;1 de enero de 2020;55
Total;16 Cuenca;16100 Hinojosos, Los;De 80 a 84 años;1 de enero de 2020;51
Total;16 Cuenca;16100 Hinojosos, Los;De 85 a 89 años;1 de enero de 2020;32
Total;16 Cuenca;16100 Hinojosos, Los;De 90 a 94 años;1 de enero de 2020;12
Total;16 Cuenca;16100 Hinojosos, Los;De 95 a 99 años;1 de enero de 2020;4
Total;16 Cuenca;16100 Hinojosos, Los;100 y más años;1 de enero de 2020;0
Total;16 Cuenca;16101 Hito, El;Todas las edades;1 de enero de 2020;135
Total;16 Cuenca;16101 Hito, El;De 0 a 4 años;1 de enero de 2020;0
Total;16 Cuenca;16101 Hito, El;De 5 a 9 años;1 de enero de 2020;0
Total;16 Cuenca;16101 Hito, El;De 10 a 14 años;1 de enero de 2020;0
Total;16 Cuenca;16101 Hito, El;De 65 a 69 años;1 de enero de 2020;6
Total;16 Cuenca;16101 Hito, El;De 70 a 74 años;1 de enero de 2020;16
Total;16 Cuenca;16101 Hito, El;De 75 a 79 años;1 de enero de 2020;8
Total;16 Cuenca;16101 Hito, El;De 80 a 84 años;1 de enero de 2020;17
Total;16 Cuenca;16101 Hito, El;De 85 a 89 años;1 de enero de 2020;10
Total;16 Cuenca;16101 Hito, El;De 90 a 94 años;1 de enero de 2020;10
Total;16 Cuenca;16101 Hito, El;De 95 a 99 años;1 de enero de 2020;0
Total;16 Cuenca;16101 Hito, El;100 y más años;1 de enero de 2020;0
Total;16 Cuenca;16102 Honrubia;Todas las edades;1 de enero de 2020;1.531
Total;16 Cuenca;16102 Honrubia;De 0 a 4 años;1 de enero de 2020;38
Total;16 Cuenca;16102 Honrubia;De 5 a 9 años;1 de enero de 2020;56
Total;16 Cuenca;16102 Honrubia;De 10 a 14 años;1 de enero de 2020;77
Total;16 Cuenca;16102 Honrubia;De 65 a 69 años;1 de enero de 2020;77
Total;16 Cuenca;16102 Honrubia;De 70 a 74 años;1 de enero de 2020;66
Total;16 Cuenca;16102 Honrubia;De 75 a 79 años;1 de enero de 2020;84
Total;16 Cuenca;16102 Honrubia;De 80 a 84 años;1 de enero de 2020;62
Total;16 Cuenca;16102 Honrubia;De 85 a 89 años;1 de enero de 2020;55
Total;16 Cuenca;16102 Honrubia;De 90 a 94 años;1 de enero de 2020;29
Total;16 Cuenca;16102 Honrubia;De 95 a 99 años;1 de enero de 2020;2
Total;16 Cuenca;16102 Honrubia;100 y más años;1 de enero de 2020;0
Total;16 Cuenca;16103 Hontanaya;Todas las edades;1 de enero de 2020;245
Total;16 Cuenca;16103 Hontanaya;De 0 a 4 años;1 de enero de 2020;1
Total;16 Cuenca;16103 Hontanaya;De 5 a 9 años;1 de enero de 2020;1
Total;16 Cuenca;16103 Hontanaya;De 10 a 14 años;1 de enero de 2020;2
Total;16 Cuenca;16103 Hontanaya;De 65 a 69 años;1 de enero de 2020;22
Total;16 Cuenca;16103 Hontanaya;De 70 a 74 años;1 de enero de 2020;15
Total;16 Cuenca;16103 Hontanaya;De 75 a 79 años;1 de enero de 2020;26
Total;16 Cuenca;16103 Hontanaya;De 80 a 84 años;1 de enero de 2020;23
Total;16 Cuenca;16103 Hontanaya;De 85 a 89 años;1 de enero de 2020;21
Total;16 Cuenca;16103 Hontanaya;De 90 a 94 años;1 de enero de 2020;4
Total;16 Cuenca;16103 Hontanaya;De 95 a 99 años;1 de enero de 2020;2
Total;16 Cuenca;16103 Hontanaya;100 y más años;1 de enero de 2020;0
Total;16 Cuenca;16104 Hontecillas;Todas las edades;1 de enero de 2020;56
Total;16 Cuenca;16104 Hontecillas;De 0 a 4 años;1 de enero de 2020;0
Total;16 Cuenca;16104 Hontecillas;De 5 a 9 años;1 de enero de 2020;0
Total;16 Cuenca;16104 Hontecillas;De 10 a 14 años;1 de enero de 2020;0
Total;16 Cuenca;16104 Hontecillas;De 65 a 69 años;1 de enero de 2020;3
Total;16 Cuenca;16104 Hontecillas;De 70 a 74 años;1 de enero de 2020;9
Total;16 Cuenca;16104 Hontecillas;De 75 a 79 años;1 de enero de 2020;7
Total;16 Cuenca;16104 Hontecillas;De 80 a 84 años;1 de enero de 2020;4
Total;16 Cuenca;16104 Hontecillas;De 85 a 89 años;1 de enero de 2020;4
Total;16 Cuenca;16104 Hontecillas;De 90 a 94 años;1 de enero de 2020;0
Total;16 Cuenca;16104 Hontecillas;De 95 a 99 años;1 de enero de 2020;1
Total;16 Cuenca;16104 Hontecillas;100 y más años;1 de enero de 2020;0
Total;16 Cuenca;16106 Horcajo de Santiago;Todas las edades;1 de enero de 2020;3.504
Total;16 Cuenca;16106 Horcajo de Santiago;De 0 a 4 años;1 de enero de 2020;134
Total;16 Cuenca;16106 Horcajo de Santiago;De 5 a 9 años;1 de enero de 2020;153
Total;16 Cuenca;16106 Horcajo de Santiago;De 10 a 14 años;1 de enero de 2020;168
Total;16 Cuenca;16106 Horcajo de Santiago;De 65 a 69 años;1 de enero de 2020;165
Total;16 Cuenca;16106 Horcajo de Santiago;De 70 a 74 años;1 de enero de 2020;152
Total;16 Cuenca;16106 Horcajo de Santiago;De 75 a 79 años;1 de enero de 2020;192
Total;16 Cuenca;16106 Horcajo de Santiago;De 80 a 84 años;1 de enero de 2020;115
Total;16 Cuenca;16106 Horcajo de Santiago;De 85 a 89 años;1 de enero de 2020;98
Total;16 Cuenca;16106 Horcajo de Santiago;De 90 a 94 años;1 de enero de 2020;41
Total;16 Cuenca;16106 Horcajo de Santiago;De 95 a 99 años;1 de enero de 2020;14
Total;16 Cuenca;16106 Horcajo de Santiago;100 y más años;1 de enero de 2020;3
Total;16 Cuenca;16107 Huélamo;Todas las edades;1 de enero de 2020;87
Total;16 Cuenca;16107 Huélamo;De 0 a 4 años;1 de enero de 2020;0
Total;16 Cuenca;16107 Huélamo;De 5 a 9 años;1 de enero de 2020;2
Total;16 Cuenca;16107 Huélamo;De 10 a 14 años;1 de enero de 2020;3
Total;16 Cuenca;16107 Huélamo;De 65 a 69 años;1 de enero de 2020;11
Total;16 Cuenca;16107 Huélamo;De 70 a 74 años;1 de enero de 2020;8
Total;16 Cuenca;16107 Huélamo;De 75 a 79 años;1 de enero de 2020;3
Total;16 Cuenca;16107 Huélamo;De 80 a 84 años;1 de enero de 2020;6
Total;16 Cuenca;16107 Huélamo;De 85 a 89 años;1 de enero de 2020;8
Total;16 Cuenca;16107 Huélamo;De 90 a 94 años;1 de enero de 2020;3
Total;16 Cuenca;16107 Huélamo;De 95 a 99 años;1 de enero de 2020;1
Total;16 Cuenca;16107 Huélamo;100 y más años;1 de enero de 2020;0
Total;16 Cuenca;16108 Huelves;Todas las edades;1 de enero de 2020;80
Total;16 Cuenca;16108 Huelves;De 0 a 4 años;1 de enero de 2020;0
Total;16 Cuenca;16108 Huelves;De 5 a 9 años;1 de enero de 2020;4
Total;16 Cuenca;16108 Huelves;De 10 a 14 años;1 de enero de 2020;8
Total;16 Cuenca;16108 Huelves;De 65 a 69 años;1 de enero de 2020;6
Total;16 Cuenca;16108 Huelves;De 70 a 74 años;1 de enero de 2020;5
Total;16 Cuenca;16108 Huelves;De 75 a 79 años;1 de enero de 2020;3
Total;16 Cuenca;16108 Huelves;De 80 a 84 años;1 de enero de 2020;0
Total;16 Cuenca;16108 Huelves;De 85 a 89 años;1 de enero de 2020;1
Total;16 Cuenca;16108 Huelves;De 90 a 94 años;1 de enero de 2020;3
Total;16 Cuenca;16108 Huelves;De 95 a 99 años;1 de enero de 2020;0
Total;16 Cuenca;16108 Huelves;100 y más años;1 de enero de 2020;0
Total;16 Cuenca;16109 Huérguina;Todas las edades;1 de enero de 2020;51
Total;16 Cuenca;16109 Huérguina;De 0 a 4 años;1 de enero de 2020;0
Total;16 Cuenca;16109 Huérguina;De 5 a 9 años;1 de enero de 2020;1
Total;16 Cuenca;16109 Huérguina;De 10 a 14 años;1 de enero de 2020;0
Total;16 Cuenca;16109 Huérguina;De 65 a 69 años;1 de enero de 2020;7
Total;16 Cuenca;16109 Huérguina;De 70 a 74 años;1 de enero de 2020;3
Total;16 Cuenca;16109 Huérguina;De 75 a 79 años;1 de enero de 2020;6
Total;16 Cuenca;16109 Huérguina;De 80 a 84 años;1 de enero de 2020;4
Total;16 Cuenca;16109 Huérguina;De 85 a 89 años;1 de enero de 2020;1
Total;16 Cuenca;16109 Huérguina;De 90 a 94 años;1 de enero de 2020;2
Total;16 Cuenca;16109 Huérguina;De 95 a 99 años;1 de enero de 2020;0
Total;16 Cuenca;16109 Huérguina;100 y más años;1 de enero de 2020;0
Total;16 Cuenca;16110 Huerta de la Obispalía;Todas las edades;1 de enero de 2020;117
Total;16 Cuenca;16110 Huerta de la Obispalía;De 0 a 4 años;1 de enero de 2020;1
Total;16 Cuenca;16110 Huerta de la Obispalía;De 5 a 9 años;1 de enero de 2020;3
Total;16 Cuenca;16110 Huerta de la Obispalía;De 10 a 14 años;1 de enero de 2020;0
Total;16 Cuenca;16110 Huerta de la Obispalía;De 65 a 69 años;1 de enero de 2020;7
Total;16 Cuenca;16110 Huerta de la Obispalía;De 70 a 74 años;1 de enero de 2020;13
Total;16 Cuenca;16110 Huerta de la Obispalía;De 75 a 79 años;1 de enero de 2020;7
Total;16 Cuenca;16110 Huerta de la Obispalía;De 80 a 84 años;1 de enero de 2020;4
Total;16 Cuenca;16110 Huerta de la Obispalía;De 85 a 89 años;1 de enero de 2020;3
Total;16 Cuenca;16110 Huerta de la Obispalía;De 90 a 94 años;1 de enero de 2020;3
Total;16 Cuenca;16110 Huerta de la Obispalía;De 95 a 99 años;1 de enero de 2020;0
Total;16 Cuenca;16110 Huerta de la Obispalía;100 y más años;1 de enero de 2020;0
Total;16 Cuenca;16111 Huerta del Marquesado;Todas las edades;1 de enero de 2020;183
Total;16 Cuenca;16111 Huerta del Marquesado;De 0 a 4 años;1 de enero de 2020;4
Total;16 Cuenca;16111 Huerta del Marquesado;De 5 a 9 años;1 de enero de 2020;2
Total;16 Cuenca;16111 Huerta del Marquesado;De 10 a 14 años;1 de enero de 2020;9
Total;16 Cuenca;16111 Huerta del Marquesado;De 65 a 69 años;1 de enero de 2020;9
Total;16 Cuenca;16111 Huerta del Marquesado;De 70 a 74 años;1 de enero de 2020;11
Total;16 Cuenca;16111 Huerta del Marquesado;De 75 a 79 años;1 de enero de 2020;3
Total;16 Cuenca;16111 Huerta del Marquesado;De 80 a 84 años;1 de enero de 2020;16
Total;16 Cuenca;16111 Huerta del Marquesado;De 85 a 89 años;1 de enero de 2020;10
Total;16 Cuenca;16111 Huerta del Marquesado;De 90 a 94 años;1 de enero de 2020;4
Total;16 Cuenca;16111 Huerta del Marquesado;De 95 a 99 años;1 de enero de 2020;0
Total;16 Cuenca;16111 Huerta del Marquesado;100 y más años;1 de enero de 2020;0
Total;16 Cuenca;16112 Huete;Todas las edades;1 de enero de 2020;1.748
Total;16 Cuenca;16112 Huete;De 0 a 4 años;1 de enero de 2020;57
Total;16 Cuenca;16112 Huete;De 5 a 9 años;1 de enero de 2020;49
Total;16 Cuenca;16112 Huete;De 10 a 14 años;1 de enero de 2020;75
Total;16 Cuenca;16112 Huete;De 65 a 69 años;1 de enero de 2020;99
Total;16 Cuenca;16112 Huete;De 70 a 74 años;1 de enero de 2020;82
Total;16 Cuenca;16112 Huete;De 75 a 79 años;1 de enero de 2020;91
Total;16 Cuenca;16112 Huete;De 80 a 84 años;1 de enero de 2020;81
Total;16 Cuenca;16112 Huete;De 85 a 89 años;1 de enero de 2020;71
Total;16 Cuenca;16112 Huete;De 90 a 94 años;1 de enero de 2020;32
Total;16 Cuenca;16112 Huete;De 95 a 99 años;1 de enero de 2020;8
Total;16 Cuenca;16112 Huete;100 y más años;1 de enero de 2020;3
Total;16 Cuenca;16113 Iniesta;Todas las edades;1 de enero de 2020;4.320
Total;16 Cuenca;16113 Iniesta;De 0 a 4 años;1 de enero de 2020;170
Total;16 Cuenca;16113 Iniesta;De 5 a 9 años;1 de enero de 2020;203
Total;16 Cuenca;16113 Iniesta;De 10 a 14 años;1 de enero de 2020;223
Total;16 Cuenca;16113 Iniesta;De 65 a 69 años;1 de enero de 2020;175
Total;16 Cuenca;16113 Iniesta;De 70 a 74 años;1 de enero de 2020;162
Total;16 Cuenca;16113 Iniesta;De 75 a 79 años;1 de enero de 2020;155
Total;16 Cuenca;16113 Iniesta;De 80 a 84 años;1 de enero de 2020;149
Total;16 Cuenca;16113 Iniesta;De 85 a 89 años;1 de enero de 2020;98
Total;16 Cuenca;16113 Iniesta;De 90 a 94 años;1 de enero de 2020;42
Total;16 Cuenca;16113 Iniesta;De 95 a 99 años;1 de enero de 2020;10
Total;16 Cuenca;16113 Iniesta;100 y más años;1 de enero de 2020;0
Total;16 Cuenca;16115 Laguna del Marquesado;Todas las edades;1 de enero de 2020;51
Total;16 Cuenca;16115 Laguna del Marquesado;De 0 a 4 años;1 de enero de 2020;2
Total;16 Cuenca;16115 Laguna del Marquesado;De 5 a 9 años;1 de enero de 2020;2
Total;16 Cuenca;16115 Laguna del Marquesado;De 10 a 14 años;1 de enero de 2020;3
Total;16 Cuenca;16115 Laguna del Marquesado;De 65 a 69 años;1 de enero de 2020;5
Total;16 Cuenca;16115 Laguna del Marquesado;De 70 a 74 años;1 de enero de 2020;0
Total;16 Cuenca;16115 Laguna del Marquesado;De 75 a 79 años;1 de enero de 2020;1
Total;16 Cuenca;16115 Laguna del Marquesado;De 80 a 84 años;1 de enero de 2020;2
Total;16 Cuenca;16115 Laguna del Marquesado;De 85 a 89 años;1 de enero de 2020;3
Total;16 Cuenca;16115 Laguna del Marquesado;De 90 a 94 años;1 de enero de 2020;5
Total;16 Cuenca;16115 Laguna del Marquesado;De 95 a 99 años;1 de enero de 2020;0
Total;16 Cuenca;16115 Laguna del Marquesado;100 y más años;1 de enero de 2020;0
Total;16 Cuenca;16116 Lagunaseca;Todas las edades;1 de enero de 2020;66
Total;16 Cuenca;16116 Lagunaseca;De 0 a 4 años;1 de enero de 2020;0
Total;16 Cuenca;16116 Lagunaseca;De 5 a 9 años;1 de enero de 2020;0
Total;16 Cuenca;16116 Lagunaseca;De 10 a 14 años;1 de enero de 2020;0
Total;16 Cuenca;16116 Lagunaseca;De 65 a 69 años;1 de enero de 2020;11
Total;16 Cuenca;16116 Lagunaseca;De 70 a 74 años;1 de enero de 2020;6
Total;16 Cuenca;16116 Lagunaseca;De 75 a 79 años;1 de enero de 2020;5
Total;16 Cuenca;16116 Lagunaseca;De 80 a 84 años;1 de enero de 2020;5
Total;16 Cuenca;16116 Lagunaseca;De 85 a 89 años;1 de enero de 2020;4
Total;16 Cuenca;16116 Lagunaseca;De 90 a 94 años;1 de enero de 2020;3
Total;16 Cuenca;16116 Lagunaseca;De 95 a 99 años;1 de enero de 2020;1
Total;16 Cuenca;16116 Lagunaseca;100 y más años;1 de enero de 2020;0
Total;16 Cuenca;16117 Landete;Todas las edades;1 de enero de 2020;1.249
Total;16 Cuenca;16117 Landete;De 0 a 4 años;1 de enero de 2020;39
Total;16 Cuenca;16117 Landete;De 5 a 9 años;1 de enero de 2020;47
Total;16 Cuenca;16117 Landete;De 10 a 14 años;1 de enero de 2020;47
Total;16 Cuenca;16117 Landete;De 65 a 69 años;1 de enero de 2020;80
Total;16 Cuenca;16117 Landete;De 70 a 74 años;1 de enero de 2020;65
Total;16 Cuenca;16117 Landete;De 75 a 79 años;1 de enero de 2020;65
Total;16 Cuenca;16117 Landete;De 80 a 84 años;1 de enero de 2020;52
Total;16 Cuenca;16117 Landete;De 85 a 89 años;1 de enero de 2020;46
Total;16 Cuenca;16117 Landete;De 90 a 94 años;1 de enero de 2020;22
Total;16 Cuenca;16117 Landete;De 95 a 99 años;1 de enero de 2020;8
Total;16 Cuenca;16117 Landete;100 y más años;1 de enero de 2020;2
Total;16 Cuenca;16118 Ledaña;Todas las edades;1 de enero de 2020;1.561
Total;16 Cuenca;16118 Ledaña;De 0 a 4 años;1 de enero de 2020;56
Total;16 Cuenca;16118 Ledaña;De 5 a 9 años;1 de enero de 2020;53
Total;16 Cuenca;16118 Ledaña;De 10 a 14 años;1 de enero de 2020;60
Total;16 Cuenca;16118 Ledaña;De 65 a 69 años;1 de enero de 2020;90
Total;16 Cuenca;16118 Ledaña;De 70 a 74 años;1 de enero de 2020;113
Total;16 Cuenca;16118 Ledaña;De 75 a 79 años;1 de enero de 2020;117
Total;16 Cuenca;16118 Ledaña;De 80 a 84 años;1 de enero de 2020;87
Total;16 Cuenca;16118 Ledaña;De 85 a 89 años;1 de enero de 2020;46
Total;16 Cuenca;16118 Ledaña;De 90 a 94 años;1 de enero de 2020;20
Total;16 Cuenca;16118 Ledaña;De 95 a 99 años;1 de enero de 2020;6
Total;16 Cuenca;16118 Ledaña;100 y más años;1 de enero de 2020;0
Total;16 Cuenca;16119 Leganiel;Todas las edades;1 de enero de 2020;186
Total;16 Cuenca;16119 Leganiel;De 0 a 4 años;1 de enero de 2020;6
Total;16 Cuenca;16119 Leganiel;De 5 a 9 años;1 de enero de 2020;4
Total;16 Cuenca;16119 Leganiel;De 10 a 14 años;1 de enero de 2020;3
Total;16 Cuenca;16119 Leganiel;De 65 a 69 años;1 de enero de 2020;12
Total;16 Cuenca;16119 Leganiel;De 70 a 74 años;1 de enero de 2020;12
Total;16 Cuenca;16119 Leganiel;De 75 a 79 años;1 de enero de 2020;13
Total;16 Cuenca;16119 Leganiel;De 80 a 84 años;1 de enero de 2020;6
Total;16 Cuenca;16119 Leganiel;De 85 a 89 años;1 de enero de 2020;11
Total;16 Cuenca;16119 Leganiel;De 90 a 94 años;1 de enero de 2020;4
Total;16 Cuenca;16119 Leganiel;De 95 a 99 años;1 de enero de 2020;1
Total;16 Cuenca;16119 Leganiel;100 y más años;1 de enero de 2020;0
Total;16 Cuenca;16121 Majadas, Las;Todas las edades;1 de enero de 2020;234
Total;16 Cuenca;16121 Majadas, Las;De 0 a 4 años;1 de enero de 2020;1
Total;16 Cuenca;16121 Majadas, Las;De 5 a 9 años;1 de enero de 2020;1
Total;16 Cuenca;16121 Majadas, Las;De 10 a 14 años;1 de enero de 2020;4
Total;16 Cuenca;16121 Majadas, Las;De 65 a 69 años;1 de enero de 2020;17
Total;16 Cuenca;16121 Majadas, Las;De 70 a 74 años;1 de enero de 2020;12
Total;16 Cuenca;16121 Majadas, Las;De 75 a 79 años;1 de enero de 2020;11
Total;16 Cuenca;16121 Majadas, Las;De 80 a 84 años;1 de enero de 2020;10
Total;16 Cuenca;16121 Majadas, Las;De 85 a 89 años;1 de enero de 2020;9
Total;16 Cuenca;16121 Majadas, Las;De 90 a 94 años;1 de enero de 2020;12
Total;16 Cuenca;16121 Majadas, Las;De 95 a 99 años;1 de enero de 2020;6
Total;16 Cuenca;16121 Majadas, Las;100 y más años;1 de enero de 2020;0
Total;16 Cuenca;16122 Mariana;Todas las edades;1 de enero de 2020;298
Total;16 Cuenca;16122 Mariana;De 0 a 4 años;1 de enero de 2020;12
Total;16 Cuenca;16122 Mariana;De 5 a 9 años;1 de enero de 2020;16
Total;16 Cuenca;16122 Mariana;De 10 a 14 años;1 de enero de 2020;11
Total;16 Cuenca;16122 Mariana;De 65 a 69 años;1 de enero de 2020;20
Total;16 Cuenca;16122 Mariana;De 70 a 74 años;1 de enero de 2020;16
Total;16 Cuenca;16122 Mariana;De 75 a 79 años;1 de enero de 2020;18
Total;16 Cuenca;16122 Mariana;De 80 a 84 años;1 de enero de 2020;6
Total;16 Cuenca;16122 Mariana;De 85 a 89 años;1 de enero de 2020;4
Total;16 Cuenca;16122 Mariana;De 90 a 94 años;1 de enero de 2020;8
Total;16 Cuenca;16122 Mariana;De 95 a 99 años;1 de enero de 2020;3
Total;16 Cuenca;16122 Mariana;100 y más años;1 de enero de 2020;0
Total;16 Cuenca;16123 Masegosa;Todas las edades;1 de enero de 2020;62
Total;16 Cuenca;16123 Masegosa;De 0 a 4 años;1 de enero de 2020;0
Total;16 Cuenca;16123 Masegosa;De 5 a 9 años;1 de enero de 2020;0
Total;16 Cuenca;16123 Masegosa;De 10 a 14 años;1 de enero de 2020;0
Total;16 Cuenca;16123 Masegosa;De 65 a 69 años;1 de enero de 2020;5
Total;16 Cuenca;16123 Masegosa;De 70 a 74 años;1 de enero de 2020;1
Total;16 Cuenca;16123 Masegosa;De 75 a 79 años;1 de enero de 2020;1
Total;16 Cuenca;16123 Masegosa;De 80 a 84 años;1 de enero de 2020;4
Total;16 Cuenca;16123 Masegosa;De 85 a 89 años;1 de enero de 2020;6
Total;16 Cuenca;16123 Masegosa;De 90 a 94 años;1 de enero de 2020;2
Total;16 Cuenca;16123 Masegosa;De 95 a 99 años;1 de enero de 2020;3
Total;16 Cuenca;16123 Masegosa;100 y más años;1 de enero de 2020;1
Total;16 Cuenca;16124 Mesas, Las;Todas las edades;1 de enero de 2020;2.317
Total;16 Cuenca;16124 Mesas, Las;De 0 a 4 años;1 de enero de 2020;75
Total;16 Cuenca;16124 Mesas, Las;De 5 a 9 años;1 de enero de 2020;76
Total;16 Cuenca;16124 Mesas, Las;De 10 a 14 años;1 de enero de 2020;107
Total;16 Cuenca;16124 Mesas, Las;De 65 a 69 años;1 de enero de 2020;140
Total;16 Cuenca;16124 Mesas, Las;De 70 a 74 años;1 de enero de 2020;110
Total;16 Cuenca;16124 Mesas, Las;De 75 a 79 años;1 de enero de 2020;137
Total;16 Cuenca;16124 Mesas, Las;De 80 a 84 años;1 de enero de 2020;95
Total;16 Cuenca;16124 Mesas, Las;De 85 a 89 años;1 de enero de 2020;69
Total;16 Cuenca;16124 Mesas, Las;De 90 a 94 años;1 de enero de 2020;21
Total;16 Cuenca;16124 Mesas, Las;De 95 a 99 años;1 de enero de 2020;3
Total;16 Cuenca;16124 Mesas, Las;100 y más años;1 de enero de 2020;0
Total;16 Cuenca;16125 Minglanilla;Todas las edades;1 de enero de 2020;2.198
Total;16 Cuenca;16125 Minglanilla;De 0 a 4 años;1 de enero de 2020;96
Total;16 Cuenca;16125 Minglanilla;De 5 a 9 años;1 de enero de 2020;104
Total;16 Cuenca;16125 Minglanilla;De 10 a 14 años;1 de enero de 2020;117
Total;16 Cuenca;16125 Minglanilla;De 65 a 69 años;1 de enero de 2020;81
Total;16 Cuenca;16125 Minglanilla;De 70 a 74 años;1 de enero de 2020;105
Total;16 Cuenca;16125 Minglanilla;De 75 a 79 años;1 de enero de 2020;90
Total;16 Cuenca;16125 Minglanilla;De 80 a 84 años;1 de enero de 2020;82
Total;16 Cuenca;16125 Minglanilla;De 85 a 89 años;1 de enero de 2020;61
Total;16 Cuenca;16125 Minglanilla;De 90 a 94 años;1 de enero de 2020;24
Total;16 Cuenca;16125 Minglanilla;De 95 a 99 años;1 de enero de 2020;2
Total;16 Cuenca;16125 Minglanilla;100 y más años;1 de enero de 2020;0
Total;16 Cuenca;16126 Mira;Todas las edades;1 de enero de 2020;886
Total;16 Cuenca;16126 Mira;De 0 a 4 años;1 de enero de 2020;30
Total;16 Cuenca;16126 Mira;De 5 a 9 años;1 de enero de 2020;37
Total;16 Cuenca;16126 Mira;De 10 a 14 años;1 de enero de 2020;43
Total;16 Cuenca;16126 Mira;De 65 a 69 años;1 de enero de 2020;52
Total;16 Cuenca;16126 Mira;De 70 a 74 años;1 de enero de 2020;50
Total;16 Cuenca;16126 Mira;De 75 a 79 años;1 de enero de 2020;56
Total;16 Cuenca;16126 Mira;De 80 a 84 años;1 de enero de 2020;42
Total;16 Cuenca;16126 Mira;De 85 a 89 años;1 de enero de 2020;37
Total;16 Cuenca;16126 Mira;De 90 a 94 años;1 de enero de 2020;15
Total;16 Cuenca;16126 Mira;De 95 a 99 años;1 de enero de 2020;2
Total;16 Cuenca;16126 Mira;100 y más años;1 de enero de 2020;0
Total;16 Cuenca;16128 Monreal del Llano;Todas las edades;1 de enero de 2020;53
Total;16 Cuenca;16128 Monreal del Llano;De 0 a 4 años;1 de enero de 2020;0
Total;16 Cuenca;16128 Monreal del Llano;De 5 a 9 años;1 de enero de 2020;0
Total;16 Cuenca;16128 Monreal del Llano;De 10 a 14 años;1 de enero de 2020;2
Total;16 Cuenca;16128 Monreal del Llano;De 65 a 69 años;1 de enero de 2020;4
Total;16 Cuenca;16128 Monreal del Llano;De 70 a 74 años;1 de enero de 2020;4
Total;16 Cuenca;16128 Monreal del Llano;De 75 a 79 años;1 de enero de 2020;5
Total;16 Cuenca;16128 Monreal del Llano;De 80 a 84 años;1 de enero de 2020;2
Total;16 Cuenca;16128 Monreal del Llano;De 85 a 89 años;1 de enero de 2020;6
Total;16 Cuenca;16128 Monreal del Llano;De 90 a 94 años;1 de enero de 2020;1
Total;16 Cuenca;16128 Monreal del Llano;De 95 a 99 años;1 de enero de 2020;0
Total;16 Cuenca;16128 Monreal del Llano;100 y más años;1 de enero de 2020;0
Total;16 Cuenca;16129 Montalbanejo;Todas las edades;1 de enero de 2020;99
Total;16 Cuenca;16129 Montalbanejo;De 0 a 4 años;1 de enero de 2020;0
Total;16 Cuenca;16129 Montalbanejo;De 5 a 9 años;1 de enero de 2020;0
Total;16 Cuenca;16129 Montalbanejo;De 10 a 14 años;1 de enero de 2020;1
Total;16 Cuenca;16129 Montalbanejo;De 65 a 69 años;1 de enero de 2020;11
Total;16 Cuenca;16129 Montalbanejo;De 70 a 74 años;1 de enero de 2020;11
Total;16 Cuenca;16129 Montalbanejo;De 75 a 79 años;1 de enero de 2020;8
Total;16 Cuenca;16129 Montalbanejo;De 80 a 84 años;1 de enero de 2020;3
Total;16 Cuenca;16129 Montalbanejo;De 85 a 89 años;1 de enero de 2020;6
Total;16 Cuenca;16129 Montalbanejo;De 90 a 94 años;1 de enero de 2020;0
Total;16 Cuenca;16129 Montalbanejo;De 95 a 99 años;1 de enero de 2020;0
Total;16 Cuenca;16129 Montalbanejo;100 y más años;1 de enero de 2020;0
Total;16 Cuenca;16130 Montalbo;Todas las edades;1 de enero de 2020;655
Total;16 Cuenca;16130 Montalbo;De 0 a 4 años;1 de enero de 2020;26
Total;16 Cuenca;16130 Montalbo;De 5 a 9 años;1 de enero de 2020;17
Total;16 Cuenca;16130 Montalbo;De 10 a 14 años;1 de enero de 2020;27
Total;16 Cuenca;16130 Montalbo;De 65 a 69 años;1 de enero de 2020;31
Total;16 Cuenca;16130 Montalbo;De 70 a 74 años;1 de enero de 2020;36
Total;16 Cuenca;16130 Montalbo;De 75 a 79 años;1 de enero de 2020;31
Total;16 Cuenca;16130 Montalbo;De 80 a 84 años;1 de enero de 2020;27
Total;16 Cuenca;16130 Montalbo;De 85 a 89 años;1 de enero de 2020;26
Total;16 Cuenca;16130 Montalbo;De 90 a 94 años;1 de enero de 2020;11
Total;16 Cuenca;16130 Montalbo;De 95 a 99 años;1 de enero de 2020;0
Total;16 Cuenca;16130 Montalbo;100 y más años;1 de enero de 2020;0
Total;16 Cuenca;16131 Monteagudo de las Salinas;Todas las edades;1 de enero de 2020;126
Total;16 Cuenca;16131 Monteagudo de las Salinas;De 0 a 4 años;1 de enero de 2020;0
Total;16 Cuenca;16131 Monteagudo de las Salinas;De 5 a 9 años;1 de enero de 2020;1
Total;16 Cuenca;16131 Monteagudo de las Salinas;De 10 a 14 años;1 de enero de 2020;0
Total;16 Cuenca;16131 Monteagudo de las Salinas;De 65 a 69 años;1 de enero de 2020;8
Total;16 Cuenca;16131 Monteagudo de las Salinas;De 70 a 74 años;1 de enero de 2020;5
Total;16 Cuenca;16131 Monteagudo de las Salinas;De 75 a 79 años;1 de enero de 2020;10
Total;16 Cuenca;16131 Monteagudo de las Salinas;De 80 a 84 años;1 de enero de 2020;8
Total;16 Cuenca;16131 Monteagudo de las Salinas;De 85 a 89 años;1 de enero de 2020;8
Total;16 Cuenca;16131 Monteagudo de las Salinas;De 90 a 94 años;1 de enero de 2020;5
Total;16 Cuenca;16131 Monteagudo de las Salinas;De 95 a 99 años;1 de enero de 2020;2
Total;16 Cuenca;16131 Monteagudo de las Salinas;100 y más años;1 de enero de 2020;0
Total;16 Cuenca;16132 Mota de Altarejos;Todas las edades;1 de enero de 2020;31
Total;16 Cuenca;16132 Mota de Altarejos;De 0 a 4 años;1 de enero de 2020;0
Total;16 Cuenca;16132 Mota de Altarejos;De 5 a 9 años;1 de enero de 2020;0
Total;16 Cuenca;16132 Mota de Altarejos;De 10 a 14 años;1 de enero de 2020;0
Total;16 Cuenca;16132 Mota de Altarejos;De 65 a 69 años;1 de enero de 2020;1
Total;16 Cuenca;16132 Mota de Altarejos;De 70 a 74 años;1 de enero de 2020;2
Total;16 Cuenca;16132 Mota de Altarejos;De 75 a 79 años;1 de enero de 2020;2
Total;16 Cuenca;16132 Mota de Altarejos;De 80 a 84 años;1 de enero de 2020;3
Total;16 Cuenca;16132 Mota de Altarejos;De 85 a 89 años;1 de enero de 2020;5
Total;16 Cuenca;16132 Mota de Altarejos;De 90 a 94 años;1 de enero de 2020;0
Total;16 Cuenca;16132 Mota de Altarejos;De 95 a 99 años;1 de enero de 2020;1
Total;16 Cuenca;16132 Mota de Altarejos;100 y más años;1 de enero de 2020;1
Total;16 Cuenca;16133 Mota del Cuervo;Todas las edades;1 de enero de 2020;6.055
Total;16 Cuenca;16133 Mota del Cuervo;De 0 a 4 años;1 de enero de 2020;269
Total;16 Cuenca;16133 Mota del Cuervo;De 5 a 9 años;1 de enero de 2020;333
Total;16 Cuenca;16133 Mota del Cuervo;De 10 a 14 años;1 de enero de 2020;323
Total;16 Cuenca;16133 Mota del Cuervo;De 65 a 69 años;1 de enero de 2020;313
Total;16 Cuenca;16133 Mota del Cuervo;De 70 a 74 años;1 de enero de 2020;277
Total;16 Cuenca;16133 Mota del Cuervo;De 75 a 79 años;1 de enero de 2020;231
Total;16 Cuenca;16133 Mota del Cuervo;De 80 a 84 años;1 de enero de 2020;161
Total;16 Cuenca;16133 Mota del Cuervo;De 85 a 89 años;1 de enero de 2020;148
Total;16 Cuenca;16133 Mota del Cuervo;De 90 a 94 años;1 de enero de 2020;56
Total;16 Cuenca;16133 Mota del Cuervo;De 95 a 99 años;1 de enero de 2020;13
Total;16 Cuenca;16133 Mota del Cuervo;100 y más años;1 de enero de 2020;2
Total;16 Cuenca;16134 Motilla del Palancar;Todas las edades;1 de enero de 2020;5.917
Total;16 Cuenca;16134 Motilla del Palancar;De 0 a 4 años;1 de enero de 2020;284
Total;16 Cuenca;16134 Motilla del Palancar;De 5 a 9 años;1 de enero de 2020;310
Total;16 Cuenca;16134 Motilla del Palancar;De 10 a 14 años;1 de enero de 2020;311
Total;16 Cuenca;16134 Motilla del Palancar;De 65 a 69 años;1 de enero de 2020;244
Total;16 Cuenca;16134 Motilla del Palancar;De 70 a 74 años;1 de enero de 2020;214
Total;16 Cuenca;16134 Motilla del Palancar;De 75 a 79 años;1 de enero de 2020;176
Total;16 Cuenca;16134 Motilla del Palancar;De 80 a 84 años;1 de enero de 2020;174
Total;16 Cuenca;16134 Motilla del Palancar;De 85 a 89 años;1 de enero de 2020;109
Total;16 Cuenca;16134 Motilla del Palancar;De 90 a 94 años;1 de enero de 2020;59
Total;16 Cuenca;16134 Motilla del Palancar;De 95 a 99 años;1 de enero de 2020;14
Total;16 Cuenca;16134 Motilla del Palancar;100 y más años;1 de enero de 2020;4
Total;16 Cuenca;16135 Moya;Todas las edades;1 de enero de 2020;136
Total;16 Cuenca;16135 Moya;De 0 a 4 años;1 de enero de 2020;1
Total;16 Cuenca;16135 Moya;De 5 a 9 años;1 de enero de 2020;2
Total;16 Cuenca;16135 Moya;De 10 a 14 años;1 de enero de 2020;6
Total;16 Cuenca;16135 Moya;De 65 a 69 años;1 de enero de 2020;10
Total;16 Cuenca;16135 Moya;De 70 a 74 años;1 de enero de 2020;10
Total;16 Cuenca;16135 Moya;De 75 a 79 años;1 de enero de 2020;11
Total;16 Cuenca;16135 Moya;De 80 a 84 años;1 de enero de 2020;13
Total;16 Cuenca;16135 Moya;De 85 a 89 años;1 de enero de 2020;9
Total;16 Cuenca;16135 Moya;De 90 a 94 años;1 de enero de 2020;4
Total;16 Cuenca;16135 Moya;De 95 a 99 años;1 de enero de 2020;3
Total;16 Cuenca;16135 Moya;100 y más años;1 de enero de 2020;0
Total;16 Cuenca;16137 Narboneta;Todas las edades;1 de enero de 2020;38
Total;16 Cuenca;16137 Narboneta;De 0 a 4 años;1 de enero de 2020;0
Total;16 Cuenca;16137 Narboneta;De 5 a 9 años;1 de enero de 2020;0
Total;16 Cuenca;16137 Narboneta;De 10 a 14 años;1 de enero de 2020;0
Total;16 Cuenca;16137 Narboneta;De 65 a 69 años;1 de enero de 2020;6
Total;16 Cuenca;16137 Narboneta;De 70 a 74 años;1 de enero de 2020;5
Total;16 Cuenca;16137 Narboneta;De 75 a 79 años;1 de enero de 2020;1
Total;16 Cuenca;16137 Narboneta;De 80 a 84 años;1 de enero de 2020;3
Total;16 Cuenca;16137 Narboneta;De 85 a 89 años;1 de enero de 2020;4
Total;16 Cuenca;16137 Narboneta;De 90 a 94 años;1 de enero de 2020;1
Total;16 Cuenca;16137 Narboneta;De 95 a 99 años;1 de enero de 2020;0
Total;16 Cuenca;16137 Narboneta;100 y más años;1 de enero de 2020;0
Total;16 Cuenca;16139 Olivares de Júcar;Todas las edades;1 de enero de 2020;308
Total;16 Cuenca;16139 Olivares de Júcar;De 0 a 4 años;1 de enero de 2020;3
Total;16 Cuenca;16139 Olivares de Júcar;De 5 a 9 años;1 de enero de 2020;0
Total;16 Cuenca;16139 Olivares de Júcar;De 10 a 14 años;1 de enero de 2020;5
Total;16 Cuenca;16139 Olivares de Júcar;De 65 a 69 años;1 de enero de 2020;16
Total;16 Cuenca;16139 Olivares de Júcar;De 70 a 74 años;1 de enero de 2020;30
Total;16 Cuenca;16139 Olivares de Júcar;De 75 a 79 años;1 de enero de 2020;42
Total;16 Cuenca;16139 Olivares de Júcar;De 80 a 84 años;1 de enero de 2020;32
Total;16 Cuenca;16139 Olivares de Júcar;De 85 a 89 años;1 de enero de 2020;21
Total;16 Cuenca;16139 Olivares de Júcar;De 90 a 94 años;1 de enero de 2020;11
Total;16 Cuenca;16139 Olivares de Júcar;De 95 a 99 años;1 de enero de 2020;4
Total;16 Cuenca;16139 Olivares de Júcar;100 y más años;1 de enero de 2020;0
Total;16 Cuenca;16140 Olmeda de la Cuesta;Todas las edades;1 de enero de 2020;22
Total;16 Cuenca;16140 Olmeda de la Cuesta;De 0 a 4 años;1 de enero de 2020;0
Total;16 Cuenca;16140 Olmeda de la Cuesta;De 5 a 9 años;1 de enero de 2020;0
Total;16 Cuenca;16140 Olmeda de la Cuesta;De 10 a 14 años;1 de enero de 2020;1
Total;16 Cuenca;16140 Olmeda de la Cuesta;De 65 a 69 años;1 de enero de 2020;0
Total;16 Cuenca;16140 Olmeda de la Cuesta;De 70 a 74 años;1 de enero de 2020;0
Total;16 Cuenca;16140 Olmeda de la Cuesta;De 75 a 79 años;1 de enero de 2020;0
Total;16 Cuenca;16140 Olmeda de la Cuesta;De 80 a 84 años;1 de enero de 2020;0
Total;16 Cuenca;16140 Olmeda de la Cuesta;De 85 a 89 años;1 de enero de 2020;5
Total;16 Cuenca;16140 Olmeda de la Cuesta;De 90 a 94 años;1 de enero de 2020;0
Total;16 Cuenca;16140 Olmeda de la Cuesta;De 95 a 99 años;1 de enero de 2020;1
Total;16 Cuenca;16140 Olmeda de la Cuesta;100 y más años;1 de enero de 2020;0
Total;16 Cuenca;16141 Olmeda del Rey;Todas las edades;1 de enero de 2020;131
Total;16 Cuenca;16141 Olmeda del Rey;De 0 a 4 años;1 de enero de 2020;0
Total;16 Cuenca;16141 Olmeda del Rey;De 5 a 9 años;1 de enero de 2020;1
Total;16 Cuenca;16141 Olmeda del Rey;De 10 a 14 años;1 de enero de 2020;1
Total;16 Cuenca;16141 Olmeda del Rey;De 65 a 69 años;1 de enero de 2020;15
Total;16 Cuenca;16141 Olmeda del Rey;De 70 a 74 años;1 de enero de 2020;6
Total;16 Cuenca;16141 Olmeda del Rey;De 75 a 79 años;1 de enero de 2020;7
Total;16 Cuenca;16141 Olmeda del Rey;De 80 a 84 años;1 de enero de 2020;8
Total;16 Cuenca;16141 Olmeda del Rey;De 85 a 89 años;1 de enero de 2020;12
Total;16 Cuenca;16141 Olmeda del Rey;De 90 a 94 años;1 de enero de 2020;7
Total;16 Cuenca;16141 Olmeda del Rey;De 95 a 99 años;1 de enero de 2020;2
Total;16 Cuenca;16141 Olmeda del Rey;100 y más años;1 de enero de 2020;1
Total;16 Cuenca;16142 Olmedilla de Alarcón;Todas las edades;1 de enero de 2020;146
Total;16 Cuenca;16142 Olmedilla de Alarcón;De 0 a 4 años;1 de enero de 2020;1
Total;16 Cuenca;16142 Olmedilla de Alarcón;De 5 a 9 años;1 de enero de 2020;3
Total;16 Cuenca;16142 Olmedilla de Alarcón;De 10 a 14 años;1 de enero de 2020;10
Total;16 Cuenca;16142 Olmedilla de Alarcón;De 65 a 69 años;1 de enero de 2020;12
Total;16 Cuenca;16142 Olmedilla de Alarcón;De 70 a 74 años;1 de enero de 2020;9
Total;16 Cuenca;16142 Olmedilla de Alarcón;De 75 a 79 años;1 de enero de 2020;10
Total;16 Cuenca;16142 Olmedilla de Alarcón;De 80 a 84 años;1 de enero de 2020;13
Total;16 Cuenca;16142 Olmedilla de Alarcón;De 85 a 89 años;1 de enero de 2020;4
Total;16 Cuenca;16142 Olmedilla de Alarcón;De 90 a 94 años;1 de enero de 2020;4
Total;16 Cuenca;16142 Olmedilla de Alarcón;De 95 a 99 años;1 de enero de 2020;0
Total;16 Cuenca;16142 Olmedilla de Alarcón;100 y más años;1 de enero de 2020;0
Total;16 Cuenca;16143 Olmedilla de Eliz;Todas las edades;1 de enero de 2020;14
Total;16 Cuenca;16143 Olmedilla de Eliz;De 0 a 4 años;1 de enero de 2020;0
Total;16 Cuenca;16143 Olmedilla de Eliz;De 5 a 9 años;1 de enero de 2020;0
Total;16 Cuenca;16143 Olmedilla de Eliz;De 10 a 14 años;1 de enero de 2020;0
Total;16 Cuenca;16143 Olmedilla de Eliz;De 65 a 69 años;1 de enero de 2020;3
Total;16 Cuenca;16143 Olmedilla de Eliz;De 70 a 74 años;1 de enero de 2020;1
Total;16 Cuenca;16143 Olmedilla de Eliz;De 75 a 79 años;1 de enero de 2020;1
Total;16 Cuenca;16143 Olmedilla de Eliz;De 80 a 84 años;1 de enero de 2020;1
Total;16 Cuenca;16143 Olmedilla de Eliz;De 85 a 89 años;1 de enero de 2020;0
Total;16 Cuenca;16143 Olmedilla de Eliz;De 90 a 94 años;1 de enero de 2020;0
Total;16 Cuenca;16143 Olmedilla de Eliz;De 95 a 99 años;1 de enero de 2020;0
Total;16 Cuenca;16143 Olmedilla de Eliz;100 y más años;1 de enero de 2020;0
Total;16 Cuenca;16145 Osa de la Vega;Todas las edades;1 de enero de 2020;465
Total;16 Cuenca;16145 Osa de la Vega;De 0 a 4 años;1 de enero de 2020;10
Total;16 Cuenca;16145 Osa de la Vega;De 5 a 9 años;1 de enero de 2020;11
Total;16 Cuenca;16145 Osa de la Vega;De 10 a 14 años;1 de enero de 2020;12
Total;16 Cuenca;16145 Osa de la Vega;De 65 a 69 años;1 de enero de 2020;33
Total;16 Cuenca;16145 Osa de la Vega;De 70 a 74 años;1 de enero de 2020;30
Total;16 Cuenca;16145 Osa de la Vega;De 75 a 79 años;1 de enero de 2020;23
Total;16 Cuenca;16145 Osa de la Vega;De 80 a 84 años;1 de enero de 2020;33
Total;16 Cuenca;16145 Osa de la Vega;De 85 a 89 años;1 de enero de 2020;20
Total;16 Cuenca;16145 Osa de la Vega;De 90 a 94 años;1 de enero de 2020;13
Total;16 Cuenca;16145 Osa de la Vega;De 95 a 99 años;1 de enero de 2020;1
Total;16 Cuenca;16145 Osa de la Vega;100 y más años;1 de enero de 2020;1
Total;16 Cuenca;16146 Pajarón;Todas las edades;1 de enero de 2020;79
Total;16 Cuenca;16146 Pajarón;De 0 a 4 años;1 de enero de 2020;0
Total;16 Cuenca;16146 Pajarón;De 5 a 9 años;1 de enero de 2020;0
Total;16 Cuenca;16146 Pajarón;De 10 a 14 años;1 de enero de 2020;0
Total;16 Cuenca;16146 Pajarón;De 65 a 69 años;1 de enero de 2020;7
Total;16 Cuenca;16146 Pajarón;De 70 a 74 años;1 de enero de 2020;5
Total;16 Cuenca;16146 Pajarón;De 75 a 79 años;1 de enero de 2020;9
Total;16 Cuenca;16146 Pajarón;De 80 a 84 años;1 de enero de 2020;10
Total;16 Cuenca;16146 Pajarón;De 85 a 89 años;1 de enero de 2020;7
Total;16 Cuenca;16146 Pajarón;De 90 a 94 años;1 de enero de 2020;3
Total;16 Cuenca;16146 Pajarón;De 95 a 99 años;1 de enero de 2020;1
Total;16 Cuenca;16146 Pajarón;100 y más años;1 de enero de 2020;0
Total;16 Cuenca;16147 Pajaroncillo;Todas las edades;1 de enero de 2020;63
Total;16 Cuenca;16147 Pajaroncillo;De 0 a 4 años;1 de enero de 2020;1
Total;16 Cuenca;16147 Pajaroncillo;De 5 a 9 años;1 de enero de 2020;2
Total;16 Cuenca;16147 Pajaroncillo;De 10 a 14 años;1 de enero de 2020;0
Total;16 Cuenca;16147 Pajaroncillo;De 65 a 69 años;1 de enero de 2020;7
Total;16 Cuenca;16147 Pajaroncillo;De 70 a 74 años;1 de enero de 2020;4
Total;16 Cuenca;16147 Pajaroncillo;De 75 a 79 años;1 de enero de 2020;3
Total;16 Cuenca;16147 Pajaroncillo;De 80 a 84 años;1 de enero de 2020;1
Total;16 Cuenca;16147 Pajaroncillo;De 85 a 89 años;1 de enero de 2020;7
Total;16 Cuenca;16147 Pajaroncillo;De 90 a 94 años;1 de enero de 2020;2
Total;16 Cuenca;16147 Pajaroncillo;De 95 a 99 años;1 de enero de 2020;0
Total;16 Cuenca;16147 Pajaroncillo;100 y más años;1 de enero de 2020;0
Total;16 Cuenca;16148 Palomares del Campo;Todas las edades;1 de enero de 2020;572
Total;16 Cuenca;16148 Palomares del Campo;De 0 a 4 años;1 de enero de 2020;7
Total;16 Cuenca;16148 Palomares del Campo;De 5 a 9 años;1 de enero de 2020;11
Total;16 Cuenca;16148 Palomares del Campo;De 10 a 14 años;1 de enero de 2020;15
Total;16 Cuenca;16148 Palomares del Campo;De 65 a 69 años;1 de enero de 2020;28
Total;16 Cuenca;16148 Palomares del Campo;De 70 a 74 años;1 de enero de 2020;42
Total;16 Cuenca;16148 Palomares del Campo;De 75 a 79 años;1 de enero de 2020;46
Total;16 Cuenca;16148 Palomares del Campo;De 80 a 84 años;1 de enero de 2020;45
Total;16 Cuenca;16148 Palomares del Campo;De 85 a 89 años;1 de enero de 2020;37
Total;16 Cuenca;16148 Palomares del Campo;De 90 a 94 años;1 de enero de 2020;17
Total;16 Cuenca;16148 Palomares del Campo;De 95 a 99 años;1 de enero de 2020;3
Total;16 Cuenca;16148 Palomares del Campo;100 y más años;1 de enero de 2020;1
Total;16 Cuenca;16149 Palomera;Todas las edades;1 de enero de 2020;160
Total;16 Cuenca;16149 Palomera;De 0 a 4 años;1 de enero de 2020;2
Total;16 Cuenca;16149 Palomera;De 5 a 9 años;1 de enero de 2020;7
Total;16 Cuenca;16149 Palomera;De 10 a 14 años;1 de enero de 2020;5
Total;16 Cuenca;16149 Palomera;De 65 a 69 años;1 de enero de 2020;7
Total;16 Cuenca;16149 Palomera;De 70 a 74 años;1 de enero de 2020;8
Total;16 Cuenca;16149 Palomera;De 75 a 79 años;1 de enero de 2020;12
Total;16 Cuenca;16149 Palomera;De 80 a 84 años;1 de enero de 2020;7
Total;16 Cuenca;16149 Palomera;De 85 a 89 años;1 de enero de 2020;7
Total;16 Cuenca;16149 Palomera;De 90 a 94 años;1 de enero de 2020;4
Total;16 Cuenca;16149 Palomera;De 95 a 99 años;1 de enero de 2020;0
Total;16 Cuenca;16149 Palomera;100 y más años;1 de enero de 2020;0
Total;16 Cuenca;16150 Paracuellos;Todas las edades;1 de enero de 2020;93
Total;16 Cuenca;16150 Paracuellos;De 0 a 4 años;1 de enero de 2020;2
Total;16 Cuenca;16150 Paracuellos;De 5 a 9 años;1 de enero de 2020;2
Total;16 Cuenca;16150 Paracuellos;De 10 a 14 años;1 de enero de 2020;0
Total;16 Cuenca;16150 Paracuellos;De 65 a 69 años;1 de enero de 2020;9
Total;16 Cuenca;16150 Paracuellos;De 70 a 74 años;1 de enero de 2020;11
Total;16 Cuenca;16150 Paracuellos;De 75 a 79 años;1 de enero de 2020;7
Total;16 Cuenca;16150 Paracuellos;De 80 a 84 años;1 de enero de 2020;8
Total;16 Cuenca;16150 Paracuellos;De 85 a 89 años;1 de enero de 2020;0
Total;16 Cuenca;16150 Paracuellos;De 90 a 94 años;1 de enero de 2020;1
Total;16 Cuenca;16150 Paracuellos;De 95 a 99 años;1 de enero de 2020;0
Total;16 Cuenca;16150 Paracuellos;100 y más años;1 de enero de 2020;0
Total;16 Cuenca;16151 Paredes;Todas las edades;1 de enero de 2020;58
Total;16 Cuenca;16151 Paredes;De 0 a 4 años;1 de enero de 2020;0
Total;16 Cuenca;16151 Paredes;De 5 a 9 años;1 de enero de 2020;1
Total;16 Cuenca;16151 Paredes;De 10 a 14 años;1 de enero de 2020;1
Total;16 Cuenca;16151 Paredes;De 65 a 69 años;1 de enero de 2020;2
Total;16 Cuenca;16151 Paredes;De 70 a 74 años;1 de enero de 2020;2
Total;16 Cuenca;16151 Paredes;De 75 a 79 años;1 de enero de 2020;3
Total;16 Cuenca;16151 Paredes;De 80 a 84 años;1 de enero de 2020;5
Total;16 Cuenca;16151 Paredes;De 85 a 89 años;1 de enero de 2020;6
Total;16 Cuenca;16151 Paredes;De 90 a 94 años;1 de enero de 2020;1
Total;16 Cuenca;16151 Paredes;De 95 a 99 años;1 de enero de 2020;1
Total;16 Cuenca;16151 Paredes;100 y más años;1 de enero de 2020;0
Total;16 Cuenca;16152 Parra de las Vegas, La;Todas las edades;1 de enero de 2020;35
Total;16 Cuenca;16152 Parra de las Vegas, La;De 0 a 4 años;1 de enero de 2020;0
Total;16 Cuenca;16152 Parra de las Vegas, La;De 5 a 9 años;1 de enero de 2020;0
Total;16 Cuenca;16152 Parra de las Vegas, La;De 10 a 14 años;1 de enero de 2020;1
Total;16 Cuenca;16152 Parra de las Vegas, La;De 65 a 69 años;1 de enero de 2020;1
Total;16 Cuenca;16152 Parra de las Vegas, La;De 70 a 74 años;1 de enero de 2020;3
Total;16 Cuenca;16152 Parra de las Vegas, La;De 75 a 79 años;1 de enero de 2020;5
Total;16 Cuenca;16152 Parra de las Vegas, La;De 80 a 84 años;1 de enero de 2020;3
Total;16 Cuenca;16152 Parra de las Vegas, La;De 85 a 89 años;1 de enero de 2020;1
Total;16 Cuenca;16152 Parra de las Vegas, La;De 90 a 94 años;1 de enero de 2020;0
Total;16 Cuenca;16152 Parra de las Vegas, La;De 95 a 99 años;1 de enero de 2020;0
Total;16 Cuenca;16152 Parra de las Vegas, La;100 y más años;1 de enero de 2020;0
Total;16 Cuenca;16153 Pedernoso, El;Todas las edades;1 de enero de 2020;1.140
Total;16 Cuenca;16153 Pedernoso, El;De 0 a 4 años;1 de enero de 2020;37
Total;16 Cuenca;16153 Pedernoso, El;De 5 a 9 años;1 de enero de 2020;34
Total;16 Cuenca;16153 Pedernoso, El;De 10 a 14 años;1 de enero de 2020;40
Total;16 Cuenca;16153 Pedernoso, El;De 65 a 69 años;1 de enero de 2020;65
Total;16 Cuenca;16153 Pedernoso, El;De 70 a 74 años;1 de enero de 2020;59
Total;16 Cuenca;16153 Pedernoso, El;De 75 a 79 años;1 de enero de 2020;51
Total;16 Cuenca;16153 Pedernoso, El;De 80 a 84 años;1 de enero de 2020;53
Total;16 Cuenca;16153 Pedernoso, El;De 85 a 89 años;1 de enero de 2020;50
Total;16 Cuenca;16153 Pedernoso, El;De 90 a 94 años;1 de enero de 2020;24
Total;16 Cuenca;16153 Pedernoso, El;De 95 a 99 años;1 de enero de 2020;5
Total;16 Cuenca;16153 Pedernoso, El;100 y más años;1 de enero de 2020;0
Total;16 Cuenca;16154 Pedroñeras, Las;Todas las edades;1 de enero de 2020;6.639
Total;16 Cuenca;16154 Pedroñeras, Las;De 0 a 4 años;1 de enero de 2020;255
Total;16 Cuenca;16154 Pedroñeras, Las;De 5 a 9 años;1 de enero de 2020;321
Total;16 Cuenca;16154 Pedroñeras, Las;De 10 a 14 años;1 de enero de 2020;313
Total;16 Cuenca;16154 Pedroñeras, Las;De 65 a 69 años;1 de enero de 2020;355
Total;16 Cuenca;16154 Pedroñeras, Las;De 70 a 74 años;1 de enero de 2020;265
Total;16 Cuenca;16154 Pedroñeras, Las;De 75 a 79 años;1 de enero de 2020;277
Total;16 Cuenca;16154 Pedroñeras, Las;De 80 a 84 años;1 de enero de 2020;198
Total;16 Cuenca;16154 Pedroñeras, Las;De 85 a 89 años;1 de enero de 2020;139
Total;16 Cuenca;16154 Pedroñeras, Las;De 90 a 94 años;1 de enero de 2020;64
Total;16 Cuenca;16154 Pedroñeras, Las;De 95 a 99 años;1 de enero de 2020;8
Total;16 Cuenca;16154 Pedroñeras, Las;100 y más años;1 de enero de 2020;2
Total;16 Cuenca;16155 Peral, El;Todas las edades;1 de enero de 2020;640
Total;16 Cuenca;16155 Peral, El;De 0 a 4 años;1 de enero de 2020;11
Total;16 Cuenca;16155 Peral, El;De 5 a 9 años;1 de enero de 2020;24
Total;16 Cuenca;16155 Peral, El;De 10 a 14 años;1 de enero de 2020;29
Total;16 Cuenca;16155 Peral, El;De 65 a 69 años;1 de enero de 2020;35
Total;16 Cuenca;16155 Peral, El;De 70 a 74 años;1 de enero de 2020;34
Total;16 Cuenca;16155 Peral, El;De 75 a 79 años;1 de enero de 2020;36
Total;16 Cuenca;16155 Peral, El;De 80 a 84 años;1 de enero de 2020;31
Total;16 Cuenca;16155 Peral, El;De 85 a 89 años;1 de enero de 2020;22
Total;16 Cuenca;16155 Peral, El;De 90 a 94 años;1 de enero de 2020;5
Total;16 Cuenca;16155 Peral, El;De 95 a 99 años;1 de enero de 2020;3
Total;16 Cuenca;16155 Peral, El;100 y más años;1 de enero de 2020;1
Total;16 Cuenca;16156 Peraleja, La;Todas las edades;1 de enero de 2020;87
Total;16 Cuenca;16156 Peraleja, La;De 0 a 4 años;1 de enero de 2020;0
Total;16 Cuenca;16156 Peraleja, La;De 5 a 9 años;1 de enero de 2020;2
Total;16 Cuenca;16156 Peraleja, La;De 10 a 14 años;1 de enero de 2020;1
Total;16 Cuenca;16156 Peraleja, La;De 65 a 69 años;1 de enero de 2020;4
Total;16 Cuenca;16156 Peraleja, La;De 70 a 74 años;1 de enero de 2020;7
Total;16 Cuenca;16156 Peraleja, La;De 75 a 79 años;1 de enero de 2020;11
Total;16 Cuenca;16156 Peraleja, La;De 80 a 84 años;1 de enero de 2020;9
Total;16 Cuenca;16156 Peraleja, La;De 85 a 89 años;1 de enero de 2020;3
Total;16 Cuenca;16156 Peraleja, La;De 90 a 94 años;1 de enero de 2020;5
Total;16 Cuenca;16156 Peraleja, La;De 95 a 99 años;1 de enero de 2020;0
Total;16 Cuenca;16156 Peraleja, La;100 y más años;1 de enero de 2020;0
Total;16 Cuenca;16157 Pesquera, La;Todas las edades;1 de enero de 2020;202
Total;16 Cuenca;16157 Pesquera, La;De 0 a 4 años;1 de enero de 2020;6
Total;16 Cuenca;16157 Pesquera, La;De 5 a 9 años;1 de enero de 2020;8
Total;16 Cuenca;16157 Pesquera, La;De 10 a 14 años;1 de enero de 2020;4
Total;16 Cuenca;16157 Pesquera, La;De 65 a 69 años;1 de enero de 2020;15
Total;16 Cuenca;16157 Pesquera, La;De 70 a 74 años;1 de enero de 2020;19
Total;16 Cuenca;16157 Pesquera, La;De 75 a 79 años;1 de enero de 2020;27
Total;16 Cuenca;16157 Pesquera, La;De 80 a 84 años;1 de enero de 2020;10
Total;16 Cuenca;16157 Pesquera, La;De 85 a 89 años;1 de enero de 2020;10
Total;16 Cuenca;16157 Pesquera, La;De 90 a 94 años;1 de enero de 2020;1
Total;16 Cuenca;16157 Pesquera, La;De 95 a 99 años;1 de enero de 2020;4
Total;16 Cuenca;16157 Pesquera, La;100 y más años;1 de enero de 2020;0
Total;16 Cuenca;16158 Picazo, El;Todas las edades;1 de enero de 2020;673
Total;16 Cuenca;16158 Picazo, El;De 0 a 4 años;1 de enero de 2020;19
Total;16 Cuenca;16158 Picazo, El;De 5 a 9 años;1 de enero de 2020;29
Total;16 Cuenca;16158 Picazo, El;De 10 a 14 años;1 de enero de 2020;40
Total;16 Cuenca;16158 Picazo, El;De 65 a 69 años;1 de enero de 2020;42
Total;16 Cuenca;16158 Picazo, El;De 70 a 74 años;1 de enero de 2020;44
Total;16 Cuenca;16158 Picazo, El;De 75 a 79 años;1 de enero de 2020;27
Total;16 Cuenca;16158 Picazo, El;De 80 a 84 años;1 de enero de 2020;25
Total;16 Cuenca;16158 Picazo, El;De 85 a 89 años;1 de enero de 2020;29
Total;16 Cuenca;16158 Picazo, El;De 90 a 94 años;1 de enero de 2020;8
Total;16 Cuenca;16158 Picazo, El;De 95 a 99 años;1 de enero de 2020;2
Total;16 Cuenca;16158 Picazo, El;100 y más años;1 de enero de 2020;0
Total;16 Cuenca;16159 Pinarejo;Todas las edades;1 de enero de 2020;203
Total;16 Cuenca;16159 Pinarejo;De 0 a 4 años;1 de enero de 2020;1
Total;16 Cuenca;16159 Pinarejo;De 5 a 9 años;1 de enero de 2020;2
Total;16 Cuenca;16159 Pinarejo;De 10 a 14 años;1 de enero de 2020;3
Total;16 Cuenca;16159 Pinarejo;De 65 a 69 años;1 de enero de 2020;19
Total;16 Cuenca;16159 Pinarejo;De 70 a 74 años;1 de enero de 2020;15
Total;16 Cuenca;16159 Pinarejo;De 75 a 79 años;1 de enero de 2020;29
Total;16 Cuenca;16159 Pinarejo;De 80 a 84 años;1 de enero de 2020;23
Total;16 Cuenca;16159 Pinarejo;De 85 a 89 años;1 de enero de 2020;12
Total;16 Cuenca;16159 Pinarejo;De 90 a 94 años;1 de enero de 2020;1
Total;16 Cuenca;16159 Pinarejo;De 95 a 99 años;1 de enero de 2020;4
Total;16 Cuenca;16159 Pinarejo;100 y más años;1 de enero de 2020;1
Total;16 Cuenca;16160 Pineda de Gigüela;Todas las edades;1 de enero de 2020;58
Total;16 Cuenca;16160 Pineda de Gigüela;De 0 a 4 años;1 de enero de 2020;0
Total;16 Cuenca;16160 Pineda de Gigüela;De 5 a 9 años;1 de enero de 2020;0
Total;16 Cuenca;16160 Pineda de Gigüela;De 10 a 14 años;1 de enero de 2020;0
Total;16 Cuenca;16160 Pineda de Gigüela;De 65 a 69 años;1 de enero de 2020;4
Total;16 Cuenca;16160 Pineda de Gigüela;De 70 a 74 años;1 de enero de 2020;3
Total;16 Cuenca;16160 Pineda de Gigüela;De 75 a 79 años;1 de enero de 2020;10
Total;16 Cuenca;16160 Pineda de Gigüela;De 80 a 84 años;1 de enero de 2020;4
Total;16 Cuenca;16160 Pineda de Gigüela;De 85 a 89 años;1 de enero de 2020;8
Total;16 Cuenca;16160 Pineda de Gigüela;De 90 a 94 años;1 de enero de 2020;1
Total;16 Cuenca;16160 Pineda de Gigüela;De 95 a 99 años;1 de enero de 2020;1
Total;16 Cuenca;16160 Pineda de Gigüela;100 y más años;1 de enero de 2020;0
Total;16 Cuenca;16161 Piqueras del Castillo;Todas las edades;1 de enero de 2020;48
Total;16 Cuenca;16161 Piqueras del Castillo;De 0 a 4 años;1 de enero de 2020;1
Total;16 Cuenca;16161 Piqueras del Castillo;De 5 a 9 años;1 de enero de 2020;0
Total;16 Cuenca;16161 Piqueras del Castillo;De 10 a 14 años;1 de enero de 2020;0
Total;16 Cuenca;16161 Piqueras del Castillo;De 65 a 69 años;1 de enero de 2020;4
Total;16 Cuenca;16161 Piqueras del Castillo;De 70 a 74 años;1 de enero de 2020;2
Total;16 Cuenca;16161 Piqueras del Castillo;De 75 a 79 años;1 de enero de 2020;4
Total;16 Cuenca;16161 Piqueras del Castillo;De 80 a 84 años;1 de enero de 2020;5
Total;16 Cuenca;16161 Piqueras del Castillo;De 85 a 89 años;1 de enero de 2020;4
Total;16 Cuenca;16161 Piqueras del Castillo;De 90 a 94 años;1 de enero de 2020;0
Total;16 Cuenca;16161 Piqueras del Castillo;De 95 a 99 años;1 de enero de 2020;0
Total;16 Cuenca;16161 Piqueras del Castillo;100 y más años;1 de enero de 2020;1
Total;16 Cuenca;16162 Portalrubio de Guadamejud;Todas las edades;1 de enero de 2020;30
Total;16 Cuenca;16162 Portalrubio de Guadamejud;De 0 a 4 años;1 de enero de 2020;0
Total;16 Cuenca;16162 Portalrubio de Guadamejud;De 5 a 9 años;1 de enero de 2020;0
Total;16 Cuenca;16162 Portalrubio de Guadamejud;De 10 a 14 años;1 de enero de 2020;1
Total;16 Cuenca;16162 Portalrubio de Guadamejud;De 65 a 69 años;1 de enero de 2020;0
Total;16 Cuenca;16162 Portalrubio de Guadamejud;De 70 a 74 años;1 de enero de 2020;1
Total;16 Cuenca;16162 Portalrubio de Guadamejud;De 75 a 79 años;1 de enero de 2020;6
Total;16 Cuenca;16162 Portalrubio de Guadamejud;De 80 a 84 años;1 de enero de 2020;3
Total;16 Cuenca;16162 Portalrubio de Guadamejud;De 85 a 89 años;1 de enero de 2020;1
Total;16 Cuenca;16162 Portalrubio de Guadamejud;De 90 a 94 años;1 de enero de 2020;2
Total;16 Cuenca;16162 Portalrubio de Guadamejud;De 95 a 99 años;1 de enero de 2020;1
Total;16 Cuenca;16162 Portalrubio de Guadamejud;100 y más años;1 de enero de 2020;0
Total;16 Cuenca;16163 Portilla;Todas las edades;1 de enero de 2020;61
Total;16 Cuenca;16163 Portilla;De 0 a 4 años;1 de enero de 2020;0
Total;16 Cuenca;16163 Portilla;De 5 a 9 años;1 de enero de 2020;0
Total;16 Cuenca;16163 Portilla;De 10 a 14 años;1 de enero de 2020;0
Total;16 Cuenca;16163 Portilla;De 65 a 69 años;1 de enero de 2020;8
Total;16 Cuenca;16163 Portilla;De 70 a 74 años;1 de enero de 2020;8
Total;16 Cuenca;16163 Portilla;De 75 a 79 años;1 de enero de 2020;5
Total;16 Cuenca;16163 Portilla;De 80 a 84 años;1 de enero de 2020;6
Total;16 Cuenca;16163 Portilla;De 85 a 89 años;1 de enero de 2020;5
Total;16 Cuenca;16163 Portilla;De 90 a 94 años;1 de enero de 2020;2
Total;16 Cuenca;16163 Portilla;De 95 a 99 años;1 de enero de 2020;1
Total;16 Cuenca;16163 Portilla;100 y más años;1 de enero de 2020;1
Total;16 Cuenca;16165 Poyatos;Todas las edades;1 de enero de 2020;53
Total;16 Cuenca;16165 Poyatos;De 0 a 4 años;1 de enero de 2020;1
Total;16 Cuenca;16165 Poyatos;De 5 a 9 años;1 de enero de 2020;0
Total;16 Cuenca;16165 Poyatos;De 10 a 14 años;1 de enero de 2020;1
Total;16 Cuenca;16165 Poyatos;De 65 a 69 años;1 de enero de 2020;4
Total;16 Cuenca;16165 Poyatos;De 70 a 74 años;1 de enero de 2020;8
Total;16 Cuenca;16165 Poyatos;De 75 a 79 años;1 de enero de 2020;2
Total;16 Cuenca;16165 Poyatos;De 80 a 84 años;1 de enero de 2020;3
Total;16 Cuenca;16165 Poyatos;De 85 a 89 años;1 de enero de 2020;3
Total;16 Cuenca;16165 Poyatos;De 90 a 94 años;1 de enero de 2020;2
Total;16 Cuenca;16165 Poyatos;De 95 a 99 años;1 de enero de 2020;0
Total;16 Cuenca;16165 Poyatos;100 y más años;1 de enero de 2020;0
Total;16 Cuenca;16166 Pozoamargo;Todas las edades;1 de enero de 2020;290
Total;16 Cuenca;16166 Pozoamargo;De 0 a 4 años;1 de enero de 2020;4
Total;16 Cuenca;16166 Pozoamargo;De 5 a 9 años;1 de enero de 2020;5
Total;16 Cuenca;16166 Pozoamargo;De 10 a 14 años;1 de enero de 2020;7
Total;16 Cuenca;16166 Pozoamargo;De 65 a 69 años;1 de enero de 2020;17
Total;16 Cuenca;16166 Pozoamargo;De 70 a 74 años;1 de enero de 2020;16
Total;16 Cuenca;16166 Pozoamargo;De 75 a 79 años;1 de enero de 2020;21
Total;16 Cuenca;16166 Pozoamargo;De 80 a 84 años;1 de enero de 2020;19
Total;16 Cuenca;16166 Pozoamargo;De 85 a 89 años;1 de enero de 2020;20
Total;16 Cuenca;16166 Pozoamargo;De 90 a 94 años;1 de enero de 2020;2
Total;16 Cuenca;16166 Pozoamargo;De 95 a 99 años;1 de enero de 2020;2
Total;16 Cuenca;16166 Pozoamargo;100 y más años;1 de enero de 2020;0
Total;16 Cuenca;16908 Pozorrubielos de la Mancha;Todas las edades;1 de enero de 2020;188
Total;16 Cuenca;16908 Pozorrubielos de la Mancha;De 0 a 4 años;1 de enero de 2020;1
Total;16 Cuenca;16908 Pozorrubielos de la Mancha;De 5 a 9 años;1 de enero de 2020;3
Total;16 Cuenca;16908 Pozorrubielos de la Mancha;De 10 a 14 años;1 de enero de 2020;2
Total;16 Cuenca;16908 Pozorrubielos de la Mancha;De 65 a 69 años;1 de enero de 2020;9
Total;16 Cuenca;16908 Pozorrubielos de la Mancha;De 70 a 74 años;1 de enero de 2020;16
Total;16 Cuenca;16908 Pozorrubielos de la Mancha;De 75 a 79 años;1 de enero de 2020;10
Total;16 Cuenca;16908 Pozorrubielos de la Mancha;De 80 a 84 años;1 de enero de 2020;10
Total;16 Cuenca;16908 Pozorrubielos de la Mancha;De 85 a 89 años;1 de enero de 2020;13
Total;16 Cuenca;16908 Pozorrubielos de la Mancha;De 90 a 94 años;1 de enero de 2020;4
Total;16 Cuenca;16908 Pozorrubielos de la Mancha;De 95 a 99 años;1 de enero de 2020;1
Total;16 Cuenca;16908 Pozorrubielos de la Mancha;100 y más años;1 de enero de 2020;3
Total;16 Cuenca;16167 Pozorrubio de Santiago;Todas las edades;1 de enero de 2020;308
Total;16 Cuenca;16167 Pozorrubio de Santiago;De 0 a 4 años;1 de enero de 2020;4
Total;16 Cuenca;16167 Pozorrubio de Santiago;De 5 a 9 años;1 de enero de 2020;0
Total;16 Cuenca;16167 Pozorrubio de Santiago;De 10 a 14 años;1 de enero de 2020;7
Total;16 Cuenca;16167 Pozorrubio de Santiago;De 65 a 69 años;1 de enero de 2020;14
Total;16 Cuenca;16167 Pozorrubio de Santiago;De 70 a 74 años;1 de enero de 2020;24
Total;16 Cuenca;16167 Pozorrubio de Santiago;De 75 a 79 años;1 de enero de 2020;24
Total;16 Cuenca;16167 Pozorrubio de Santiago;De 80 a 84 años;1 de enero de 2020;15
Total;16 Cuenca;16167 Pozorrubio de Santiago;De 85 a 89 años;1 de enero de 2020;21
Total;16 Cuenca;16167 Pozorrubio de Santiago;De 90 a 94 años;1 de enero de 2020;13
Total;16 Cuenca;16167 Pozorrubio de Santiago;De 95 a 99 años;1 de enero de 2020;1
Total;16 Cuenca;16167 Pozorrubio de Santiago;100 y más años;1 de enero de 2020;0
Total;16 Cuenca;16169 Pozuelo, El;Todas las edades;1 de enero de 2020;44
Total;16 Cuenca;16169 Pozuelo, El;De 0 a 4 años;1 de enero de 2020;0
Total;16 Cuenca;16169 Pozuelo, El;De 5 a 9 años;1 de enero de 2020;1
Total;16 Cuenca;16169 Pozuelo, El;De 10 a 14 años;1 de enero de 2020;0
Total;16 Cuenca;16169 Pozuelo, El;De 65 a 69 años;1 de enero de 2020;6
Total;16 Cuenca;16169 Pozuelo, El;De 70 a 74 años;1 de enero de 2020;2
Total;16 Cuenca;16169 Pozuelo, El;De 75 a 79 años;1 de enero de 2020;5
Total;16 Cuenca;16169 Pozuelo, El;De 80 a 84 años;1 de enero de 2020;2
Total;16 Cuenca;16169 Pozuelo, El;De 85 a 89 años;1 de enero de 2020;1
Total;16 Cuenca;16169 Pozuelo, El;De 90 a 94 años;1 de enero de 2020;1
Total;16 Cuenca;16169 Pozuelo, El;De 95 a 99 años;1 de enero de 2020;1
Total;16 Cuenca;16169 Pozuelo, El;100 y más años;1 de enero de 2020;1
Total;16 Cuenca;16170 Priego;Todas las edades;1 de enero de 2020;896
Total;16 Cuenca;16170 Priego;De 0 a 4 años;1 de enero de 2020;25
Total;16 Cuenca;16170 Priego;De 5 a 9 años;1 de enero de 2020;34
Total;16 Cuenca;16170 Priego;De 10 a 14 años;1 de enero de 2020;46
Total;16 Cuenca;16170 Priego;De 65 a 69 años;1 de enero de 2020;46
Total;16 Cuenca;16170 Priego;De 70 a 74 años;1 de enero de 2020;49
Total;16 Cuenca;16170 Priego;De 75 a 79 años;1 de enero de 2020;49
Total;16 Cuenca;16170 Priego;De 80 a 84 años;1 de enero de 2020;41
Total;16 Cuenca;16170 Priego;De 85 a 89 años;1 de enero de 2020;36
Total;16 Cuenca;16170 Priego;De 90 a 94 años;1 de enero de 2020;15
Total;16 Cuenca;16170 Priego;De 95 a 99 años;1 de enero de 2020;6
Total;16 Cuenca;16170 Priego;100 y más años;1 de enero de 2020;1
Total;16 Cuenca;16171 Provencio, El;Todas las edades;1 de enero de 2020;2.432
Total;16 Cuenca;16171 Provencio, El;De 0 a 4 años;1 de enero de 2020;80
Total;16 Cuenca;16171 Provencio, El;De 5 a 9 años;1 de enero de 2020;104
Total;16 Cuenca;16171 Provencio, El;De 10 a 14 años;1 de enero de 2020;128
Total;16 Cuenca;16171 Provencio, El;De 65 a 69 años;1 de enero de 2020;110
Total;16 Cuenca;16171 Provencio, El;De 70 a 74 años;1 de enero de 2020;126
Total;16 Cuenca;16171 Provencio, El;De 75 a 79 años;1 de enero de 2020;114
Total;16 Cuenca;16171 Provencio, El;De 80 a 84 años;1 de enero de 2020;119
Total;16 Cuenca;16171 Provencio, El;De 85 a 89 años;1 de enero de 2020;115
Total;16 Cuenca;16171 Provencio, El;De 90 a 94 años;1 de enero de 2020;50
Total;16 Cuenca;16171 Provencio, El;De 95 a 99 años;1 de enero de 2020;6
Total;16 Cuenca;16171 Provencio, El;100 y más años;1 de enero de 2020;0
Total;16 Cuenca;16172 Puebla de Almenara;Todas las edades;1 de enero de 2020;344
Total;16 Cuenca;16172 Puebla de Almenara;De 0 a 4 años;1 de enero de 2020;0
Total;16 Cuenca;16172 Puebla de Almenara;De 5 a 9 años;1 de enero de 2020;1
Total;16 Cuenca;16172 Puebla de Almenara;De 10 a 14 años;1 de enero de 2020;7
Total;16 Cuenca;16172 Puebla de Almenara;De 65 a 69 años;1 de enero de 2020;33
Total;16 Cuenca;16172 Puebla de Almenara;De 70 a 74 años;1 de enero de 2020;24
Total;16 Cuenca;16172 Puebla de Almenara;De 75 a 79 años;1 de enero de 2020;31
Total;16 Cuenca;16172 Puebla de Almenara;De 80 a 84 años;1 de enero de 2020;31
Total;16 Cuenca;16172 Puebla de Almenara;De 85 a 89 años;1 de enero de 2020;28
Total;16 Cuenca;16172 Puebla de Almenara;De 90 a 94 años;1 de enero de 2020;16
Total;16 Cuenca;16172 Puebla de Almenara;De 95 a 99 años;1 de enero de 2020;2
Total;16 Cuenca;16172 Puebla de Almenara;100 y más años;1 de enero de 2020;0
Total;16 Cuenca;16174 Puebla del Salvador;Todas las edades;1 de enero de 2020;187
Total;16 Cuenca;16174 Puebla del Salvador;De 0 a 4 años;1 de enero de 2020;3
Total;16 Cuenca;16174 Puebla del Salvador;De 5 a 9 años;1 de enero de 2020;0
Total;16 Cuenca;16174 Puebla del Salvador;De 10 a 14 años;1 de enero de 2020;8
Total;16 Cuenca;16174 Puebla del Salvador;De 65 a 69 años;1 de enero de 2020;10
Total;16 Cuenca;16174 Puebla del Salvador;De 70 a 74 años;1 de enero de 2020;17
Total;16 Cuenca;16174 Puebla del Salvador;De 75 a 79 años;1 de enero de 2020;10
Total;16 Cuenca;16174 Puebla del Salvador;De 80 a 84 años;1 de enero de 2020;10
Total;16 Cuenca;16174 Puebla del Salvador;De 85 a 89 años;1 de enero de 2020;11
Total;16 Cuenca;16174 Puebla del Salvador;De 90 a 94 años;1 de enero de 2020;5
Total;16 Cuenca;16174 Puebla del Salvador;De 95 a 99 años;1 de enero de 2020;0
Total;16 Cuenca;16174 Puebla del Salvador;100 y más años;1 de enero de 2020;0
Total;16 Cuenca;16175 Quintanar del Rey;Todas las edades;1 de enero de 2020;7.714
Total;16 Cuenca;16175 Quintanar del Rey;De 0 a 4 años;1 de enero de 2020;375
Total;16 Cuenca;16175 Quintanar del Rey;De 5 a 9 años;1 de enero de 2020;436
Total;16 Cuenca;16175 Quintanar del Rey;De 10 a 14 años;1 de enero de 2020;445
Total;16 Cuenca;16175 Quintanar del Rey;De 65 a 69 años;1 de enero de 2020;299
Total;16 Cuenca;16175 Quintanar del Rey;De 70 a 74 años;1 de enero de 2020;255
Total;16 Cuenca;16175 Quintanar del Rey;De 75 a 79 años;1 de enero de 2020;256
Total;16 Cuenca;16175 Quintanar del Rey;De 80 a 84 años;1 de enero de 2020;178
Total;16 Cuenca;16175 Quintanar del Rey;De 85 a 89 años;1 de enero de 2020;142
Total;16 Cuenca;16175 Quintanar del Rey;De 90 a 94 años;1 de enero de 2020;60
Total;16 Cuenca;16175 Quintanar del Rey;De 95 a 99 años;1 de enero de 2020;14
Total;16 Cuenca;16175 Quintanar del Rey;100 y más años;1 de enero de 2020;1
Total;16 Cuenca;16176 Rada de Haro;Todas las edades;1 de enero de 2020;57
Total;16 Cuenca;16176 Rada de Haro;De 0 a 4 años;1 de enero de 2020;1
Total;16 Cuenca;16176 Rada de Haro;De 5 a 9 años;1 de enero de 2020;1
Total;16 Cuenca;16176 Rada de Haro;De 10 a 14 años;1 de enero de 2020;0
Total;16 Cuenca;16176 Rada de Haro;De 65 a 69 años;1 de enero de 2020;1
Total;16 Cuenca;16176 Rada de Haro;De 70 a 74 años;1 de enero de 2020;2
Total;16 Cuenca;16176 Rada de Haro;De 75 a 79 años;1 de enero de 2020;2
Total;16 Cuenca;16176 Rada de Haro;De 80 a 84 años;1 de enero de 2020;6
Total;16 Cuenca;16176 Rada de Haro;De 85 a 89 años;1 de enero de 2020;4
Total;16 Cuenca;16176 Rada de Haro;De 90 a 94 años;1 de enero de 2020;1
Total;16 Cuenca;16176 Rada de Haro;De 95 a 99 años;1 de enero de 2020;0
Total;16 Cuenca;16176 Rada de Haro;100 y más años;1 de enero de 2020;0
Total;16 Cuenca;16177 Reíllo;Todas las edades;1 de enero de 2020;116
Total;16 Cuenca;16177 Reíllo;De 0 a 4 años;1 de enero de 2020;0
Total;16 Cuenca;16177 Reíllo;De 5 a 9 años;1 de enero de 2020;2
Total;16 Cuenca;16177 Reíllo;De 10 a 14 años;1 de enero de 2020;5
Total;16 Cuenca;16177 Reíllo;De 65 a 69 años;1 de enero de 2020;5
Total;16 Cuenca;16177 Reíllo;De 70 a 74 años;1 de enero de 2020;9
Total;16 Cuenca;16177 Reíllo;De 75 a 79 años;1 de enero de 2020;6
Total;16 Cuenca;16177 Reíllo;De 80 a 84 años;1 de enero de 2020;6
Total;16 Cuenca;16177 Reíllo;De 85 a 89 años;1 de enero de 2020;2
Total;16 Cuenca;16177 Reíllo;De 90 a 94 años;1 de enero de 2020;8
Total;16 Cuenca;16177 Reíllo;De 95 a 99 años;1 de enero de 2020;1
Total;16 Cuenca;16177 Reíllo;100 y más años;1 de enero de 2020;0
Total;16 Cuenca;16181 Rozalén del Monte;Todas las edades;1 de enero de 2020;65
Total;16 Cuenca;16181 Rozalén del Monte;De 0 a 4 años;1 de enero de 2020;0
Total;16 Cuenca;16181 Rozalén del Monte;De 5 a 9 años;1 de enero de 2020;2
Total;16 Cuenca;16181 Rozalén del Monte;De 10 a 14 años;1 de enero de 2020;2
Total;16 Cuenca;16181 Rozalén del Monte;De 65 a 69 años;1 de enero de 2020;8
Total;16 Cuenca;16181 Rozalén del Monte;De 70 a 74 años;1 de enero de 2020;6
Total;16 Cuenca;16181 Rozalén del Monte;De 75 a 79 años;1 de enero de 2020;9
Total;16 Cuenca;16181 Rozalén del Monte;De 80 a 84 años;1 de enero de 2020;5
Total;16 Cuenca;16181 Rozalén del Monte;De 85 a 89 años;1 de enero de 2020;1
Total;16 Cuenca;16181 Rozalén del Monte;De 90 a 94 años;1 de enero de 2020;2
Total;16 Cuenca;16181 Rozalén del Monte;De 95 a 99 años;1 de enero de 2020;1
Total;16 Cuenca;16181 Rozalén del Monte;100 y más años;1 de enero de 2020;0
Total;16 Cuenca;16185 Saceda-Trasierra;Todas las edades;1 de enero de 2020;43
Total;16 Cuenca;16185 Saceda-Trasierra;De 0 a 4 años;1 de enero de 2020;0
Total;16 Cuenca;16185 Saceda-Trasierra;De 5 a 9 años;1 de enero de 2020;0
Total;16 Cuenca;16185 Saceda-Trasierra;De 10 a 14 años;1 de enero de 2020;1
Total;16 Cuenca;16185 Saceda-Trasierra;De 65 a 69 años;1 de enero de 2020;3
Total;16 Cuenca;16185 Saceda-Trasierra;De 70 a 74 años;1 de enero de 2020;4
Total;16 Cuenca;16185 Saceda-Trasierra;De 75 a 79 años;1 de enero de 2020;5
Total;16 Cuenca;16185 Saceda-Trasierra;De 80 a 84 años;1 de enero de 2020;5
Total;16 Cuenca;16185 Saceda-Trasierra;De 85 a 89 años;1 de enero de 2020;4
Total;16 Cuenca;16185 Saceda-Trasierra;De 90 a 94 años;1 de enero de 2020;1
Total;16 Cuenca;16185 Saceda-Trasierra;De 95 a 99 años;1 de enero de 2020;0
Total;16 Cuenca;16185 Saceda-Trasierra;100 y más años;1 de enero de 2020;0
Total;16 Cuenca;16186 Saelices;Todas las edades;1 de enero de 2020;458
Total;16 Cuenca;16186 Saelices;De 0 a 4 años;1 de enero de 2020;8
Total;16 Cuenca;16186 Saelices;De 5 a 9 años;1 de enero de 2020;5
Total;16 Cuenca;16186 Saelices;De 10 a 14 años;1 de enero de 2020;9
Total;16 Cuenca;16186 Saelices;De 65 a 69 años;1 de enero de 2020;25
Total;16 Cuenca;16186 Saelices;De 70 a 74 años;1 de enero de 2020;31
Total;16 Cuenca;16186 Saelices;De 75 a 79 años;1 de enero de 2020;27
Total;16 Cuenca;16186 Saelices;De 80 a 84 años;1 de enero de 2020;32
Total;16 Cuenca;16186 Saelices;De 85 a 89 años;1 de enero de 2020;37
Total;16 Cuenca;16186 Saelices;De 90 a 94 años;1 de enero de 2020;13
Total;16 Cuenca;16186 Saelices;De 95 a 99 años;1 de enero de 2020;1
Total;16 Cuenca;16186 Saelices;100 y más años;1 de enero de 2020;0
Total;16 Cuenca;16187 Salinas del Manzano;Todas las edades;1 de enero de 2020;65
Total;16 Cuenca;16187 Salinas del Manzano;De 0 a 4 años;1 de enero de 2020;0
Total;16 Cuenca;16187 Salinas del Manzano;De 5 a 9 años;1 de enero de 2020;2
Total;16 Cuenca;16187 Salinas del Manzano;De 10 a 14 años;1 de enero de 2020;2
Total;16 Cuenca;16187 Salinas del Manzano;De 65 a 69 años;1 de enero de 2020;3
Total;16 Cuenca;16187 Salinas del Manzano;De 70 a 74 años;1 de enero de 2020;3
Total;16 Cuenca;16187 Salinas del Manzano;De 75 a 79 años;1 de enero de 2020;2
Total;16 Cuenca;16187 Salinas del Manzano;De 80 a 84 años;1 de enero de 2020;1
Total;16 Cuenca;16187 Salinas del Manzano;De 85 a 89 años;1 de enero de 2020;6
Total;16 Cuenca;16187 Salinas del Manzano;De 90 a 94 años;1 de enero de 2020;6
Total;16 Cuenca;16187 Salinas del Manzano;De 95 a 99 años;1 de enero de 2020;0
Total;16 Cuenca;16187 Salinas del Manzano;100 y más años;1 de enero de 2020;0
Total;16 Cuenca;16188 Salmeroncillos;Todas las edades;1 de enero de 2020;101
Total;16 Cuenca;16188 Salmeroncillos;De 0 a 4 años;1 de enero de 2020;2
Total;16 Cuenca;16188 Salmeroncillos;De 5 a 9 años;1 de enero de 2020;5
Total;16 Cuenca;16188 Salmeroncillos;De 10 a 14 años;1 de enero de 2020;6
Total;16 Cuenca;16188 Salmeroncillos;De 65 a 69 años;1 de enero de 2020;9
Total;16 Cuenca;16188 Salmeroncillos;De 70 a 74 años;1 de enero de 2020;4
Total;16 Cuenca;16188 Salmeroncillos;De 75 a 79 años;1 de enero de 2020;3
Total;16 Cuenca;16188 Salmeroncillos;De 80 a 84 años;1 de enero de 2020;4
Total;16 Cuenca;16188 Salmeroncillos;De 85 a 89 años;1 de enero de 2020;5
Total;16 Cuenca;16188 Salmeroncillos;De 90 a 94 años;1 de enero de 2020;3
Total;16 Cuenca;16188 Salmeroncillos;De 95 a 99 años;1 de enero de 2020;1
Total;16 Cuenca;16188 Salmeroncillos;100 y más años;1 de enero de 2020;0
Total;16 Cuenca;16189 Salvacañete;Todas las edades;1 de enero de 2020;305
Total;16 Cuenca;16189 Salvacañete;De 0 a 4 años;1 de enero de 2020;3
Total;16 Cuenca;16189 Salvacañete;De 5 a 9 años;1 de enero de 2020;10
Total;16 Cuenca;16189 Salvacañete;De 10 a 14 años;1 de enero de 2020;13
Total;16 Cuenca;16189 Salvacañete;De 65 a 69 años;1 de enero de 2020;21
Total;16 Cuenca;16189 Salvacañete;De 70 a 74 años;1 de enero de 2020;24
Total;16 Cuenca;16189 Salvacañete;De 75 a 79 años;1 de enero de 2020;11
Total;16 Cuenca;16189 Salvacañete;De 80 a 84 años;1 de enero de 2020;19
Total;16 Cuenca;16189 Salvacañete;De 85 a 89 años;1 de enero de 2020;15
Total;16 Cuenca;16189 Salvacañete;De 90 a 94 años;1 de enero de 2020;5
Total;16 Cuenca;16189 Salvacañete;De 95 a 99 años;1 de enero de 2020;5
Total;16 Cuenca;16189 Salvacañete;100 y más años;1 de enero de 2020;0
Total;16 Cuenca;16190 San Clemente;Todas las edades;1 de enero de 2020;7.015
Total;16 Cuenca;16190 San Clemente;De 0 a 4 años;1 de enero de 2020;294
Total;16 Cuenca;16190 San Clemente;De 5 a 9 años;1 de enero de 2020;355
Total;16 Cuenca;16190 San Clemente;De 10 a 14 años;1 de enero de 2020;358
Total;16 Cuenca;16190 San Clemente;De 65 a 69 años;1 de enero de 2020;333
Total;16 Cuenca;16190 San Clemente;De 70 a 74 años;1 de enero de 2020;283
Total;16 Cuenca;16190 San Clemente;De 75 a 79 años;1 de enero de 2020;290
Total;16 Cuenca;16190 San Clemente;De 80 a 84 años;1 de enero de 2020;212
Total;16 Cuenca;16190 San Clemente;De 85 a 89 años;1 de enero de 2020;192
Total;16 Cuenca;16190 San Clemente;De 90 a 94 años;1 de enero de 2020;72
Total;16 Cuenca;16190 San Clemente;De 95 a 99 años;1 de enero de 2020;18
Total;16 Cuenca;16190 San Clemente;100 y más años;1 de enero de 2020;5
Total;16 Cuenca;16191 San Lorenzo de la Parrilla;Todas las edades;1 de enero de 2020;1.040
Total;16 Cuenca;16191 San Lorenzo de la Parrilla;De 0 a 4 años;1 de enero de 2020;29
Total;16 Cuenca;16191 San Lorenzo de la Parrilla;De 5 a 9 años;1 de enero de 2020;27
Total;16 Cuenca;16191 San Lorenzo de la Parrilla;De 10 a 14 años;1 de enero de 2020;38
Total;16 Cuenca;16191 San Lorenzo de la Parrilla;De 65 a 69 años;1 de enero de 2020;51
Total;16 Cuenca;16191 San Lorenzo de la Parrilla;De 70 a 74 años;1 de enero de 2020;56
Total;16 Cuenca;16191 San Lorenzo de la Parrilla;De 75 a 79 años;1 de enero de 2020;63
Total;16 Cuenca;16191 San Lorenzo de la Parrilla;De 80 a 84 años;1 de enero de 2020;66
Total;16 Cuenca;16191 San Lorenzo de la Parrilla;De 85 a 89 años;1 de enero de 2020;46
Total;16 Cuenca;16191 San Lorenzo de la Parrilla;De 90 a 94 años;1 de enero de 2020;18
Total;16 Cuenca;16191 San Lorenzo de la Parrilla;De 95 a 99 años;1 de enero de 2020;2
Total;16 Cuenca;16191 San Lorenzo de la Parrilla;100 y más años;1 de enero de 2020;0
Total;16 Cuenca;16192 San Martín de Boniches;Todas las edades;1 de enero de 2020;42
Total;16 Cuenca;16192 San Martín de Boniches;De 0 a 4 años;1 de enero de 2020;1
Total;16 Cuenca;16192 San Martín de Boniches;De 5 a 9 años;1 de enero de 2020;0
Total;16 Cuenca;16192 San Martín de Boniches;De 10 a 14 años;1 de enero de 2020;0
Total;16 Cuenca;16192 San Martín de Boniches;De 65 a 69 años;1 de enero de 2020;0
Total;16 Cuenca;16192 San Martín de Boniches;De 70 a 74 años;1 de enero de 2020;3
Total;16 Cuenca;16192 San Martín de Boniches;De 75 a 79 años;1 de enero de 2020;9
Total;16 Cuenca;16192 San Martín de Boniches;De 80 a 84 años;1 de enero de 2020;5
Total;16 Cuenca;16192 San Martín de Boniches;De 85 a 89 años;1 de enero de 2020;2
Total;16 Cuenca;16192 San Martín de Boniches;De 90 a 94 años;1 de enero de 2020;0
Total;16 Cuenca;16192 San Martín de Boniches;De 95 a 99 años;1 de enero de 2020;0
Total;16 Cuenca;16192 San Martín de Boniches;100 y más años;1 de enero de 2020;0
Total;16 Cuenca;16193 San Pedro Palmiches;Todas las edades;1 de enero de 2020;53
Total;16 Cuenca;16193 San Pedro Palmiches;De 0 a 4 años;1 de enero de 2020;0
Total;16 Cuenca;16193 San Pedro Palmiches;De 5 a 9 años;1 de enero de 2020;0
Total;16 Cuenca;16193 San Pedro Palmiches;De 10 a 14 años;1 de enero de 2020;1
Total;16 Cuenca;16193 San Pedro Palmiches;De 65 a 69 años;1 de enero de 2020;5
Total;16 Cuenca;16193 San Pedro Palmiches;De 70 a 74 años;1 de enero de 2020;0
Total;16 Cuenca;16193 San Pedro Palmiches;De 75 a 79 años;1 de enero de 2020;8
Total;16 Cuenca;16193 San Pedro Palmiches;De 80 a 84 años;1 de enero de 2020;6
Total;16 Cuenca;16193 San Pedro Palmiches;De 85 a 89 años;1 de enero de 2020;5
Total;16 Cuenca;16193 San Pedro Palmiches;De 90 a 94 años;1 de enero de 2020;2
Total;16 Cuenca;16193 San Pedro Palmiches;De 95 a 99 años;1 de enero de 2020;4
Total;16 Cuenca;16193 San Pedro Palmiches;100 y más años;1 de enero de 2020;0
Total;16 Cuenca;16194 Santa Cruz de Moya;Todas las edades;1 de enero de 2020;207
Total;16 Cuenca;16194 Santa Cruz de Moya;De 0 a 4 años;1 de enero de 2020;1
Total;16 Cuenca;16194 Santa Cruz de Moya;De 5 a 9 años;1 de enero de 2020;2
Total;16 Cuenca;16194 Santa Cruz de Moya;De 10 a 14 años;1 de enero de 2020;2
Total;16 Cuenca;16194 Santa Cruz de Moya;De 65 a 69 años;1 de enero de 2020;20
Total;16 Cuenca;16194 Santa Cruz de Moya;De 70 a 74 años;1 de enero de 2020;17
Total;16 Cuenca;16194 Santa Cruz de Moya;De 75 a 79 años;1 de enero de 2020;13
Total;16 Cuenca;16194 Santa Cruz de Moya;De 80 a 84 años;1 de enero de 2020;15
Total;16 Cuenca;16194 Santa Cruz de Moya;De 85 a 89 años;1 de enero de 2020;16
Total;16 Cuenca;16194 Santa Cruz de Moya;De 90 a 94 años;1 de enero de 2020;8
Total;16 Cuenca;16194 Santa Cruz de Moya;De 95 a 99 años;1 de enero de 2020;3
Total;16 Cuenca;16194 Santa Cruz de Moya;100 y más años;1 de enero de 2020;0
Total;16 Cuenca;16196 Santa María de los Llanos;Todas las edades;1 de enero de 2020;686
Total;16 Cuenca;16196 Santa María de los Llanos;De 0 a 4 años;1 de enero de 2020;14
Total;16 Cuenca;16196 Santa María de los Llanos;De 5 a 9 años;1 de enero de 2020;25
Total;16 Cuenca;16196 Santa María de los Llanos;De 10 a 14 años;1 de enero de 2020;21
Total;16 Cuenca;16196 Santa María de los Llanos;De 65 a 69 años;1 de enero de 2020;40
Total;16 Cuenca;16196 Santa María de los Llanos;De 70 a 74 años;1 de enero de 2020;59
Total;16 Cuenca;16196 Santa María de los Llanos;De 75 a 79 años;1 de enero de 2020;50
Total;16 Cuenca;16196 Santa María de los Llanos;De 80 a 84 años;1 de enero de 2020;43
Total;16 Cuenca;16196 Santa María de los Llanos;De 85 a 89 años;1 de enero de 2020;31
Total;16 Cuenca;16196 Santa María de los Llanos;De 90 a 94 años;1 de enero de 2020;5
Total;16 Cuenca;16196 Santa María de los Llanos;De 95 a 99 años;1 de enero de 2020;2
Total;16 Cuenca;16196 Santa María de los Llanos;100 y más años;1 de enero de 2020;0
Total;16 Cuenca;16195 Santa María del Campo Rus;Todas las edades;1 de enero de 2020;565
Total;16 Cuenca;16195 Santa María del Campo Rus;De 0 a 4 años;1 de enero de 2020;12
Total;16 Cuenca;16195 Santa María del Campo Rus;De 5 a 9 años;1 de enero de 2020;9
Total;16 Cuenca;16195 Santa María del Campo Rus;De 10 a 14 años;1 de enero de 2020;32
Total;16 Cuenca;16195 Santa María del Campo Rus;De 65 a 69 años;1 de enero de 2020;21
Total;16 Cuenca;16195 Santa María del Campo Rus;De 70 a 74 años;1 de enero de 2020;39
Total;16 Cuenca;16195 Santa María del Campo Rus;De 75 a 79 años;1 de enero de 2020;40
Total;16 Cuenca;16195 Santa María del Campo Rus;De 80 a 84 años;1 de enero de 2020;47
Total;16 Cuenca;16195 Santa María del Campo Rus;De 85 a 89 años;1 de enero de 2020;41
Total;16 Cuenca;16195 Santa María del Campo Rus;De 90 a 94 años;1 de enero de 2020;19
Total;16 Cuenca;16195 Santa María del Campo Rus;De 95 a 99 años;1 de enero de 2020;3
Total;16 Cuenca;16195 Santa María del Campo Rus;100 y más años;1 de enero de 2020;0
Total;16 Cuenca;16197 Santa María del Val;Todas las edades;1 de enero de 2020;68
Total;16 Cuenca;16197 Santa María del Val;De 0 a 4 años;1 de enero de 2020;0
Total;16 Cuenca;16197 Santa María del Val;De 5 a 9 años;1 de enero de 2020;0
Total;16 Cuenca;16197 Santa María del Val;De 10 a 14 años;1 de enero de 2020;0
Total;16 Cuenca;16197 Santa María del Val;De 65 a 69 años;1 de enero de 2020;9
Total;16 Cuenca;16197 Santa María del Val;De 70 a 74 años;1 de enero de 2020;9
Total;16 Cuenca;16197 Santa María del Val;De 75 a 79 años;1 de enero de 2020;8
Total;16 Cuenca;16197 Santa María del Val;De 80 a 84 años;1 de enero de 2020;7
Total;16 Cuenca;16197 Santa María del Val;De 85 a 89 años;1 de enero de 2020;1
Total;16 Cuenca;16197 Santa María del Val;De 90 a 94 años;1 de enero de 2020;3
Total;16 Cuenca;16197 Santa María del Val;De 95 a 99 años;1 de enero de 2020;2
Total;16 Cuenca;16197 Santa María del Val;100 y más años;1 de enero de 2020;0
Total;16 Cuenca;16198 Sisante;Todas las edades;1 de enero de 2020;1.605
Total;16 Cuenca;16198 Sisante;De 0 a 4 años;1 de enero de 2020;54
Total;16 Cuenca;16198 Sisante;De 5 a 9 años;1 de enero de 2020;58
Total;16 Cuenca;16198 Sisante;De 10 a 14 años;1 de enero de 2020;75
Total;16 Cuenca;16198 Sisante;De 65 a 69 años;1 de enero de 2020;80
Total;16 Cuenca;16198 Sisante;De 70 a 74 años;1 de enero de 2020;68
Total;16 Cuenca;16198 Sisante;De 75 a 79 años;1 de enero de 2020;81
Total;16 Cuenca;16198 Sisante;De 80 a 84 años;1 de enero de 2020;76
Total;16 Cuenca;16198 Sisante;De 85 a 89 años;1 de enero de 2020;101
Total;16 Cuenca;16198 Sisante;De 90 a 94 años;1 de enero de 2020;30
Total;16 Cuenca;16198 Sisante;De 95 a 99 años;1 de enero de 2020;6
Total;16 Cuenca;16198 Sisante;100 y más años;1 de enero de 2020;0
Total;16 Cuenca;16199 Solera de Gabaldón;Todas las edades;1 de enero de 2020;27
Total;16 Cuenca;16199 Solera de Gabaldón;De 0 a 4 años;1 de enero de 2020;0
Total;16 Cuenca;16199 Solera de Gabaldón;De 5 a 9 años;1 de enero de 2020;0
Total;16 Cuenca;16199 Solera de Gabaldón;De 10 a 14 años;1 de enero de 2020;0
Total;16 Cuenca;16199 Solera de Gabaldón;De 65 a 69 años;1 de enero de 2020;6
Total;16 Cuenca;16199 Solera de Gabaldón;De 70 a 74 años;1 de enero de 2020;4
Total;16 Cuenca;16199 Solera de Gabaldón;De 75 a 79 años;1 de enero de 2020;1
Total;16 Cuenca;16199 Solera de Gabaldón;De 80 a 84 años;1 de enero de 2020;3
Total;16 Cuenca;16199 Solera de Gabaldón;De 85 a 89 años;1 de enero de 2020;5
Total;16 Cuenca;16199 Solera de Gabaldón;De 90 a 94 años;1 de enero de 2020;1
Total;16 Cuenca;16199 Solera de Gabaldón;De 95 a 99 años;1 de enero de 2020;0
Total;16 Cuenca;16199 Solera de Gabaldón;100 y más años;1 de enero de 2020;0
Total;16 Cuenca;16909 Sotorribas;Todas las edades;1 de enero de 2020;700
Total;16 Cuenca;16909 Sotorribas;De 0 a 4 años;1 de enero de 2020;14
Total;16 Cuenca;16909 Sotorribas;De 5 a 9 años;1 de enero de 2020;15
Total;16 Cuenca;16909 Sotorribas;De 10 a 14 años;1 de enero de 2020;18
Total;16 Cuenca;16909 Sotorribas;De 65 a 69 años;1 de enero de 2020;34
Total;16 Cuenca;16909 Sotorribas;De 70 a 74 años;1 de enero de 2020;38
Total;16 Cuenca;16909 Sotorribas;De 75 a 79 años;1 de enero de 2020;45
Total;16 Cuenca;16909 Sotorribas;De 80 a 84 años;1 de enero de 2020;41
Total;16 Cuenca;16909 Sotorribas;De 85 a 89 años;1 de enero de 2020;43
Total;16 Cuenca;16909 Sotorribas;De 90 a 94 años;1 de enero de 2020;21
Total;16 Cuenca;16909 Sotorribas;De 95 a 99 años;1 de enero de 2020;7
Total;16 Cuenca;16909 Sotorribas;100 y más años;1 de enero de 2020;1
Total;16 Cuenca;16202 Talayuelas;Todas las edades;1 de enero de 2020;864
Total;16 Cuenca;16202 Talayuelas;De 0 a 4 años;1 de enero de 2020;32
Total;16 Cuenca;16202 Talayuelas;De 5 a 9 años;1 de enero de 2020;27
Total;16 Cuenca;16202 Talayuelas;De 10 a 14 años;1 de enero de 2020;35
Total;16 Cuenca;16202 Talayuelas;De 65 a 69 años;1 de enero de 2020;58
Total;16 Cuenca;16202 Talayuelas;De 70 a 74 años;1 de enero de 2020;60
Total;16 Cuenca;16202 Talayuelas;De 75 a 79 años;1 de enero de 2020;58
Total;16 Cuenca;16202 Talayuelas;De 80 a 84 años;1 de enero de 2020;51
Total;16 Cuenca;16202 Talayuelas;De 85 a 89 años;1 de enero de 2020;33
Total;16 Cuenca;16202 Talayuelas;De 90 a 94 años;1 de enero de 2020;15
Total;16 Cuenca;16202 Talayuelas;De 95 a 99 años;1 de enero de 2020;8
Total;16 Cuenca;16202 Talayuelas;100 y más años;1 de enero de 2020;0
Total;16 Cuenca;16203 Tarancón;Todas las edades;1 de enero de 2020;15.505
Total;16 Cuenca;16203 Tarancón;De 0 a 4 años;1 de enero de 2020;738
Total;16 Cuenca;16203 Tarancón;De 5 a 9 años;1 de enero de 2020;873
Total;16 Cuenca;16203 Tarancón;De 10 a 14 años;1 de enero de 2020;893
Total;16 Cuenca;16203 Tarancón;De 65 a 69 años;1 de enero de 2020;659
Total;16 Cuenca;16203 Tarancón;De 70 a 74 años;1 de enero de 2020;531
Total;16 Cuenca;16203 Tarancón;De 75 a 79 años;1 de enero de 2020;446
Total;16 Cuenca;16203 Tarancón;De 80 a 84 años;1 de enero de 2020;342
Total;16 Cuenca;16203 Tarancón;De 85 a 89 años;1 de enero de 2020;273
Total;16 Cuenca;16203 Tarancón;De 90 a 94 años;1 de enero de 2020;118
Total;16 Cuenca;16203 Tarancón;De 95 a 99 años;1 de enero de 2020;26
Total;16 Cuenca;16203 Tarancón;100 y más años;1 de enero de 2020;3
Total;16 Cuenca;16204 Tébar;Todas las edades;1 de enero de 2020;279
Total;16 Cuenca;16204 Tébar;De 0 a 4 años;1 de enero de 2020;11
Total;16 Cuenca;16204 Tébar;De 5 a 9 años;1 de enero de 2020;7
Total;16 Cuenca;16204 Tébar;De 10 a 14 años;1 de enero de 2020;11
Total;16 Cuenca;16204 Tébar;De 65 a 69 años;1 de enero de 2020;15
Total;16 Cuenca;16204 Tébar;De 70 a 74 años;1 de enero de 2020;12
Total;16 Cuenca;16204 Tébar;De 75 a 79 años;1 de enero de 2020;20
Total;16 Cuenca;16204 Tébar;De 80 a 84 años;1 de enero de 2020;13
Total;16 Cuenca;16204 Tébar;De 85 a 89 años;1 de enero de 2020;12
Total;16 Cuenca;16204 Tébar;De 90 a 94 años;1 de enero de 2020;4
Total;16 Cuenca;16204 Tébar;De 95 a 99 años;1 de enero de 2020;0
Total;16 Cuenca;16204 Tébar;100 y más años;1 de enero de 2020;0
Total;16 Cuenca;16205 Tejadillos;Todas las edades;1 de enero de 2020;115
Total;16 Cuenca;16205 Tejadillos;De 0 a 4 años;1 de enero de 2020;0
Total;16 Cuenca;16205 Tejadillos;De 5 a 9 años;1 de enero de 2020;5
Total;16 Cuenca;16205 Tejadillos;De 10 a 14 años;1 de enero de 2020;5
Total;16 Cuenca;16205 Tejadillos;De 65 a 69 años;1 de enero de 2020;8
Total;16 Cuenca;16205 Tejadillos;De 70 a 74 años;1 de enero de 2020;9
Total;16 Cuenca;16205 Tejadillos;De 75 a 79 años;1 de enero de 2020;7
Total;16 Cuenca;16205 Tejadillos;De 80 a 84 años;1 de enero de 2020;5
Total;16 Cuenca;16205 Tejadillos;De 85 a 89 años;1 de enero de 2020;8
Total;16 Cuenca;16205 Tejadillos;De 90 a 94 años;1 de enero de 2020;1
Total;16 Cuenca;16205 Tejadillos;De 95 a 99 años;1 de enero de 2020;3
Total;16 Cuenca;16205 Tejadillos;100 y más años;1 de enero de 2020;0
Total;16 Cuenca;16206 Tinajas;Todas las edades;1 de enero de 2020;194
Total;16 Cuenca;16206 Tinajas;De 0 a 4 años;1 de enero de 2020;2
Total;16 Cuenca;16206 Tinajas;De 5 a 9 años;1 de enero de 2020;9
Total;16 Cuenca;16206 Tinajas;De 10 a 14 años;1 de enero de 2020;6
Total;16 Cuenca;16206 Tinajas;De 65 a 69 años;1 de enero de 2020;12
Total;16 Cuenca;16206 Tinajas;De 70 a 74 años;1 de enero de 2020;12
Total;16 Cuenca;16206 Tinajas;De 75 a 79 años;1 de enero de 2020;11
Total;16 Cuenca;16206 Tinajas;De 80 a 84 años;1 de enero de 2020;20
Total;16 Cuenca;16206 Tinajas;De 85 a 89 años;1 de enero de 2020;23
Total;16 Cuenca;16206 Tinajas;De 90 a 94 años;1 de enero de 2020;6
Total;16 Cuenca;16206 Tinajas;De 95 a 99 años;1 de enero de 2020;3
Total;16 Cuenca;16206 Tinajas;100 y más años;1 de enero de 2020;0
Total;16 Cuenca;16209 Torralba;Todas las edades;1 de enero de 2020;111
Total;16 Cuenca;16209 Torralba;De 0 a 4 años;1 de enero de 2020;0
Total;16 Cuenca;16209 Torralba;De 5 a 9 años;1 de enero de 2020;1
Total;16 Cuenca;16209 Torralba;De 10 a 14 años;1 de enero de 2020;0
Total;16 Cuenca;16209 Torralba;De 65 a 69 años;1 de enero de 2020;3
Total;16 Cuenca;16209 Torralba;De 70 a 74 años;1 de enero de 2020;2
Total;16 Cuenca;16209 Torralba;De 75 a 79 años;1 de enero de 2020;10
Total;16 Cuenca;16209 Torralba;De 80 a 84 años;1 de enero de 2020;14
Total;16 Cuenca;16209 Torralba;De 85 a 89 años;1 de enero de 2020;11
Total;16 Cuenca;16209 Torralba;De 90 a 94 años;1 de enero de 2020;4
Total;16 Cuenca;16209 Torralba;De 95 a 99 años;1 de enero de 2020;1
Total;16 Cuenca;16209 Torralba;100 y más años;1 de enero de 2020;0
Total;16 Cuenca;16211 Torrejoncillo del Rey;Todas las edades;1 de enero de 2020;351
Total;16 Cuenca;16211 Torrejoncillo del Rey;De 0 a 4 años;1 de enero de 2020;1
Total;16 Cuenca;16211 Torrejoncillo del Rey;De 5 a 9 años;1 de enero de 2020;1
Total;16 Cuenca;16211 Torrejoncillo del Rey;De 10 a 14 años;1 de enero de 2020;2
Total;16 Cuenca;16211 Torrejoncillo del Rey;De 65 a 69 años;1 de enero de 2020;36
Total;16 Cuenca;16211 Torrejoncillo del Rey;De 70 a 74 años;1 de enero de 2020;26
Total;16 Cuenca;16211 Torrejoncillo del Rey;De 75 a 79 años;1 de enero de 2020;20
Total;16 Cuenca;16211 Torrejoncillo del Rey;De 80 a 84 años;1 de enero de 2020;34
Total;16 Cuenca;16211 Torrejoncillo del Rey;De 85 a 89 años;1 de enero de 2020;30
Total;16 Cuenca;16211 Torrejoncillo del Rey;De 90 a 94 años;1 de enero de 2020;21
Total;16 Cuenca;16211 Torrejoncillo del Rey;De 95 a 99 años;1 de enero de 2020;2
Total;16 Cuenca;16211 Torrejoncillo del Rey;100 y más años;1 de enero de 2020;1
Total;16 Cuenca;16212 Torrubia del Campo;Todas las edades;1 de enero de 2020;257
Total;16 Cuenca;16212 Torrubia del Campo;De 0 a 4 años;1 de enero de 2020;5
Total;16 Cuenca;16212 Torrubia del Campo;De 5 a 9 años;1 de enero de 2020;4
Total;16 Cuenca;16212 Torrubia del Campo;De 10 a 14 años;1 de enero de 2020;7
Total;16 Cuenca;16212 Torrubia del Campo;De 65 a 69 años;1 de enero de 2020;8
Total;16 Cuenca;16212 Torrubia del Campo;De 70 a 74 años;1 de enero de 2020;11
Total;16 Cuenca;16212 Torrubia del Campo;De 75 a 79 años;1 de enero de 2020;16
Total;16 Cuenca;16212 Torrubia del Campo;De 80 a 84 años;1 de enero de 2020;23
Total;16 Cuenca;16212 Torrubia del Campo;De 85 a 89 años;1 de enero de 2020;16
Total;16 Cuenca;16212 Torrubia del Campo;De 90 a 94 años;1 de enero de 2020;8
Total;16 Cuenca;16212 Torrubia del Campo;De 95 a 99 años;1 de enero de 2020;0
Total;16 Cuenca;16212 Torrubia del Campo;100 y más años;1 de enero de 2020;0
Total;16 Cuenca;16213 Torrubia del Castillo;Todas las edades;1 de enero de 2020;38
Total;16 Cuenca;16213 Torrubia del Castillo;De 0 a 4 años;1 de enero de 2020;0
Total;16 Cuenca;16213 Torrubia del Castillo;De 5 a 9 años;1 de enero de 2020;0
Total;16 Cuenca;16213 Torrubia del Castillo;De 10 a 14 años;1 de enero de 2020;1
Total;16 Cuenca;16213 Torrubia del Castillo;De 65 a 69 años;1 de enero de 2020;2
Total;16 Cuenca;16213 Torrubia del Castillo;De 70 a 74 años;1 de enero de 2020;0
Total;16 Cuenca;16213 Torrubia del Castillo;De 75 a 79 años;1 de enero de 2020;1
Total;16 Cuenca;16213 Torrubia del Castillo;De 80 a 84 años;1 de enero de 2020;1
Total;16 Cuenca;16213 Torrubia del Castillo;De 85 a 89 años;1 de enero de 2020;2
Total;16 Cuenca;16213 Torrubia del Castillo;De 90 a 94 años;1 de enero de 2020;4
Total;16 Cuenca;16213 Torrubia del Castillo;De 95 a 99 años;1 de enero de 2020;0
Total;16 Cuenca;16213 Torrubia del Castillo;100 y más años;1 de enero de 2020;0
Total;16 Cuenca;16215 Tragacete;Todas las edades;1 de enero de 2020;250
Total;16 Cuenca;16215 Tragacete;De 0 a 4 años;1 de enero de 2020;1
Total;16 Cuenca;16215 Tragacete;De 5 a 9 años;1 de enero de 2020;5
Total;16 Cuenca;16215 Tragacete;De 10 a 14 años;1 de enero de 2020;5
Total;16 Cuenca;16215 Tragacete;De 65 a 69 años;1 de enero de 2020;17
Total;16 Cuenca;16215 Tragacete;De 70 a 74 años;1 de enero de 2020;13
Total;16 Cuenca;16215 Tragacete;De 75 a 79 años;1 de enero de 2020;14
Total;16 Cuenca;16215 Tragacete;De 80 a 84 años;1 de enero de 2020;14
Total;16 Cuenca;16215 Tragacete;De 85 a 89 años;1 de enero de 2020;14
Total;16 Cuenca;16215 Tragacete;De 90 a 94 años;1 de enero de 2020;8
Total;16 Cuenca;16215 Tragacete;De 95 a 99 años;1 de enero de 2020;1
Total;16 Cuenca;16215 Tragacete;100 y más años;1 de enero de 2020;1
Total;16 Cuenca;16216 Tresjuncos;Todas las edades;1 de enero de 2020;278
Total;16 Cuenca;16216 Tresjuncos;De 0 a 4 años;1 de enero de 2020;0
Total;16 Cuenca;16216 Tresjuncos;De 5 a 9 años;1 de enero de 2020;4
Total;16 Cuenca;16216 Tresjuncos;De 10 a 14 años;1 de enero de 2020;2
Total;16 Cuenca;16216 Tresjuncos;De 65 a 69 años;1 de enero de 2020;17
Total;16 Cuenca;16216 Tresjuncos;De 70 a 74 años;1 de enero de 2020;18
Total;16 Cuenca;16216 Tresjuncos;De 75 a 79 años;1 de enero de 2020;29
Total;16 Cuenca;16216 Tresjuncos;De 80 a 84 años;1 de enero de 2020;27
Total;16 Cuenca;16216 Tresjuncos;De 85 a 89 años;1 de enero de 2020;15
Total;16 Cuenca;16216 Tresjuncos;De 90 a 94 años;1 de enero de 2020;2
Total;16 Cuenca;16216 Tresjuncos;De 95 a 99 años;1 de enero de 2020;3
Total;16 Cuenca;16216 Tresjuncos;100 y más años;1 de enero de 2020;0
Total;16 Cuenca;16217 Tribaldos;Todas las edades;1 de enero de 2020;103
Total;16 Cuenca;16217 Tribaldos;De 0 a 4 años;1 de enero de 2020;0
Total;16 Cuenca;16217 Tribaldos;De 5 a 9 años;1 de enero de 2020;7
Total;16 Cuenca;16217 Tribaldos;De 10 a 14 años;1 de enero de 2020;2
Total;16 Cuenca;16217 Tribaldos;De 65 a 69 años;1 de enero de 2020;3
Total;16 Cuenca;16217 Tribaldos;De 70 a 74 años;1 de enero de 2020;10
Total;16 Cuenca;16217 Tribaldos;De 75 a 79 años;1 de enero de 2020;11
Total;16 Cuenca;16217 Tribaldos;De 80 a 84 años;1 de enero de 2020;4
Total;16 Cuenca;16217 Tribaldos;De 85 a 89 años;1 de enero de 2020;7
Total;16 Cuenca;16217 Tribaldos;De 90 a 94 años;1 de enero de 2020;5
Total;16 Cuenca;16217 Tribaldos;De 95 a 99 años;1 de enero de 2020;0
Total;16 Cuenca;16217 Tribaldos;100 y más años;1 de enero de 2020;0
Total;16 Cuenca;16218 Uclés;Todas las edades;1 de enero de 2020;212
Total;16 Cuenca;16218 Uclés;De 0 a 4 años;1 de enero de 2020;3
Total;16 Cuenca;16218 Uclés;De 5 a 9 años;1 de enero de 2020;6
Total;16 Cuenca;16218 Uclés;De 10 a 14 años;1 de enero de 2020;10
Total;16 Cuenca;16218 Uclés;De 65 a 69 años;1 de enero de 2020;5
Total;16 Cuenca;16218 Uclés;De 70 a 74 años;1 de enero de 2020;12
Total;16 Cuenca;16218 Uclés;De 75 a 79 años;1 de enero de 2020;19
Total;16 Cuenca;16218 Uclés;De 80 a 84 años;1 de enero de 2020;18
Total;16 Cuenca;16218 Uclés;De 85 a 89 años;1 de enero de 2020;18
Total;16 Cuenca;16218 Uclés;De 90 a 94 años;1 de enero de 2020;4
Total;16 Cuenca;16218 Uclés;De 95 a 99 años;1 de enero de 2020;1
Total;16 Cuenca;16218 Uclés;100 y más años;1 de enero de 2020;0
Total;16 Cuenca;16219 Uña;Todas las edades;1 de enero de 2020;79
Total;16 Cuenca;16219 Uña;De 0 a 4 años;1 de enero de 2020;0
Total;16 Cuenca;16219 Uña;De 5 a 9 años;1 de enero de 2020;0
Total;16 Cuenca;16219 Uña;De 10 a 14 años;1 de enero de 2020;0
Total;16 Cuenca;16219 Uña;De 65 a 69 años;1 de enero de 2020;6
Total;16 Cuenca;16219 Uña;De 70 a 74 años;1 de enero de 2020;2
Total;16 Cuenca;16219 Uña;De 75 a 79 años;1 de enero de 2020;3
Total;16 Cuenca;16219 Uña;De 80 a 84 años;1 de enero de 2020;5
Total;16 Cuenca;16219 Uña;De 85 a 89 años;1 de enero de 2020;5
Total;16 Cuenca;16219 Uña;De 90 a 94 años;1 de enero de 2020;2
Total;16 Cuenca;16219 Uña;De 95 a 99 años;1 de enero de 2020;1
Total;16 Cuenca;16219 Uña;100 y más años;1 de enero de 2020;0
Total;16 Cuenca;16906 Valdecolmenas, Los;Todas las edades;1 de enero de 2020;68
Total;16 Cuenca;16906 Valdecolmenas, Los;De 0 a 4 años;1 de enero de 2020;0
Total;16 Cuenca;16906 Valdecolmenas, Los;De 5 a 9 años;1 de enero de 2020;0
Total;16 Cuenca;16906 Valdecolmenas, Los;De 10 a 14 años;1 de enero de 2020;0
Total;16 Cuenca;16906 Valdecolmenas, Los;De 65 a 69 años;1 de enero de 2020;8
Total;16 Cuenca;16906 Valdecolmenas, Los;De 70 a 74 años;1 de enero de 2020;6
Total;16 Cuenca;16906 Valdecolmenas, Los;De 75 a 79 años;1 de enero de 2020;5
Total;16 Cuenca;16906 Valdecolmenas, Los;De 80 a 84 años;1 de enero de 2020;11
Total;16 Cuenca;16906 Valdecolmenas, Los;De 85 a 89 años;1 de enero de 2020;9
Total;16 Cuenca;16906 Valdecolmenas, Los;De 90 a 94 años;1 de enero de 2020;0
Total;16 Cuenca;16906 Valdecolmenas, Los;De 95 a 99 años;1 de enero de 2020;1
Total;16 Cuenca;16906 Valdecolmenas, Los;100 y más años;1 de enero de 2020;0
Total;16 Cuenca;16224 Valdemeca;Todas las edades;1 de enero de 2020;77
Total;16 Cuenca;16224 Valdemeca;De 0 a 4 años;1 de enero de 2020;0
Total;16 Cuenca;16224 Valdemeca;De 5 a 9 años;1 de enero de 2020;1
Total;16 Cuenca;16224 Valdemeca;De 10 a 14 años;1 de enero de 2020;3
Total;16 Cuenca;16224 Valdemeca;De 65 a 69 años;1 de enero de 2020;8
Total;16 Cuenca;16224 Valdemeca;De 70 a 74 años;1 de enero de 2020;6
Total;16 Cuenca;16224 Valdemeca;De 75 a 79 años;1 de enero de 2020;3
Total;16 Cuenca;16224 Valdemeca;De 80 a 84 años;1 de enero de 2020;2
Total;16 Cuenca;16224 Valdemeca;De 85 a 89 años;1 de enero de 2020;0
Total;16 Cuenca;16224 Valdemeca;De 90 a 94 años;1 de enero de 2020;2
Total;16 Cuenca;16224 Valdemeca;De 95 a 99 años;1 de enero de 2020;1
Total;16 Cuenca;16224 Valdemeca;100 y más años;1 de enero de 2020;0
Total;16 Cuenca;16225 Valdemorillo de la Sierra;Todas las edades;1 de enero de 2020;63
Total;16 Cuenca;16225 Valdemorillo de la Sierra;De 0 a 4 años;1 de enero de 2020;2
Total;16 Cuenca;16225 Valdemorillo de la Sierra;De 5 a 9 años;1 de enero de 2020;1
Total;16 Cuenca;16225 Valdemorillo de la Sierra;De 10 a 14 años;1 de enero de 2020;1
Total;16 Cuenca;16225 Valdemorillo de la Sierra;De 65 a 69 años;1 de enero de 2020;5
Total;16 Cuenca;16225 Valdemorillo de la Sierra;De 70 a 74 años;1 de enero de 2020;8
Total;16 Cuenca;16225 Valdemorillo de la Sierra;De 75 a 79 años;1 de enero de 2020;8
Total;16 Cuenca;16225 Valdemorillo de la Sierra;De 80 a 84 años;1 de enero de 2020;2
Total;16 Cuenca;16225 Valdemorillo de la Sierra;De 85 a 89 años;1 de enero de 2020;2
Total;16 Cuenca;16225 Valdemorillo de la Sierra;De 90 a 94 años;1 de enero de 2020;2
Total;16 Cuenca;16225 Valdemorillo de la Sierra;De 95 a 99 años;1 de enero de 2020;1
Total;16 Cuenca;16225 Valdemorillo de la Sierra;100 y más años;1 de enero de 2020;0
Total;16 Cuenca;16227 Valdemoro-Sierra;Todas las edades;1 de enero de 2020;108
Total;16 Cuenca;16227 Valdemoro-Sierra;De 0 a 4 años;1 de enero de 2020;0
Total;16 Cuenca;16227 Valdemoro-Sierra;De 5 a 9 años;1 de enero de 2020;2
Total;16 Cuenca;16227 Valdemoro-Sierra;De 10 a 14 años;1 de enero de 2020;2
Total;16 Cuenca;16227 Valdemoro-Sierra;De 65 a 69 años;1 de enero de 2020;9
Total;16 Cuenca;16227 Valdemoro-Sierra;De 70 a 74 años;1 de enero de 2020;4
Total;16 Cuenca;16227 Valdemoro-Sierra;De 75 a 79 años;1 de enero de 2020;1
Total;16 Cuenca;16227 Valdemoro-Sierra;De 80 a 84 años;1 de enero de 2020;12
Total;16 Cuenca;16227 Valdemoro-Sierra;De 85 a 89 años;1 de enero de 2020;13
Total;16 Cuenca;16227 Valdemoro-Sierra;De 90 a 94 años;1 de enero de 2020;5
Total;16 Cuenca;16227 Valdemoro-Sierra;De 95 a 99 años;1 de enero de 2020;2
Total;16 Cuenca;16227 Valdemoro-Sierra;100 y más años;1 de enero de 2020;0
Total;16 Cuenca;16228 Valdeolivas;Todas las edades;1 de enero de 2020;193
Total;16 Cuenca;16228 Valdeolivas;De 0 a 4 años;1 de enero de 2020;3
Total;16 Cuenca;16228 Valdeolivas;De 5 a 9 años;1 de enero de 2020;2
Total;16 Cuenca;16228 Valdeolivas;De 10 a 14 años;1 de enero de 2020;3
Total;16 Cuenca;16228 Valdeolivas;De 65 a 69 años;1 de enero de 2020;16
Total;16 Cuenca;16228 Valdeolivas;De 70 a 74 años;1 de enero de 2020;7
Total;16 Cuenca;16228 Valdeolivas;De 75 a 79 años;1 de enero de 2020;12
Total;16 Cuenca;16228 Valdeolivas;De 80 a 84 años;1 de enero de 2020;16
Total;16 Cuenca;16228 Valdeolivas;De 85 a 89 años;1 de enero de 2020;9
Total;16 Cuenca;16228 Valdeolivas;De 90 a 94 años;1 de enero de 2020;4
Total;16 Cuenca;16228 Valdeolivas;De 95 a 99 años;1 de enero de 2020;2
Total;16 Cuenca;16228 Valdeolivas;100 y más años;1 de enero de 2020;0
Total;16 Cuenca;16902 Valdetórtola;Todas las edades;1 de enero de 2020;126
Total;16 Cuenca;16902 Valdetórtola;De 0 a 4 años;1 de enero de 2020;0
Total;16 Cuenca;16902 Valdetórtola;De 5 a 9 años;1 de enero de 2020;0
Total;16 Cuenca;16902 Valdetórtola;De 10 a 14 años;1 de enero de 2020;1
Total;16 Cuenca;16902 Valdetórtola;De 65 a 69 años;1 de enero de 2020;7
Total;16 Cuenca;16902 Valdetórtola;De 70 a 74 años;1 de enero de 2020;9
Total;16 Cuenca;16902 Valdetórtola;De 75 a 79 años;1 de enero de 2020;11
Total;16 Cuenca;16902 Valdetórtola;De 80 a 84 años;1 de enero de 2020;11
Total;16 Cuenca;16902 Valdetórtola;De 85 a 89 años;1 de enero de 2020;13
Total;16 Cuenca;16902 Valdetórtola;De 90 a 94 años;1 de enero de 2020;7
Total;16 Cuenca;16902 Valdetórtola;De 95 a 99 años;1 de enero de 2020;0
Total;16 Cuenca;16902 Valdetórtola;100 y más años;1 de enero de 2020;0
Total;16 Cuenca;16903 Valeras, Las;Todas las edades;1 de enero de 2020;1.494
Total;16 Cuenca;16903 Valeras, Las;De 0 a 4 años;1 de enero de 2020;51
Total;16 Cuenca;16903 Valeras, Las;De 5 a 9 años;1 de enero de 2020;49
Total;16 Cuenca;16903 Valeras, Las;De 10 a 14 años;1 de enero de 2020;59
Total;16 Cuenca;16903 Valeras, Las;De 65 a 69 años;1 de enero de 2020;65
Total;16 Cuenca;16903 Valeras, Las;De 70 a 74 años;1 de enero de 2020;54
Total;16 Cuenca;16903 Valeras, Las;De 75 a 79 años;1 de enero de 2020;68
Total;16 Cuenca;16903 Valeras, Las;De 80 a 84 años;1 de enero de 2020;38
Total;16 Cuenca;16903 Valeras, Las;De 85 a 89 años;1 de enero de 2020;50
Total;16 Cuenca;16903 Valeras, Las;De 90 a 94 años;1 de enero de 2020;17
Total;16 Cuenca;16903 Valeras, Las;De 95 a 99 años;1 de enero de 2020;6
Total;16 Cuenca;16903 Valeras, Las;100 y más años;1 de enero de 2020;1
Total;16 Cuenca;16231 Valhermoso de la Fuente;Todas las edades;1 de enero de 2020;52
Total;16 Cuenca;16231 Valhermoso de la Fuente;De 0 a 4 años;1 de enero de 2020;2
Total;16 Cuenca;16231 Valhermoso de la Fuente;De 5 a 9 años;1 de enero de 2020;3
Total;16 Cuenca;16231 Valhermoso de la Fuente;De 10 a 14 años;1 de enero de 2020;0
Total;16 Cuenca;16231 Valhermoso de la Fuente;De 65 a 69 años;1 de enero de 2020;0
Total;16 Cuenca;16231 Valhermoso de la Fuente;De 70 a 74 años;1 de enero de 2020;3
Total;16 Cuenca;16231 Valhermoso de la Fuente;De 75 a 79 años;1 de enero de 2020;4
Total;16 Cuenca;16231 Valhermoso de la Fuente;De 80 a 84 años;1 de enero de 2020;4
Total;16 Cuenca;16231 Valhermoso de la Fuente;De 85 a 89 años;1 de enero de 2020;1
Total;16 Cuenca;16231 Valhermoso de la Fuente;De 90 a 94 años;1 de enero de 2020;3
Total;16 Cuenca;16231 Valhermoso de la Fuente;De 95 a 99 años;1 de enero de 2020;1
Total;16 Cuenca;16231 Valhermoso de la Fuente;100 y más años;1 de enero de 2020;0
Total;16 Cuenca;16173 Valle de Altomira, El;Todas las edades;1 de enero de 2020;182
Total;16 Cuenca;16173 Valle de Altomira, El;De 0 a 4 años;1 de enero de 2020;2
Total;16 Cuenca;16173 Valle de Altomira, El;De 5 a 9 años;1 de enero de 2020;2
Total;16 Cuenca;16173 Valle de Altomira, El;De 10 a 14 años;1 de enero de 2020;2
Total;16 Cuenca;16173 Valle de Altomira, El;De 65 a 69 años;1 de enero de 2020;10
Total;16 Cuenca;16173 Valle de Altomira, El;De 70 a 74 años;1 de enero de 2020;11
Total;16 Cuenca;16173 Valle de Altomira, El;De 75 a 79 años;1 de enero de 2020;16
Total;16 Cuenca;16173 Valle de Altomira, El;De 80 a 84 años;1 de enero de 2020;19
Total;16 Cuenca;16173 Valle de Altomira, El;De 85 a 89 años;1 de enero de 2020;11
Total;16 Cuenca;16173 Valle de Altomira, El;De 90 a 94 años;1 de enero de 2020;8
Total;16 Cuenca;16173 Valle de Altomira, El;De 95 a 99 años;1 de enero de 2020;1
Total;16 Cuenca;16173 Valle de Altomira, El;100 y más años;1 de enero de 2020;1
Total;16 Cuenca;16234 Valsalobre;Todas las edades;1 de enero de 2020;22
Total;16 Cuenca;16234 Valsalobre;De 0 a 4 años;1 de enero de 2020;0
Total;16 Cuenca;16234 Valsalobre;De 5 a 9 años;1 de enero de 2020;0
Total;16 Cuenca;16234 Valsalobre;De 10 a 14 años;1 de enero de 2020;0
Total;16 Cuenca;16234 Valsalobre;De 65 a 69 años;1 de enero de 2020;2
Total;16 Cuenca;16234 Valsalobre;De 70 a 74 años;1 de enero de 2020;6
Total;16 Cuenca;16234 Valsalobre;De 75 a 79 años;1 de enero de 2020;3
Total;16 Cuenca;16234 Valsalobre;De 80 a 84 años;1 de enero de 2020;2
Total;16 Cuenca;16234 Valsalobre;De 85 a 89 años;1 de enero de 2020;3
Total;16 Cuenca;16234 Valsalobre;De 90 a 94 años;1 de enero de 2020;0
Total;16 Cuenca;16234 Valsalobre;De 95 a 99 años;1 de enero de 2020;0
Total;16 Cuenca;16234 Valsalobre;100 y más años;1 de enero de 2020;0
Total;16 Cuenca;16236 Valverde de Júcar;Todas las edades;1 de enero de 2020;1.084
Total;16 Cuenca;16236 Valverde de Júcar;De 0 a 4 años;1 de enero de 2020;37
Total;16 Cuenca;16236 Valverde de Júcar;De 5 a 9 años;1 de enero de 2020;32
Total;16 Cuenca;16236 Valverde de Júcar;De 10 a 14 años;1 de enero de 2020;47
Total;16 Cuenca;16236 Valverde de Júcar;De 65 a 69 años;1 de enero de 2020;72
Total;16 Cuenca;16236 Valverde de Júcar;De 70 a 74 años;1 de enero de 2020;66
Total;16 Cuenca;16236 Valverde de Júcar;De 75 a 79 años;1 de enero de 2020;58
Total;16 Cuenca;16236 Valverde de Júcar;De 80 a 84 años;1 de enero de 2020;51
Total;16 Cuenca;16236 Valverde de Júcar;De 85 a 89 años;1 de enero de 2020;45
Total;16 Cuenca;16236 Valverde de Júcar;De 90 a 94 años;1 de enero de 2020;21
Total;16 Cuenca;16236 Valverde de Júcar;De 95 a 99 años;1 de enero de 2020;4
Total;16 Cuenca;16236 Valverde de Júcar;100 y más años;1 de enero de 2020;0
Total;16 Cuenca;16237 Valverdejo;Todas las edades;1 de enero de 2020;88
Total;16 Cuenca;16237 Valverdejo;De 0 a 4 años;1 de enero de 2020;1
Total;16 Cuenca;16237 Valverdejo;De 5 a 9 años;1 de enero de 2020;1
Total;16 Cuenca;16237 Valverdejo;De 10 a 14 años;1 de enero de 2020;3
Total;16 Cuenca;16237 Valverdejo;De 65 a 69 años;1 de enero de 2020;8
Total;16 Cuenca;16237 Valverdejo;De 70 a 74 años;1 de enero de 2020;2
Total;16 Cuenca;16237 Valverdejo;De 75 a 79 años;1 de enero de 2020;10
Total;16 Cuenca;16237 Valverdejo;De 80 a 84 años;1 de enero de 2020;4
Total;16 Cuenca;16237 Valverdejo;De 85 a 89 años;1 de enero de 2020;8
Total;16 Cuenca;16237 Valverdejo;De 90 a 94 años;1 de enero de 2020;3
Total;16 Cuenca;16237 Valverdejo;De 95 a 99 años;1 de enero de 2020;1
Total;16 Cuenca;16237 Valverdejo;100 y más años;1 de enero de 2020;2
Total;16 Cuenca;16238 Vara de Rey;Todas las edades;1 de enero de 2020;496
Total;16 Cuenca;16238 Vara de Rey;De 0 a 4 años;1 de enero de 2020;10
Total;16 Cuenca;16238 Vara de Rey;De 5 a 9 años;1 de enero de 2020;11
Total;16 Cuenca;16238 Vara de Rey;De 10 a 14 años;1 de enero de 2020;17
Total;16 Cuenca;16238 Vara de Rey;De 65 a 69 años;1 de enero de 2020;22
Total;16 Cuenca;16238 Vara de Rey;De 70 a 74 años;1 de enero de 2020;25
Total;16 Cuenca;16238 Vara de Rey;De 75 a 79 años;1 de enero de 2020;35
Total;16 Cuenca;16238 Vara de Rey;De 80 a 84 años;1 de enero de 2020;37
Total;16 Cuenca;16238 Vara de Rey;De 85 a 89 años;1 de enero de 2020;36
Total;16 Cuenca;16238 Vara de Rey;De 90 a 94 años;1 de enero de 2020;21
Total;16 Cuenca;16238 Vara de Rey;De 95 a 99 años;1 de enero de 2020;1
Total;16 Cuenca;16238 Vara de Rey;100 y más años;1 de enero de 2020;0
Total;16 Cuenca;16239 Vega del Codorno;Todas las edades;1 de enero de 2020;129
Total;16 Cuenca;16239 Vega del Codorno;De 0 a 4 años;1 de enero de 2020;1
Total;16 Cuenca;16239 Vega del Codorno;De 5 a 9 años;1 de enero de 2020;3
Total;16 Cuenca;16239 Vega del Codorno;De 10 a 14 años;1 de enero de 2020;3
Total;16 Cuenca;16239 Vega del Codorno;De 65 a 69 años;1 de enero de 2020;6
Total;16 Cuenca;16239 Vega del Codorno;De 70 a 74 años;1 de enero de 2020;10
Total;16 Cuenca;16239 Vega del Codorno;De 75 a 79 años;1 de enero de 2020;6
Total;16 Cuenca;16239 Vega del Codorno;De 80 a 84 años;1 de enero de 2020;3
Total;16 Cuenca;16239 Vega del Codorno;De 85 a 89 años;1 de enero de 2020;8
Total;16 Cuenca;16239 Vega del Codorno;De 90 a 94 años;1 de enero de 2020;3
Total;16 Cuenca;16239 Vega del Codorno;De 95 a 99 años;1 de enero de 2020;1
Total;16 Cuenca;16239 Vega del Codorno;100 y más años;1 de enero de 2020;0
Total;16 Cuenca;16240 Vellisca;Todas las edades;1 de enero de 2020;100
Total;16 Cuenca;16240 Vellisca;De 0 a 4 años;1 de enero de 2020;0
Total;16 Cuenca;16240 Vellisca;De 5 a 9 años;1 de enero de 2020;0
Total;16 Cuenca;16240 Vellisca;De 10 a 14 años;1 de enero de 2020;0
Total;16 Cuenca;16240 Vellisca;De 65 a 69 años;1 de enero de 2020;14
Total;16 Cuenca;16240 Vellisca;De 70 a 74 años;1 de enero de 2020;7
Total;16 Cuenca;16240 Vellisca;De 75 a 79 años;1 de enero de 2020;8
Total;16 Cuenca;16240 Vellisca;De 80 a 84 años;1 de enero de 2020;4
Total;16 Cuenca;16240 Vellisca;De 85 a 89 años;1 de enero de 2020;6
Total;16 Cuenca;16240 Vellisca;De 90 a 94 años;1 de enero de 2020;4
Total;16 Cuenca;16240 Vellisca;De 95 a 99 años;1 de enero de 2020;0
Total;16 Cuenca;16240 Vellisca;100 y más años;1 de enero de 2020;0
Total;16 Cuenca;16242 Villaconejos de Trabaque;Todas las edades;1 de enero de 2020;332
Total;16 Cuenca;16242 Villaconejos de Trabaque;De 0 a 4 años;1 de enero de 2020;10
Total;16 Cuenca;16242 Villaconejos de Trabaque;De 5 a 9 años;1 de enero de 2020;5
Total;16 Cuenca;16242 Villaconejos de Trabaque;De 10 a 14 años;1 de enero de 2020;12
Total;16 Cuenca;16242 Villaconejos de Trabaque;De 65 a 69 años;1 de enero de 2020;20
Total;16 Cuenca;16242 Villaconejos de Trabaque;De 70 a 74 años;1 de enero de 2020;25
Total;16 Cuenca;16242 Villaconejos de Trabaque;De 75 a 79 años;1 de enero de 2020;32
Total;16 Cuenca;16242 Villaconejos de Trabaque;De 80 a 84 años;1 de enero de 2020;18
Total;16 Cuenca;16242 Villaconejos de Trabaque;De 85 a 89 años;1 de enero de 2020;16
Total;16 Cuenca;16242 Villaconejos de Trabaque;De 90 a 94 años;1 de enero de 2020;7
Total;16 Cuenca;16242 Villaconejos de Trabaque;De 95 a 99 años;1 de enero de 2020;2
Total;16 Cuenca;16242 Villaconejos de Trabaque;100 y más años;1 de enero de 2020;1
Total;16 Cuenca;16243 Villaescusa de Haro;Todas las edades;1 de enero de 2020;481
Total;16 Cuenca;16243 Villaescusa de Haro;De 0 a 4 años;1 de enero de 2020;4
Total;16 Cuenca;16243 Villaescusa de Haro;De 5 a 9 años;1 de enero de 2020;5
Total;16 Cuenca;16243 Villaescusa de Haro;De 10 a 14 años;1 de enero de 2020;12
Total;16 Cuenca;16243 Villaescusa de Haro;De 65 a 69 años;1 de enero de 2020;28
Total;16 Cuenca;16243 Villaescusa de Haro;De 70 a 74 años;1 de enero de 2020;34
Total;16 Cuenca;16243 Villaescusa de Haro;De 75 a 79 años;1 de enero de 2020;31
Total;16 Cuenca;16243 Villaescusa de Haro;De 80 a 84 años;1 de enero de 2020;17
Total;16 Cuenca;16243 Villaescusa de Haro;De 85 a 89 años;1 de enero de 2020;24
Total;16 Cuenca;16243 Villaescusa de Haro;De 90 a 94 años;1 de enero de 2020;15
Total;16 Cuenca;16243 Villaescusa de Haro;De 95 a 99 años;1 de enero de 2020;4
Total;16 Cuenca;16243 Villaescusa de Haro;100 y más años;1 de enero de 2020;0
Total;16 Cuenca;16244 Villagarcía del Llano;Todas las edades;1 de enero de 2020;747
Total;16 Cuenca;16244 Villagarcía del Llano;De 0 a 4 años;1 de enero de 2020;16
Total;16 Cuenca;16244 Villagarcía del Llano;De 5 a 9 años;1 de enero de 2020;13
Total;16 Cuenca;16244 Villagarcía del Llano;De 10 a 14 años;1 de enero de 2020;21
Total;16 Cuenca;16244 Villagarcía del Llano;De 65 a 69 años;1 de enero de 2020;34
Total;16 Cuenca;16244 Villagarcía del Llano;De 70 a 74 años;1 de enero de 2020;54
Total;16 Cuenca;16244 Villagarcía del Llano;De 75 a 79 años;1 de enero de 2020;57
Total;16 Cuenca;16244 Villagarcía del Llano;De 80 a 84 años;1 de enero de 2020;34
Total;16 Cuenca;16244 Villagarcía del Llano;De 85 a 89 años;1 de enero de 2020;31
Total;16 Cuenca;16244 Villagarcía del Llano;De 90 a 94 años;1 de enero de 2020;9
Total;16 Cuenca;16244 Villagarcía del Llano;De 95 a 99 años;1 de enero de 2020;4
Total;16 Cuenca;16244 Villagarcía del Llano;100 y más años;1 de enero de 2020;0
Total;16 Cuenca;16245 Villalba de la Sierra;Todas las edades;1 de enero de 2020;444
Total;16 Cuenca;16245 Villalba de la Sierra;De 0 a 4 años;1 de enero de 2020;5
Total;16 Cuenca;16245 Villalba de la Sierra;De 5 a 9 años;1 de enero de 2020;9
Total;16 Cuenca;16245 Villalba de la Sierra;De 10 a 14 años;1 de enero de 2020;16
Total;16 Cuenca;16245 Villalba de la Sierra;De 65 a 69 años;1 de enero de 2020;27
Total;16 Cuenca;16245 Villalba de la Sierra;De 70 a 74 años;1 de enero de 2020;24
Total;16 Cuenca;16245 Villalba de la Sierra;De 75 a 79 años;1 de enero de 2020;21
Total;16 Cuenca;16245 Villalba de la Sierra;De 80 a 84 años;1 de enero de 2020;19
Total;16 Cuenca;16245 Villalba de la Sierra;De 85 a 89 años;1 de enero de 2020;25
Total;16 Cuenca;16245 Villalba de la Sierra;De 90 a 94 años;1 de enero de 2020;11
Total;16 Cuenca;16245 Villalba de la Sierra;De 95 a 99 años;1 de enero de 2020;2
Total;16 Cuenca;16245 Villalba de la Sierra;100 y más años;1 de enero de 2020;0
Total;16 Cuenca;16246 Villalba del Rey;Todas las edades;1 de enero de 2020;513
Total;16 Cuenca;16246 Villalba del Rey;De 0 a 4 años;1 de enero de 2020;7
Total;16 Cuenca;16246 Villalba del Rey;De 5 a 9 años;1 de enero de 2020;11
Total;16 Cuenca;16246 Villalba del Rey;De 10 a 14 años;1 de enero de 2020;15
Total;16 Cuenca;16246 Villalba del Rey;De 65 a 69 años;1 de enero de 2020;32
Total;16 Cuenca;16246 Villalba del Rey;De 70 a 74 años;1 de enero de 2020;22
Total;16 Cuenca;16246 Villalba del Rey;De 75 a 79 años;1 de enero de 2020;29
Total;16 Cuenca;16246 Villalba del Rey;De 80 a 84 años;1 de enero de 2020;33
Total;16 Cuenca;16246 Villalba del Rey;De 85 a 89 años;1 de enero de 2020;40
Total;16 Cuenca;16246 Villalba del Rey;De 90 a 94 años;1 de enero de 2020;16
Total;16 Cuenca;16246 Villalba del Rey;De 95 a 99 años;1 de enero de 2020;3
Total;16 Cuenca;16246 Villalba del Rey;100 y más años;1 de enero de 2020;0
Total;16 Cuenca;16247 Villalgordo del Marquesado;Todas las edades;1 de enero de 2020;82
Total;16 Cuenca;16247 Villalgordo del Marquesado;De 0 a 4 años;1 de enero de 2020;2
Total;16 Cuenca;16247 Villalgordo del Marquesado;De 5 a 9 años;1 de enero de 2020;0
Total;16 Cuenca;16247 Villalgordo del Marquesado;De 10 a 14 años;1 de enero de 2020;0
Total;16 Cuenca;16247 Villalgordo del Marquesado;De 65 a 69 años;1 de enero de 2020;5
Total;16 Cuenca;16247 Villalgordo del Marquesado;De 70 a 74 años;1 de enero de 2020;8
Total;16 Cuenca;16247 Villalgordo del Marquesado;De 75 a 79 años;1 de enero de 2020;5
Total;16 Cuenca;16247 Villalgordo del Marquesado;De 80 a 84 años;1 de enero de 2020;5
Total;16 Cuenca;16247 Villalgordo del Marquesado;De 85 a 89 años;1 de enero de 2020;10
Total;16 Cuenca;16247 Villalgordo del Marquesado;De 90 a 94 años;1 de enero de 2020;4
Total;16 Cuenca;16247 Villalgordo del Marquesado;De 95 a 99 años;1 de enero de 2020;0
Total;16 Cuenca;16247 Villalgordo del Marquesado;100 y más años;1 de enero de 2020;0
Total;16 Cuenca;16248 Villalpardo;Todas las edades;1 de enero de 2020;1.005
Total;16 Cuenca;16248 Villalpardo;De 0 a 4 años;1 de enero de 2020;30
Total;16 Cuenca;16248 Villalpardo;De 5 a 9 años;1 de enero de 2020;41
Total;16 Cuenca;16248 Villalpardo;De 10 a 14 años;1 de enero de 2020;37
Total;16 Cuenca;16248 Villalpardo;De 65 a 69 años;1 de enero de 2020;48
Total;16 Cuenca;16248 Villalpardo;De 70 a 74 años;1 de enero de 2020;49
Total;16 Cuenca;16248 Villalpardo;De 75 a 79 años;1 de enero de 2020;57
Total;16 Cuenca;16248 Villalpardo;De 80 a 84 años;1 de enero de 2020;47
Total;16 Cuenca;16248 Villalpardo;De 85 a 89 años;1 de enero de 2020;31
Total;16 Cuenca;16248 Villalpardo;De 90 a 94 años;1 de enero de 2020;13
Total;16 Cuenca;16248 Villalpardo;De 95 a 99 años;1 de enero de 2020;1
Total;16 Cuenca;16248 Villalpardo;100 y más años;1 de enero de 2020;0
Total;16 Cuenca;16249 Villamayor de Santiago;Todas las edades;1 de enero de 2020;2.521
Total;16 Cuenca;16249 Villamayor de Santiago;De 0 a 4 años;1 de enero de 2020;81
Total;16 Cuenca;16249 Villamayor de Santiago;De 5 a 9 años;1 de enero de 2020;83
Total;16 Cuenca;16249 Villamayor de Santiago;De 10 a 14 años;1 de enero de 2020;100
Total;16 Cuenca;16249 Villamayor de Santiago;De 65 a 69 años;1 de enero de 2020;96
Total;16 Cuenca;16249 Villamayor de Santiago;De 70 a 74 años;1 de enero de 2020;120
Total;16 Cuenca;16249 Villamayor de Santiago;De 75 a 79 años;1 de enero de 2020;127
Total;16 Cuenca;16249 Villamayor de Santiago;De 80 a 84 años;1 de enero de 2020;122
Total;16 Cuenca;16249 Villamayor de Santiago;De 85 a 89 años;1 de enero de 2020;113
Total;16 Cuenca;16249 Villamayor de Santiago;De 90 a 94 años;1 de enero de 2020;51
Total;16 Cuenca;16249 Villamayor de Santiago;De 95 a 99 años;1 de enero de 2020;10
Total;16 Cuenca;16249 Villamayor de Santiago;100 y más años;1 de enero de 2020;0
Total;16 Cuenca;16250 Villanueva de Guadamejud;Todas las edades;1 de enero de 2020;68
Total;16 Cuenca;16250 Villanueva de Guadamejud;De 0 a 4 años;1 de enero de 2020;0
Total;16 Cuenca;16250 Villanueva de Guadamejud;De 5 a 9 años;1 de enero de 2020;1
Total;16 Cuenca;16250 Villanueva de Guadamejud;De 10 a 14 años;1 de enero de 2020;0
Total;16 Cuenca;16250 Villanueva de Guadamejud;De 65 a 69 años;1 de enero de 2020;5
Total;16 Cuenca;16250 Villanueva de Guadamejud;De 70 a 74 años;1 de enero de 2020;1
Total;16 Cuenca;16250 Villanueva de Guadamejud;De 75 a 79 años;1 de enero de 2020;6
Total;16 Cuenca;16250 Villanueva de Guadamejud;De 80 a 84 años;1 de enero de 2020;6
Total;16 Cuenca;16250 Villanueva de Guadamejud;De 85 a 89 años;1 de enero de 2020;8
Total;16 Cuenca;16250 Villanueva de Guadamejud;De 90 a 94 años;1 de enero de 2020;3
Total;16 Cuenca;16250 Villanueva de Guadamejud;De 95 a 99 años;1 de enero de 2020;1
Total;16 Cuenca;16250 Villanueva de Guadamejud;100 y más años;1 de enero de 2020;0
Total;16 Cuenca;16251 Villanueva de la Jara;Todas las edades;1 de enero de 2020;2.282
Total;16 Cuenca;16251 Villanueva de la Jara;De 0 a 4 años;1 de enero de 2020;77
Total;16 Cuenca;16251 Villanueva de la Jara;De 5 a 9 años;1 de enero de 2020;93
Total;16 Cuenca;16251 Villanueva de la Jara;De 10 a 14 años;1 de enero de 2020;103
Total;16 Cuenca;16251 Villanueva de la Jara;De 65 a 69 años;1 de enero de 2020;121
Total;16 Cuenca;16251 Villanueva de la Jara;De 70 a 74 años;1 de enero de 2020;95
Total;16 Cuenca;16251 Villanueva de la Jara;De 75 a 79 años;1 de enero de 2020;98
Total;16 Cuenca;16251 Villanueva de la Jara;De 80 a 84 años;1 de enero de 2020;90
Total;16 Cuenca;16251 Villanueva de la Jara;De 85 a 89 años;1 de enero de 2020;70
Total;16 Cuenca;16251 Villanueva de la Jara;De 90 a 94 años;1 de enero de 2020;29
Total;16 Cuenca;16251 Villanueva de la Jara;De 95 a 99 años;1 de enero de 2020;4
Total;16 Cuenca;16251 Villanueva de la Jara;100 y más años;1 de enero de 2020;1
Total;16 Cuenca;16253 Villar de Cañas;Todas las edades;1 de enero de 2020;375
Total;16 Cuenca;16253 Villar de Cañas;De 0 a 4 años;1 de enero de 2020;8
Total;16 Cuenca;16253 Villar de Cañas;De 5 a 9 años;1 de enero de 2020;16
Total;16 Cuenca;16253 Villar de Cañas;De 10 a 14 años;1 de enero de 2020;13
Total;16 Cuenca;16253 Villar de Cañas;De 65 a 69 años;1 de enero de 2020;28
Total;16 Cuenca;16253 Villar de Cañas;De 70 a 74 años;1 de enero de 2020;28
Total;16 Cuenca;16253 Villar de Cañas;De 75 a 79 años;1 de enero de 2020;28
Total;16 Cuenca;16253 Villar de Cañas;De 80 a 84 años;1 de enero de 2020;17
Total;16 Cuenca;16253 Villar de Cañas;De 85 a 89 años;1 de enero de 2020;16
Total;16 Cuenca;16253 Villar de Cañas;De 90 a 94 años;1 de enero de 2020;9
Total;16 Cuenca;16253 Villar de Cañas;De 95 a 99 años;1 de enero de 2020;1
Total;16 Cuenca;16253 Villar de Cañas;100 y más años;1 de enero de 2020;0
Total;16 Cuenca;16254 Villar de Domingo García;Todas las edades;1 de enero de 2020;212
Total;16 Cuenca;16254 Villar de Domingo García;De 0 a 4 años;1 de enero de 2020;3
Total;16 Cuenca;16254 Villar de Domingo García;De 5 a 9 años;1 de enero de 2020;6
Total;16 Cuenca;16254 Villar de Domingo García;De 10 a 14 años;1 de enero de 2020;0
Total;16 Cuenca;16254 Villar de Domingo García;De 65 a 69 años;1 de enero de 2020;11
Total;16 Cuenca;16254 Villar de Domingo García;De 70 a 74 años;1 de enero de 2020;16
Total;16 Cuenca;16254 Villar de Domingo García;De 75 a 79 años;1 de enero de 2020;9
Total;16 Cuenca;16254 Villar de Domingo García;De 80 a 84 años;1 de enero de 2020;13
Total;16 Cuenca;16254 Villar de Domingo García;De 85 a 89 años;1 de enero de 2020;15
Total;16 Cuenca;16254 Villar de Domingo García;De 90 a 94 años;1 de enero de 2020;4
Total;16 Cuenca;16254 Villar de Domingo García;De 95 a 99 años;1 de enero de 2020;1
Total;16 Cuenca;16254 Villar de Domingo García;100 y más años;1 de enero de 2020;0
Total;16 Cuenca;16255 Villar de la Encina;Todas las edades;1 de enero de 2020;148
Total;16 Cuenca;16255 Villar de la Encina;De 0 a 4 años;1 de enero de 2020;1
Total;16 Cuenca;16255 Villar de la Encina;De 5 a 9 años;1 de enero de 2020;1
Total;16 Cuenca;16255 Villar de la Encina;De 10 a 14 años;1 de enero de 2020;2
Total;16 Cuenca;16255 Villar de la Encina;De 65 a 69 años;1 de enero de 2020;8
Total;16 Cuenca;16255 Villar de la Encina;De 70 a 74 años;1 de enero de 2020;9
Total;16 Cuenca;16255 Villar de la Encina;De 75 a 79 años;1 de enero de 2020;13
Total;16 Cuenca;16255 Villar de la Encina;De 80 a 84 años;1 de enero de 2020;17
Total;16 Cuenca;16255 Villar de la Encina;De 85 a 89 años;1 de enero de 2020;14
Total;16 Cuenca;16255 Villar de la Encina;De 90 a 94 años;1 de enero de 2020;4
Total;16 Cuenca;16255 Villar de la Encina;De 95 a 99 años;1 de enero de 2020;0
Total;16 Cuenca;16255 Villar de la Encina;100 y más años;1 de enero de 2020;1
Total;16 Cuenca;16263 Villar de Olalla;Todas las edades;1 de enero de 2020;1.285
Total;16 Cuenca;16263 Villar de Olalla;De 0 a 4 años;1 de enero de 2020;62
Total;16 Cuenca;16263 Villar de Olalla;De 5 a 9 años;1 de enero de 2020;60
Total;16 Cuenca;16263 Villar de Olalla;De 10 a 14 años;1 de enero de 2020;55
Total;16 Cuenca;16263 Villar de Olalla;De 65 a 69 años;1 de enero de 2020;57
Total;16 Cuenca;16263 Villar de Olalla;De 70 a 74 años;1 de enero de 2020;48
Total;16 Cuenca;16263 Villar de Olalla;De 75 a 79 años;1 de enero de 2020;42
Total;16 Cuenca;16263 Villar de Olalla;De 80 a 84 años;1 de enero de 2020;51
Total;16 Cuenca;16263 Villar de Olalla;De 85 a 89 años;1 de enero de 2020;34
Total;16 Cuenca;16263 Villar de Olalla;De 90 a 94 años;1 de enero de 2020;19
Total;16 Cuenca;16263 Villar de Olalla;De 95 a 99 años;1 de enero de 2020;5
Total;16 Cuenca;16263 Villar de Olalla;100 y más años;1 de enero de 2020;0
Total;16 Cuenca;16258 Villar del Humo;Todas las edades;1 de enero de 2020;191
Total;16 Cuenca;16258 Villar del Humo;De 0 a 4 años;1 de enero de 2020;2
Total;16 Cuenca;16258 Villar del Humo;De 5 a 9 años;1 de enero de 2020;2
Total;16 Cuenca;16258 Villar del Humo;De 10 a 14 años;1 de enero de 2020;8
Total;16 Cuenca;16258 Villar del Humo;De 65 a 69 años;1 de enero de 2020;14
Total;16 Cuenca;16258 Villar del Humo;De 70 a 74 años;1 de enero de 2020;13
Total;16 Cuenca;16258 Villar del Humo;De 75 a 79 años;1 de enero de 2020;21
Total;16 Cuenca;16258 Villar del Humo;De 80 a 84 años;1 de enero de 2020;10
Total;16 Cuenca;16258 Villar del Humo;De 85 a 89 años;1 de enero de 2020;19
Total;16 Cuenca;16258 Villar del Humo;De 90 a 94 años;1 de enero de 2020;12
Total;16 Cuenca;16258 Villar del Humo;De 95 a 99 años;1 de enero de 2020;3
Total;16 Cuenca;16258 Villar del Humo;100 y más años;1 de enero de 2020;1
Total;16 Cuenca;16259 Villar del Infantado;Todas las edades;1 de enero de 2020;44
Total;16 Cuenca;16259 Villar del Infantado;De 0 a 4 años;1 de enero de 2020;0
Total;16 Cuenca;16259 Villar del Infantado;De 5 a 9 años;1 de enero de 2020;0
Total;16 Cuenca;16259 Villar del Infantado;De 10 a 14 años;1 de enero de 2020;5
Total;16 Cuenca;16259 Villar del Infantado;De 65 a 69 años;1 de enero de 2020;3
Total;16 Cuenca;16259 Villar del Infantado;De 70 a 74 años;1 de enero de 2020;0
Total;16 Cuenca;16259 Villar del Infantado;De 75 a 79 años;1 de enero de 2020;3
Total;16 Cuenca;16259 Villar del Infantado;De 80 a 84 años;1 de enero de 2020;3
Total;16 Cuenca;16259 Villar del Infantado;De 85 a 89 años;1 de enero de 2020;2
Total;16 Cuenca;16259 Villar del Infantado;De 90 a 94 años;1 de enero de 2020;0
Total;16 Cuenca;16259 Villar del Infantado;De 95 a 99 años;1 de enero de 2020;1
Total;16 Cuenca;16259 Villar del Infantado;100 y más años;1 de enero de 2020;0
Total;16 Cuenca;16910 Villar y Velasco;Todas las edades;1 de enero de 2020;75
Total;16 Cuenca;16910 Villar y Velasco;De 0 a 4 años;1 de enero de 2020;0
Total;16 Cuenca;16910 Villar y Velasco;De 5 a 9 años;1 de enero de 2020;0
Total;16 Cuenca;16910 Villar y Velasco;De 10 a 14 años;1 de enero de 2020;0
Total;16 Cuenca;16910 Villar y Velasco;De 65 a 69 años;1 de enero de 2020;4
Total;16 Cuenca;16910 Villar y Velasco;De 70 a 74 años;1 de enero de 2020;7
Total;16 Cuenca;16910 Villar y Velasco;De 75 a 79 años;1 de enero de 2020;7
Total;16 Cuenca;16910 Villar y Velasco;De 80 a 84 años;1 de enero de 2020;7
Total;16 Cuenca;16910 Villar y Velasco;De 85 a 89 años;1 de enero de 2020;6
Total;16 Cuenca;16910 Villar y Velasco;De 90 a 94 años;1 de enero de 2020;5
Total;16 Cuenca;16910 Villar y Velasco;De 95 a 99 años;1 de enero de 2020;0
Total;16 Cuenca;16910 Villar y Velasco;100 y más años;1 de enero de 2020;0
Total;16 Cuenca;16264 Villarejo de Fuentes;Todas las edades;1 de enero de 2020;418
Total;16 Cuenca;16264 Villarejo de Fuentes;De 0 a 4 años;1 de enero de 2020;6
Total;16 Cuenca;16264 Villarejo de Fuentes;De 5 a 9 años;1 de enero de 2020;12
Total;16 Cuenca;16264 Villarejo de Fuentes;De 10 a 14 años;1 de enero de 2020;9
Total;16 Cuenca;16264 Villarejo de Fuentes;De 65 a 69 años;1 de enero de 2020;35
Total;16 Cuenca;16264 Villarejo de Fuentes;De 70 a 74 años;1 de enero de 2020;38
Total;16 Cuenca;16264 Villarejo de Fuentes;De 75 a 79 años;1 de enero de 2020;43
Total;16 Cuenca;16264 Villarejo de Fuentes;De 80 a 84 años;1 de enero de 2020;23
Total;16 Cuenca;16264 Villarejo de Fuentes;De 85 a 89 años;1 de enero de 2020;24
Total;16 Cuenca;16264 Villarejo de Fuentes;De 90 a 94 años;1 de enero de 2020;8
Total;16 Cuenca;16264 Villarejo de Fuentes;De 95 a 99 años;1 de enero de 2020;3
Total;16 Cuenca;16264 Villarejo de Fuentes;100 y más años;1 de enero de 2020;0
Total;16 Cuenca;16265 Villarejo de la Peñuela;Todas las edades;1 de enero de 2020;22
Total;16 Cuenca;16265 Villarejo de la Peñuela;De 0 a 4 años;1 de enero de 2020;0
Total;16 Cuenca;16265 Villarejo de la Peñuela;De 5 a 9 años;1 de enero de 2020;0
Total;16 Cuenca;16265 Villarejo de la Peñuela;De 10 a 14 años;1 de enero de 2020;0
Total;16 Cuenca;16265 Villarejo de la Peñuela;De 65 a 69 años;1 de enero de 2020;1
Total;16 Cuenca;16265 Villarejo de la Peñuela;De 70 a 74 años;1 de enero de 2020;3
Total;16 Cuenca;16265 Villarejo de la Peñuela;De 75 a 79 años;1 de enero de 2020;2
Total;16 Cuenca;16265 Villarejo de la Peñuela;De 80 a 84 años;1 de enero de 2020;0
Total;16 Cuenca;16265 Villarejo de la Peñuela;De 85 a 89 años;1 de enero de 2020;3
Total;16 Cuenca;16265 Villarejo de la Peñuela;De 90 a 94 años;1 de enero de 2020;1
Total;16 Cuenca;16265 Villarejo de la Peñuela;De 95 a 99 años;1 de enero de 2020;0
Total;16 Cuenca;16265 Villarejo de la Peñuela;100 y más años;1 de enero de 2020;0
Total;16 Cuenca;16266 Villarejo-Periesteban;Todas las edades;1 de enero de 2020;382
Total;16 Cuenca;16266 Villarejo-Periesteban;De 0 a 4 años;1 de enero de 2020;5
Total;16 Cuenca;16266 Villarejo-Periesteban;De 5 a 9 años;1 de enero de 2020;12
Total;16 Cuenca;16266 Villarejo-Periesteban;De 10 a 14 años;1 de enero de 2020;10
Total;16 Cuenca;16266 Villarejo-Periesteban;De 65 a 69 años;1 de enero de 2020;25
Total;16 Cuenca;16266 Villarejo-Periesteban;De 70 a 74 años;1 de enero de 2020;29
Total;16 Cuenca;16266 Villarejo-Periesteban;De 75 a 79 años;1 de enero de 2020;25
Total;16 Cuenca;16266 Villarejo-Periesteban;De 80 a 84 años;1 de enero de 2020;26
Total;16 Cuenca;16266 Villarejo-Periesteban;De 85 a 89 años;1 de enero de 2020;21
Total;16 Cuenca;16266 Villarejo-Periesteban;De 90 a 94 años;1 de enero de 2020;9
Total;16 Cuenca;16266 Villarejo-Periesteban;De 95 a 99 años;1 de enero de 2020;7
Total;16 Cuenca;16266 Villarejo-Periesteban;100 y más años;1 de enero de 2020;1
Total;16 Cuenca;16269 Villares del Saz;Todas las edades;1 de enero de 2020;414
Total;16 Cuenca;16269 Villares del Saz;De 0 a 4 años;1 de enero de 2020;2
Total;16 Cuenca;16269 Villares del Saz;De 5 a 9 años;1 de enero de 2020;3
Total;16 Cuenca;16269 Villares del Saz;De 10 a 14 años;1 de enero de 2020;22
Total;16 Cuenca;16269 Villares del Saz;De 65 a 69 años;1 de enero de 2020;23
Total;16 Cuenca;16269 Villares del Saz;De 70 a 74 años;1 de enero de 2020;34
Total;16 Cuenca;16269 Villares del Saz;De 75 a 79 años;1 de enero de 2020;40
Total;16 Cuenca;16269 Villares del Saz;De 80 a 84 años;1 de enero de 2020;37
Total;16 Cuenca;16269 Villares del Saz;De 85 a 89 años;1 de enero de 2020;25
Total;16 Cuenca;16269 Villares del Saz;De 90 a 94 años;1 de enero de 2020;7
Total;16 Cuenca;16269 Villares del Saz;De 95 a 99 años;1 de enero de 2020;2
Total;16 Cuenca;16269 Villares del Saz;100 y más años;1 de enero de 2020;2
Total;16 Cuenca;16270 Villarrubio;Todas las edades;1 de enero de 2020;191
Total;16 Cuenca;16270 Villarrubio;De 0 a 4 años;1 de enero de 2020;5
Total;16 Cuenca;16270 Villarrubio;De 5 a 9 años;1 de enero de 2020;8
Total;16 Cuenca;16270 Villarrubio;De 10 a 14 años;1 de enero de 2020;4
Total;16 Cuenca;16270 Villarrubio;De 65 a 69 años;1 de enero de 2020;12
Total;16 Cuenca;16270 Villarrubio;De 70 a 74 años;1 de enero de 2020;9
Total;16 Cuenca;16270 Villarrubio;De 75 a 79 años;1 de enero de 2020;8
Total;16 Cuenca;16270 Villarrubio;De 80 a 84 años;1 de enero de 2020;11
Total;16 Cuenca;16270 Villarrubio;De 85 a 89 años;1 de enero de 2020;13
Total;16 Cuenca;16270 Villarrubio;De 90 a 94 años;1 de enero de 2020;2
Total;16 Cuenca;16270 Villarrubio;De 95 a 99 años;1 de enero de 2020;1
Total;16 Cuenca;16270 Villarrubio;100 y más años;1 de enero de 2020;0
Total;16 Cuenca;16271 Villarta;Todas las edades;1 de enero de 2020;843
Total;16 Cuenca;16271 Villarta;De 0 a 4 años;1 de enero de 2020;31
Total;16 Cuenca;16271 Villarta;De 5 a 9 años;1 de enero de 2020;32
Total;16 Cuenca;16271 Villarta;De 10 a 14 años;1 de enero de 2020;31
Total;16 Cuenca;16271 Villarta;De 65 a 69 años;1 de enero de 2020;39
Total;16 Cuenca;16271 Villarta;De 70 a 74 años;1 de enero de 2020;53
Total;16 Cuenca;16271 Villarta;De 75 a 79 años;1 de enero de 2020;52
Total;16 Cuenca;16271 Villarta;De 80 a 84 años;1 de enero de 2020;23
Total;16 Cuenca;16271 Villarta;De 85 a 89 años;1 de enero de 2020;29
Total;16 Cuenca;16271 Villarta;De 90 a 94 años;1 de enero de 2020;14
Total;16 Cuenca;16271 Villarta;De 95 a 99 años;1 de enero de 2020;3
Total;16 Cuenca;16271 Villarta;100 y más años;1 de enero de 2020;1
Total;16 Cuenca;16272 Villas de la Ventosa;Todas las edades;1 de enero de 2020;213
Total;16 Cuenca;16272 Villas de la Ventosa;De 0 a 4 años;1 de enero de 2020;0
Total;16 Cuenca;16272 Villas de la Ventosa;De 5 a 9 años;1 de enero de 2020;0
Total;16 Cuenca;16272 Villas de la Ventosa;De 10 a 14 años;1 de enero de 2020;8
Total;16 Cuenca;16272 Villas de la Ventosa;De 65 a 69 años;1 de enero de 2020;18
Total;16 Cuenca;16272 Villas de la Ventosa;De 70 a 74 años;1 de enero de 2020;20
Total;16 Cuenca;16272 Villas de la Ventosa;De 75 a 79 años;1 de enero de 2020;11
Total;16 Cuenca;16272 Villas de la Ventosa;De 80 a 84 años;1 de enero de 2020;8
Total;16 Cuenca;16272 Villas de la Ventosa;De 85 a 89 años;1 de enero de 2020;16
Total;16 Cuenca;16272 Villas de la Ventosa;De 90 a 94 años;1 de enero de 2020;5
Total;16 Cuenca;16272 Villas de la Ventosa;De 95 a 99 años;1 de enero de 2020;0
Total;16 Cuenca;16272 Villas de la Ventosa;100 y más años;1 de enero de 2020;0
Total;16 Cuenca;16273 Villaverde y Pasaconsol;Todas las edades;1 de enero de 2020;328
Total;16 Cuenca;16273 Villaverde y Pasaconsol;De 0 a 4 años;1 de enero de 2020;3
Total;16 Cuenca;16273 Villaverde y Pasaconsol;De 5 a 9 años;1 de enero de 2020;11
Total;16 Cuenca;16273 Villaverde y Pasaconsol;De 10 a 14 años;1 de enero de 2020;4
Total;16 Cuenca;16273 Villaverde y Pasaconsol;De 65 a 69 años;1 de enero de 2020;14
Total;16 Cuenca;16273 Villaverde y Pasaconsol;De 70 a 74 años;1 de enero de 2020;26
Total;16 Cuenca;16273 Villaverde y Pasaconsol;De 75 a 79 años;1 de enero de 2020;27
Total;16 Cuenca;16273 Villaverde y Pasaconsol;De 80 a 84 años;1 de enero de 2020;33
Total;16 Cuenca;16273 Villaverde y Pasaconsol;De 85 a 89 años;1 de enero de 2020;25
Total;16 Cuenca;16273 Villaverde y Pasaconsol;De 90 a 94 años;1 de enero de 2020;8
Total;16 Cuenca;16273 Villaverde y Pasaconsol;De 95 a 99 años;1 de enero de 2020;5
Total;16 Cuenca;16273 Villaverde y Pasaconsol;100 y más años;1 de enero de 2020;0
Total;16 Cuenca;16274 Víllora;Todas las edades;1 de enero de 2020;109
Total;16 Cuenca;16274 Víllora;De 0 a 4 años;1 de enero de 2020;0
Total;16 Cuenca;16274 Víllora;De 5 a 9 años;1 de enero de 2020;2
Total;16 Cuenca;16274 Víllora;De 10 a 14 años;1 de enero de 2020;3
Total;16 Cuenca;16274 Víllora;De 65 a 69 años;1 de enero de 2020;8
Total;16 Cuenca;16274 Víllora;De 70 a 74 años;1 de enero de 2020;11
Total;16 Cuenca;16274 Víllora;De 75 a 79 años;1 de enero de 2020;5
Total;16 Cuenca;16274 Víllora;De 80 a 84 años;1 de enero de 2020;5
Total;16 Cuenca;16274 Víllora;De 85 a 89 años;1 de enero de 2020;13
Total;16 Cuenca;16274 Víllora;De 90 a 94 años;1 de enero de 2020;5
Total;16 Cuenca;16274 Víllora;De 95 a 99 años;1 de enero de 2020;1
Total;16 Cuenca;16274 Víllora;100 y más años;1 de enero de 2020;0
Total;16 Cuenca;16275 Vindel;Todas las edades;1 de enero de 2020;11
Total;16 Cuenca;16275 Vindel;De 0 a 4 años;1 de enero de 2020;0
Total;16 Cuenca;16275 Vindel;De 5 a 9 años;1 de enero de 2020;0
Total;16 Cuenca;16275 Vindel;De 10 a 14 años;1 de enero de 2020;0
Total;16 Cuenca;16275 Vindel;De 65 a 69 años;1 de enero de 2020;1
Total;16 Cuenca;16275 Vindel;De 70 a 74 años;1 de enero de 2020;2
Total;16 Cuenca;16275 Vindel;De 75 a 79 años;1 de enero de 2020;2
Total;16 Cuenca;16275 Vindel;De 80 a 84 años;1 de enero de 2020;1
Total;16 Cuenca;16275 Vindel;De 85 a 89 años;1 de enero de 2020;0
Total;16 Cuenca;16275 Vindel;De 90 a 94 años;1 de enero de 2020;0
Total;16 Cuenca;16275 Vindel;De 95 a 99 años;1 de enero de 2020;0
Total;16 Cuenca;16275 Vindel;100 y más años;1 de enero de 2020;0
Total;16 Cuenca;16276 Yémeda;Todas las edades;1 de enero de 2020;18
Total;16 Cuenca;16276 Yémeda;De 0 a 4 años;1 de enero de 2020;0
Total;16 Cuenca;16276 Yémeda;De 5 a 9 años;1 de enero de 2020;0
Total;16 Cuenca;16276 Yémeda;De 10 a 14 años;1 de enero de 2020;0
Total;16 Cuenca;16276 Yémeda;De 65 a 69 años;1 de enero de 2020;1
Total;16 Cuenca;16276 Yémeda;De 70 a 74 años;1 de enero de 2020;2
Total;16 Cuenca;16276 Yémeda;De 75 a 79 años;1 de enero de 2020;1
Total;16 Cuenca;16276 Yémeda;De 80 a 84 años;1 de enero de 2020;2
Total;16 Cuenca;16276 Yémeda;De 85 a 89 años;1 de enero de 2020;1
Total;16 Cuenca;16276 Yémeda;De 90 a 94 años;1 de enero de 2020;0
Total;16 Cuenca;16276 Yémeda;De 95 a 99 años;1 de enero de 2020;0
Total;16 Cuenca;16276 Yémeda;100 y más años;1 de enero de 2020;0
Total;16 Cuenca;16277 Zafra de Záncara;Todas las edades;1 de enero de 2020;110
Total;16 Cuenca;16277 Zafra de Záncara;De 0 a 4 años;1 de enero de 2020;1
Total;16 Cuenca;16277 Zafra de Záncara;De 5 a 9 años;1 de enero de 2020;0
Total;16 Cuenca;16277 Zafra de Záncara;De 10 a 14 años;1 de enero de 2020;0
Total;16 Cuenca;16277 Zafra de Záncara;De 65 a 69 años;1 de enero de 2020;6
Total;16 Cuenca;16277 Zafra de Záncara;De 70 a 74 años;1 de enero de 2020;7
Total;16 Cuenca;16277 Zafra de Záncara;De 75 a 79 años;1 de enero de 2020;15
Total;16 Cuenca;16277 Zafra de Záncara;De 80 a 84 años;1 de enero de 2020;11
Total;16 Cuenca;16277 Zafra de Záncara;De 85 a 89 años;1 de enero de 2020;7
Total;16 Cuenca;16277 Zafra de Záncara;De 90 a 94 años;1 de enero de 2020;9
Total;16 Cuenca;16277 Zafra de Záncara;De 95 a 99 años;1 de enero de 2020;0
Total;16 Cuenca;16277 Zafra de Záncara;100 y más años;1 de enero de 2020;1
Total;16 Cuenca;16278 Zafrilla;Todas las edades;1 de enero de 2020;56
Total;16 Cuenca;16278 Zafrilla;De 0 a 4 años;1 de enero de 2020;0
Total;16 Cuenca;16278 Zafrilla;De 5 a 9 años;1 de enero de 2020;0
Total;16 Cuenca;16278 Zafrilla;De 10 a 14 años;1 de enero de 2020;1
Total;16 Cuenca;16278 Zafrilla;De 65 a 69 años;1 de enero de 2020;3
Total;16 Cuenca;16278 Zafrilla;De 70 a 74 años;1 de enero de 2020;4
Total;16 Cuenca;16278 Zafrilla;De 75 a 79 años;1 de enero de 2020;4
Total;16 Cuenca;16278 Zafrilla;De 80 a 84 años;1 de enero de 2020;4
Total;16 Cuenca;16278 Zafrilla;De 85 a 89 años;1 de enero de 2020;7
Total;16 Cuenca;16278 Zafrilla;De 90 a 94 años;1 de enero de 2020;3
Total;16 Cuenca;16278 Zafrilla;De 95 a 99 años;1 de enero de 2020;0
Total;16 Cuenca;16278 Zafrilla;100 y más años;1 de enero de 2020;0
Total;16 Cuenca;16279 Zarza de Tajo;Todas las edades;1 de enero de 2020;266
Total;16 Cuenca;16279 Zarza de Tajo;De 0 a 4 años;1 de enero de 2020;13
Total;16 Cuenca;16279 Zarza de Tajo;De 5 a 9 años;1 de enero de 2020;4
Total;16 Cuenca;16279 Zarza de Tajo;De 10 a 14 años;1 de enero de 2020;6
Total;16 Cuenca;16279 Zarza de Tajo;De 65 a 69 años;1 de enero de 2020;13
Total;16 Cuenca;16279 Zarza de Tajo;De 70 a 74 años;1 de enero de 2020;15
Total;16 Cuenca;16279 Zarza de Tajo;De 75 a 79 años;1 de enero de 2020;12
Total;16 Cuenca;16279 Zarza de Tajo;De 80 a 84 años;1 de enero de 2020;9
Total;16 Cuenca;16279 Zarza de Tajo;De 85 a 89 años;1 de enero de 2020;16
Total;16 Cuenca;16279 Zarza de Tajo;De 90 a 94 años;1 de enero de 2020;5
Total;16 Cuenca;16279 Zarza de Tajo;De 95 a 99 años;1 de enero de 2020;1
Total;16 Cuenca;16279 Zarza de Tajo;100 y más años;1 de enero de 2020;0
Total;16 Cuenca;16280 Zarzuela;Todas las edades;1 de enero de 2020;169
Total;16 Cuenca;16280 Zarzuela;De 0 a 4 años;1 de enero de 2020;1
Total;16 Cuenca;16280 Zarzuela;De 5 a 9 años;1 de enero de 2020;1
Total;16 Cuenca;16280 Zarzuela;De 10 a 14 años;1 de enero de 2020;1
Total;16 Cuenca;16280 Zarzuela;De 65 a 69 años;1 de enero de 2020;14
Total;16 Cuenca;16280 Zarzuela;De 70 a 74 años;1 de enero de 2020;11
Total;16 Cuenca;16280 Zarzuela;De 75 a 79 años;1 de enero de 2020;16
Total;16 Cuenca;16280 Zarzuela;De 80 a 84 años;1 de enero de 2020;13
Total;16 Cuenca;16280 Zarzuela;De 85 a 89 años;1 de enero de 2020;17
Total;16 Cuenca;16280 Zarzuela;De 90 a 94 años;1 de enero de 2020;10
Total;16 Cuenca;16280 Zarzuela;De 95 a 99 años;1 de enero de 2020;3
Total;16 Cuenca;16280 Zarzuela;100 y más años;1 de enero de 2020;0
