Sexo;Provincias;Municipios;Edad (grupos quinquenales);Periodo;Total
Total;19 Guadalajara;19001 Abánades;Todas las edades;1 de enero de 2020;53
Total;19 Guadalajara;19001 Abánades;De 0 a 4 años;1 de enero de 2020;1
Total;19 Guadalajara;19001 Abánades;De 5 a 9 años;1 de enero de 2020;1
Total;19 Guadalajara;19001 Abánades;De 10 a 14 años;1 de enero de 2020;0
Total;19 Guadalajara;19001 Abánades;De 65 a 69 años;1 de enero de 2020;3
Total;19 Guadalajara;19001 Abánades;De 70 a 74 años;1 de enero de 2020;4
Total;19 Guadalajara;19001 Abánades;De 75 a 79 años;1 de enero de 2020;5
Total;19 Guadalajara;19001 Abánades;De 80 a 84 años;1 de enero de 2020;6
Total;19 Guadalajara;19001 Abánades;De 85 a 89 años;1 de enero de 2020;4
Total;19 Guadalajara;19001 Abánades;De 90 a 94 años;1 de enero de 2020;2
Total;19 Guadalajara;19001 Abánades;De 95 a 99 años;1 de enero de 2020;0
Total;19 Guadalajara;19001 Abánades;100 y más años;1 de enero de 2020;1
Total;19 Guadalajara;19002 Ablanque;Todas las edades;1 de enero de 2020;55
Total;19 Guadalajara;19002 Ablanque;De 0 a 4 años;1 de enero de 2020;0
Total;19 Guadalajara;19002 Ablanque;De 5 a 9 años;1 de enero de 2020;0
Total;19 Guadalajara;19002 Ablanque;De 10 a 14 años;1 de enero de 2020;1
Total;19 Guadalajara;19002 Ablanque;De 65 a 69 años;1 de enero de 2020;9
Total;19 Guadalajara;19002 Ablanque;De 70 a 74 años;1 de enero de 2020;3
Total;19 Guadalajara;19002 Ablanque;De 75 a 79 años;1 de enero de 2020;3
Total;19 Guadalajara;19002 Ablanque;De 80 a 84 años;1 de enero de 2020;5
Total;19 Guadalajara;19002 Ablanque;De 85 a 89 años;1 de enero de 2020;2
Total;19 Guadalajara;19002 Ablanque;De 90 a 94 años;1 de enero de 2020;6
Total;19 Guadalajara;19002 Ablanque;De 95 a 99 años;1 de enero de 2020;0
Total;19 Guadalajara;19002 Ablanque;100 y más años;1 de enero de 2020;0
Total;19 Guadalajara;19003 Adobes;Todas las edades;1 de enero de 2020;35
Total;19 Guadalajara;19003 Adobes;De 0 a 4 años;1 de enero de 2020;1
Total;19 Guadalajara;19003 Adobes;De 5 a 9 años;1 de enero de 2020;1
Total;19 Guadalajara;19003 Adobes;De 10 a 14 años;1 de enero de 2020;0
Total;19 Guadalajara;19003 Adobes;De 65 a 69 años;1 de enero de 2020;7
Total;19 Guadalajara;19003 Adobes;De 70 a 74 años;1 de enero de 2020;2
Total;19 Guadalajara;19003 Adobes;De 75 a 79 años;1 de enero de 2020;3
Total;19 Guadalajara;19003 Adobes;De 80 a 84 años;1 de enero de 2020;1
Total;19 Guadalajara;19003 Adobes;De 85 a 89 años;1 de enero de 2020;0
Total;19 Guadalajara;19003 Adobes;De 90 a 94 años;1 de enero de 2020;0
Total;19 Guadalajara;19003 Adobes;De 95 a 99 años;1 de enero de 2020;0
Total;19 Guadalajara;19003 Adobes;100 y más años;1 de enero de 2020;0
Total;19 Guadalajara;19004 Alaminos;Todas las edades;1 de enero de 2020;58
Total;19 Guadalajara;19004 Alaminos;De 0 a 4 años;1 de enero de 2020;0
Total;19 Guadalajara;19004 Alaminos;De 5 a 9 años;1 de enero de 2020;0
Total;19 Guadalajara;19004 Alaminos;De 10 a 14 años;1 de enero de 2020;0
Total;19 Guadalajara;19004 Alaminos;De 65 a 69 años;1 de enero de 2020;4
Total;19 Guadalajara;19004 Alaminos;De 70 a 74 años;1 de enero de 2020;3
Total;19 Guadalajara;19004 Alaminos;De 75 a 79 años;1 de enero de 2020;4
Total;19 Guadalajara;19004 Alaminos;De 80 a 84 años;1 de enero de 2020;2
Total;19 Guadalajara;19004 Alaminos;De 85 a 89 años;1 de enero de 2020;7
Total;19 Guadalajara;19004 Alaminos;De 90 a 94 años;1 de enero de 2020;2
Total;19 Guadalajara;19004 Alaminos;De 95 a 99 años;1 de enero de 2020;4
Total;19 Guadalajara;19004 Alaminos;100 y más años;1 de enero de 2020;0
Total;19 Guadalajara;19005 Alarilla;Todas las edades;1 de enero de 2020;137
Total;19 Guadalajara;19005 Alarilla;De 0 a 4 años;1 de enero de 2020;2
Total;19 Guadalajara;19005 Alarilla;De 5 a 9 años;1 de enero de 2020;1
Total;19 Guadalajara;19005 Alarilla;De 10 a 14 años;1 de enero de 2020;2
Total;19 Guadalajara;19005 Alarilla;De 65 a 69 años;1 de enero de 2020;8
Total;19 Guadalajara;19005 Alarilla;De 70 a 74 años;1 de enero de 2020;6
Total;19 Guadalajara;19005 Alarilla;De 75 a 79 años;1 de enero de 2020;6
Total;19 Guadalajara;19005 Alarilla;De 80 a 84 años;1 de enero de 2020;2
Total;19 Guadalajara;19005 Alarilla;De 85 a 89 años;1 de enero de 2020;6
Total;19 Guadalajara;19005 Alarilla;De 90 a 94 años;1 de enero de 2020;5
Total;19 Guadalajara;19005 Alarilla;De 95 a 99 años;1 de enero de 2020;3
Total;19 Guadalajara;19005 Alarilla;100 y más años;1 de enero de 2020;0
Total;19 Guadalajara;19006 Albalate de Zorita;Todas las edades;1 de enero de 2020;930
Total;19 Guadalajara;19006 Albalate de Zorita;De 0 a 4 años;1 de enero de 2020;27
Total;19 Guadalajara;19006 Albalate de Zorita;De 5 a 9 años;1 de enero de 2020;22
Total;19 Guadalajara;19006 Albalate de Zorita;De 10 a 14 años;1 de enero de 2020;38
Total;19 Guadalajara;19006 Albalate de Zorita;De 65 a 69 años;1 de enero de 2020;54
Total;19 Guadalajara;19006 Albalate de Zorita;De 70 a 74 años;1 de enero de 2020;45
Total;19 Guadalajara;19006 Albalate de Zorita;De 75 a 79 años;1 de enero de 2020;41
Total;19 Guadalajara;19006 Albalate de Zorita;De 80 a 84 años;1 de enero de 2020;39
Total;19 Guadalajara;19006 Albalate de Zorita;De 85 a 89 años;1 de enero de 2020;32
Total;19 Guadalajara;19006 Albalate de Zorita;De 90 a 94 años;1 de enero de 2020;11
Total;19 Guadalajara;19006 Albalate de Zorita;De 95 a 99 años;1 de enero de 2020;3
Total;19 Guadalajara;19006 Albalate de Zorita;100 y más años;1 de enero de 2020;0
Total;19 Guadalajara;19007 Albares;Todas las edades;1 de enero de 2020;513
Total;19 Guadalajara;19007 Albares;De 0 a 4 años;1 de enero de 2020;7
Total;19 Guadalajara;19007 Albares;De 5 a 9 años;1 de enero de 2020;13
Total;19 Guadalajara;19007 Albares;De 10 a 14 años;1 de enero de 2020;19
Total;19 Guadalajara;19007 Albares;De 65 a 69 años;1 de enero de 2020;29
Total;19 Guadalajara;19007 Albares;De 70 a 74 años;1 de enero de 2020;37
Total;19 Guadalajara;19007 Albares;De 75 a 79 años;1 de enero de 2020;31
Total;19 Guadalajara;19007 Albares;De 80 a 84 años;1 de enero de 2020;31
Total;19 Guadalajara;19007 Albares;De 85 a 89 años;1 de enero de 2020;31
Total;19 Guadalajara;19007 Albares;De 90 a 94 años;1 de enero de 2020;17
Total;19 Guadalajara;19007 Albares;De 95 a 99 años;1 de enero de 2020;4
Total;19 Guadalajara;19007 Albares;100 y más años;1 de enero de 2020;1
Total;19 Guadalajara;19008 Albendiego;Todas las edades;1 de enero de 2020;50
Total;19 Guadalajara;19008 Albendiego;De 0 a 4 años;1 de enero de 2020;5
Total;19 Guadalajara;19008 Albendiego;De 5 a 9 años;1 de enero de 2020;0
Total;19 Guadalajara;19008 Albendiego;De 10 a 14 años;1 de enero de 2020;2
Total;19 Guadalajara;19008 Albendiego;De 65 a 69 años;1 de enero de 2020;4
Total;19 Guadalajara;19008 Albendiego;De 70 a 74 años;1 de enero de 2020;1
Total;19 Guadalajara;19008 Albendiego;De 75 a 79 años;1 de enero de 2020;0
Total;19 Guadalajara;19008 Albendiego;De 80 a 84 años;1 de enero de 2020;0
Total;19 Guadalajara;19008 Albendiego;De 85 a 89 años;1 de enero de 2020;2
Total;19 Guadalajara;19008 Albendiego;De 90 a 94 años;1 de enero de 2020;1
Total;19 Guadalajara;19008 Albendiego;De 95 a 99 años;1 de enero de 2020;0
Total;19 Guadalajara;19008 Albendiego;100 y más años;1 de enero de 2020;0
Total;19 Guadalajara;19009 Alcocer;Todas las edades;1 de enero de 2020;328
Total;19 Guadalajara;19009 Alcocer;De 0 a 4 años;1 de enero de 2020;5
Total;19 Guadalajara;19009 Alcocer;De 5 a 9 años;1 de enero de 2020;7
Total;19 Guadalajara;19009 Alcocer;De 10 a 14 años;1 de enero de 2020;11
Total;19 Guadalajara;19009 Alcocer;De 65 a 69 años;1 de enero de 2020;21
Total;19 Guadalajara;19009 Alcocer;De 70 a 74 años;1 de enero de 2020;15
Total;19 Guadalajara;19009 Alcocer;De 75 a 79 años;1 de enero de 2020;18
Total;19 Guadalajara;19009 Alcocer;De 80 a 84 años;1 de enero de 2020;14
Total;19 Guadalajara;19009 Alcocer;De 85 a 89 años;1 de enero de 2020;27
Total;19 Guadalajara;19009 Alcocer;De 90 a 94 años;1 de enero de 2020;16
Total;19 Guadalajara;19009 Alcocer;De 95 a 99 años;1 de enero de 2020;6
Total;19 Guadalajara;19009 Alcocer;100 y más años;1 de enero de 2020;1
Total;19 Guadalajara;19010 Alcolea de las Peñas;Todas las edades;1 de enero de 2020;14
Total;19 Guadalajara;19010 Alcolea de las Peñas;De 0 a 4 años;1 de enero de 2020;1
Total;19 Guadalajara;19010 Alcolea de las Peñas;De 5 a 9 años;1 de enero de 2020;0
Total;19 Guadalajara;19010 Alcolea de las Peñas;De 10 a 14 años;1 de enero de 2020;1
Total;19 Guadalajara;19010 Alcolea de las Peñas;De 65 a 69 años;1 de enero de 2020;4
Total;19 Guadalajara;19010 Alcolea de las Peñas;De 70 a 74 años;1 de enero de 2020;1
Total;19 Guadalajara;19010 Alcolea de las Peñas;De 75 a 79 años;1 de enero de 2020;0
Total;19 Guadalajara;19010 Alcolea de las Peñas;De 80 a 84 años;1 de enero de 2020;0
Total;19 Guadalajara;19010 Alcolea de las Peñas;De 85 a 89 años;1 de enero de 2020;0
Total;19 Guadalajara;19010 Alcolea de las Peñas;De 90 a 94 años;1 de enero de 2020;1
Total;19 Guadalajara;19010 Alcolea de las Peñas;De 95 a 99 años;1 de enero de 2020;0
Total;19 Guadalajara;19010 Alcolea de las Peñas;100 y más años;1 de enero de 2020;0
Total;19 Guadalajara;19011 Alcolea del Pinar;Todas las edades;1 de enero de 2020;327
Total;19 Guadalajara;19011 Alcolea del Pinar;De 0 a 4 años;1 de enero de 2020;11
Total;19 Guadalajara;19011 Alcolea del Pinar;De 5 a 9 años;1 de enero de 2020;16
Total;19 Guadalajara;19011 Alcolea del Pinar;De 10 a 14 años;1 de enero de 2020;5
Total;19 Guadalajara;19011 Alcolea del Pinar;De 65 a 69 años;1 de enero de 2020;18
Total;19 Guadalajara;19011 Alcolea del Pinar;De 70 a 74 años;1 de enero de 2020;16
Total;19 Guadalajara;19011 Alcolea del Pinar;De 75 a 79 años;1 de enero de 2020;28
Total;19 Guadalajara;19011 Alcolea del Pinar;De 80 a 84 años;1 de enero de 2020;17
Total;19 Guadalajara;19011 Alcolea del Pinar;De 85 a 89 años;1 de enero de 2020;17
Total;19 Guadalajara;19011 Alcolea del Pinar;De 90 a 94 años;1 de enero de 2020;12
Total;19 Guadalajara;19011 Alcolea del Pinar;De 95 a 99 años;1 de enero de 2020;6
Total;19 Guadalajara;19011 Alcolea del Pinar;100 y más años;1 de enero de 2020;0
Total;19 Guadalajara;19013 Alcoroches;Todas las edades;1 de enero de 2020;127
Total;19 Guadalajara;19013 Alcoroches;De 0 a 4 años;1 de enero de 2020;0
Total;19 Guadalajara;19013 Alcoroches;De 5 a 9 años;1 de enero de 2020;0
Total;19 Guadalajara;19013 Alcoroches;De 10 a 14 años;1 de enero de 2020;3
Total;19 Guadalajara;19013 Alcoroches;De 65 a 69 años;1 de enero de 2020;8
Total;19 Guadalajara;19013 Alcoroches;De 70 a 74 años;1 de enero de 2020;8
Total;19 Guadalajara;19013 Alcoroches;De 75 a 79 años;1 de enero de 2020;8
Total;19 Guadalajara;19013 Alcoroches;De 80 a 84 años;1 de enero de 2020;4
Total;19 Guadalajara;19013 Alcoroches;De 85 a 89 años;1 de enero de 2020;3
Total;19 Guadalajara;19013 Alcoroches;De 90 a 94 años;1 de enero de 2020;6
Total;19 Guadalajara;19013 Alcoroches;De 95 a 99 años;1 de enero de 2020;2
Total;19 Guadalajara;19013 Alcoroches;100 y más años;1 de enero de 2020;0
Total;19 Guadalajara;19015 Aldeanueva de Guadalajara;Todas las edades;1 de enero de 2020;86
Total;19 Guadalajara;19015 Aldeanueva de Guadalajara;De 0 a 4 años;1 de enero de 2020;0
Total;19 Guadalajara;19015 Aldeanueva de Guadalajara;De 5 a 9 años;1 de enero de 2020;1
Total;19 Guadalajara;19015 Aldeanueva de Guadalajara;De 10 a 14 años;1 de enero de 2020;0
Total;19 Guadalajara;19015 Aldeanueva de Guadalajara;De 65 a 69 años;1 de enero de 2020;4
Total;19 Guadalajara;19015 Aldeanueva de Guadalajara;De 70 a 74 años;1 de enero de 2020;10
Total;19 Guadalajara;19015 Aldeanueva de Guadalajara;De 75 a 79 años;1 de enero de 2020;17
Total;19 Guadalajara;19015 Aldeanueva de Guadalajara;De 80 a 84 años;1 de enero de 2020;8
Total;19 Guadalajara;19015 Aldeanueva de Guadalajara;De 85 a 89 años;1 de enero de 2020;4
Total;19 Guadalajara;19015 Aldeanueva de Guadalajara;De 90 a 94 años;1 de enero de 2020;0
Total;19 Guadalajara;19015 Aldeanueva de Guadalajara;De 95 a 99 años;1 de enero de 2020;0
Total;19 Guadalajara;19015 Aldeanueva de Guadalajara;100 y más años;1 de enero de 2020;0
Total;19 Guadalajara;19016 Algar de Mesa;Todas las edades;1 de enero de 2020;55
Total;19 Guadalajara;19016 Algar de Mesa;De 0 a 4 años;1 de enero de 2020;0
Total;19 Guadalajara;19016 Algar de Mesa;De 5 a 9 años;1 de enero de 2020;0
Total;19 Guadalajara;19016 Algar de Mesa;De 10 a 14 años;1 de enero de 2020;0
Total;19 Guadalajara;19016 Algar de Mesa;De 65 a 69 años;1 de enero de 2020;2
Total;19 Guadalajara;19016 Algar de Mesa;De 70 a 74 años;1 de enero de 2020;3
Total;19 Guadalajara;19016 Algar de Mesa;De 75 a 79 años;1 de enero de 2020;3
Total;19 Guadalajara;19016 Algar de Mesa;De 80 a 84 años;1 de enero de 2020;6
Total;19 Guadalajara;19016 Algar de Mesa;De 85 a 89 años;1 de enero de 2020;4
Total;19 Guadalajara;19016 Algar de Mesa;De 90 a 94 años;1 de enero de 2020;1
Total;19 Guadalajara;19016 Algar de Mesa;De 95 a 99 años;1 de enero de 2020;0
Total;19 Guadalajara;19016 Algar de Mesa;100 y más años;1 de enero de 2020;0
Total;19 Guadalajara;19017 Algora;Todas las edades;1 de enero de 2020;66
Total;19 Guadalajara;19017 Algora;De 0 a 4 años;1 de enero de 2020;0
Total;19 Guadalajara;19017 Algora;De 5 a 9 años;1 de enero de 2020;0
Total;19 Guadalajara;19017 Algora;De 10 a 14 años;1 de enero de 2020;1
Total;19 Guadalajara;19017 Algora;De 65 a 69 años;1 de enero de 2020;2
Total;19 Guadalajara;19017 Algora;De 70 a 74 años;1 de enero de 2020;7
Total;19 Guadalajara;19017 Algora;De 75 a 79 años;1 de enero de 2020;4
Total;19 Guadalajara;19017 Algora;De 80 a 84 años;1 de enero de 2020;7
Total;19 Guadalajara;19017 Algora;De 85 a 89 años;1 de enero de 2020;9
Total;19 Guadalajara;19017 Algora;De 90 a 94 años;1 de enero de 2020;2
Total;19 Guadalajara;19017 Algora;De 95 a 99 años;1 de enero de 2020;0
Total;19 Guadalajara;19017 Algora;100 y más años;1 de enero de 2020;0
Total;19 Guadalajara;19018 Alhóndiga;Todas las edades;1 de enero de 2020;161
Total;19 Guadalajara;19018 Alhóndiga;De 0 a 4 años;1 de enero de 2020;2
Total;19 Guadalajara;19018 Alhóndiga;De 5 a 9 años;1 de enero de 2020;2
Total;19 Guadalajara;19018 Alhóndiga;De 10 a 14 años;1 de enero de 2020;6
Total;19 Guadalajara;19018 Alhóndiga;De 65 a 69 años;1 de enero de 2020;15
Total;19 Guadalajara;19018 Alhóndiga;De 70 a 74 años;1 de enero de 2020;16
Total;19 Guadalajara;19018 Alhóndiga;De 75 a 79 años;1 de enero de 2020;12
Total;19 Guadalajara;19018 Alhóndiga;De 80 a 84 años;1 de enero de 2020;7
Total;19 Guadalajara;19018 Alhóndiga;De 85 a 89 años;1 de enero de 2020;11
Total;19 Guadalajara;19018 Alhóndiga;De 90 a 94 años;1 de enero de 2020;7
Total;19 Guadalajara;19018 Alhóndiga;De 95 a 99 años;1 de enero de 2020;1
Total;19 Guadalajara;19018 Alhóndiga;100 y más años;1 de enero de 2020;0
Total;19 Guadalajara;19019 Alique;Todas las edades;1 de enero de 2020;14
Total;19 Guadalajara;19019 Alique;De 0 a 4 años;1 de enero de 2020;0
Total;19 Guadalajara;19019 Alique;De 5 a 9 años;1 de enero de 2020;0
Total;19 Guadalajara;19019 Alique;De 10 a 14 años;1 de enero de 2020;0
Total;19 Guadalajara;19019 Alique;De 65 a 69 años;1 de enero de 2020;2
Total;19 Guadalajara;19019 Alique;De 70 a 74 años;1 de enero de 2020;2
Total;19 Guadalajara;19019 Alique;De 75 a 79 años;1 de enero de 2020;2
Total;19 Guadalajara;19019 Alique;De 80 a 84 años;1 de enero de 2020;2
Total;19 Guadalajara;19019 Alique;De 85 a 89 años;1 de enero de 2020;2
Total;19 Guadalajara;19019 Alique;De 90 a 94 años;1 de enero de 2020;1
Total;19 Guadalajara;19019 Alique;De 95 a 99 años;1 de enero de 2020;0
Total;19 Guadalajara;19019 Alique;100 y más años;1 de enero de 2020;0
Total;19 Guadalajara;19020 Almadrones;Todas las edades;1 de enero de 2020;55
Total;19 Guadalajara;19020 Almadrones;De 0 a 4 años;1 de enero de 2020;0
Total;19 Guadalajara;19020 Almadrones;De 5 a 9 años;1 de enero de 2020;0
Total;19 Guadalajara;19020 Almadrones;De 10 a 14 años;1 de enero de 2020;0
Total;19 Guadalajara;19020 Almadrones;De 65 a 69 años;1 de enero de 2020;4
Total;19 Guadalajara;19020 Almadrones;De 70 a 74 años;1 de enero de 2020;1
Total;19 Guadalajara;19020 Almadrones;De 75 a 79 años;1 de enero de 2020;0
Total;19 Guadalajara;19020 Almadrones;De 80 a 84 años;1 de enero de 2020;1
Total;19 Guadalajara;19020 Almadrones;De 85 a 89 años;1 de enero de 2020;2
Total;19 Guadalajara;19020 Almadrones;De 90 a 94 años;1 de enero de 2020;1
Total;19 Guadalajara;19020 Almadrones;De 95 a 99 años;1 de enero de 2020;1
Total;19 Guadalajara;19020 Almadrones;100 y más años;1 de enero de 2020;0
Total;19 Guadalajara;19021 Almoguera;Todas las edades;1 de enero de 2020;1.300
Total;19 Guadalajara;19021 Almoguera;De 0 a 4 años;1 de enero de 2020;44
Total;19 Guadalajara;19021 Almoguera;De 5 a 9 años;1 de enero de 2020;55
Total;19 Guadalajara;19021 Almoguera;De 10 a 14 años;1 de enero de 2020;69
Total;19 Guadalajara;19021 Almoguera;De 65 a 69 años;1 de enero de 2020;41
Total;19 Guadalajara;19021 Almoguera;De 70 a 74 años;1 de enero de 2020;61
Total;19 Guadalajara;19021 Almoguera;De 75 a 79 años;1 de enero de 2020;54
Total;19 Guadalajara;19021 Almoguera;De 80 a 84 años;1 de enero de 2020;38
Total;19 Guadalajara;19021 Almoguera;De 85 a 89 años;1 de enero de 2020;37
Total;19 Guadalajara;19021 Almoguera;De 90 a 94 años;1 de enero de 2020;11
Total;19 Guadalajara;19021 Almoguera;De 95 a 99 años;1 de enero de 2020;7
Total;19 Guadalajara;19021 Almoguera;100 y más años;1 de enero de 2020;1
Total;19 Guadalajara;19022 Almonacid de Zorita;Todas las edades;1 de enero de 2020;696
Total;19 Guadalajara;19022 Almonacid de Zorita;De 0 a 4 años;1 de enero de 2020;19
Total;19 Guadalajara;19022 Almonacid de Zorita;De 5 a 9 años;1 de enero de 2020;15
Total;19 Guadalajara;19022 Almonacid de Zorita;De 10 a 14 años;1 de enero de 2020;19
Total;19 Guadalajara;19022 Almonacid de Zorita;De 65 a 69 años;1 de enero de 2020;40
Total;19 Guadalajara;19022 Almonacid de Zorita;De 70 a 74 años;1 de enero de 2020;32
Total;19 Guadalajara;19022 Almonacid de Zorita;De 75 a 79 años;1 de enero de 2020;39
Total;19 Guadalajara;19022 Almonacid de Zorita;De 80 a 84 años;1 de enero de 2020;35
Total;19 Guadalajara;19022 Almonacid de Zorita;De 85 a 89 años;1 de enero de 2020;50
Total;19 Guadalajara;19022 Almonacid de Zorita;De 90 a 94 años;1 de enero de 2020;36
Total;19 Guadalajara;19022 Almonacid de Zorita;De 95 a 99 años;1 de enero de 2020;6
Total;19 Guadalajara;19022 Almonacid de Zorita;100 y más años;1 de enero de 2020;1
Total;19 Guadalajara;19023 Alocén;Todas las edades;1 de enero de 2020;161
Total;19 Guadalajara;19023 Alocén;De 0 a 4 años;1 de enero de 2020;3
Total;19 Guadalajara;19023 Alocén;De 5 a 9 años;1 de enero de 2020;9
Total;19 Guadalajara;19023 Alocén;De 10 a 14 años;1 de enero de 2020;15
Total;19 Guadalajara;19023 Alocén;De 65 a 69 años;1 de enero de 2020;12
Total;19 Guadalajara;19023 Alocén;De 70 a 74 años;1 de enero de 2020;9
Total;19 Guadalajara;19023 Alocén;De 75 a 79 años;1 de enero de 2020;5
Total;19 Guadalajara;19023 Alocén;De 80 a 84 años;1 de enero de 2020;3
Total;19 Guadalajara;19023 Alocén;De 85 a 89 años;1 de enero de 2020;0
Total;19 Guadalajara;19023 Alocén;De 90 a 94 años;1 de enero de 2020;1
Total;19 Guadalajara;19023 Alocén;De 95 a 99 años;1 de enero de 2020;1
Total;19 Guadalajara;19023 Alocén;100 y más años;1 de enero de 2020;0
Total;19 Guadalajara;19024 Alovera;Todas las edades;1 de enero de 2020;12.860
Total;19 Guadalajara;19024 Alovera;De 0 a 4 años;1 de enero de 2020;686
Total;19 Guadalajara;19024 Alovera;De 5 a 9 años;1 de enero de 2020;967
Total;19 Guadalajara;19024 Alovera;De 10 a 14 años;1 de enero de 2020;1.116
Total;19 Guadalajara;19024 Alovera;De 65 a 69 años;1 de enero de 2020;291
Total;19 Guadalajara;19024 Alovera;De 70 a 74 años;1 de enero de 2020;219
Total;19 Guadalajara;19024 Alovera;De 75 a 79 años;1 de enero de 2020;155
Total;19 Guadalajara;19024 Alovera;De 80 a 84 años;1 de enero de 2020;105
Total;19 Guadalajara;19024 Alovera;De 85 a 89 años;1 de enero de 2020;120
Total;19 Guadalajara;19024 Alovera;De 90 a 94 años;1 de enero de 2020;64
Total;19 Guadalajara;19024 Alovera;De 95 a 99 años;1 de enero de 2020;21
Total;19 Guadalajara;19024 Alovera;100 y más años;1 de enero de 2020;1
Total;19 Guadalajara;19027 Alustante;Todas las edades;1 de enero de 2020;155
Total;19 Guadalajara;19027 Alustante;De 0 a 4 años;1 de enero de 2020;3
Total;19 Guadalajara;19027 Alustante;De 5 a 9 años;1 de enero de 2020;1
Total;19 Guadalajara;19027 Alustante;De 10 a 14 años;1 de enero de 2020;6
Total;19 Guadalajara;19027 Alustante;De 65 a 69 años;1 de enero de 2020;17
Total;19 Guadalajara;19027 Alustante;De 70 a 74 años;1 de enero de 2020;7
Total;19 Guadalajara;19027 Alustante;De 75 a 79 años;1 de enero de 2020;18
Total;19 Guadalajara;19027 Alustante;De 80 a 84 años;1 de enero de 2020;8
Total;19 Guadalajara;19027 Alustante;De 85 a 89 años;1 de enero de 2020;4
Total;19 Guadalajara;19027 Alustante;De 90 a 94 años;1 de enero de 2020;5
Total;19 Guadalajara;19027 Alustante;De 95 a 99 años;1 de enero de 2020;0
Total;19 Guadalajara;19027 Alustante;100 y más años;1 de enero de 2020;0
Total;19 Guadalajara;19031 Angón;Todas las edades;1 de enero de 2020;7
Total;19 Guadalajara;19031 Angón;De 0 a 4 años;1 de enero de 2020;0
Total;19 Guadalajara;19031 Angón;De 5 a 9 años;1 de enero de 2020;0
Total;19 Guadalajara;19031 Angón;De 10 a 14 años;1 de enero de 2020;0
Total;19 Guadalajara;19031 Angón;De 65 a 69 años;1 de enero de 2020;1
Total;19 Guadalajara;19031 Angón;De 70 a 74 años;1 de enero de 2020;1
Total;19 Guadalajara;19031 Angón;De 75 a 79 años;1 de enero de 2020;1
Total;19 Guadalajara;19031 Angón;De 80 a 84 años;1 de enero de 2020;1
Total;19 Guadalajara;19031 Angón;De 85 a 89 años;1 de enero de 2020;0
Total;19 Guadalajara;19031 Angón;De 90 a 94 años;1 de enero de 2020;0
Total;19 Guadalajara;19031 Angón;De 95 a 99 años;1 de enero de 2020;0
Total;19 Guadalajara;19031 Angón;100 y más años;1 de enero de 2020;0
Total;19 Guadalajara;19032 Anguita;Todas las edades;1 de enero de 2020;155
Total;19 Guadalajara;19032 Anguita;De 0 a 4 años;1 de enero de 2020;2
Total;19 Guadalajara;19032 Anguita;De 5 a 9 años;1 de enero de 2020;1
Total;19 Guadalajara;19032 Anguita;De 10 a 14 años;1 de enero de 2020;3
Total;19 Guadalajara;19032 Anguita;De 65 a 69 años;1 de enero de 2020;13
Total;19 Guadalajara;19032 Anguita;De 70 a 74 años;1 de enero de 2020;11
Total;19 Guadalajara;19032 Anguita;De 75 a 79 años;1 de enero de 2020;13
Total;19 Guadalajara;19032 Anguita;De 80 a 84 años;1 de enero de 2020;12
Total;19 Guadalajara;19032 Anguita;De 85 a 89 años;1 de enero de 2020;15
Total;19 Guadalajara;19032 Anguita;De 90 a 94 años;1 de enero de 2020;8
Total;19 Guadalajara;19032 Anguita;De 95 a 99 años;1 de enero de 2020;5
Total;19 Guadalajara;19032 Anguita;100 y más años;1 de enero de 2020;0
Total;19 Guadalajara;19033 Anquela del Ducado;Todas las edades;1 de enero de 2020;46
Total;19 Guadalajara;19033 Anquela del Ducado;De 0 a 4 años;1 de enero de 2020;0
Total;19 Guadalajara;19033 Anquela del Ducado;De 5 a 9 años;1 de enero de 2020;0
Total;19 Guadalajara;19033 Anquela del Ducado;De 10 a 14 años;1 de enero de 2020;0
Total;19 Guadalajara;19033 Anquela del Ducado;De 65 a 69 años;1 de enero de 2020;2
Total;19 Guadalajara;19033 Anquela del Ducado;De 70 a 74 años;1 de enero de 2020;2
Total;19 Guadalajara;19033 Anquela del Ducado;De 75 a 79 años;1 de enero de 2020;4
Total;19 Guadalajara;19033 Anquela del Ducado;De 80 a 84 años;1 de enero de 2020;4
Total;19 Guadalajara;19033 Anquela del Ducado;De 85 a 89 años;1 de enero de 2020;2
Total;19 Guadalajara;19033 Anquela del Ducado;De 90 a 94 años;1 de enero de 2020;4
Total;19 Guadalajara;19033 Anquela del Ducado;De 95 a 99 años;1 de enero de 2020;0
Total;19 Guadalajara;19033 Anquela del Ducado;100 y más años;1 de enero de 2020;0
Total;19 Guadalajara;19034 Anquela del Pedregal;Todas las edades;1 de enero de 2020;29
Total;19 Guadalajara;19034 Anquela del Pedregal;De 0 a 4 años;1 de enero de 2020;0
Total;19 Guadalajara;19034 Anquela del Pedregal;De 5 a 9 años;1 de enero de 2020;0
Total;19 Guadalajara;19034 Anquela del Pedregal;De 10 a 14 años;1 de enero de 2020;0
Total;19 Guadalajara;19034 Anquela del Pedregal;De 65 a 69 años;1 de enero de 2020;1
Total;19 Guadalajara;19034 Anquela del Pedregal;De 70 a 74 años;1 de enero de 2020;1
Total;19 Guadalajara;19034 Anquela del Pedregal;De 75 a 79 años;1 de enero de 2020;5
Total;19 Guadalajara;19034 Anquela del Pedregal;De 80 a 84 años;1 de enero de 2020;1
Total;19 Guadalajara;19034 Anquela del Pedregal;De 85 a 89 años;1 de enero de 2020;1
Total;19 Guadalajara;19034 Anquela del Pedregal;De 90 a 94 años;1 de enero de 2020;1
Total;19 Guadalajara;19034 Anquela del Pedregal;De 95 a 99 años;1 de enero de 2020;0
Total;19 Guadalajara;19034 Anquela del Pedregal;100 y más años;1 de enero de 2020;0
Total;19 Guadalajara;19036 Aranzueque;Todas las edades;1 de enero de 2020;358
Total;19 Guadalajara;19036 Aranzueque;De 0 a 4 años;1 de enero de 2020;9
Total;19 Guadalajara;19036 Aranzueque;De 5 a 9 años;1 de enero de 2020;22
Total;19 Guadalajara;19036 Aranzueque;De 10 a 14 años;1 de enero de 2020;30
Total;19 Guadalajara;19036 Aranzueque;De 65 a 69 años;1 de enero de 2020;21
Total;19 Guadalajara;19036 Aranzueque;De 70 a 74 años;1 de enero de 2020;21
Total;19 Guadalajara;19036 Aranzueque;De 75 a 79 años;1 de enero de 2020;24
Total;19 Guadalajara;19036 Aranzueque;De 80 a 84 años;1 de enero de 2020;13
Total;19 Guadalajara;19036 Aranzueque;De 85 a 89 años;1 de enero de 2020;9
Total;19 Guadalajara;19036 Aranzueque;De 90 a 94 años;1 de enero de 2020;2
Total;19 Guadalajara;19036 Aranzueque;De 95 a 99 años;1 de enero de 2020;2
Total;19 Guadalajara;19036 Aranzueque;100 y más años;1 de enero de 2020;0
Total;19 Guadalajara;19037 Arbancón;Todas las edades;1 de enero de 2020;149
Total;19 Guadalajara;19037 Arbancón;De 0 a 4 años;1 de enero de 2020;2
Total;19 Guadalajara;19037 Arbancón;De 5 a 9 años;1 de enero de 2020;2
Total;19 Guadalajara;19037 Arbancón;De 10 a 14 años;1 de enero de 2020;4
Total;19 Guadalajara;19037 Arbancón;De 65 a 69 años;1 de enero de 2020;13
Total;19 Guadalajara;19037 Arbancón;De 70 a 74 años;1 de enero de 2020;7
Total;19 Guadalajara;19037 Arbancón;De 75 a 79 años;1 de enero de 2020;4
Total;19 Guadalajara;19037 Arbancón;De 80 a 84 años;1 de enero de 2020;11
Total;19 Guadalajara;19037 Arbancón;De 85 a 89 años;1 de enero de 2020;2
Total;19 Guadalajara;19037 Arbancón;De 90 a 94 años;1 de enero de 2020;6
Total;19 Guadalajara;19037 Arbancón;De 95 a 99 años;1 de enero de 2020;1
Total;19 Guadalajara;19037 Arbancón;100 y más años;1 de enero de 2020;1
Total;19 Guadalajara;19038 Arbeteta;Todas las edades;1 de enero de 2020;20
Total;19 Guadalajara;19038 Arbeteta;De 0 a 4 años;1 de enero de 2020;0
Total;19 Guadalajara;19038 Arbeteta;De 5 a 9 años;1 de enero de 2020;0
Total;19 Guadalajara;19038 Arbeteta;De 10 a 14 años;1 de enero de 2020;0
Total;19 Guadalajara;19038 Arbeteta;De 65 a 69 años;1 de enero de 2020;3
Total;19 Guadalajara;19038 Arbeteta;De 70 a 74 años;1 de enero de 2020;1
Total;19 Guadalajara;19038 Arbeteta;De 75 a 79 años;1 de enero de 2020;1
Total;19 Guadalajara;19038 Arbeteta;De 80 a 84 años;1 de enero de 2020;1
Total;19 Guadalajara;19038 Arbeteta;De 85 a 89 años;1 de enero de 2020;0
Total;19 Guadalajara;19038 Arbeteta;De 90 a 94 años;1 de enero de 2020;0
Total;19 Guadalajara;19038 Arbeteta;De 95 a 99 años;1 de enero de 2020;1
Total;19 Guadalajara;19038 Arbeteta;100 y más años;1 de enero de 2020;0
Total;19 Guadalajara;19039 Argecilla;Todas las edades;1 de enero de 2020;59
Total;19 Guadalajara;19039 Argecilla;De 0 a 4 años;1 de enero de 2020;0
Total;19 Guadalajara;19039 Argecilla;De 5 a 9 años;1 de enero de 2020;2
Total;19 Guadalajara;19039 Argecilla;De 10 a 14 años;1 de enero de 2020;0
Total;19 Guadalajara;19039 Argecilla;De 65 a 69 años;1 de enero de 2020;4
Total;19 Guadalajara;19039 Argecilla;De 70 a 74 años;1 de enero de 2020;7
Total;19 Guadalajara;19039 Argecilla;De 75 a 79 años;1 de enero de 2020;3
Total;19 Guadalajara;19039 Argecilla;De 80 a 84 años;1 de enero de 2020;4
Total;19 Guadalajara;19039 Argecilla;De 85 a 89 años;1 de enero de 2020;8
Total;19 Guadalajara;19039 Argecilla;De 90 a 94 años;1 de enero de 2020;3
Total;19 Guadalajara;19039 Argecilla;De 95 a 99 años;1 de enero de 2020;0
Total;19 Guadalajara;19039 Argecilla;100 y más años;1 de enero de 2020;0
Total;19 Guadalajara;19040 Armallones;Todas las edades;1 de enero de 2020;54
Total;19 Guadalajara;19040 Armallones;De 0 a 4 años;1 de enero de 2020;0
Total;19 Guadalajara;19040 Armallones;De 5 a 9 años;1 de enero de 2020;0
Total;19 Guadalajara;19040 Armallones;De 10 a 14 años;1 de enero de 2020;0
Total;19 Guadalajara;19040 Armallones;De 65 a 69 años;1 de enero de 2020;4
Total;19 Guadalajara;19040 Armallones;De 70 a 74 años;1 de enero de 2020;8
Total;19 Guadalajara;19040 Armallones;De 75 a 79 años;1 de enero de 2020;7
Total;19 Guadalajara;19040 Armallones;De 80 a 84 años;1 de enero de 2020;1
Total;19 Guadalajara;19040 Armallones;De 85 a 89 años;1 de enero de 2020;1
Total;19 Guadalajara;19040 Armallones;De 90 a 94 años;1 de enero de 2020;0
Total;19 Guadalajara;19040 Armallones;De 95 a 99 años;1 de enero de 2020;0
Total;19 Guadalajara;19040 Armallones;100 y más años;1 de enero de 2020;0
Total;19 Guadalajara;19041 Armuña de Tajuña;Todas las edades;1 de enero de 2020;229
Total;19 Guadalajara;19041 Armuña de Tajuña;De 0 a 4 años;1 de enero de 2020;7
Total;19 Guadalajara;19041 Armuña de Tajuña;De 5 a 9 años;1 de enero de 2020;12
Total;19 Guadalajara;19041 Armuña de Tajuña;De 10 a 14 años;1 de enero de 2020;18
Total;19 Guadalajara;19041 Armuña de Tajuña;De 65 a 69 años;1 de enero de 2020;11
Total;19 Guadalajara;19041 Armuña de Tajuña;De 70 a 74 años;1 de enero de 2020;7
Total;19 Guadalajara;19041 Armuña de Tajuña;De 75 a 79 años;1 de enero de 2020;5
Total;19 Guadalajara;19041 Armuña de Tajuña;De 80 a 84 años;1 de enero de 2020;6
Total;19 Guadalajara;19041 Armuña de Tajuña;De 85 a 89 años;1 de enero de 2020;6
Total;19 Guadalajara;19041 Armuña de Tajuña;De 90 a 94 años;1 de enero de 2020;1
Total;19 Guadalajara;19041 Armuña de Tajuña;De 95 a 99 años;1 de enero de 2020;1
Total;19 Guadalajara;19041 Armuña de Tajuña;100 y más años;1 de enero de 2020;0
Total;19 Guadalajara;19042 Arroyo de las Fraguas;Todas las edades;1 de enero de 2020;21
Total;19 Guadalajara;19042 Arroyo de las Fraguas;De 0 a 4 años;1 de enero de 2020;0
Total;19 Guadalajara;19042 Arroyo de las Fraguas;De 5 a 9 años;1 de enero de 2020;0
Total;19 Guadalajara;19042 Arroyo de las Fraguas;De 10 a 14 años;1 de enero de 2020;0
Total;19 Guadalajara;19042 Arroyo de las Fraguas;De 65 a 69 años;1 de enero de 2020;5
Total;19 Guadalajara;19042 Arroyo de las Fraguas;De 70 a 74 años;1 de enero de 2020;2
Total;19 Guadalajara;19042 Arroyo de las Fraguas;De 75 a 79 años;1 de enero de 2020;1
Total;19 Guadalajara;19042 Arroyo de las Fraguas;De 80 a 84 años;1 de enero de 2020;3
Total;19 Guadalajara;19042 Arroyo de las Fraguas;De 85 a 89 años;1 de enero de 2020;0
Total;19 Guadalajara;19042 Arroyo de las Fraguas;De 90 a 94 años;1 de enero de 2020;0
Total;19 Guadalajara;19042 Arroyo de las Fraguas;De 95 a 99 años;1 de enero de 2020;0
Total;19 Guadalajara;19042 Arroyo de las Fraguas;100 y más años;1 de enero de 2020;0
Total;19 Guadalajara;19043 Atanzón;Todas las edades;1 de enero de 2020;97
Total;19 Guadalajara;19043 Atanzón;De 0 a 4 años;1 de enero de 2020;0
Total;19 Guadalajara;19043 Atanzón;De 5 a 9 años;1 de enero de 2020;0
Total;19 Guadalajara;19043 Atanzón;De 10 a 14 años;1 de enero de 2020;0
Total;19 Guadalajara;19043 Atanzón;De 65 a 69 años;1 de enero de 2020;18
Total;19 Guadalajara;19043 Atanzón;De 70 a 74 años;1 de enero de 2020;10
Total;19 Guadalajara;19043 Atanzón;De 75 a 79 años;1 de enero de 2020;13
Total;19 Guadalajara;19043 Atanzón;De 80 a 84 años;1 de enero de 2020;8
Total;19 Guadalajara;19043 Atanzón;De 85 a 89 años;1 de enero de 2020;1
Total;19 Guadalajara;19043 Atanzón;De 90 a 94 años;1 de enero de 2020;3
Total;19 Guadalajara;19043 Atanzón;De 95 a 99 años;1 de enero de 2020;1
Total;19 Guadalajara;19043 Atanzón;100 y más años;1 de enero de 2020;0
Total;19 Guadalajara;19044 Atienza;Todas las edades;1 de enero de 2020;385
Total;19 Guadalajara;19044 Atienza;De 0 a 4 años;1 de enero de 2020;4
Total;19 Guadalajara;19044 Atienza;De 5 a 9 años;1 de enero de 2020;12
Total;19 Guadalajara;19044 Atienza;De 10 a 14 años;1 de enero de 2020;16
Total;19 Guadalajara;19044 Atienza;De 65 a 69 años;1 de enero de 2020;20
Total;19 Guadalajara;19044 Atienza;De 70 a 74 años;1 de enero de 2020;27
Total;19 Guadalajara;19044 Atienza;De 75 a 79 años;1 de enero de 2020;16
Total;19 Guadalajara;19044 Atienza;De 80 a 84 años;1 de enero de 2020;8
Total;19 Guadalajara;19044 Atienza;De 85 a 89 años;1 de enero de 2020;28
Total;19 Guadalajara;19044 Atienza;De 90 a 94 años;1 de enero de 2020;3
Total;19 Guadalajara;19044 Atienza;De 95 a 99 años;1 de enero de 2020;4
Total;19 Guadalajara;19044 Atienza;100 y más años;1 de enero de 2020;0
Total;19 Guadalajara;19045 Auñón;Todas las edades;1 de enero de 2020;134
Total;19 Guadalajara;19045 Auñón;De 0 a 4 años;1 de enero de 2020;0
Total;19 Guadalajara;19045 Auñón;De 5 a 9 años;1 de enero de 2020;2
Total;19 Guadalajara;19045 Auñón;De 10 a 14 años;1 de enero de 2020;4
Total;19 Guadalajara;19045 Auñón;De 65 a 69 años;1 de enero de 2020;13
Total;19 Guadalajara;19045 Auñón;De 70 a 74 años;1 de enero de 2020;13
Total;19 Guadalajara;19045 Auñón;De 75 a 79 años;1 de enero de 2020;17
Total;19 Guadalajara;19045 Auñón;De 80 a 84 años;1 de enero de 2020;10
Total;19 Guadalajara;19045 Auñón;De 85 a 89 años;1 de enero de 2020;14
Total;19 Guadalajara;19045 Auñón;De 90 a 94 años;1 de enero de 2020;4
Total;19 Guadalajara;19045 Auñón;De 95 a 99 años;1 de enero de 2020;2
Total;19 Guadalajara;19045 Auñón;100 y más años;1 de enero de 2020;0
Total;19 Guadalajara;19046 Azuqueca de Henares;Todas las edades;1 de enero de 2020;35.407
Total;19 Guadalajara;19046 Azuqueca de Henares;De 0 a 4 años;1 de enero de 2020;1.901
Total;19 Guadalajara;19046 Azuqueca de Henares;De 5 a 9 años;1 de enero de 2020;2.359
Total;19 Guadalajara;19046 Azuqueca de Henares;De 10 a 14 años;1 de enero de 2020;2.295
Total;19 Guadalajara;19046 Azuqueca de Henares;De 65 a 69 años;1 de enero de 2020;1.188
Total;19 Guadalajara;19046 Azuqueca de Henares;De 70 a 74 años;1 de enero de 2020;1.005
Total;19 Guadalajara;19046 Azuqueca de Henares;De 75 a 79 años;1 de enero de 2020;710
Total;19 Guadalajara;19046 Azuqueca de Henares;De 80 a 84 años;1 de enero de 2020;484
Total;19 Guadalajara;19046 Azuqueca de Henares;De 85 a 89 años;1 de enero de 2020;383
Total;19 Guadalajara;19046 Azuqueca de Henares;De 90 a 94 años;1 de enero de 2020;179
Total;19 Guadalajara;19046 Azuqueca de Henares;De 95 a 99 años;1 de enero de 2020;33
Total;19 Guadalajara;19046 Azuqueca de Henares;100 y más años;1 de enero de 2020;4
Total;19 Guadalajara;19047 Baides;Todas las edades;1 de enero de 2020;56
Total;19 Guadalajara;19047 Baides;De 0 a 4 años;1 de enero de 2020;1
Total;19 Guadalajara;19047 Baides;De 5 a 9 años;1 de enero de 2020;0
Total;19 Guadalajara;19047 Baides;De 10 a 14 años;1 de enero de 2020;0
Total;19 Guadalajara;19047 Baides;De 65 a 69 años;1 de enero de 2020;7
Total;19 Guadalajara;19047 Baides;De 70 a 74 años;1 de enero de 2020;4
Total;19 Guadalajara;19047 Baides;De 75 a 79 años;1 de enero de 2020;2
Total;19 Guadalajara;19047 Baides;De 80 a 84 años;1 de enero de 2020;0
Total;19 Guadalajara;19047 Baides;De 85 a 89 años;1 de enero de 2020;2
Total;19 Guadalajara;19047 Baides;De 90 a 94 años;1 de enero de 2020;3
Total;19 Guadalajara;19047 Baides;De 95 a 99 años;1 de enero de 2020;0
Total;19 Guadalajara;19047 Baides;100 y más años;1 de enero de 2020;0
Total;19 Guadalajara;19048 Baños de Tajo;Todas las edades;1 de enero de 2020;18
Total;19 Guadalajara;19048 Baños de Tajo;De 0 a 4 años;1 de enero de 2020;0
Total;19 Guadalajara;19048 Baños de Tajo;De 5 a 9 años;1 de enero de 2020;0
Total;19 Guadalajara;19048 Baños de Tajo;De 10 a 14 años;1 de enero de 2020;0
Total;19 Guadalajara;19048 Baños de Tajo;De 65 a 69 años;1 de enero de 2020;4
Total;19 Guadalajara;19048 Baños de Tajo;De 70 a 74 años;1 de enero de 2020;0
Total;19 Guadalajara;19048 Baños de Tajo;De 75 a 79 años;1 de enero de 2020;3
Total;19 Guadalajara;19048 Baños de Tajo;De 80 a 84 años;1 de enero de 2020;0
Total;19 Guadalajara;19048 Baños de Tajo;De 85 a 89 años;1 de enero de 2020;1
Total;19 Guadalajara;19048 Baños de Tajo;De 90 a 94 años;1 de enero de 2020;1
Total;19 Guadalajara;19048 Baños de Tajo;De 95 a 99 años;1 de enero de 2020;0
Total;19 Guadalajara;19048 Baños de Tajo;100 y más años;1 de enero de 2020;0
Total;19 Guadalajara;19049 Bañuelos;Todas las edades;1 de enero de 2020;13
Total;19 Guadalajara;19049 Bañuelos;De 0 a 4 años;1 de enero de 2020;0
Total;19 Guadalajara;19049 Bañuelos;De 5 a 9 años;1 de enero de 2020;0
Total;19 Guadalajara;19049 Bañuelos;De 10 a 14 años;1 de enero de 2020;0
Total;19 Guadalajara;19049 Bañuelos;De 65 a 69 años;1 de enero de 2020;2
Total;19 Guadalajara;19049 Bañuelos;De 70 a 74 años;1 de enero de 2020;1
Total;19 Guadalajara;19049 Bañuelos;De 75 a 79 años;1 de enero de 2020;0
Total;19 Guadalajara;19049 Bañuelos;De 80 a 84 años;1 de enero de 2020;0
Total;19 Guadalajara;19049 Bañuelos;De 85 a 89 años;1 de enero de 2020;0
Total;19 Guadalajara;19049 Bañuelos;De 90 a 94 años;1 de enero de 2020;0
Total;19 Guadalajara;19049 Bañuelos;De 95 a 99 años;1 de enero de 2020;0
Total;19 Guadalajara;19049 Bañuelos;100 y más años;1 de enero de 2020;0
Total;19 Guadalajara;19050 Barriopedro;Todas las edades;1 de enero de 2020;15
Total;19 Guadalajara;19050 Barriopedro;De 0 a 4 años;1 de enero de 2020;0
Total;19 Guadalajara;19050 Barriopedro;De 5 a 9 años;1 de enero de 2020;0
Total;19 Guadalajara;19050 Barriopedro;De 10 a 14 años;1 de enero de 2020;0
Total;19 Guadalajara;19050 Barriopedro;De 65 a 69 años;1 de enero de 2020;2
Total;19 Guadalajara;19050 Barriopedro;De 70 a 74 años;1 de enero de 2020;1
Total;19 Guadalajara;19050 Barriopedro;De 75 a 79 años;1 de enero de 2020;0
Total;19 Guadalajara;19050 Barriopedro;De 80 a 84 años;1 de enero de 2020;0
Total;19 Guadalajara;19050 Barriopedro;De 85 a 89 años;1 de enero de 2020;0
Total;19 Guadalajara;19050 Barriopedro;De 90 a 94 años;1 de enero de 2020;1
Total;19 Guadalajara;19050 Barriopedro;De 95 a 99 años;1 de enero de 2020;0
Total;19 Guadalajara;19050 Barriopedro;100 y más años;1 de enero de 2020;0
Total;19 Guadalajara;19051 Berninches;Todas las edades;1 de enero de 2020;52
Total;19 Guadalajara;19051 Berninches;De 0 a 4 años;1 de enero de 2020;0
Total;19 Guadalajara;19051 Berninches;De 5 a 9 años;1 de enero de 2020;0
Total;19 Guadalajara;19051 Berninches;De 10 a 14 años;1 de enero de 2020;0
Total;19 Guadalajara;19051 Berninches;De 65 a 69 años;1 de enero de 2020;10
Total;19 Guadalajara;19051 Berninches;De 70 a 74 años;1 de enero de 2020;6
Total;19 Guadalajara;19051 Berninches;De 75 a 79 años;1 de enero de 2020;6
Total;19 Guadalajara;19051 Berninches;De 80 a 84 años;1 de enero de 2020;1
Total;19 Guadalajara;19051 Berninches;De 85 a 89 años;1 de enero de 2020;4
Total;19 Guadalajara;19051 Berninches;De 90 a 94 años;1 de enero de 2020;3
Total;19 Guadalajara;19051 Berninches;De 95 a 99 años;1 de enero de 2020;1
Total;19 Guadalajara;19051 Berninches;100 y más años;1 de enero de 2020;0
Total;19 Guadalajara;19052 Bodera, La;Todas las edades;1 de enero de 2020;23
Total;19 Guadalajara;19052 Bodera, La;De 0 a 4 años;1 de enero de 2020;0
Total;19 Guadalajara;19052 Bodera, La;De 5 a 9 años;1 de enero de 2020;0
Total;19 Guadalajara;19052 Bodera, La;De 10 a 14 años;1 de enero de 2020;0
Total;19 Guadalajara;19052 Bodera, La;De 65 a 69 años;1 de enero de 2020;1
Total;19 Guadalajara;19052 Bodera, La;De 70 a 74 años;1 de enero de 2020;3
Total;19 Guadalajara;19052 Bodera, La;De 75 a 79 años;1 de enero de 2020;3
Total;19 Guadalajara;19052 Bodera, La;De 80 a 84 años;1 de enero de 2020;3
Total;19 Guadalajara;19052 Bodera, La;De 85 a 89 años;1 de enero de 2020;2
Total;19 Guadalajara;19052 Bodera, La;De 90 a 94 años;1 de enero de 2020;2
Total;19 Guadalajara;19052 Bodera, La;De 95 a 99 años;1 de enero de 2020;0
Total;19 Guadalajara;19052 Bodera, La;100 y más años;1 de enero de 2020;1
Total;19 Guadalajara;19053 Brihuega;Todas las edades;1 de enero de 2020;2.378
Total;19 Guadalajara;19053 Brihuega;De 0 a 4 años;1 de enero de 2020;78
Total;19 Guadalajara;19053 Brihuega;De 5 a 9 años;1 de enero de 2020;86
Total;19 Guadalajara;19053 Brihuega;De 10 a 14 años;1 de enero de 2020;96
Total;19 Guadalajara;19053 Brihuega;De 65 a 69 años;1 de enero de 2020;136
Total;19 Guadalajara;19053 Brihuega;De 70 a 74 años;1 de enero de 2020;117
Total;19 Guadalajara;19053 Brihuega;De 75 a 79 años;1 de enero de 2020;91
Total;19 Guadalajara;19053 Brihuega;De 80 a 84 años;1 de enero de 2020;79
Total;19 Guadalajara;19053 Brihuega;De 85 a 89 años;1 de enero de 2020;105
Total;19 Guadalajara;19053 Brihuega;De 90 a 94 años;1 de enero de 2020;59
Total;19 Guadalajara;19053 Brihuega;De 95 a 99 años;1 de enero de 2020;20
Total;19 Guadalajara;19053 Brihuega;100 y más años;1 de enero de 2020;3
Total;19 Guadalajara;19054 Budia;Todas las edades;1 de enero de 2020;189
Total;19 Guadalajara;19054 Budia;De 0 a 4 años;1 de enero de 2020;1
Total;19 Guadalajara;19054 Budia;De 5 a 9 años;1 de enero de 2020;6
Total;19 Guadalajara;19054 Budia;De 10 a 14 años;1 de enero de 2020;4
Total;19 Guadalajara;19054 Budia;De 65 a 69 años;1 de enero de 2020;20
Total;19 Guadalajara;19054 Budia;De 70 a 74 años;1 de enero de 2020;27
Total;19 Guadalajara;19054 Budia;De 75 a 79 años;1 de enero de 2020;14
Total;19 Guadalajara;19054 Budia;De 80 a 84 años;1 de enero de 2020;9
Total;19 Guadalajara;19054 Budia;De 85 a 89 años;1 de enero de 2020;9
Total;19 Guadalajara;19054 Budia;De 90 a 94 años;1 de enero de 2020;5
Total;19 Guadalajara;19054 Budia;De 95 a 99 años;1 de enero de 2020;3
Total;19 Guadalajara;19054 Budia;100 y más años;1 de enero de 2020;0
Total;19 Guadalajara;19055 Bujalaro;Todas las edades;1 de enero de 2020;50
Total;19 Guadalajara;19055 Bujalaro;De 0 a 4 años;1 de enero de 2020;0
Total;19 Guadalajara;19055 Bujalaro;De 5 a 9 años;1 de enero de 2020;2
Total;19 Guadalajara;19055 Bujalaro;De 10 a 14 años;1 de enero de 2020;1
Total;19 Guadalajara;19055 Bujalaro;De 65 a 69 años;1 de enero de 2020;3
Total;19 Guadalajara;19055 Bujalaro;De 70 a 74 años;1 de enero de 2020;7
Total;19 Guadalajara;19055 Bujalaro;De 75 a 79 años;1 de enero de 2020;3
Total;19 Guadalajara;19055 Bujalaro;De 80 a 84 años;1 de enero de 2020;1
Total;19 Guadalajara;19055 Bujalaro;De 85 a 89 años;1 de enero de 2020;3
Total;19 Guadalajara;19055 Bujalaro;De 90 a 94 años;1 de enero de 2020;2
Total;19 Guadalajara;19055 Bujalaro;De 95 a 99 años;1 de enero de 2020;2
Total;19 Guadalajara;19055 Bujalaro;100 y más años;1 de enero de 2020;0
Total;19 Guadalajara;19057 Bustares;Todas las edades;1 de enero de 2020;74
Total;19 Guadalajara;19057 Bustares;De 0 a 4 años;1 de enero de 2020;4
Total;19 Guadalajara;19057 Bustares;De 5 a 9 años;1 de enero de 2020;1
Total;19 Guadalajara;19057 Bustares;De 10 a 14 años;1 de enero de 2020;0
Total;19 Guadalajara;19057 Bustares;De 65 a 69 años;1 de enero de 2020;8
Total;19 Guadalajara;19057 Bustares;De 70 a 74 años;1 de enero de 2020;7
Total;19 Guadalajara;19057 Bustares;De 75 a 79 años;1 de enero de 2020;6
Total;19 Guadalajara;19057 Bustares;De 80 a 84 años;1 de enero de 2020;4
Total;19 Guadalajara;19057 Bustares;De 85 a 89 años;1 de enero de 2020;5
Total;19 Guadalajara;19057 Bustares;De 90 a 94 años;1 de enero de 2020;1
Total;19 Guadalajara;19057 Bustares;De 95 a 99 años;1 de enero de 2020;1
Total;19 Guadalajara;19057 Bustares;100 y más años;1 de enero de 2020;0
Total;19 Guadalajara;19058 Cabanillas del Campo;Todas las edades;1 de enero de 2020;10.657
Total;19 Guadalajara;19058 Cabanillas del Campo;De 0 a 4 años;1 de enero de 2020;493
Total;19 Guadalajara;19058 Cabanillas del Campo;De 5 a 9 años;1 de enero de 2020;641
Total;19 Guadalajara;19058 Cabanillas del Campo;De 10 a 14 años;1 de enero de 2020;863
Total;19 Guadalajara;19058 Cabanillas del Campo;De 65 a 69 años;1 de enero de 2020;323
Total;19 Guadalajara;19058 Cabanillas del Campo;De 70 a 74 años;1 de enero de 2020;234
Total;19 Guadalajara;19058 Cabanillas del Campo;De 75 a 79 años;1 de enero de 2020;144
Total;19 Guadalajara;19058 Cabanillas del Campo;De 80 a 84 años;1 de enero de 2020;115
Total;19 Guadalajara;19058 Cabanillas del Campo;De 85 a 89 años;1 de enero de 2020;123
Total;19 Guadalajara;19058 Cabanillas del Campo;De 90 a 94 años;1 de enero de 2020;55
Total;19 Guadalajara;19058 Cabanillas del Campo;De 95 a 99 años;1 de enero de 2020;15
Total;19 Guadalajara;19058 Cabanillas del Campo;100 y más años;1 de enero de 2020;0
Total;19 Guadalajara;19059 Campillo de Dueñas;Todas las edades;1 de enero de 2020;80
Total;19 Guadalajara;19059 Campillo de Dueñas;De 0 a 4 años;1 de enero de 2020;3
Total;19 Guadalajara;19059 Campillo de Dueñas;De 5 a 9 años;1 de enero de 2020;1
Total;19 Guadalajara;19059 Campillo de Dueñas;De 10 a 14 años;1 de enero de 2020;0
Total;19 Guadalajara;19059 Campillo de Dueñas;De 65 a 69 años;1 de enero de 2020;4
Total;19 Guadalajara;19059 Campillo de Dueñas;De 70 a 74 años;1 de enero de 2020;7
Total;19 Guadalajara;19059 Campillo de Dueñas;De 75 a 79 años;1 de enero de 2020;9
Total;19 Guadalajara;19059 Campillo de Dueñas;De 80 a 84 años;1 de enero de 2020;5
Total;19 Guadalajara;19059 Campillo de Dueñas;De 85 a 89 años;1 de enero de 2020;3
Total;19 Guadalajara;19059 Campillo de Dueñas;De 90 a 94 años;1 de enero de 2020;1
Total;19 Guadalajara;19059 Campillo de Dueñas;De 95 a 99 años;1 de enero de 2020;1
Total;19 Guadalajara;19059 Campillo de Dueñas;100 y más años;1 de enero de 2020;1
Total;19 Guadalajara;19060 Campillo de Ranas;Todas las edades;1 de enero de 2020;171
Total;19 Guadalajara;19060 Campillo de Ranas;De 0 a 4 años;1 de enero de 2020;1
Total;19 Guadalajara;19060 Campillo de Ranas;De 5 a 9 años;1 de enero de 2020;1
Total;19 Guadalajara;19060 Campillo de Ranas;De 10 a 14 años;1 de enero de 2020;5
Total;19 Guadalajara;19060 Campillo de Ranas;De 65 a 69 años;1 de enero de 2020;15
Total;19 Guadalajara;19060 Campillo de Ranas;De 70 a 74 años;1 de enero de 2020;9
Total;19 Guadalajara;19060 Campillo de Ranas;De 75 a 79 años;1 de enero de 2020;0
Total;19 Guadalajara;19060 Campillo de Ranas;De 80 a 84 años;1 de enero de 2020;4
Total;19 Guadalajara;19060 Campillo de Ranas;De 85 a 89 años;1 de enero de 2020;4
Total;19 Guadalajara;19060 Campillo de Ranas;De 90 a 94 años;1 de enero de 2020;2
Total;19 Guadalajara;19060 Campillo de Ranas;De 95 a 99 años;1 de enero de 2020;0
Total;19 Guadalajara;19060 Campillo de Ranas;100 y más años;1 de enero de 2020;0
Total;19 Guadalajara;19061 Campisábalos;Todas las edades;1 de enero de 2020;60
Total;19 Guadalajara;19061 Campisábalos;De 0 a 4 años;1 de enero de 2020;0
Total;19 Guadalajara;19061 Campisábalos;De 5 a 9 años;1 de enero de 2020;0
Total;19 Guadalajara;19061 Campisábalos;De 10 a 14 años;1 de enero de 2020;0
Total;19 Guadalajara;19061 Campisábalos;De 65 a 69 años;1 de enero de 2020;4
Total;19 Guadalajara;19061 Campisábalos;De 70 a 74 años;1 de enero de 2020;6
Total;19 Guadalajara;19061 Campisábalos;De 75 a 79 años;1 de enero de 2020;5
Total;19 Guadalajara;19061 Campisábalos;De 80 a 84 años;1 de enero de 2020;4
Total;19 Guadalajara;19061 Campisábalos;De 85 a 89 años;1 de enero de 2020;1
Total;19 Guadalajara;19061 Campisábalos;De 90 a 94 años;1 de enero de 2020;0
Total;19 Guadalajara;19061 Campisábalos;De 95 a 99 años;1 de enero de 2020;1
Total;19 Guadalajara;19061 Campisábalos;100 y más años;1 de enero de 2020;0
Total;19 Guadalajara;19064 Canredondo;Todas las edades;1 de enero de 2020;64
Total;19 Guadalajara;19064 Canredondo;De 0 a 4 años;1 de enero de 2020;0
Total;19 Guadalajara;19064 Canredondo;De 5 a 9 años;1 de enero de 2020;2
Total;19 Guadalajara;19064 Canredondo;De 10 a 14 años;1 de enero de 2020;0
Total;19 Guadalajara;19064 Canredondo;De 65 a 69 años;1 de enero de 2020;9
Total;19 Guadalajara;19064 Canredondo;De 70 a 74 años;1 de enero de 2020;5
Total;19 Guadalajara;19064 Canredondo;De 75 a 79 años;1 de enero de 2020;11
Total;19 Guadalajara;19064 Canredondo;De 80 a 84 años;1 de enero de 2020;7
Total;19 Guadalajara;19064 Canredondo;De 85 a 89 años;1 de enero de 2020;2
Total;19 Guadalajara;19064 Canredondo;De 90 a 94 años;1 de enero de 2020;1
Total;19 Guadalajara;19064 Canredondo;De 95 a 99 años;1 de enero de 2020;0
Total;19 Guadalajara;19064 Canredondo;100 y más años;1 de enero de 2020;0
Total;19 Guadalajara;19065 Cantalojas;Todas las edades;1 de enero de 2020;146
Total;19 Guadalajara;19065 Cantalojas;De 0 a 4 años;1 de enero de 2020;1
Total;19 Guadalajara;19065 Cantalojas;De 5 a 9 años;1 de enero de 2020;5
Total;19 Guadalajara;19065 Cantalojas;De 10 a 14 años;1 de enero de 2020;11
Total;19 Guadalajara;19065 Cantalojas;De 65 a 69 años;1 de enero de 2020;10
Total;19 Guadalajara;19065 Cantalojas;De 70 a 74 años;1 de enero de 2020;7
Total;19 Guadalajara;19065 Cantalojas;De 75 a 79 años;1 de enero de 2020;3
Total;19 Guadalajara;19065 Cantalojas;De 80 a 84 años;1 de enero de 2020;7
Total;19 Guadalajara;19065 Cantalojas;De 85 a 89 años;1 de enero de 2020;4
Total;19 Guadalajara;19065 Cantalojas;De 90 a 94 años;1 de enero de 2020;5
Total;19 Guadalajara;19065 Cantalojas;De 95 a 99 años;1 de enero de 2020;3
Total;19 Guadalajara;19065 Cantalojas;100 y más años;1 de enero de 2020;0
Total;19 Guadalajara;19066 Cañizar;Todas las edades;1 de enero de 2020;53
Total;19 Guadalajara;19066 Cañizar;De 0 a 4 años;1 de enero de 2020;0
Total;19 Guadalajara;19066 Cañizar;De 5 a 9 años;1 de enero de 2020;0
Total;19 Guadalajara;19066 Cañizar;De 10 a 14 años;1 de enero de 2020;2
Total;19 Guadalajara;19066 Cañizar;De 65 a 69 años;1 de enero de 2020;8
Total;19 Guadalajara;19066 Cañizar;De 70 a 74 años;1 de enero de 2020;4
Total;19 Guadalajara;19066 Cañizar;De 75 a 79 años;1 de enero de 2020;8
Total;19 Guadalajara;19066 Cañizar;De 80 a 84 años;1 de enero de 2020;2
Total;19 Guadalajara;19066 Cañizar;De 85 a 89 años;1 de enero de 2020;3
Total;19 Guadalajara;19066 Cañizar;De 90 a 94 años;1 de enero de 2020;1
Total;19 Guadalajara;19066 Cañizar;De 95 a 99 años;1 de enero de 2020;0
Total;19 Guadalajara;19066 Cañizar;100 y más años;1 de enero de 2020;0
Total;19 Guadalajara;19067 Cardoso de la Sierra, El;Todas las edades;1 de enero de 2020;57
Total;19 Guadalajara;19067 Cardoso de la Sierra, El;De 0 a 4 años;1 de enero de 2020;1
Total;19 Guadalajara;19067 Cardoso de la Sierra, El;De 5 a 9 años;1 de enero de 2020;0
Total;19 Guadalajara;19067 Cardoso de la Sierra, El;De 10 a 14 años;1 de enero de 2020;0
Total;19 Guadalajara;19067 Cardoso de la Sierra, El;De 65 a 69 años;1 de enero de 2020;8
Total;19 Guadalajara;19067 Cardoso de la Sierra, El;De 70 a 74 años;1 de enero de 2020;0
Total;19 Guadalajara;19067 Cardoso de la Sierra, El;De 75 a 79 años;1 de enero de 2020;0
Total;19 Guadalajara;19067 Cardoso de la Sierra, El;De 80 a 84 años;1 de enero de 2020;3
Total;19 Guadalajara;19067 Cardoso de la Sierra, El;De 85 a 89 años;1 de enero de 2020;4
Total;19 Guadalajara;19067 Cardoso de la Sierra, El;De 90 a 94 años;1 de enero de 2020;4
Total;19 Guadalajara;19067 Cardoso de la Sierra, El;De 95 a 99 años;1 de enero de 2020;1
Total;19 Guadalajara;19067 Cardoso de la Sierra, El;100 y más años;1 de enero de 2020;0
Total;19 Guadalajara;19070 Casa de Uceda;Todas las edades;1 de enero de 2020;91
Total;19 Guadalajara;19070 Casa de Uceda;De 0 a 4 años;1 de enero de 2020;7
Total;19 Guadalajara;19070 Casa de Uceda;De 5 a 9 años;1 de enero de 2020;4
Total;19 Guadalajara;19070 Casa de Uceda;De 10 a 14 años;1 de enero de 2020;2
Total;19 Guadalajara;19070 Casa de Uceda;De 65 a 69 años;1 de enero de 2020;1
Total;19 Guadalajara;19070 Casa de Uceda;De 70 a 74 años;1 de enero de 2020;7
Total;19 Guadalajara;19070 Casa de Uceda;De 75 a 79 años;1 de enero de 2020;5
Total;19 Guadalajara;19070 Casa de Uceda;De 80 a 84 años;1 de enero de 2020;5
Total;19 Guadalajara;19070 Casa de Uceda;De 85 a 89 años;1 de enero de 2020;5
Total;19 Guadalajara;19070 Casa de Uceda;De 90 a 94 años;1 de enero de 2020;2
Total;19 Guadalajara;19070 Casa de Uceda;De 95 a 99 años;1 de enero de 2020;2
Total;19 Guadalajara;19070 Casa de Uceda;100 y más años;1 de enero de 2020;0
Total;19 Guadalajara;19071 Casar, El;Todas las edades;1 de enero de 2020;12.415
Total;19 Guadalajara;19071 Casar, El;De 0 a 4 años;1 de enero de 2020;594
Total;19 Guadalajara;19071 Casar, El;De 5 a 9 años;1 de enero de 2020;878
Total;19 Guadalajara;19071 Casar, El;De 10 a 14 años;1 de enero de 2020;987
Total;19 Guadalajara;19071 Casar, El;De 65 a 69 años;1 de enero de 2020;426
Total;19 Guadalajara;19071 Casar, El;De 70 a 74 años;1 de enero de 2020;281
Total;19 Guadalajara;19071 Casar, El;De 75 a 79 años;1 de enero de 2020;217
Total;19 Guadalajara;19071 Casar, El;De 80 a 84 años;1 de enero de 2020;131
Total;19 Guadalajara;19071 Casar, El;De 85 a 89 años;1 de enero de 2020;99
Total;19 Guadalajara;19071 Casar, El;De 90 a 94 años;1 de enero de 2020;50
Total;19 Guadalajara;19071 Casar, El;De 95 a 99 años;1 de enero de 2020;19
Total;19 Guadalajara;19071 Casar, El;100 y más años;1 de enero de 2020;5
Total;19 Guadalajara;19073 Casas de San Galindo;Todas las edades;1 de enero de 2020;19
Total;19 Guadalajara;19073 Casas de San Galindo;De 0 a 4 años;1 de enero de 2020;0
Total;19 Guadalajara;19073 Casas de San Galindo;De 5 a 9 años;1 de enero de 2020;0
Total;19 Guadalajara;19073 Casas de San Galindo;De 10 a 14 años;1 de enero de 2020;0
Total;19 Guadalajara;19073 Casas de San Galindo;De 65 a 69 años;1 de enero de 2020;1
Total;19 Guadalajara;19073 Casas de San Galindo;De 70 a 74 años;1 de enero de 2020;0
Total;19 Guadalajara;19073 Casas de San Galindo;De 75 a 79 años;1 de enero de 2020;0
Total;19 Guadalajara;19073 Casas de San Galindo;De 80 a 84 años;1 de enero de 2020;0
Total;19 Guadalajara;19073 Casas de San Galindo;De 85 a 89 años;1 de enero de 2020;1
Total;19 Guadalajara;19073 Casas de San Galindo;De 90 a 94 años;1 de enero de 2020;0
Total;19 Guadalajara;19073 Casas de San Galindo;De 95 a 99 años;1 de enero de 2020;0
Total;19 Guadalajara;19073 Casas de San Galindo;100 y más años;1 de enero de 2020;0
Total;19 Guadalajara;19074 Caspueñas;Todas las edades;1 de enero de 2020;96
Total;19 Guadalajara;19074 Caspueñas;De 0 a 4 años;1 de enero de 2020;0
Total;19 Guadalajara;19074 Caspueñas;De 5 a 9 años;1 de enero de 2020;3
Total;19 Guadalajara;19074 Caspueñas;De 10 a 14 años;1 de enero de 2020;1
Total;19 Guadalajara;19074 Caspueñas;De 65 a 69 años;1 de enero de 2020;11
Total;19 Guadalajara;19074 Caspueñas;De 70 a 74 años;1 de enero de 2020;5
Total;19 Guadalajara;19074 Caspueñas;De 75 a 79 años;1 de enero de 2020;5
Total;19 Guadalajara;19074 Caspueñas;De 80 a 84 años;1 de enero de 2020;2
Total;19 Guadalajara;19074 Caspueñas;De 85 a 89 años;1 de enero de 2020;5
Total;19 Guadalajara;19074 Caspueñas;De 90 a 94 años;1 de enero de 2020;2
Total;19 Guadalajara;19074 Caspueñas;De 95 a 99 años;1 de enero de 2020;0
Total;19 Guadalajara;19074 Caspueñas;100 y más años;1 de enero de 2020;0
Total;19 Guadalajara;19075 Castejón de Henares;Todas las edades;1 de enero de 2020;64
Total;19 Guadalajara;19075 Castejón de Henares;De 0 a 4 años;1 de enero de 2020;2
Total;19 Guadalajara;19075 Castejón de Henares;De 5 a 9 años;1 de enero de 2020;0
Total;19 Guadalajara;19075 Castejón de Henares;De 10 a 14 años;1 de enero de 2020;0
Total;19 Guadalajara;19075 Castejón de Henares;De 65 a 69 años;1 de enero de 2020;3
Total;19 Guadalajara;19075 Castejón de Henares;De 70 a 74 años;1 de enero de 2020;3
Total;19 Guadalajara;19075 Castejón de Henares;De 75 a 79 años;1 de enero de 2020;5
Total;19 Guadalajara;19075 Castejón de Henares;De 80 a 84 años;1 de enero de 2020;2
Total;19 Guadalajara;19075 Castejón de Henares;De 85 a 89 años;1 de enero de 2020;4
Total;19 Guadalajara;19075 Castejón de Henares;De 90 a 94 años;1 de enero de 2020;4
Total;19 Guadalajara;19075 Castejón de Henares;De 95 a 99 años;1 de enero de 2020;0
Total;19 Guadalajara;19075 Castejón de Henares;100 y más años;1 de enero de 2020;2
Total;19 Guadalajara;19076 Castellar de la Muela;Todas las edades;1 de enero de 2020;29
Total;19 Guadalajara;19076 Castellar de la Muela;De 0 a 4 años;1 de enero de 2020;0
Total;19 Guadalajara;19076 Castellar de la Muela;De 5 a 9 años;1 de enero de 2020;0
Total;19 Guadalajara;19076 Castellar de la Muela;De 10 a 14 años;1 de enero de 2020;0
Total;19 Guadalajara;19076 Castellar de la Muela;De 65 a 69 años;1 de enero de 2020;2
Total;19 Guadalajara;19076 Castellar de la Muela;De 70 a 74 años;1 de enero de 2020;4
Total;19 Guadalajara;19076 Castellar de la Muela;De 75 a 79 años;1 de enero de 2020;1
Total;19 Guadalajara;19076 Castellar de la Muela;De 80 a 84 años;1 de enero de 2020;0
Total;19 Guadalajara;19076 Castellar de la Muela;De 85 a 89 años;1 de enero de 2020;1
Total;19 Guadalajara;19076 Castellar de la Muela;De 90 a 94 años;1 de enero de 2020;2
Total;19 Guadalajara;19076 Castellar de la Muela;De 95 a 99 años;1 de enero de 2020;1
Total;19 Guadalajara;19076 Castellar de la Muela;100 y más años;1 de enero de 2020;0
Total;19 Guadalajara;19078 Castilforte;Todas las edades;1 de enero de 2020;52
Total;19 Guadalajara;19078 Castilforte;De 0 a 4 años;1 de enero de 2020;0
Total;19 Guadalajara;19078 Castilforte;De 5 a 9 años;1 de enero de 2020;0
Total;19 Guadalajara;19078 Castilforte;De 10 a 14 años;1 de enero de 2020;0
Total;19 Guadalajara;19078 Castilforte;De 65 a 69 años;1 de enero de 2020;5
Total;19 Guadalajara;19078 Castilforte;De 70 a 74 años;1 de enero de 2020;9
Total;19 Guadalajara;19078 Castilforte;De 75 a 79 años;1 de enero de 2020;3
Total;19 Guadalajara;19078 Castilforte;De 80 a 84 años;1 de enero de 2020;1
Total;19 Guadalajara;19078 Castilforte;De 85 a 89 años;1 de enero de 2020;2
Total;19 Guadalajara;19078 Castilforte;De 90 a 94 años;1 de enero de 2020;1
Total;19 Guadalajara;19078 Castilforte;De 95 a 99 años;1 de enero de 2020;0
Total;19 Guadalajara;19078 Castilforte;100 y más años;1 de enero de 2020;0
Total;19 Guadalajara;19079 Castilnuevo;Todas las edades;1 de enero de 2020;7
Total;19 Guadalajara;19079 Castilnuevo;De 0 a 4 años;1 de enero de 2020;0
Total;19 Guadalajara;19079 Castilnuevo;De 5 a 9 años;1 de enero de 2020;0
Total;19 Guadalajara;19079 Castilnuevo;De 10 a 14 años;1 de enero de 2020;0
Total;19 Guadalajara;19079 Castilnuevo;De 65 a 69 años;1 de enero de 2020;0
Total;19 Guadalajara;19079 Castilnuevo;De 70 a 74 años;1 de enero de 2020;0
Total;19 Guadalajara;19079 Castilnuevo;De 75 a 79 años;1 de enero de 2020;0
Total;19 Guadalajara;19079 Castilnuevo;De 80 a 84 años;1 de enero de 2020;0
Total;19 Guadalajara;19079 Castilnuevo;De 85 a 89 años;1 de enero de 2020;0
Total;19 Guadalajara;19079 Castilnuevo;De 90 a 94 años;1 de enero de 2020;0
Total;19 Guadalajara;19079 Castilnuevo;De 95 a 99 años;1 de enero de 2020;0
Total;19 Guadalajara;19079 Castilnuevo;100 y más años;1 de enero de 2020;0
Total;19 Guadalajara;19080 Cendejas de Enmedio;Todas las edades;1 de enero de 2020;68
Total;19 Guadalajara;19080 Cendejas de Enmedio;De 0 a 4 años;1 de enero de 2020;0
Total;19 Guadalajara;19080 Cendejas de Enmedio;De 5 a 9 años;1 de enero de 2020;2
Total;19 Guadalajara;19080 Cendejas de Enmedio;De 10 a 14 años;1 de enero de 2020;1
Total;19 Guadalajara;19080 Cendejas de Enmedio;De 65 a 69 años;1 de enero de 2020;8
Total;19 Guadalajara;19080 Cendejas de Enmedio;De 70 a 74 años;1 de enero de 2020;6
Total;19 Guadalajara;19080 Cendejas de Enmedio;De 75 a 79 años;1 de enero de 2020;4
Total;19 Guadalajara;19080 Cendejas de Enmedio;De 80 a 84 años;1 de enero de 2020;5
Total;19 Guadalajara;19080 Cendejas de Enmedio;De 85 a 89 años;1 de enero de 2020;5
Total;19 Guadalajara;19080 Cendejas de Enmedio;De 90 a 94 años;1 de enero de 2020;6
Total;19 Guadalajara;19080 Cendejas de Enmedio;De 95 a 99 años;1 de enero de 2020;0
Total;19 Guadalajara;19080 Cendejas de Enmedio;100 y más años;1 de enero de 2020;0
Total;19 Guadalajara;19081 Cendejas de la Torre;Todas las edades;1 de enero de 2020;25
Total;19 Guadalajara;19081 Cendejas de la Torre;De 0 a 4 años;1 de enero de 2020;1
Total;19 Guadalajara;19081 Cendejas de la Torre;De 5 a 9 años;1 de enero de 2020;0
Total;19 Guadalajara;19081 Cendejas de la Torre;De 10 a 14 años;1 de enero de 2020;0
Total;19 Guadalajara;19081 Cendejas de la Torre;De 65 a 69 años;1 de enero de 2020;3
Total;19 Guadalajara;19081 Cendejas de la Torre;De 70 a 74 años;1 de enero de 2020;2
Total;19 Guadalajara;19081 Cendejas de la Torre;De 75 a 79 años;1 de enero de 2020;2
Total;19 Guadalajara;19081 Cendejas de la Torre;De 80 a 84 años;1 de enero de 2020;3
Total;19 Guadalajara;19081 Cendejas de la Torre;De 85 a 89 años;1 de enero de 2020;1
Total;19 Guadalajara;19081 Cendejas de la Torre;De 90 a 94 años;1 de enero de 2020;1
Total;19 Guadalajara;19081 Cendejas de la Torre;De 95 a 99 años;1 de enero de 2020;0
Total;19 Guadalajara;19081 Cendejas de la Torre;100 y más años;1 de enero de 2020;0
Total;19 Guadalajara;19082 Centenera;Todas las edades;1 de enero de 2020;121
Total;19 Guadalajara;19082 Centenera;De 0 a 4 años;1 de enero de 2020;6
Total;19 Guadalajara;19082 Centenera;De 5 a 9 años;1 de enero de 2020;5
Total;19 Guadalajara;19082 Centenera;De 10 a 14 años;1 de enero de 2020;5
Total;19 Guadalajara;19082 Centenera;De 65 a 69 años;1 de enero de 2020;4
Total;19 Guadalajara;19082 Centenera;De 70 a 74 años;1 de enero de 2020;4
Total;19 Guadalajara;19082 Centenera;De 75 a 79 años;1 de enero de 2020;0
Total;19 Guadalajara;19082 Centenera;De 80 a 84 años;1 de enero de 2020;3
Total;19 Guadalajara;19082 Centenera;De 85 a 89 años;1 de enero de 2020;8
Total;19 Guadalajara;19082 Centenera;De 90 a 94 años;1 de enero de 2020;3
Total;19 Guadalajara;19082 Centenera;De 95 a 99 años;1 de enero de 2020;0
Total;19 Guadalajara;19082 Centenera;100 y más años;1 de enero de 2020;0
Total;19 Guadalajara;19103 Checa;Todas las edades;1 de enero de 2020;285
Total;19 Guadalajara;19103 Checa;De 0 a 4 años;1 de enero de 2020;6
Total;19 Guadalajara;19103 Checa;De 5 a 9 años;1 de enero de 2020;5
Total;19 Guadalajara;19103 Checa;De 10 a 14 años;1 de enero de 2020;8
Total;19 Guadalajara;19103 Checa;De 65 a 69 años;1 de enero de 2020;22
Total;19 Guadalajara;19103 Checa;De 70 a 74 años;1 de enero de 2020;13
Total;19 Guadalajara;19103 Checa;De 75 a 79 años;1 de enero de 2020;15
Total;19 Guadalajara;19103 Checa;De 80 a 84 años;1 de enero de 2020;16
Total;19 Guadalajara;19103 Checa;De 85 a 89 años;1 de enero de 2020;18
Total;19 Guadalajara;19103 Checa;De 90 a 94 años;1 de enero de 2020;9
Total;19 Guadalajara;19103 Checa;De 95 a 99 años;1 de enero de 2020;1
Total;19 Guadalajara;19103 Checa;100 y más años;1 de enero de 2020;0
Total;19 Guadalajara;19104 Chequilla;Todas las edades;1 de enero de 2020;18
Total;19 Guadalajara;19104 Chequilla;De 0 a 4 años;1 de enero de 2020;0
Total;19 Guadalajara;19104 Chequilla;De 5 a 9 años;1 de enero de 2020;0
Total;19 Guadalajara;19104 Chequilla;De 10 a 14 años;1 de enero de 2020;0
Total;19 Guadalajara;19104 Chequilla;De 65 a 69 años;1 de enero de 2020;0
Total;19 Guadalajara;19104 Chequilla;De 70 a 74 años;1 de enero de 2020;3
Total;19 Guadalajara;19104 Chequilla;De 75 a 79 años;1 de enero de 2020;2
Total;19 Guadalajara;19104 Chequilla;De 80 a 84 años;1 de enero de 2020;0
Total;19 Guadalajara;19104 Chequilla;De 85 a 89 años;1 de enero de 2020;1
Total;19 Guadalajara;19104 Chequilla;De 90 a 94 años;1 de enero de 2020;2
Total;19 Guadalajara;19104 Chequilla;De 95 a 99 años;1 de enero de 2020;0
Total;19 Guadalajara;19104 Chequilla;100 y más años;1 de enero de 2020;0
Total;19 Guadalajara;19106 Chillarón del Rey;Todas las edades;1 de enero de 2020;90
Total;19 Guadalajara;19106 Chillarón del Rey;De 0 a 4 años;1 de enero de 2020;0
Total;19 Guadalajara;19106 Chillarón del Rey;De 5 a 9 años;1 de enero de 2020;0
Total;19 Guadalajara;19106 Chillarón del Rey;De 10 a 14 años;1 de enero de 2020;4
Total;19 Guadalajara;19106 Chillarón del Rey;De 65 a 69 años;1 de enero de 2020;7
Total;19 Guadalajara;19106 Chillarón del Rey;De 70 a 74 años;1 de enero de 2020;6
Total;19 Guadalajara;19106 Chillarón del Rey;De 75 a 79 años;1 de enero de 2020;5
Total;19 Guadalajara;19106 Chillarón del Rey;De 80 a 84 años;1 de enero de 2020;7
Total;19 Guadalajara;19106 Chillarón del Rey;De 85 a 89 años;1 de enero de 2020;6
Total;19 Guadalajara;19106 Chillarón del Rey;De 90 a 94 años;1 de enero de 2020;1
Total;19 Guadalajara;19106 Chillarón del Rey;De 95 a 99 años;1 de enero de 2020;0
Total;19 Guadalajara;19106 Chillarón del Rey;100 y más años;1 de enero de 2020;0
Total;19 Guadalajara;19105 Chiloeches;Todas las edades;1 de enero de 2020;3.623
Total;19 Guadalajara;19105 Chiloeches;De 0 a 4 años;1 de enero de 2020;135
Total;19 Guadalajara;19105 Chiloeches;De 5 a 9 años;1 de enero de 2020;298
Total;19 Guadalajara;19105 Chiloeches;De 10 a 14 años;1 de enero de 2020;262
Total;19 Guadalajara;19105 Chiloeches;De 65 a 69 años;1 de enero de 2020;141
Total;19 Guadalajara;19105 Chiloeches;De 70 a 74 años;1 de enero de 2020;101
Total;19 Guadalajara;19105 Chiloeches;De 75 a 79 años;1 de enero de 2020;70
Total;19 Guadalajara;19105 Chiloeches;De 80 a 84 años;1 de enero de 2020;42
Total;19 Guadalajara;19105 Chiloeches;De 85 a 89 años;1 de enero de 2020;28
Total;19 Guadalajara;19105 Chiloeches;De 90 a 94 años;1 de enero de 2020;19
Total;19 Guadalajara;19105 Chiloeches;De 95 a 99 años;1 de enero de 2020;4
Total;19 Guadalajara;19105 Chiloeches;100 y más años;1 de enero de 2020;1
Total;19 Guadalajara;19086 Cifuentes;Todas las edades;1 de enero de 2020;1.634
Total;19 Guadalajara;19086 Cifuentes;De 0 a 4 años;1 de enero de 2020;50
Total;19 Guadalajara;19086 Cifuentes;De 5 a 9 años;1 de enero de 2020;45
Total;19 Guadalajara;19086 Cifuentes;De 10 a 14 años;1 de enero de 2020;45
Total;19 Guadalajara;19086 Cifuentes;De 65 a 69 años;1 de enero de 2020;105
Total;19 Guadalajara;19086 Cifuentes;De 70 a 74 años;1 de enero de 2020;88
Total;19 Guadalajara;19086 Cifuentes;De 75 a 79 años;1 de enero de 2020;91
Total;19 Guadalajara;19086 Cifuentes;De 80 a 84 años;1 de enero de 2020;77
Total;19 Guadalajara;19086 Cifuentes;De 85 a 89 años;1 de enero de 2020;64
Total;19 Guadalajara;19086 Cifuentes;De 90 a 94 años;1 de enero de 2020;39
Total;19 Guadalajara;19086 Cifuentes;De 95 a 99 años;1 de enero de 2020;10
Total;19 Guadalajara;19086 Cifuentes;100 y más años;1 de enero de 2020;3
Total;19 Guadalajara;19087 Cincovillas;Todas las edades;1 de enero de 2020;19
Total;19 Guadalajara;19087 Cincovillas;De 0 a 4 años;1 de enero de 2020;0
Total;19 Guadalajara;19087 Cincovillas;De 5 a 9 años;1 de enero de 2020;0
Total;19 Guadalajara;19087 Cincovillas;De 10 a 14 años;1 de enero de 2020;0
Total;19 Guadalajara;19087 Cincovillas;De 65 a 69 años;1 de enero de 2020;0
Total;19 Guadalajara;19087 Cincovillas;De 70 a 74 años;1 de enero de 2020;4
Total;19 Guadalajara;19087 Cincovillas;De 75 a 79 años;1 de enero de 2020;1
Total;19 Guadalajara;19087 Cincovillas;De 80 a 84 años;1 de enero de 2020;1
Total;19 Guadalajara;19087 Cincovillas;De 85 a 89 años;1 de enero de 2020;2
Total;19 Guadalajara;19087 Cincovillas;De 90 a 94 años;1 de enero de 2020;1
Total;19 Guadalajara;19087 Cincovillas;De 95 a 99 años;1 de enero de 2020;0
Total;19 Guadalajara;19087 Cincovillas;100 y más años;1 de enero de 2020;0
Total;19 Guadalajara;19088 Ciruelas;Todas las edades;1 de enero de 2020;112
Total;19 Guadalajara;19088 Ciruelas;De 0 a 4 años;1 de enero de 2020;3
Total;19 Guadalajara;19088 Ciruelas;De 5 a 9 años;1 de enero de 2020;4
Total;19 Guadalajara;19088 Ciruelas;De 10 a 14 años;1 de enero de 2020;1
Total;19 Guadalajara;19088 Ciruelas;De 65 a 69 años;1 de enero de 2020;6
Total;19 Guadalajara;19088 Ciruelas;De 70 a 74 años;1 de enero de 2020;9
Total;19 Guadalajara;19088 Ciruelas;De 75 a 79 años;1 de enero de 2020;6
Total;19 Guadalajara;19088 Ciruelas;De 80 a 84 años;1 de enero de 2020;9
Total;19 Guadalajara;19088 Ciruelas;De 85 a 89 años;1 de enero de 2020;2
Total;19 Guadalajara;19088 Ciruelas;De 90 a 94 años;1 de enero de 2020;3
Total;19 Guadalajara;19088 Ciruelas;De 95 a 99 años;1 de enero de 2020;0
Total;19 Guadalajara;19088 Ciruelas;100 y más años;1 de enero de 2020;0
Total;19 Guadalajara;19089 Ciruelos del Pinar;Todas las edades;1 de enero de 2020;19
Total;19 Guadalajara;19089 Ciruelos del Pinar;De 0 a 4 años;1 de enero de 2020;0
Total;19 Guadalajara;19089 Ciruelos del Pinar;De 5 a 9 años;1 de enero de 2020;0
Total;19 Guadalajara;19089 Ciruelos del Pinar;De 10 a 14 años;1 de enero de 2020;0
Total;19 Guadalajara;19089 Ciruelos del Pinar;De 65 a 69 años;1 de enero de 2020;0
Total;19 Guadalajara;19089 Ciruelos del Pinar;De 70 a 74 años;1 de enero de 2020;1
Total;19 Guadalajara;19089 Ciruelos del Pinar;De 75 a 79 años;1 de enero de 2020;3
Total;19 Guadalajara;19089 Ciruelos del Pinar;De 80 a 84 años;1 de enero de 2020;0
Total;19 Guadalajara;19089 Ciruelos del Pinar;De 85 a 89 años;1 de enero de 2020;2
Total;19 Guadalajara;19089 Ciruelos del Pinar;De 90 a 94 años;1 de enero de 2020;2
Total;19 Guadalajara;19089 Ciruelos del Pinar;De 95 a 99 años;1 de enero de 2020;1
Total;19 Guadalajara;19089 Ciruelos del Pinar;100 y más años;1 de enero de 2020;1
Total;19 Guadalajara;19090 Cobeta;Todas las edades;1 de enero de 2020;106
Total;19 Guadalajara;19090 Cobeta;De 0 a 4 años;1 de enero de 2020;1
Total;19 Guadalajara;19090 Cobeta;De 5 a 9 años;1 de enero de 2020;1
Total;19 Guadalajara;19090 Cobeta;De 10 a 14 años;1 de enero de 2020;4
Total;19 Guadalajara;19090 Cobeta;De 65 a 69 años;1 de enero de 2020;7
Total;19 Guadalajara;19090 Cobeta;De 70 a 74 años;1 de enero de 2020;2
Total;19 Guadalajara;19090 Cobeta;De 75 a 79 años;1 de enero de 2020;3
Total;19 Guadalajara;19090 Cobeta;De 80 a 84 años;1 de enero de 2020;4
Total;19 Guadalajara;19090 Cobeta;De 85 a 89 años;1 de enero de 2020;10
Total;19 Guadalajara;19090 Cobeta;De 90 a 94 años;1 de enero de 2020;10
Total;19 Guadalajara;19090 Cobeta;De 95 a 99 años;1 de enero de 2020;2
Total;19 Guadalajara;19090 Cobeta;100 y más años;1 de enero de 2020;0
Total;19 Guadalajara;19091 Cogollor;Todas las edades;1 de enero de 2020;24
Total;19 Guadalajara;19091 Cogollor;De 0 a 4 años;1 de enero de 2020;0
Total;19 Guadalajara;19091 Cogollor;De 5 a 9 años;1 de enero de 2020;0
Total;19 Guadalajara;19091 Cogollor;De 10 a 14 años;1 de enero de 2020;0
Total;19 Guadalajara;19091 Cogollor;De 65 a 69 años;1 de enero de 2020;0
Total;19 Guadalajara;19091 Cogollor;De 70 a 74 años;1 de enero de 2020;4
Total;19 Guadalajara;19091 Cogollor;De 75 a 79 años;1 de enero de 2020;1
Total;19 Guadalajara;19091 Cogollor;De 80 a 84 años;1 de enero de 2020;3
Total;19 Guadalajara;19091 Cogollor;De 85 a 89 años;1 de enero de 2020;2
Total;19 Guadalajara;19091 Cogollor;De 90 a 94 años;1 de enero de 2020;1
Total;19 Guadalajara;19091 Cogollor;De 95 a 99 años;1 de enero de 2020;1
Total;19 Guadalajara;19091 Cogollor;100 y más años;1 de enero de 2020;0
Total;19 Guadalajara;19092 Cogolludo;Todas las edades;1 de enero de 2020;519
Total;19 Guadalajara;19092 Cogolludo;De 0 a 4 años;1 de enero de 2020;16
Total;19 Guadalajara;19092 Cogolludo;De 5 a 9 años;1 de enero de 2020;17
Total;19 Guadalajara;19092 Cogolludo;De 10 a 14 años;1 de enero de 2020;10
Total;19 Guadalajara;19092 Cogolludo;De 65 a 69 años;1 de enero de 2020;22
Total;19 Guadalajara;19092 Cogolludo;De 70 a 74 años;1 de enero de 2020;23
Total;19 Guadalajara;19092 Cogolludo;De 75 a 79 años;1 de enero de 2020;22
Total;19 Guadalajara;19092 Cogolludo;De 80 a 84 años;1 de enero de 2020;30
Total;19 Guadalajara;19092 Cogolludo;De 85 a 89 años;1 de enero de 2020;22
Total;19 Guadalajara;19092 Cogolludo;De 90 a 94 años;1 de enero de 2020;14
Total;19 Guadalajara;19092 Cogolludo;De 95 a 99 años;1 de enero de 2020;4
Total;19 Guadalajara;19092 Cogolludo;100 y más años;1 de enero de 2020;2
Total;19 Guadalajara;19095 Condemios de Abajo;Todas las edades;1 de enero de 2020;13
Total;19 Guadalajara;19095 Condemios de Abajo;De 0 a 4 años;1 de enero de 2020;1
Total;19 Guadalajara;19095 Condemios de Abajo;De 5 a 9 años;1 de enero de 2020;0
Total;19 Guadalajara;19095 Condemios de Abajo;De 10 a 14 años;1 de enero de 2020;0
Total;19 Guadalajara;19095 Condemios de Abajo;De 65 a 69 años;1 de enero de 2020;0
Total;19 Guadalajara;19095 Condemios de Abajo;De 70 a 74 años;1 de enero de 2020;0
Total;19 Guadalajara;19095 Condemios de Abajo;De 75 a 79 años;1 de enero de 2020;0
Total;19 Guadalajara;19095 Condemios de Abajo;De 80 a 84 años;1 de enero de 2020;1
Total;19 Guadalajara;19095 Condemios de Abajo;De 85 a 89 años;1 de enero de 2020;1
Total;19 Guadalajara;19095 Condemios de Abajo;De 90 a 94 años;1 de enero de 2020;1
Total;19 Guadalajara;19095 Condemios de Abajo;De 95 a 99 años;1 de enero de 2020;0
Total;19 Guadalajara;19095 Condemios de Abajo;100 y más años;1 de enero de 2020;0
Total;19 Guadalajara;19096 Condemios de Arriba;Todas las edades;1 de enero de 2020;111
Total;19 Guadalajara;19096 Condemios de Arriba;De 0 a 4 años;1 de enero de 2020;1
Total;19 Guadalajara;19096 Condemios de Arriba;De 5 a 9 años;1 de enero de 2020;3
Total;19 Guadalajara;19096 Condemios de Arriba;De 10 a 14 años;1 de enero de 2020;3
Total;19 Guadalajara;19096 Condemios de Arriba;De 65 a 69 años;1 de enero de 2020;8
Total;19 Guadalajara;19096 Condemios de Arriba;De 70 a 74 años;1 de enero de 2020;8
Total;19 Guadalajara;19096 Condemios de Arriba;De 75 a 79 años;1 de enero de 2020;11
Total;19 Guadalajara;19096 Condemios de Arriba;De 80 a 84 años;1 de enero de 2020;3
Total;19 Guadalajara;19096 Condemios de Arriba;De 85 a 89 años;1 de enero de 2020;3
Total;19 Guadalajara;19096 Condemios de Arriba;De 90 a 94 años;1 de enero de 2020;4
Total;19 Guadalajara;19096 Condemios de Arriba;De 95 a 99 años;1 de enero de 2020;3
Total;19 Guadalajara;19096 Condemios de Arriba;100 y más años;1 de enero de 2020;0
Total;19 Guadalajara;19097 Congostrina;Todas las edades;1 de enero de 2020;14
Total;19 Guadalajara;19097 Congostrina;De 0 a 4 años;1 de enero de 2020;0
Total;19 Guadalajara;19097 Congostrina;De 5 a 9 años;1 de enero de 2020;1
Total;19 Guadalajara;19097 Congostrina;De 10 a 14 años;1 de enero de 2020;0
Total;19 Guadalajara;19097 Congostrina;De 65 a 69 años;1 de enero de 2020;2
Total;19 Guadalajara;19097 Congostrina;De 70 a 74 años;1 de enero de 2020;0
Total;19 Guadalajara;19097 Congostrina;De 75 a 79 años;1 de enero de 2020;0
Total;19 Guadalajara;19097 Congostrina;De 80 a 84 años;1 de enero de 2020;2
Total;19 Guadalajara;19097 Congostrina;De 85 a 89 años;1 de enero de 2020;1
Total;19 Guadalajara;19097 Congostrina;De 90 a 94 años;1 de enero de 2020;0
Total;19 Guadalajara;19097 Congostrina;De 95 a 99 años;1 de enero de 2020;0
Total;19 Guadalajara;19097 Congostrina;100 y más años;1 de enero de 2020;0
Total;19 Guadalajara;19098 Copernal;Todas las edades;1 de enero de 2020;32
Total;19 Guadalajara;19098 Copernal;De 0 a 4 años;1 de enero de 2020;1
Total;19 Guadalajara;19098 Copernal;De 5 a 9 años;1 de enero de 2020;0
Total;19 Guadalajara;19098 Copernal;De 10 a 14 años;1 de enero de 2020;0
Total;19 Guadalajara;19098 Copernal;De 65 a 69 años;1 de enero de 2020;4
Total;19 Guadalajara;19098 Copernal;De 70 a 74 años;1 de enero de 2020;2
Total;19 Guadalajara;19098 Copernal;De 75 a 79 años;1 de enero de 2020;1
Total;19 Guadalajara;19098 Copernal;De 80 a 84 años;1 de enero de 2020;0
Total;19 Guadalajara;19098 Copernal;De 85 a 89 años;1 de enero de 2020;0
Total;19 Guadalajara;19098 Copernal;De 90 a 94 años;1 de enero de 2020;0
Total;19 Guadalajara;19098 Copernal;De 95 a 99 años;1 de enero de 2020;0
Total;19 Guadalajara;19098 Copernal;100 y más años;1 de enero de 2020;0
Total;19 Guadalajara;19099 Corduente;Todas las edades;1 de enero de 2020;339
Total;19 Guadalajara;19099 Corduente;De 0 a 4 años;1 de enero de 2020;10
Total;19 Guadalajara;19099 Corduente;De 5 a 9 años;1 de enero de 2020;8
Total;19 Guadalajara;19099 Corduente;De 10 a 14 años;1 de enero de 2020;21
Total;19 Guadalajara;19099 Corduente;De 65 a 69 años;1 de enero de 2020;12
Total;19 Guadalajara;19099 Corduente;De 70 a 74 años;1 de enero de 2020;11
Total;19 Guadalajara;19099 Corduente;De 75 a 79 años;1 de enero de 2020;10
Total;19 Guadalajara;19099 Corduente;De 80 a 84 años;1 de enero de 2020;18
Total;19 Guadalajara;19099 Corduente;De 85 a 89 años;1 de enero de 2020;20
Total;19 Guadalajara;19099 Corduente;De 90 a 94 años;1 de enero de 2020;11
Total;19 Guadalajara;19099 Corduente;De 95 a 99 años;1 de enero de 2020;4
Total;19 Guadalajara;19099 Corduente;100 y más años;1 de enero de 2020;2
Total;19 Guadalajara;19102 Cubillo de Uceda, El;Todas las edades;1 de enero de 2020;119
Total;19 Guadalajara;19102 Cubillo de Uceda, El;De 0 a 4 años;1 de enero de 2020;4
Total;19 Guadalajara;19102 Cubillo de Uceda, El;De 5 a 9 años;1 de enero de 2020;5
Total;19 Guadalajara;19102 Cubillo de Uceda, El;De 10 a 14 años;1 de enero de 2020;9
Total;19 Guadalajara;19102 Cubillo de Uceda, El;De 65 a 69 años;1 de enero de 2020;5
Total;19 Guadalajara;19102 Cubillo de Uceda, El;De 70 a 74 años;1 de enero de 2020;11
Total;19 Guadalajara;19102 Cubillo de Uceda, El;De 75 a 79 años;1 de enero de 2020;4
Total;19 Guadalajara;19102 Cubillo de Uceda, El;De 80 a 84 años;1 de enero de 2020;4
Total;19 Guadalajara;19102 Cubillo de Uceda, El;De 85 a 89 años;1 de enero de 2020;2
Total;19 Guadalajara;19102 Cubillo de Uceda, El;De 90 a 94 años;1 de enero de 2020;0
Total;19 Guadalajara;19102 Cubillo de Uceda, El;De 95 a 99 años;1 de enero de 2020;1
Total;19 Guadalajara;19102 Cubillo de Uceda, El;100 y más años;1 de enero de 2020;1
Total;19 Guadalajara;19107 Driebes;Todas las edades;1 de enero de 2020;348
Total;19 Guadalajara;19107 Driebes;De 0 a 4 años;1 de enero de 2020;11
Total;19 Guadalajara;19107 Driebes;De 5 a 9 años;1 de enero de 2020;7
Total;19 Guadalajara;19107 Driebes;De 10 a 14 años;1 de enero de 2020;11
Total;19 Guadalajara;19107 Driebes;De 65 a 69 años;1 de enero de 2020;28
Total;19 Guadalajara;19107 Driebes;De 70 a 74 años;1 de enero de 2020;23
Total;19 Guadalajara;19107 Driebes;De 75 a 79 años;1 de enero de 2020;25
Total;19 Guadalajara;19107 Driebes;De 80 a 84 años;1 de enero de 2020;20
Total;19 Guadalajara;19107 Driebes;De 85 a 89 años;1 de enero de 2020;15
Total;19 Guadalajara;19107 Driebes;De 90 a 94 años;1 de enero de 2020;14
Total;19 Guadalajara;19107 Driebes;De 95 a 99 años;1 de enero de 2020;3
Total;19 Guadalajara;19107 Driebes;100 y más años;1 de enero de 2020;0
Total;19 Guadalajara;19108 Durón;Todas las edades;1 de enero de 2020;99
Total;19 Guadalajara;19108 Durón;De 0 a 4 años;1 de enero de 2020;0
Total;19 Guadalajara;19108 Durón;De 5 a 9 años;1 de enero de 2020;0
Total;19 Guadalajara;19108 Durón;De 10 a 14 años;1 de enero de 2020;0
Total;19 Guadalajara;19108 Durón;De 65 a 69 años;1 de enero de 2020;9
Total;19 Guadalajara;19108 Durón;De 70 a 74 años;1 de enero de 2020;10
Total;19 Guadalajara;19108 Durón;De 75 a 79 años;1 de enero de 2020;8
Total;19 Guadalajara;19108 Durón;De 80 a 84 años;1 de enero de 2020;4
Total;19 Guadalajara;19108 Durón;De 85 a 89 años;1 de enero de 2020;3
Total;19 Guadalajara;19108 Durón;De 90 a 94 años;1 de enero de 2020;3
Total;19 Guadalajara;19108 Durón;De 95 a 99 años;1 de enero de 2020;1
Total;19 Guadalajara;19108 Durón;100 y más años;1 de enero de 2020;0
Total;19 Guadalajara;19109 Embid;Todas las edades;1 de enero de 2020;35
Total;19 Guadalajara;19109 Embid;De 0 a 4 años;1 de enero de 2020;0
Total;19 Guadalajara;19109 Embid;De 5 a 9 años;1 de enero de 2020;0
Total;19 Guadalajara;19109 Embid;De 10 a 14 años;1 de enero de 2020;0
Total;19 Guadalajara;19109 Embid;De 65 a 69 años;1 de enero de 2020;1
Total;19 Guadalajara;19109 Embid;De 70 a 74 años;1 de enero de 2020;2
Total;19 Guadalajara;19109 Embid;De 75 a 79 años;1 de enero de 2020;5
Total;19 Guadalajara;19109 Embid;De 80 a 84 años;1 de enero de 2020;3
Total;19 Guadalajara;19109 Embid;De 85 a 89 años;1 de enero de 2020;2
Total;19 Guadalajara;19109 Embid;De 90 a 94 años;1 de enero de 2020;1
Total;19 Guadalajara;19109 Embid;De 95 a 99 años;1 de enero de 2020;1
Total;19 Guadalajara;19109 Embid;100 y más años;1 de enero de 2020;0
Total;19 Guadalajara;19110 Escamilla;Todas las edades;1 de enero de 2020;56
Total;19 Guadalajara;19110 Escamilla;De 0 a 4 años;1 de enero de 2020;2
Total;19 Guadalajara;19110 Escamilla;De 5 a 9 años;1 de enero de 2020;0
Total;19 Guadalajara;19110 Escamilla;De 10 a 14 años;1 de enero de 2020;0
Total;19 Guadalajara;19110 Escamilla;De 65 a 69 años;1 de enero de 2020;4
Total;19 Guadalajara;19110 Escamilla;De 70 a 74 años;1 de enero de 2020;7
Total;19 Guadalajara;19110 Escamilla;De 75 a 79 años;1 de enero de 2020;4
Total;19 Guadalajara;19110 Escamilla;De 80 a 84 años;1 de enero de 2020;2
Total;19 Guadalajara;19110 Escamilla;De 85 a 89 años;1 de enero de 2020;4
Total;19 Guadalajara;19110 Escamilla;De 90 a 94 años;1 de enero de 2020;2
Total;19 Guadalajara;19110 Escamilla;De 95 a 99 años;1 de enero de 2020;1
Total;19 Guadalajara;19110 Escamilla;100 y más años;1 de enero de 2020;0
Total;19 Guadalajara;19111 Escariche;Todas las edades;1 de enero de 2020;178
Total;19 Guadalajara;19111 Escariche;De 0 a 4 años;1 de enero de 2020;6
Total;19 Guadalajara;19111 Escariche;De 5 a 9 años;1 de enero de 2020;1
Total;19 Guadalajara;19111 Escariche;De 10 a 14 años;1 de enero de 2020;4
Total;19 Guadalajara;19111 Escariche;De 65 a 69 años;1 de enero de 2020;9
Total;19 Guadalajara;19111 Escariche;De 70 a 74 años;1 de enero de 2020;8
Total;19 Guadalajara;19111 Escariche;De 75 a 79 años;1 de enero de 2020;12
Total;19 Guadalajara;19111 Escariche;De 80 a 84 años;1 de enero de 2020;11
Total;19 Guadalajara;19111 Escariche;De 85 a 89 años;1 de enero de 2020;7
Total;19 Guadalajara;19111 Escariche;De 90 a 94 años;1 de enero de 2020;3
Total;19 Guadalajara;19111 Escariche;De 95 a 99 años;1 de enero de 2020;2
Total;19 Guadalajara;19111 Escariche;100 y más años;1 de enero de 2020;0
Total;19 Guadalajara;19112 Escopete;Todas las edades;1 de enero de 2020;52
Total;19 Guadalajara;19112 Escopete;De 0 a 4 años;1 de enero de 2020;1
Total;19 Guadalajara;19112 Escopete;De 5 a 9 años;1 de enero de 2020;1
Total;19 Guadalajara;19112 Escopete;De 10 a 14 años;1 de enero de 2020;1
Total;19 Guadalajara;19112 Escopete;De 65 a 69 años;1 de enero de 2020;5
Total;19 Guadalajara;19112 Escopete;De 70 a 74 años;1 de enero de 2020;7
Total;19 Guadalajara;19112 Escopete;De 75 a 79 años;1 de enero de 2020;0
Total;19 Guadalajara;19112 Escopete;De 80 a 84 años;1 de enero de 2020;3
Total;19 Guadalajara;19112 Escopete;De 85 a 89 años;1 de enero de 2020;3
Total;19 Guadalajara;19112 Escopete;De 90 a 94 años;1 de enero de 2020;1
Total;19 Guadalajara;19112 Escopete;De 95 a 99 años;1 de enero de 2020;1
Total;19 Guadalajara;19112 Escopete;100 y más años;1 de enero de 2020;0
Total;19 Guadalajara;19113 Espinosa de Henares;Todas las edades;1 de enero de 2020;629
Total;19 Guadalajara;19113 Espinosa de Henares;De 0 a 4 años;1 de enero de 2020;13
Total;19 Guadalajara;19113 Espinosa de Henares;De 5 a 9 años;1 de enero de 2020;20
Total;19 Guadalajara;19113 Espinosa de Henares;De 10 a 14 años;1 de enero de 2020;34
Total;19 Guadalajara;19113 Espinosa de Henares;De 65 a 69 años;1 de enero de 2020;42
Total;19 Guadalajara;19113 Espinosa de Henares;De 70 a 74 años;1 de enero de 2020;39
Total;19 Guadalajara;19113 Espinosa de Henares;De 75 a 79 años;1 de enero de 2020;26
Total;19 Guadalajara;19113 Espinosa de Henares;De 80 a 84 años;1 de enero de 2020;25
Total;19 Guadalajara;19113 Espinosa de Henares;De 85 a 89 años;1 de enero de 2020;20
Total;19 Guadalajara;19113 Espinosa de Henares;De 90 a 94 años;1 de enero de 2020;7
Total;19 Guadalajara;19113 Espinosa de Henares;De 95 a 99 años;1 de enero de 2020;3
Total;19 Guadalajara;19113 Espinosa de Henares;100 y más años;1 de enero de 2020;0
Total;19 Guadalajara;19114 Esplegares;Todas las edades;1 de enero de 2020;32
Total;19 Guadalajara;19114 Esplegares;De 0 a 4 años;1 de enero de 2020;0
Total;19 Guadalajara;19114 Esplegares;De 5 a 9 años;1 de enero de 2020;1
Total;19 Guadalajara;19114 Esplegares;De 10 a 14 años;1 de enero de 2020;1
Total;19 Guadalajara;19114 Esplegares;De 65 a 69 años;1 de enero de 2020;3
Total;19 Guadalajara;19114 Esplegares;De 70 a 74 años;1 de enero de 2020;4
Total;19 Guadalajara;19114 Esplegares;De 75 a 79 años;1 de enero de 2020;5
Total;19 Guadalajara;19114 Esplegares;De 80 a 84 años;1 de enero de 2020;2
Total;19 Guadalajara;19114 Esplegares;De 85 a 89 años;1 de enero de 2020;2
Total;19 Guadalajara;19114 Esplegares;De 90 a 94 años;1 de enero de 2020;0
Total;19 Guadalajara;19114 Esplegares;De 95 a 99 años;1 de enero de 2020;0
Total;19 Guadalajara;19114 Esplegares;100 y más años;1 de enero de 2020;0
Total;19 Guadalajara;19115 Establés;Todas las edades;1 de enero de 2020;35
Total;19 Guadalajara;19115 Establés;De 0 a 4 años;1 de enero de 2020;1
Total;19 Guadalajara;19115 Establés;De 5 a 9 años;1 de enero de 2020;2
Total;19 Guadalajara;19115 Establés;De 10 a 14 años;1 de enero de 2020;1
Total;19 Guadalajara;19115 Establés;De 65 a 69 años;1 de enero de 2020;3
Total;19 Guadalajara;19115 Establés;De 70 a 74 años;1 de enero de 2020;2
Total;19 Guadalajara;19115 Establés;De 75 a 79 años;1 de enero de 2020;2
Total;19 Guadalajara;19115 Establés;De 80 a 84 años;1 de enero de 2020;1
Total;19 Guadalajara;19115 Establés;De 85 a 89 años;1 de enero de 2020;2
Total;19 Guadalajara;19115 Establés;De 90 a 94 años;1 de enero de 2020;2
Total;19 Guadalajara;19115 Establés;De 95 a 99 años;1 de enero de 2020;0
Total;19 Guadalajara;19115 Establés;100 y más años;1 de enero de 2020;0
Total;19 Guadalajara;19116 Estriégana;Todas las edades;1 de enero de 2020;14
Total;19 Guadalajara;19116 Estriégana;De 0 a 4 años;1 de enero de 2020;0
Total;19 Guadalajara;19116 Estriégana;De 5 a 9 años;1 de enero de 2020;0
Total;19 Guadalajara;19116 Estriégana;De 10 a 14 años;1 de enero de 2020;1
Total;19 Guadalajara;19116 Estriégana;De 65 a 69 años;1 de enero de 2020;0
Total;19 Guadalajara;19116 Estriégana;De 70 a 74 años;1 de enero de 2020;1
Total;19 Guadalajara;19116 Estriégana;De 75 a 79 años;1 de enero de 2020;0
Total;19 Guadalajara;19116 Estriégana;De 80 a 84 años;1 de enero de 2020;1
Total;19 Guadalajara;19116 Estriégana;De 85 a 89 años;1 de enero de 2020;0
Total;19 Guadalajara;19116 Estriégana;De 90 a 94 años;1 de enero de 2020;0
Total;19 Guadalajara;19116 Estriégana;De 95 a 99 años;1 de enero de 2020;2
Total;19 Guadalajara;19116 Estriégana;100 y más años;1 de enero de 2020;1
Total;19 Guadalajara;19117 Fontanar;Todas las edades;1 de enero de 2020;2.406
Total;19 Guadalajara;19117 Fontanar;De 0 a 4 años;1 de enero de 2020;128
Total;19 Guadalajara;19117 Fontanar;De 5 a 9 años;1 de enero de 2020;180
Total;19 Guadalajara;19117 Fontanar;De 10 a 14 años;1 de enero de 2020;171
Total;19 Guadalajara;19117 Fontanar;De 65 a 69 años;1 de enero de 2020;74
Total;19 Guadalajara;19117 Fontanar;De 70 a 74 años;1 de enero de 2020;51
Total;19 Guadalajara;19117 Fontanar;De 75 a 79 años;1 de enero de 2020;33
Total;19 Guadalajara;19117 Fontanar;De 80 a 84 años;1 de enero de 2020;35
Total;19 Guadalajara;19117 Fontanar;De 85 a 89 años;1 de enero de 2020;32
Total;19 Guadalajara;19117 Fontanar;De 90 a 94 años;1 de enero de 2020;9
Total;19 Guadalajara;19117 Fontanar;De 95 a 99 años;1 de enero de 2020;5
Total;19 Guadalajara;19117 Fontanar;100 y más años;1 de enero de 2020;0
Total;19 Guadalajara;19118 Fuembellida;Todas las edades;1 de enero de 2020;12
Total;19 Guadalajara;19118 Fuembellida;De 0 a 4 años;1 de enero de 2020;1
Total;19 Guadalajara;19118 Fuembellida;De 5 a 9 años;1 de enero de 2020;0
Total;19 Guadalajara;19118 Fuembellida;De 10 a 14 años;1 de enero de 2020;0
Total;19 Guadalajara;19118 Fuembellida;De 65 a 69 años;1 de enero de 2020;1
Total;19 Guadalajara;19118 Fuembellida;De 70 a 74 años;1 de enero de 2020;0
Total;19 Guadalajara;19118 Fuembellida;De 75 a 79 años;1 de enero de 2020;0
Total;19 Guadalajara;19118 Fuembellida;De 80 a 84 años;1 de enero de 2020;0
Total;19 Guadalajara;19118 Fuembellida;De 85 a 89 años;1 de enero de 2020;1
Total;19 Guadalajara;19118 Fuembellida;De 90 a 94 años;1 de enero de 2020;0
Total;19 Guadalajara;19118 Fuembellida;De 95 a 99 años;1 de enero de 2020;1
Total;19 Guadalajara;19118 Fuembellida;100 y más años;1 de enero de 2020;0
Total;19 Guadalajara;19119 Fuencemillán;Todas las edades;1 de enero de 2020;82
Total;19 Guadalajara;19119 Fuencemillán;De 0 a 4 años;1 de enero de 2020;0
Total;19 Guadalajara;19119 Fuencemillán;De 5 a 9 años;1 de enero de 2020;2
Total;19 Guadalajara;19119 Fuencemillán;De 10 a 14 años;1 de enero de 2020;1
Total;19 Guadalajara;19119 Fuencemillán;De 65 a 69 años;1 de enero de 2020;7
Total;19 Guadalajara;19119 Fuencemillán;De 70 a 74 años;1 de enero de 2020;7
Total;19 Guadalajara;19119 Fuencemillán;De 75 a 79 años;1 de enero de 2020;5
Total;19 Guadalajara;19119 Fuencemillán;De 80 a 84 años;1 de enero de 2020;2
Total;19 Guadalajara;19119 Fuencemillán;De 85 a 89 años;1 de enero de 2020;4
Total;19 Guadalajara;19119 Fuencemillán;De 90 a 94 años;1 de enero de 2020;1
Total;19 Guadalajara;19119 Fuencemillán;De 95 a 99 años;1 de enero de 2020;0
Total;19 Guadalajara;19119 Fuencemillán;100 y más años;1 de enero de 2020;0
Total;19 Guadalajara;19120 Fuentelahiguera de Albatages;Todas las edades;1 de enero de 2020;131
Total;19 Guadalajara;19120 Fuentelahiguera de Albatages;De 0 a 4 años;1 de enero de 2020;2
Total;19 Guadalajara;19120 Fuentelahiguera de Albatages;De 5 a 9 años;1 de enero de 2020;3
Total;19 Guadalajara;19120 Fuentelahiguera de Albatages;De 10 a 14 años;1 de enero de 2020;4
Total;19 Guadalajara;19120 Fuentelahiguera de Albatages;De 65 a 69 años;1 de enero de 2020;4
Total;19 Guadalajara;19120 Fuentelahiguera de Albatages;De 70 a 74 años;1 de enero de 2020;5
Total;19 Guadalajara;19120 Fuentelahiguera de Albatages;De 75 a 79 años;1 de enero de 2020;5
Total;19 Guadalajara;19120 Fuentelahiguera de Albatages;De 80 a 84 años;1 de enero de 2020;6
Total;19 Guadalajara;19120 Fuentelahiguera de Albatages;De 85 a 89 años;1 de enero de 2020;10
Total;19 Guadalajara;19120 Fuentelahiguera de Albatages;De 90 a 94 años;1 de enero de 2020;7
Total;19 Guadalajara;19120 Fuentelahiguera de Albatages;De 95 a 99 años;1 de enero de 2020;4
Total;19 Guadalajara;19120 Fuentelahiguera de Albatages;100 y más años;1 de enero de 2020;0
Total;19 Guadalajara;19121 Fuentelencina;Todas las edades;1 de enero de 2020;312
Total;19 Guadalajara;19121 Fuentelencina;De 0 a 4 años;1 de enero de 2020;4
Total;19 Guadalajara;19121 Fuentelencina;De 5 a 9 años;1 de enero de 2020;9
Total;19 Guadalajara;19121 Fuentelencina;De 10 a 14 años;1 de enero de 2020;9
Total;19 Guadalajara;19121 Fuentelencina;De 65 a 69 años;1 de enero de 2020;12
Total;19 Guadalajara;19121 Fuentelencina;De 70 a 74 años;1 de enero de 2020;15
Total;19 Guadalajara;19121 Fuentelencina;De 75 a 79 años;1 de enero de 2020;20
Total;19 Guadalajara;19121 Fuentelencina;De 80 a 84 años;1 de enero de 2020;13
Total;19 Guadalajara;19121 Fuentelencina;De 85 a 89 años;1 de enero de 2020;24
Total;19 Guadalajara;19121 Fuentelencina;De 90 a 94 años;1 de enero de 2020;7
Total;19 Guadalajara;19121 Fuentelencina;De 95 a 99 años;1 de enero de 2020;5
Total;19 Guadalajara;19121 Fuentelencina;100 y más años;1 de enero de 2020;3
Total;19 Guadalajara;19122 Fuentelsaz;Todas las edades;1 de enero de 2020;89
Total;19 Guadalajara;19122 Fuentelsaz;De 0 a 4 años;1 de enero de 2020;1
Total;19 Guadalajara;19122 Fuentelsaz;De 5 a 9 años;1 de enero de 2020;4
Total;19 Guadalajara;19122 Fuentelsaz;De 10 a 14 años;1 de enero de 2020;4
Total;19 Guadalajara;19122 Fuentelsaz;De 65 a 69 años;1 de enero de 2020;7
Total;19 Guadalajara;19122 Fuentelsaz;De 70 a 74 años;1 de enero de 2020;11
Total;19 Guadalajara;19122 Fuentelsaz;De 75 a 79 años;1 de enero de 2020;4
Total;19 Guadalajara;19122 Fuentelsaz;De 80 a 84 años;1 de enero de 2020;6
Total;19 Guadalajara;19122 Fuentelsaz;De 85 a 89 años;1 de enero de 2020;3
Total;19 Guadalajara;19122 Fuentelsaz;De 90 a 94 años;1 de enero de 2020;3
Total;19 Guadalajara;19122 Fuentelsaz;De 95 a 99 años;1 de enero de 2020;1
Total;19 Guadalajara;19122 Fuentelsaz;100 y más años;1 de enero de 2020;0
Total;19 Guadalajara;19123 Fuentelviejo;Todas las edades;1 de enero de 2020;47
Total;19 Guadalajara;19123 Fuentelviejo;De 0 a 4 años;1 de enero de 2020;3
Total;19 Guadalajara;19123 Fuentelviejo;De 5 a 9 años;1 de enero de 2020;1
Total;19 Guadalajara;19123 Fuentelviejo;De 10 a 14 años;1 de enero de 2020;0
Total;19 Guadalajara;19123 Fuentelviejo;De 65 a 69 años;1 de enero de 2020;5
Total;19 Guadalajara;19123 Fuentelviejo;De 70 a 74 años;1 de enero de 2020;3
Total;19 Guadalajara;19123 Fuentelviejo;De 75 a 79 años;1 de enero de 2020;3
Total;19 Guadalajara;19123 Fuentelviejo;De 80 a 84 años;1 de enero de 2020;0
Total;19 Guadalajara;19123 Fuentelviejo;De 85 a 89 años;1 de enero de 2020;3
Total;19 Guadalajara;19123 Fuentelviejo;De 90 a 94 años;1 de enero de 2020;0
Total;19 Guadalajara;19123 Fuentelviejo;De 95 a 99 años;1 de enero de 2020;0
Total;19 Guadalajara;19123 Fuentelviejo;100 y más años;1 de enero de 2020;0
Total;19 Guadalajara;19124 Fuentenovilla;Todas las edades;1 de enero de 2020;513
Total;19 Guadalajara;19124 Fuentenovilla;De 0 a 4 años;1 de enero de 2020;20
Total;19 Guadalajara;19124 Fuentenovilla;De 5 a 9 años;1 de enero de 2020;25
Total;19 Guadalajara;19124 Fuentenovilla;De 10 a 14 años;1 de enero de 2020;35
Total;19 Guadalajara;19124 Fuentenovilla;De 65 a 69 años;1 de enero de 2020;16
Total;19 Guadalajara;19124 Fuentenovilla;De 70 a 74 años;1 de enero de 2020;23
Total;19 Guadalajara;19124 Fuentenovilla;De 75 a 79 años;1 de enero de 2020;19
Total;19 Guadalajara;19124 Fuentenovilla;De 80 a 84 años;1 de enero de 2020;16
Total;19 Guadalajara;19124 Fuentenovilla;De 85 a 89 años;1 de enero de 2020;11
Total;19 Guadalajara;19124 Fuentenovilla;De 90 a 94 años;1 de enero de 2020;6
Total;19 Guadalajara;19124 Fuentenovilla;De 95 a 99 años;1 de enero de 2020;3
Total;19 Guadalajara;19124 Fuentenovilla;100 y más años;1 de enero de 2020;0
Total;19 Guadalajara;19125 Gajanejos;Todas las edades;1 de enero de 2020;54
Total;19 Guadalajara;19125 Gajanejos;De 0 a 4 años;1 de enero de 2020;0
Total;19 Guadalajara;19125 Gajanejos;De 5 a 9 años;1 de enero de 2020;1
Total;19 Guadalajara;19125 Gajanejos;De 10 a 14 años;1 de enero de 2020;1
Total;19 Guadalajara;19125 Gajanejos;De 65 a 69 años;1 de enero de 2020;1
Total;19 Guadalajara;19125 Gajanejos;De 70 a 74 años;1 de enero de 2020;1
Total;19 Guadalajara;19125 Gajanejos;De 75 a 79 años;1 de enero de 2020;2
Total;19 Guadalajara;19125 Gajanejos;De 80 a 84 años;1 de enero de 2020;3
Total;19 Guadalajara;19125 Gajanejos;De 85 a 89 años;1 de enero de 2020;6
Total;19 Guadalajara;19125 Gajanejos;De 90 a 94 años;1 de enero de 2020;5
Total;19 Guadalajara;19125 Gajanejos;De 95 a 99 años;1 de enero de 2020;0
Total;19 Guadalajara;19125 Gajanejos;100 y más años;1 de enero de 2020;0
Total;19 Guadalajara;19126 Galápagos;Todas las edades;1 de enero de 2020;2.475
Total;19 Guadalajara;19126 Galápagos;De 0 a 4 años;1 de enero de 2020;109
Total;19 Guadalajara;19126 Galápagos;De 5 a 9 años;1 de enero de 2020;188
Total;19 Guadalajara;19126 Galápagos;De 10 a 14 años;1 de enero de 2020;216
Total;19 Guadalajara;19126 Galápagos;De 65 a 69 años;1 de enero de 2020;63
Total;19 Guadalajara;19126 Galápagos;De 70 a 74 años;1 de enero de 2020;59
Total;19 Guadalajara;19126 Galápagos;De 75 a 79 años;1 de enero de 2020;38
Total;19 Guadalajara;19126 Galápagos;De 80 a 84 años;1 de enero de 2020;14
Total;19 Guadalajara;19126 Galápagos;De 85 a 89 años;1 de enero de 2020;11
Total;19 Guadalajara;19126 Galápagos;De 90 a 94 años;1 de enero de 2020;7
Total;19 Guadalajara;19126 Galápagos;De 95 a 99 años;1 de enero de 2020;0
Total;19 Guadalajara;19126 Galápagos;100 y más años;1 de enero de 2020;0
Total;19 Guadalajara;19127 Galve de Sorbe;Todas las edades;1 de enero de 2020;109
Total;19 Guadalajara;19127 Galve de Sorbe;De 0 a 4 años;1 de enero de 2020;0
Total;19 Guadalajara;19127 Galve de Sorbe;De 5 a 9 años;1 de enero de 2020;2
Total;19 Guadalajara;19127 Galve de Sorbe;De 10 a 14 años;1 de enero de 2020;3
Total;19 Guadalajara;19127 Galve de Sorbe;De 65 a 69 años;1 de enero de 2020;8
Total;19 Guadalajara;19127 Galve de Sorbe;De 70 a 74 años;1 de enero de 2020;8
Total;19 Guadalajara;19127 Galve de Sorbe;De 75 a 79 años;1 de enero de 2020;3
Total;19 Guadalajara;19127 Galve de Sorbe;De 80 a 84 años;1 de enero de 2020;6
Total;19 Guadalajara;19127 Galve de Sorbe;De 85 a 89 años;1 de enero de 2020;5
Total;19 Guadalajara;19127 Galve de Sorbe;De 90 a 94 años;1 de enero de 2020;6
Total;19 Guadalajara;19127 Galve de Sorbe;De 95 a 99 años;1 de enero de 2020;4
Total;19 Guadalajara;19127 Galve de Sorbe;100 y más años;1 de enero de 2020;2
Total;19 Guadalajara;19129 Gascueña de Bornova;Todas las edades;1 de enero de 2020;29
Total;19 Guadalajara;19129 Gascueña de Bornova;De 0 a 4 años;1 de enero de 2020;0
Total;19 Guadalajara;19129 Gascueña de Bornova;De 5 a 9 años;1 de enero de 2020;0
Total;19 Guadalajara;19129 Gascueña de Bornova;De 10 a 14 años;1 de enero de 2020;0
Total;19 Guadalajara;19129 Gascueña de Bornova;De 65 a 69 años;1 de enero de 2020;4
Total;19 Guadalajara;19129 Gascueña de Bornova;De 70 a 74 años;1 de enero de 2020;1
Total;19 Guadalajara;19129 Gascueña de Bornova;De 75 a 79 años;1 de enero de 2020;1
Total;19 Guadalajara;19129 Gascueña de Bornova;De 80 a 84 años;1 de enero de 2020;2
Total;19 Guadalajara;19129 Gascueña de Bornova;De 85 a 89 años;1 de enero de 2020;4
Total;19 Guadalajara;19129 Gascueña de Bornova;De 90 a 94 años;1 de enero de 2020;1
Total;19 Guadalajara;19129 Gascueña de Bornova;De 95 a 99 años;1 de enero de 2020;0
Total;19 Guadalajara;19129 Gascueña de Bornova;100 y más años;1 de enero de 2020;0
Total;19 Guadalajara;19130 Guadalajara;Todas las edades;1 de enero de 2020;87.484
Total;19 Guadalajara;19130 Guadalajara;De 0 a 4 años;1 de enero de 2020;4.087
Total;19 Guadalajara;19130 Guadalajara;De 5 a 9 años;1 de enero de 2020;4.588
Total;19 Guadalajara;19130 Guadalajara;De 10 a 14 años;1 de enero de 2020;4.797
Total;19 Guadalajara;19130 Guadalajara;De 65 a 69 años;1 de enero de 2020;4.155
Total;19 Guadalajara;19130 Guadalajara;De 70 a 74 años;1 de enero de 2020;3.451
Total;19 Guadalajara;19130 Guadalajara;De 75 a 79 años;1 de enero de 2020;2.514
Total;19 Guadalajara;19130 Guadalajara;De 80 a 84 años;1 de enero de 2020;2.076
Total;19 Guadalajara;19130 Guadalajara;De 85 a 89 años;1 de enero de 2020;1.849
Total;19 Guadalajara;19130 Guadalajara;De 90 a 94 años;1 de enero de 2020;1.009
Total;19 Guadalajara;19130 Guadalajara;De 95 a 99 años;1 de enero de 2020;283
Total;19 Guadalajara;19130 Guadalajara;100 y más años;1 de enero de 2020;35
Total;19 Guadalajara;19132 Henche;Todas las edades;1 de enero de 2020;96
Total;19 Guadalajara;19132 Henche;De 0 a 4 años;1 de enero de 2020;2
Total;19 Guadalajara;19132 Henche;De 5 a 9 años;1 de enero de 2020;3
Total;19 Guadalajara;19132 Henche;De 10 a 14 años;1 de enero de 2020;1
Total;19 Guadalajara;19132 Henche;De 65 a 69 años;1 de enero de 2020;18
Total;19 Guadalajara;19132 Henche;De 70 a 74 años;1 de enero de 2020;13
Total;19 Guadalajara;19132 Henche;De 75 a 79 años;1 de enero de 2020;8
Total;19 Guadalajara;19132 Henche;De 80 a 84 años;1 de enero de 2020;3
Total;19 Guadalajara;19132 Henche;De 85 a 89 años;1 de enero de 2020;2
Total;19 Guadalajara;19132 Henche;De 90 a 94 años;1 de enero de 2020;7
Total;19 Guadalajara;19132 Henche;De 95 a 99 años;1 de enero de 2020;2
Total;19 Guadalajara;19132 Henche;100 y más años;1 de enero de 2020;0
Total;19 Guadalajara;19133 Heras de Ayuso;Todas las edades;1 de enero de 2020;255
Total;19 Guadalajara;19133 Heras de Ayuso;De 0 a 4 años;1 de enero de 2020;12
Total;19 Guadalajara;19133 Heras de Ayuso;De 5 a 9 años;1 de enero de 2020;13
Total;19 Guadalajara;19133 Heras de Ayuso;De 10 a 14 años;1 de enero de 2020;10
Total;19 Guadalajara;19133 Heras de Ayuso;De 65 a 69 años;1 de enero de 2020;8
Total;19 Guadalajara;19133 Heras de Ayuso;De 70 a 74 años;1 de enero de 2020;10
Total;19 Guadalajara;19133 Heras de Ayuso;De 75 a 79 años;1 de enero de 2020;7
Total;19 Guadalajara;19133 Heras de Ayuso;De 80 a 84 años;1 de enero de 2020;1
Total;19 Guadalajara;19133 Heras de Ayuso;De 85 a 89 años;1 de enero de 2020;8
Total;19 Guadalajara;19133 Heras de Ayuso;De 90 a 94 años;1 de enero de 2020;1
Total;19 Guadalajara;19133 Heras de Ayuso;De 95 a 99 años;1 de enero de 2020;0
Total;19 Guadalajara;19133 Heras de Ayuso;100 y más años;1 de enero de 2020;0
Total;19 Guadalajara;19134 Herrería;Todas las edades;1 de enero de 2020;24
Total;19 Guadalajara;19134 Herrería;De 0 a 4 años;1 de enero de 2020;0
Total;19 Guadalajara;19134 Herrería;De 5 a 9 años;1 de enero de 2020;0
Total;19 Guadalajara;19134 Herrería;De 10 a 14 años;1 de enero de 2020;0
Total;19 Guadalajara;19134 Herrería;De 65 a 69 años;1 de enero de 2020;1
Total;19 Guadalajara;19134 Herrería;De 70 a 74 años;1 de enero de 2020;3
Total;19 Guadalajara;19134 Herrería;De 75 a 79 años;1 de enero de 2020;2
Total;19 Guadalajara;19134 Herrería;De 80 a 84 años;1 de enero de 2020;2
Total;19 Guadalajara;19134 Herrería;De 85 a 89 años;1 de enero de 2020;1
Total;19 Guadalajara;19134 Herrería;De 90 a 94 años;1 de enero de 2020;1
Total;19 Guadalajara;19134 Herrería;De 95 a 99 años;1 de enero de 2020;0
Total;19 Guadalajara;19134 Herrería;100 y más años;1 de enero de 2020;0
Total;19 Guadalajara;19135 Hiendelaencina;Todas las edades;1 de enero de 2020;109
Total;19 Guadalajara;19135 Hiendelaencina;De 0 a 4 años;1 de enero de 2020;3
Total;19 Guadalajara;19135 Hiendelaencina;De 5 a 9 años;1 de enero de 2020;1
Total;19 Guadalajara;19135 Hiendelaencina;De 10 a 14 años;1 de enero de 2020;2
Total;19 Guadalajara;19135 Hiendelaencina;De 65 a 69 años;1 de enero de 2020;8
Total;19 Guadalajara;19135 Hiendelaencina;De 70 a 74 años;1 de enero de 2020;7
Total;19 Guadalajara;19135 Hiendelaencina;De 75 a 79 años;1 de enero de 2020;7
Total;19 Guadalajara;19135 Hiendelaencina;De 80 a 84 años;1 de enero de 2020;9
Total;19 Guadalajara;19135 Hiendelaencina;De 85 a 89 años;1 de enero de 2020;9
Total;19 Guadalajara;19135 Hiendelaencina;De 90 a 94 años;1 de enero de 2020;3
Total;19 Guadalajara;19135 Hiendelaencina;De 95 a 99 años;1 de enero de 2020;4
Total;19 Guadalajara;19135 Hiendelaencina;100 y más años;1 de enero de 2020;0
Total;19 Guadalajara;19136 Hijes;Todas las edades;1 de enero de 2020;18
Total;19 Guadalajara;19136 Hijes;De 0 a 4 años;1 de enero de 2020;2
Total;19 Guadalajara;19136 Hijes;De 5 a 9 años;1 de enero de 2020;1
Total;19 Guadalajara;19136 Hijes;De 10 a 14 años;1 de enero de 2020;0
Total;19 Guadalajara;19136 Hijes;De 65 a 69 años;1 de enero de 2020;1
Total;19 Guadalajara;19136 Hijes;De 70 a 74 años;1 de enero de 2020;2
Total;19 Guadalajara;19136 Hijes;De 75 a 79 años;1 de enero de 2020;0
Total;19 Guadalajara;19136 Hijes;De 80 a 84 años;1 de enero de 2020;0
Total;19 Guadalajara;19136 Hijes;De 85 a 89 años;1 de enero de 2020;1
Total;19 Guadalajara;19136 Hijes;De 90 a 94 años;1 de enero de 2020;0
Total;19 Guadalajara;19136 Hijes;De 95 a 99 años;1 de enero de 2020;0
Total;19 Guadalajara;19136 Hijes;100 y más años;1 de enero de 2020;0
Total;19 Guadalajara;19138 Hita;Todas las edades;1 de enero de 2020;288
Total;19 Guadalajara;19138 Hita;De 0 a 4 años;1 de enero de 2020;7
Total;19 Guadalajara;19138 Hita;De 5 a 9 años;1 de enero de 2020;12
Total;19 Guadalajara;19138 Hita;De 10 a 14 años;1 de enero de 2020;11
Total;19 Guadalajara;19138 Hita;De 65 a 69 años;1 de enero de 2020;13
Total;19 Guadalajara;19138 Hita;De 70 a 74 años;1 de enero de 2020;10
Total;19 Guadalajara;19138 Hita;De 75 a 79 años;1 de enero de 2020;14
Total;19 Guadalajara;19138 Hita;De 80 a 84 años;1 de enero de 2020;17
Total;19 Guadalajara;19138 Hita;De 85 a 89 años;1 de enero de 2020;20
Total;19 Guadalajara;19138 Hita;De 90 a 94 años;1 de enero de 2020;7
Total;19 Guadalajara;19138 Hita;De 95 a 99 años;1 de enero de 2020;0
Total;19 Guadalajara;19138 Hita;100 y más años;1 de enero de 2020;0
Total;19 Guadalajara;19139 Hombrados;Todas las edades;1 de enero de 2020;35
Total;19 Guadalajara;19139 Hombrados;De 0 a 4 años;1 de enero de 2020;2
Total;19 Guadalajara;19139 Hombrados;De 5 a 9 años;1 de enero de 2020;3
Total;19 Guadalajara;19139 Hombrados;De 10 a 14 años;1 de enero de 2020;0
Total;19 Guadalajara;19139 Hombrados;De 65 a 69 años;1 de enero de 2020;2
Total;19 Guadalajara;19139 Hombrados;De 70 a 74 años;1 de enero de 2020;0
Total;19 Guadalajara;19139 Hombrados;De 75 a 79 años;1 de enero de 2020;3
Total;19 Guadalajara;19139 Hombrados;De 80 a 84 años;1 de enero de 2020;1
Total;19 Guadalajara;19139 Hombrados;De 85 a 89 años;1 de enero de 2020;2
Total;19 Guadalajara;19139 Hombrados;De 90 a 94 años;1 de enero de 2020;1
Total;19 Guadalajara;19139 Hombrados;De 95 a 99 años;1 de enero de 2020;0
Total;19 Guadalajara;19139 Hombrados;100 y más años;1 de enero de 2020;0
Total;19 Guadalajara;19142 Hontoba;Todas las edades;1 de enero de 2020;339
Total;19 Guadalajara;19142 Hontoba;De 0 a 4 años;1 de enero de 2020;7
Total;19 Guadalajara;19142 Hontoba;De 5 a 9 años;1 de enero de 2020;19
Total;19 Guadalajara;19142 Hontoba;De 10 a 14 años;1 de enero de 2020;12
Total;19 Guadalajara;19142 Hontoba;De 65 a 69 años;1 de enero de 2020;23
Total;19 Guadalajara;19142 Hontoba;De 70 a 74 años;1 de enero de 2020;13
Total;19 Guadalajara;19142 Hontoba;De 75 a 79 años;1 de enero de 2020;11
Total;19 Guadalajara;19142 Hontoba;De 80 a 84 años;1 de enero de 2020;9
Total;19 Guadalajara;19142 Hontoba;De 85 a 89 años;1 de enero de 2020;10
Total;19 Guadalajara;19142 Hontoba;De 90 a 94 años;1 de enero de 2020;1
Total;19 Guadalajara;19142 Hontoba;De 95 a 99 años;1 de enero de 2020;0
Total;19 Guadalajara;19142 Hontoba;100 y más años;1 de enero de 2020;0
Total;19 Guadalajara;19143 Horche;Todas las edades;1 de enero de 2020;2.622
Total;19 Guadalajara;19143 Horche;De 0 a 4 años;1 de enero de 2020;135
Total;19 Guadalajara;19143 Horche;De 5 a 9 años;1 de enero de 2020;141
Total;19 Guadalajara;19143 Horche;De 10 a 14 años;1 de enero de 2020;179
Total;19 Guadalajara;19143 Horche;De 65 a 69 años;1 de enero de 2020;103
Total;19 Guadalajara;19143 Horche;De 70 a 74 años;1 de enero de 2020;72
Total;19 Guadalajara;19143 Horche;De 75 a 79 años;1 de enero de 2020;76
Total;19 Guadalajara;19143 Horche;De 80 a 84 años;1 de enero de 2020;46
Total;19 Guadalajara;19143 Horche;De 85 a 89 años;1 de enero de 2020;53
Total;19 Guadalajara;19143 Horche;De 90 a 94 años;1 de enero de 2020;28
Total;19 Guadalajara;19143 Horche;De 95 a 99 años;1 de enero de 2020;10
Total;19 Guadalajara;19143 Horche;100 y más años;1 de enero de 2020;1
Total;19 Guadalajara;19145 Hortezuela de Océn;Todas las edades;1 de enero de 2020;40
Total;19 Guadalajara;19145 Hortezuela de Océn;De 0 a 4 años;1 de enero de 2020;0
Total;19 Guadalajara;19145 Hortezuela de Océn;De 5 a 9 años;1 de enero de 2020;0
Total;19 Guadalajara;19145 Hortezuela de Océn;De 10 a 14 años;1 de enero de 2020;0
Total;19 Guadalajara;19145 Hortezuela de Océn;De 65 a 69 años;1 de enero de 2020;0
Total;19 Guadalajara;19145 Hortezuela de Océn;De 70 a 74 años;1 de enero de 2020;2
Total;19 Guadalajara;19145 Hortezuela de Océn;De 75 a 79 años;1 de enero de 2020;3
Total;19 Guadalajara;19145 Hortezuela de Océn;De 80 a 84 años;1 de enero de 2020;9
Total;19 Guadalajara;19145 Hortezuela de Océn;De 85 a 89 años;1 de enero de 2020;3
Total;19 Guadalajara;19145 Hortezuela de Océn;De 90 a 94 años;1 de enero de 2020;3
Total;19 Guadalajara;19145 Hortezuela de Océn;De 95 a 99 años;1 de enero de 2020;2
Total;19 Guadalajara;19145 Hortezuela de Océn;100 y más años;1 de enero de 2020;0
Total;19 Guadalajara;19146 Huerce, La;Todas las edades;1 de enero de 2020;56
Total;19 Guadalajara;19146 Huerce, La;De 0 a 4 años;1 de enero de 2020;1
Total;19 Guadalajara;19146 Huerce, La;De 5 a 9 años;1 de enero de 2020;1
Total;19 Guadalajara;19146 Huerce, La;De 10 a 14 años;1 de enero de 2020;0
Total;19 Guadalajara;19146 Huerce, La;De 65 a 69 años;1 de enero de 2020;3
Total;19 Guadalajara;19146 Huerce, La;De 70 a 74 años;1 de enero de 2020;6
Total;19 Guadalajara;19146 Huerce, La;De 75 a 79 años;1 de enero de 2020;4
Total;19 Guadalajara;19146 Huerce, La;De 80 a 84 años;1 de enero de 2020;1
Total;19 Guadalajara;19146 Huerce, La;De 85 a 89 años;1 de enero de 2020;2
Total;19 Guadalajara;19146 Huerce, La;De 90 a 94 años;1 de enero de 2020;5
Total;19 Guadalajara;19146 Huerce, La;De 95 a 99 años;1 de enero de 2020;0
Total;19 Guadalajara;19146 Huerce, La;100 y más años;1 de enero de 2020;0
Total;19 Guadalajara;19147 Huérmeces del Cerro;Todas las edades;1 de enero de 2020;41
Total;19 Guadalajara;19147 Huérmeces del Cerro;De 0 a 4 años;1 de enero de 2020;0
Total;19 Guadalajara;19147 Huérmeces del Cerro;De 5 a 9 años;1 de enero de 2020;0
Total;19 Guadalajara;19147 Huérmeces del Cerro;De 10 a 14 años;1 de enero de 2020;0
Total;19 Guadalajara;19147 Huérmeces del Cerro;De 65 a 69 años;1 de enero de 2020;7
Total;19 Guadalajara;19147 Huérmeces del Cerro;De 70 a 74 años;1 de enero de 2020;3
Total;19 Guadalajara;19147 Huérmeces del Cerro;De 75 a 79 años;1 de enero de 2020;4
Total;19 Guadalajara;19147 Huérmeces del Cerro;De 80 a 84 años;1 de enero de 2020;0
Total;19 Guadalajara;19147 Huérmeces del Cerro;De 85 a 89 años;1 de enero de 2020;0
Total;19 Guadalajara;19147 Huérmeces del Cerro;De 90 a 94 años;1 de enero de 2020;3
Total;19 Guadalajara;19147 Huérmeces del Cerro;De 95 a 99 años;1 de enero de 2020;1
Total;19 Guadalajara;19147 Huérmeces del Cerro;100 y más años;1 de enero de 2020;0
Total;19 Guadalajara;19148 Huertahernando;Todas las edades;1 de enero de 2020;54
Total;19 Guadalajara;19148 Huertahernando;De 0 a 4 años;1 de enero de 2020;1
Total;19 Guadalajara;19148 Huertahernando;De 5 a 9 años;1 de enero de 2020;3
Total;19 Guadalajara;19148 Huertahernando;De 10 a 14 años;1 de enero de 2020;0
Total;19 Guadalajara;19148 Huertahernando;De 65 a 69 años;1 de enero de 2020;4
Total;19 Guadalajara;19148 Huertahernando;De 70 a 74 años;1 de enero de 2020;5
Total;19 Guadalajara;19148 Huertahernando;De 75 a 79 años;1 de enero de 2020;7
Total;19 Guadalajara;19148 Huertahernando;De 80 a 84 años;1 de enero de 2020;4
Total;19 Guadalajara;19148 Huertahernando;De 85 a 89 años;1 de enero de 2020;4
Total;19 Guadalajara;19148 Huertahernando;De 90 a 94 años;1 de enero de 2020;0
Total;19 Guadalajara;19148 Huertahernando;De 95 a 99 años;1 de enero de 2020;0
Total;19 Guadalajara;19148 Huertahernando;100 y más años;1 de enero de 2020;0
Total;19 Guadalajara;19150 Hueva;Todas las edades;1 de enero de 2020;120
Total;19 Guadalajara;19150 Hueva;De 0 a 4 años;1 de enero de 2020;1
Total;19 Guadalajara;19150 Hueva;De 5 a 9 años;1 de enero de 2020;1
Total;19 Guadalajara;19150 Hueva;De 10 a 14 años;1 de enero de 2020;5
Total;19 Guadalajara;19150 Hueva;De 65 a 69 años;1 de enero de 2020;3
Total;19 Guadalajara;19150 Hueva;De 70 a 74 años;1 de enero de 2020;3
Total;19 Guadalajara;19150 Hueva;De 75 a 79 años;1 de enero de 2020;6
Total;19 Guadalajara;19150 Hueva;De 80 a 84 años;1 de enero de 2020;5
Total;19 Guadalajara;19150 Hueva;De 85 a 89 años;1 de enero de 2020;5
Total;19 Guadalajara;19150 Hueva;De 90 a 94 años;1 de enero de 2020;7
Total;19 Guadalajara;19150 Hueva;De 95 a 99 años;1 de enero de 2020;3
Total;19 Guadalajara;19150 Hueva;100 y más años;1 de enero de 2020;0
Total;19 Guadalajara;19151 Humanes;Todas las edades;1 de enero de 2020;1.511
Total;19 Guadalajara;19151 Humanes;De 0 a 4 años;1 de enero de 2020;67
Total;19 Guadalajara;19151 Humanes;De 5 a 9 años;1 de enero de 2020;78
Total;19 Guadalajara;19151 Humanes;De 10 a 14 años;1 de enero de 2020;56
Total;19 Guadalajara;19151 Humanes;De 65 a 69 años;1 de enero de 2020;77
Total;19 Guadalajara;19151 Humanes;De 70 a 74 años;1 de enero de 2020;71
Total;19 Guadalajara;19151 Humanes;De 75 a 79 años;1 de enero de 2020;61
Total;19 Guadalajara;19151 Humanes;De 80 a 84 años;1 de enero de 2020;59
Total;19 Guadalajara;19151 Humanes;De 85 a 89 años;1 de enero de 2020;54
Total;19 Guadalajara;19151 Humanes;De 90 a 94 años;1 de enero de 2020;44
Total;19 Guadalajara;19151 Humanes;De 95 a 99 años;1 de enero de 2020;18
Total;19 Guadalajara;19151 Humanes;100 y más años;1 de enero de 2020;1
Total;19 Guadalajara;19152 Illana;Todas las edades;1 de enero de 2020;664
Total;19 Guadalajara;19152 Illana;De 0 a 4 años;1 de enero de 2020;14
Total;19 Guadalajara;19152 Illana;De 5 a 9 años;1 de enero de 2020;19
Total;19 Guadalajara;19152 Illana;De 10 a 14 años;1 de enero de 2020;22
Total;19 Guadalajara;19152 Illana;De 65 a 69 años;1 de enero de 2020;39
Total;19 Guadalajara;19152 Illana;De 70 a 74 años;1 de enero de 2020;32
Total;19 Guadalajara;19152 Illana;De 75 a 79 años;1 de enero de 2020;31
Total;19 Guadalajara;19152 Illana;De 80 a 84 años;1 de enero de 2020;28
Total;19 Guadalajara;19152 Illana;De 85 a 89 años;1 de enero de 2020;30
Total;19 Guadalajara;19152 Illana;De 90 a 94 años;1 de enero de 2020;21
Total;19 Guadalajara;19152 Illana;De 95 a 99 años;1 de enero de 2020;2
Total;19 Guadalajara;19152 Illana;100 y más años;1 de enero de 2020;0
Total;19 Guadalajara;19153 Iniéstola;Todas las edades;1 de enero de 2020;23
Total;19 Guadalajara;19153 Iniéstola;De 0 a 4 años;1 de enero de 2020;0
Total;19 Guadalajara;19153 Iniéstola;De 5 a 9 años;1 de enero de 2020;0
Total;19 Guadalajara;19153 Iniéstola;De 10 a 14 años;1 de enero de 2020;0
Total;19 Guadalajara;19153 Iniéstola;De 65 a 69 años;1 de enero de 2020;1
Total;19 Guadalajara;19153 Iniéstola;De 70 a 74 años;1 de enero de 2020;1
Total;19 Guadalajara;19153 Iniéstola;De 75 a 79 años;1 de enero de 2020;0
Total;19 Guadalajara;19153 Iniéstola;De 80 a 84 años;1 de enero de 2020;0
Total;19 Guadalajara;19153 Iniéstola;De 85 a 89 años;1 de enero de 2020;0
Total;19 Guadalajara;19153 Iniéstola;De 90 a 94 años;1 de enero de 2020;1
Total;19 Guadalajara;19153 Iniéstola;De 95 a 99 años;1 de enero de 2020;0
Total;19 Guadalajara;19153 Iniéstola;100 y más años;1 de enero de 2020;0
Total;19 Guadalajara;19154 Inviernas, Las;Todas las edades;1 de enero de 2020;58
Total;19 Guadalajara;19154 Inviernas, Las;De 0 a 4 años;1 de enero de 2020;0
Total;19 Guadalajara;19154 Inviernas, Las;De 5 a 9 años;1 de enero de 2020;0
Total;19 Guadalajara;19154 Inviernas, Las;De 10 a 14 años;1 de enero de 2020;0
Total;19 Guadalajara;19154 Inviernas, Las;De 65 a 69 años;1 de enero de 2020;4
Total;19 Guadalajara;19154 Inviernas, Las;De 70 a 74 años;1 de enero de 2020;18
Total;19 Guadalajara;19154 Inviernas, Las;De 75 a 79 años;1 de enero de 2020;2
Total;19 Guadalajara;19154 Inviernas, Las;De 80 a 84 años;1 de enero de 2020;4
Total;19 Guadalajara;19154 Inviernas, Las;De 85 a 89 años;1 de enero de 2020;2
Total;19 Guadalajara;19154 Inviernas, Las;De 90 a 94 años;1 de enero de 2020;2
Total;19 Guadalajara;19154 Inviernas, Las;De 95 a 99 años;1 de enero de 2020;1
Total;19 Guadalajara;19154 Inviernas, Las;100 y más años;1 de enero de 2020;0
Total;19 Guadalajara;19155 Irueste;Todas las edades;1 de enero de 2020;72
Total;19 Guadalajara;19155 Irueste;De 0 a 4 años;1 de enero de 2020;2
Total;19 Guadalajara;19155 Irueste;De 5 a 9 años;1 de enero de 2020;0
Total;19 Guadalajara;19155 Irueste;De 10 a 14 años;1 de enero de 2020;2
Total;19 Guadalajara;19155 Irueste;De 65 a 69 años;1 de enero de 2020;4
Total;19 Guadalajara;19155 Irueste;De 70 a 74 años;1 de enero de 2020;5
Total;19 Guadalajara;19155 Irueste;De 75 a 79 años;1 de enero de 2020;5
Total;19 Guadalajara;19155 Irueste;De 80 a 84 años;1 de enero de 2020;4
Total;19 Guadalajara;19155 Irueste;De 85 a 89 años;1 de enero de 2020;3
Total;19 Guadalajara;19155 Irueste;De 90 a 94 años;1 de enero de 2020;2
Total;19 Guadalajara;19155 Irueste;De 95 a 99 años;1 de enero de 2020;0
Total;19 Guadalajara;19155 Irueste;100 y más años;1 de enero de 2020;0
Total;19 Guadalajara;19156 Jadraque;Todas las edades;1 de enero de 2020;1.370
Total;19 Guadalajara;19156 Jadraque;De 0 a 4 años;1 de enero de 2020;41
Total;19 Guadalajara;19156 Jadraque;De 5 a 9 años;1 de enero de 2020;64
Total;19 Guadalajara;19156 Jadraque;De 10 a 14 años;1 de enero de 2020;70
Total;19 Guadalajara;19156 Jadraque;De 65 a 69 años;1 de enero de 2020;58
Total;19 Guadalajara;19156 Jadraque;De 70 a 74 años;1 de enero de 2020;67
Total;19 Guadalajara;19156 Jadraque;De 75 a 79 años;1 de enero de 2020;72
Total;19 Guadalajara;19156 Jadraque;De 80 a 84 años;1 de enero de 2020;44
Total;19 Guadalajara;19156 Jadraque;De 85 a 89 años;1 de enero de 2020;56
Total;19 Guadalajara;19156 Jadraque;De 90 a 94 años;1 de enero de 2020;23
Total;19 Guadalajara;19156 Jadraque;De 95 a 99 años;1 de enero de 2020;6
Total;19 Guadalajara;19156 Jadraque;100 y más años;1 de enero de 2020;1
Total;19 Guadalajara;19157 Jirueque;Todas las edades;1 de enero de 2020;55
Total;19 Guadalajara;19157 Jirueque;De 0 a 4 años;1 de enero de 2020;0
Total;19 Guadalajara;19157 Jirueque;De 5 a 9 años;1 de enero de 2020;0
Total;19 Guadalajara;19157 Jirueque;De 10 a 14 años;1 de enero de 2020;0
Total;19 Guadalajara;19157 Jirueque;De 65 a 69 años;1 de enero de 2020;6
Total;19 Guadalajara;19157 Jirueque;De 70 a 74 años;1 de enero de 2020;5
Total;19 Guadalajara;19157 Jirueque;De 75 a 79 años;1 de enero de 2020;8
Total;19 Guadalajara;19157 Jirueque;De 80 a 84 años;1 de enero de 2020;1
Total;19 Guadalajara;19157 Jirueque;De 85 a 89 años;1 de enero de 2020;3
Total;19 Guadalajara;19157 Jirueque;De 90 a 94 años;1 de enero de 2020;2
Total;19 Guadalajara;19157 Jirueque;De 95 a 99 años;1 de enero de 2020;0
Total;19 Guadalajara;19157 Jirueque;100 y más años;1 de enero de 2020;0
Total;19 Guadalajara;19159 Ledanca;Todas las edades;1 de enero de 2020;104
Total;19 Guadalajara;19159 Ledanca;De 0 a 4 años;1 de enero de 2020;1
Total;19 Guadalajara;19159 Ledanca;De 5 a 9 años;1 de enero de 2020;0
Total;19 Guadalajara;19159 Ledanca;De 10 a 14 años;1 de enero de 2020;0
Total;19 Guadalajara;19159 Ledanca;De 65 a 69 años;1 de enero de 2020;9
Total;19 Guadalajara;19159 Ledanca;De 70 a 74 años;1 de enero de 2020;9
Total;19 Guadalajara;19159 Ledanca;De 75 a 79 años;1 de enero de 2020;4
Total;19 Guadalajara;19159 Ledanca;De 80 a 84 años;1 de enero de 2020;10
Total;19 Guadalajara;19159 Ledanca;De 85 a 89 años;1 de enero de 2020;1
Total;19 Guadalajara;19159 Ledanca;De 90 a 94 años;1 de enero de 2020;6
Total;19 Guadalajara;19159 Ledanca;De 95 a 99 años;1 de enero de 2020;1
Total;19 Guadalajara;19159 Ledanca;100 y más años;1 de enero de 2020;0
Total;19 Guadalajara;19160 Loranca de Tajuña;Todas las edades;1 de enero de 2020;1.264
Total;19 Guadalajara;19160 Loranca de Tajuña;De 0 a 4 años;1 de enero de 2020;60
Total;19 Guadalajara;19160 Loranca de Tajuña;De 5 a 9 años;1 de enero de 2020;69
Total;19 Guadalajara;19160 Loranca de Tajuña;De 10 a 14 años;1 de enero de 2020;65
Total;19 Guadalajara;19160 Loranca de Tajuña;De 65 a 69 años;1 de enero de 2020;55
Total;19 Guadalajara;19160 Loranca de Tajuña;De 70 a 74 años;1 de enero de 2020;47
Total;19 Guadalajara;19160 Loranca de Tajuña;De 75 a 79 años;1 de enero de 2020;20
Total;19 Guadalajara;19160 Loranca de Tajuña;De 80 a 84 años;1 de enero de 2020;15
Total;19 Guadalajara;19160 Loranca de Tajuña;De 85 a 89 años;1 de enero de 2020;17
Total;19 Guadalajara;19160 Loranca de Tajuña;De 90 a 94 años;1 de enero de 2020;4
Total;19 Guadalajara;19160 Loranca de Tajuña;De 95 a 99 años;1 de enero de 2020;1
Total;19 Guadalajara;19160 Loranca de Tajuña;100 y más años;1 de enero de 2020;2
Total;19 Guadalajara;19161 Lupiana;Todas las edades;1 de enero de 2020;259
Total;19 Guadalajara;19161 Lupiana;De 0 a 4 años;1 de enero de 2020;11
Total;19 Guadalajara;19161 Lupiana;De 5 a 9 años;1 de enero de 2020;15
Total;19 Guadalajara;19161 Lupiana;De 10 a 14 años;1 de enero de 2020;10
Total;19 Guadalajara;19161 Lupiana;De 65 a 69 años;1 de enero de 2020;16
Total;19 Guadalajara;19161 Lupiana;De 70 a 74 años;1 de enero de 2020;18
Total;19 Guadalajara;19161 Lupiana;De 75 a 79 años;1 de enero de 2020;16
Total;19 Guadalajara;19161 Lupiana;De 80 a 84 años;1 de enero de 2020;5
Total;19 Guadalajara;19161 Lupiana;De 85 a 89 años;1 de enero de 2020;13
Total;19 Guadalajara;19161 Lupiana;De 90 a 94 años;1 de enero de 2020;6
Total;19 Guadalajara;19161 Lupiana;De 95 a 99 años;1 de enero de 2020;1
Total;19 Guadalajara;19161 Lupiana;100 y más años;1 de enero de 2020;2
Total;19 Guadalajara;19162 Luzaga;Todas las edades;1 de enero de 2020;67
Total;19 Guadalajara;19162 Luzaga;De 0 a 4 años;1 de enero de 2020;2
Total;19 Guadalajara;19162 Luzaga;De 5 a 9 años;1 de enero de 2020;0
Total;19 Guadalajara;19162 Luzaga;De 10 a 14 años;1 de enero de 2020;0
Total;19 Guadalajara;19162 Luzaga;De 65 a 69 años;1 de enero de 2020;6
Total;19 Guadalajara;19162 Luzaga;De 70 a 74 años;1 de enero de 2020;4
Total;19 Guadalajara;19162 Luzaga;De 75 a 79 años;1 de enero de 2020;1
Total;19 Guadalajara;19162 Luzaga;De 80 a 84 años;1 de enero de 2020;2
Total;19 Guadalajara;19162 Luzaga;De 85 a 89 años;1 de enero de 2020;6
Total;19 Guadalajara;19162 Luzaga;De 90 a 94 años;1 de enero de 2020;2
Total;19 Guadalajara;19162 Luzaga;De 95 a 99 años;1 de enero de 2020;1
Total;19 Guadalajara;19162 Luzaga;100 y más años;1 de enero de 2020;1
Total;19 Guadalajara;19163 Luzón;Todas las edades;1 de enero de 2020;69
Total;19 Guadalajara;19163 Luzón;De 0 a 4 años;1 de enero de 2020;1
Total;19 Guadalajara;19163 Luzón;De 5 a 9 años;1 de enero de 2020;2
Total;19 Guadalajara;19163 Luzón;De 10 a 14 años;1 de enero de 2020;2
Total;19 Guadalajara;19163 Luzón;De 65 a 69 años;1 de enero de 2020;9
Total;19 Guadalajara;19163 Luzón;De 70 a 74 años;1 de enero de 2020;4
Total;19 Guadalajara;19163 Luzón;De 75 a 79 años;1 de enero de 2020;8
Total;19 Guadalajara;19163 Luzón;De 80 a 84 años;1 de enero de 2020;2
Total;19 Guadalajara;19163 Luzón;De 85 a 89 años;1 de enero de 2020;2
Total;19 Guadalajara;19163 Luzón;De 90 a 94 años;1 de enero de 2020;5
Total;19 Guadalajara;19163 Luzón;De 95 a 99 años;1 de enero de 2020;0
Total;19 Guadalajara;19163 Luzón;100 y más años;1 de enero de 2020;1
Total;19 Guadalajara;19165 Majaelrayo;Todas las edades;1 de enero de 2020;55
Total;19 Guadalajara;19165 Majaelrayo;De 0 a 4 años;1 de enero de 2020;1
Total;19 Guadalajara;19165 Majaelrayo;De 5 a 9 años;1 de enero de 2020;0
Total;19 Guadalajara;19165 Majaelrayo;De 10 a 14 años;1 de enero de 2020;4
Total;19 Guadalajara;19165 Majaelrayo;De 65 a 69 años;1 de enero de 2020;3
Total;19 Guadalajara;19165 Majaelrayo;De 70 a 74 años;1 de enero de 2020;3
Total;19 Guadalajara;19165 Majaelrayo;De 75 a 79 años;1 de enero de 2020;6
Total;19 Guadalajara;19165 Majaelrayo;De 80 a 84 años;1 de enero de 2020;4
Total;19 Guadalajara;19165 Majaelrayo;De 85 a 89 años;1 de enero de 2020;0
Total;19 Guadalajara;19165 Majaelrayo;De 90 a 94 años;1 de enero de 2020;1
Total;19 Guadalajara;19165 Majaelrayo;De 95 a 99 años;1 de enero de 2020;0
Total;19 Guadalajara;19165 Majaelrayo;100 y más años;1 de enero de 2020;0
Total;19 Guadalajara;19166 Málaga del Fresno;Todas las edades;1 de enero de 2020;185
Total;19 Guadalajara;19166 Málaga del Fresno;De 0 a 4 años;1 de enero de 2020;6
Total;19 Guadalajara;19166 Málaga del Fresno;De 5 a 9 años;1 de enero de 2020;7
Total;19 Guadalajara;19166 Málaga del Fresno;De 10 a 14 años;1 de enero de 2020;8
Total;19 Guadalajara;19166 Málaga del Fresno;De 65 a 69 años;1 de enero de 2020;15
Total;19 Guadalajara;19166 Málaga del Fresno;De 70 a 74 años;1 de enero de 2020;12
Total;19 Guadalajara;19166 Málaga del Fresno;De 75 a 79 años;1 de enero de 2020;11
Total;19 Guadalajara;19166 Málaga del Fresno;De 80 a 84 años;1 de enero de 2020;9
Total;19 Guadalajara;19166 Málaga del Fresno;De 85 a 89 años;1 de enero de 2020;13
Total;19 Guadalajara;19166 Málaga del Fresno;De 90 a 94 años;1 de enero de 2020;2
Total;19 Guadalajara;19166 Málaga del Fresno;De 95 a 99 años;1 de enero de 2020;3
Total;19 Guadalajara;19166 Málaga del Fresno;100 y más años;1 de enero de 2020;0
Total;19 Guadalajara;19167 Malaguilla;Todas las edades;1 de enero de 2020;158
Total;19 Guadalajara;19167 Malaguilla;De 0 a 4 años;1 de enero de 2020;6
Total;19 Guadalajara;19167 Malaguilla;De 5 a 9 años;1 de enero de 2020;8
Total;19 Guadalajara;19167 Malaguilla;De 10 a 14 años;1 de enero de 2020;8
Total;19 Guadalajara;19167 Malaguilla;De 65 a 69 años;1 de enero de 2020;7
Total;19 Guadalajara;19167 Malaguilla;De 70 a 74 años;1 de enero de 2020;7
Total;19 Guadalajara;19167 Malaguilla;De 75 a 79 años;1 de enero de 2020;6
Total;19 Guadalajara;19167 Malaguilla;De 80 a 84 años;1 de enero de 2020;3
Total;19 Guadalajara;19167 Malaguilla;De 85 a 89 años;1 de enero de 2020;12
Total;19 Guadalajara;19167 Malaguilla;De 90 a 94 años;1 de enero de 2020;3
Total;19 Guadalajara;19167 Malaguilla;De 95 a 99 años;1 de enero de 2020;0
Total;19 Guadalajara;19167 Malaguilla;100 y más años;1 de enero de 2020;0
Total;19 Guadalajara;19168 Mandayona;Todas las edades;1 de enero de 2020;287
Total;19 Guadalajara;19168 Mandayona;De 0 a 4 años;1 de enero de 2020;3
Total;19 Guadalajara;19168 Mandayona;De 5 a 9 años;1 de enero de 2020;2
Total;19 Guadalajara;19168 Mandayona;De 10 a 14 años;1 de enero de 2020;5
Total;19 Guadalajara;19168 Mandayona;De 65 a 69 años;1 de enero de 2020;15
Total;19 Guadalajara;19168 Mandayona;De 70 a 74 años;1 de enero de 2020;11
Total;19 Guadalajara;19168 Mandayona;De 75 a 79 años;1 de enero de 2020;19
Total;19 Guadalajara;19168 Mandayona;De 80 a 84 años;1 de enero de 2020;24
Total;19 Guadalajara;19168 Mandayona;De 85 a 89 años;1 de enero de 2020;30
Total;19 Guadalajara;19168 Mandayona;De 90 a 94 años;1 de enero de 2020;17
Total;19 Guadalajara;19168 Mandayona;De 95 a 99 años;1 de enero de 2020;6
Total;19 Guadalajara;19168 Mandayona;100 y más años;1 de enero de 2020;1
Total;19 Guadalajara;19169 Mantiel;Todas las edades;1 de enero de 2020;31
Total;19 Guadalajara;19169 Mantiel;De 0 a 4 años;1 de enero de 2020;0
Total;19 Guadalajara;19169 Mantiel;De 5 a 9 años;1 de enero de 2020;0
Total;19 Guadalajara;19169 Mantiel;De 10 a 14 años;1 de enero de 2020;0
Total;19 Guadalajara;19169 Mantiel;De 65 a 69 años;1 de enero de 2020;5
Total;19 Guadalajara;19169 Mantiel;De 70 a 74 años;1 de enero de 2020;4
Total;19 Guadalajara;19169 Mantiel;De 75 a 79 años;1 de enero de 2020;2
Total;19 Guadalajara;19169 Mantiel;De 80 a 84 años;1 de enero de 2020;1
Total;19 Guadalajara;19169 Mantiel;De 85 a 89 años;1 de enero de 2020;0
Total;19 Guadalajara;19169 Mantiel;De 90 a 94 años;1 de enero de 2020;0
Total;19 Guadalajara;19169 Mantiel;De 95 a 99 años;1 de enero de 2020;0
Total;19 Guadalajara;19169 Mantiel;100 y más años;1 de enero de 2020;0
Total;19 Guadalajara;19170 Maranchón;Todas las edades;1 de enero de 2020;234
Total;19 Guadalajara;19170 Maranchón;De 0 a 4 años;1 de enero de 2020;8
Total;19 Guadalajara;19170 Maranchón;De 5 a 9 años;1 de enero de 2020;8
Total;19 Guadalajara;19170 Maranchón;De 10 a 14 años;1 de enero de 2020;5
Total;19 Guadalajara;19170 Maranchón;De 65 a 69 años;1 de enero de 2020;10
Total;19 Guadalajara;19170 Maranchón;De 70 a 74 años;1 de enero de 2020;7
Total;19 Guadalajara;19170 Maranchón;De 75 a 79 años;1 de enero de 2020;9
Total;19 Guadalajara;19170 Maranchón;De 80 a 84 años;1 de enero de 2020;17
Total;19 Guadalajara;19170 Maranchón;De 85 a 89 años;1 de enero de 2020;28
Total;19 Guadalajara;19170 Maranchón;De 90 a 94 años;1 de enero de 2020;16
Total;19 Guadalajara;19170 Maranchón;De 95 a 99 años;1 de enero de 2020;3
Total;19 Guadalajara;19170 Maranchón;100 y más años;1 de enero de 2020;0
Total;19 Guadalajara;19171 Marchamalo;Todas las edades;1 de enero de 2020;7.684
Total;19 Guadalajara;19171 Marchamalo;De 0 a 4 años;1 de enero de 2020;501
Total;19 Guadalajara;19171 Marchamalo;De 5 a 9 años;1 de enero de 2020;513
Total;19 Guadalajara;19171 Marchamalo;De 10 a 14 años;1 de enero de 2020;407
Total;19 Guadalajara;19171 Marchamalo;De 65 a 69 años;1 de enero de 2020;273
Total;19 Guadalajara;19171 Marchamalo;De 70 a 74 años;1 de enero de 2020;199
Total;19 Guadalajara;19171 Marchamalo;De 75 a 79 años;1 de enero de 2020;149
Total;19 Guadalajara;19171 Marchamalo;De 80 a 84 años;1 de enero de 2020;121
Total;19 Guadalajara;19171 Marchamalo;De 85 a 89 años;1 de enero de 2020;106
Total;19 Guadalajara;19171 Marchamalo;De 90 a 94 años;1 de enero de 2020;43
Total;19 Guadalajara;19171 Marchamalo;De 95 a 99 años;1 de enero de 2020;12
Total;19 Guadalajara;19171 Marchamalo;100 y más años;1 de enero de 2020;0
Total;19 Guadalajara;19172 Masegoso de Tajuña;Todas las edades;1 de enero de 2020;49
Total;19 Guadalajara;19172 Masegoso de Tajuña;De 0 a 4 años;1 de enero de 2020;0
Total;19 Guadalajara;19172 Masegoso de Tajuña;De 5 a 9 años;1 de enero de 2020;0
Total;19 Guadalajara;19172 Masegoso de Tajuña;De 10 a 14 años;1 de enero de 2020;0
Total;19 Guadalajara;19172 Masegoso de Tajuña;De 65 a 69 años;1 de enero de 2020;4
Total;19 Guadalajara;19172 Masegoso de Tajuña;De 70 a 74 años;1 de enero de 2020;3
Total;19 Guadalajara;19172 Masegoso de Tajuña;De 75 a 79 años;1 de enero de 2020;4
Total;19 Guadalajara;19172 Masegoso de Tajuña;De 80 a 84 años;1 de enero de 2020;5
Total;19 Guadalajara;19172 Masegoso de Tajuña;De 85 a 89 años;1 de enero de 2020;4
Total;19 Guadalajara;19172 Masegoso de Tajuña;De 90 a 94 años;1 de enero de 2020;3
Total;19 Guadalajara;19172 Masegoso de Tajuña;De 95 a 99 años;1 de enero de 2020;1
Total;19 Guadalajara;19172 Masegoso de Tajuña;100 y más años;1 de enero de 2020;0
Total;19 Guadalajara;19173 Matarrubia;Todas las edades;1 de enero de 2020;57
Total;19 Guadalajara;19173 Matarrubia;De 0 a 4 años;1 de enero de 2020;4
Total;19 Guadalajara;19173 Matarrubia;De 5 a 9 años;1 de enero de 2020;2
Total;19 Guadalajara;19173 Matarrubia;De 10 a 14 años;1 de enero de 2020;0
Total;19 Guadalajara;19173 Matarrubia;De 65 a 69 años;1 de enero de 2020;2
Total;19 Guadalajara;19173 Matarrubia;De 70 a 74 años;1 de enero de 2020;3
Total;19 Guadalajara;19173 Matarrubia;De 75 a 79 años;1 de enero de 2020;2
Total;19 Guadalajara;19173 Matarrubia;De 80 a 84 años;1 de enero de 2020;3
Total;19 Guadalajara;19173 Matarrubia;De 85 a 89 años;1 de enero de 2020;1
Total;19 Guadalajara;19173 Matarrubia;De 90 a 94 años;1 de enero de 2020;1
Total;19 Guadalajara;19173 Matarrubia;De 95 a 99 años;1 de enero de 2020;0
Total;19 Guadalajara;19173 Matarrubia;100 y más años;1 de enero de 2020;0
Total;19 Guadalajara;19174 Matillas;Todas las edades;1 de enero de 2020;101
Total;19 Guadalajara;19174 Matillas;De 0 a 4 años;1 de enero de 2020;1
Total;19 Guadalajara;19174 Matillas;De 5 a 9 años;1 de enero de 2020;2
Total;19 Guadalajara;19174 Matillas;De 10 a 14 años;1 de enero de 2020;3
Total;19 Guadalajara;19174 Matillas;De 65 a 69 años;1 de enero de 2020;17
Total;19 Guadalajara;19174 Matillas;De 70 a 74 años;1 de enero de 2020;7
Total;19 Guadalajara;19174 Matillas;De 75 a 79 años;1 de enero de 2020;7
Total;19 Guadalajara;19174 Matillas;De 80 a 84 años;1 de enero de 2020;8
Total;19 Guadalajara;19174 Matillas;De 85 a 89 años;1 de enero de 2020;4
Total;19 Guadalajara;19174 Matillas;De 90 a 94 años;1 de enero de 2020;3
Total;19 Guadalajara;19174 Matillas;De 95 a 99 años;1 de enero de 2020;3
Total;19 Guadalajara;19174 Matillas;100 y más años;1 de enero de 2020;0
Total;19 Guadalajara;19175 Mazarete;Todas las edades;1 de enero de 2020;35
Total;19 Guadalajara;19175 Mazarete;De 0 a 4 años;1 de enero de 2020;0
Total;19 Guadalajara;19175 Mazarete;De 5 a 9 años;1 de enero de 2020;2
Total;19 Guadalajara;19175 Mazarete;De 10 a 14 años;1 de enero de 2020;1
Total;19 Guadalajara;19175 Mazarete;De 65 a 69 años;1 de enero de 2020;2
Total;19 Guadalajara;19175 Mazarete;De 70 a 74 años;1 de enero de 2020;1
Total;19 Guadalajara;19175 Mazarete;De 75 a 79 años;1 de enero de 2020;2
Total;19 Guadalajara;19175 Mazarete;De 80 a 84 años;1 de enero de 2020;5
Total;19 Guadalajara;19175 Mazarete;De 85 a 89 años;1 de enero de 2020;3
Total;19 Guadalajara;19175 Mazarete;De 90 a 94 años;1 de enero de 2020;4
Total;19 Guadalajara;19175 Mazarete;De 95 a 99 años;1 de enero de 2020;1
Total;19 Guadalajara;19175 Mazarete;100 y más años;1 de enero de 2020;0
Total;19 Guadalajara;19176 Mazuecos;Todas las edades;1 de enero de 2020;266
Total;19 Guadalajara;19176 Mazuecos;De 0 a 4 años;1 de enero de 2020;3
Total;19 Guadalajara;19176 Mazuecos;De 5 a 9 años;1 de enero de 2020;3
Total;19 Guadalajara;19176 Mazuecos;De 10 a 14 años;1 de enero de 2020;10
Total;19 Guadalajara;19176 Mazuecos;De 65 a 69 años;1 de enero de 2020;15
Total;19 Guadalajara;19176 Mazuecos;De 70 a 74 años;1 de enero de 2020;24
Total;19 Guadalajara;19176 Mazuecos;De 75 a 79 años;1 de enero de 2020;12
Total;19 Guadalajara;19176 Mazuecos;De 80 a 84 años;1 de enero de 2020;14
Total;19 Guadalajara;19176 Mazuecos;De 85 a 89 años;1 de enero de 2020;18
Total;19 Guadalajara;19176 Mazuecos;De 90 a 94 años;1 de enero de 2020;8
Total;19 Guadalajara;19176 Mazuecos;De 95 a 99 años;1 de enero de 2020;2
Total;19 Guadalajara;19176 Mazuecos;100 y más años;1 de enero de 2020;0
Total;19 Guadalajara;19177 Medranda;Todas las edades;1 de enero de 2020;60
Total;19 Guadalajara;19177 Medranda;De 0 a 4 años;1 de enero de 2020;2
Total;19 Guadalajara;19177 Medranda;De 5 a 9 años;1 de enero de 2020;1
Total;19 Guadalajara;19177 Medranda;De 10 a 14 años;1 de enero de 2020;0
Total;19 Guadalajara;19177 Medranda;De 65 a 69 años;1 de enero de 2020;5
Total;19 Guadalajara;19177 Medranda;De 70 a 74 años;1 de enero de 2020;5
Total;19 Guadalajara;19177 Medranda;De 75 a 79 años;1 de enero de 2020;2
Total;19 Guadalajara;19177 Medranda;De 80 a 84 años;1 de enero de 2020;3
Total;19 Guadalajara;19177 Medranda;De 85 a 89 años;1 de enero de 2020;5
Total;19 Guadalajara;19177 Medranda;De 90 a 94 años;1 de enero de 2020;4
Total;19 Guadalajara;19177 Medranda;De 95 a 99 años;1 de enero de 2020;0
Total;19 Guadalajara;19177 Medranda;100 y más años;1 de enero de 2020;0
Total;19 Guadalajara;19178 Megina;Todas las edades;1 de enero de 2020;29
Total;19 Guadalajara;19178 Megina;De 0 a 4 años;1 de enero de 2020;0
Total;19 Guadalajara;19178 Megina;De 5 a 9 años;1 de enero de 2020;0
Total;19 Guadalajara;19178 Megina;De 10 a 14 años;1 de enero de 2020;1
Total;19 Guadalajara;19178 Megina;De 65 a 69 años;1 de enero de 2020;6
Total;19 Guadalajara;19178 Megina;De 70 a 74 años;1 de enero de 2020;1
Total;19 Guadalajara;19178 Megina;De 75 a 79 años;1 de enero de 2020;1
Total;19 Guadalajara;19178 Megina;De 80 a 84 años;1 de enero de 2020;1
Total;19 Guadalajara;19178 Megina;De 85 a 89 años;1 de enero de 2020;2
Total;19 Guadalajara;19178 Megina;De 90 a 94 años;1 de enero de 2020;1
Total;19 Guadalajara;19178 Megina;De 95 a 99 años;1 de enero de 2020;0
Total;19 Guadalajara;19178 Megina;100 y más años;1 de enero de 2020;0
Total;19 Guadalajara;19179 Membrillera;Todas las edades;1 de enero de 2020;87
Total;19 Guadalajara;19179 Membrillera;De 0 a 4 años;1 de enero de 2020;2
Total;19 Guadalajara;19179 Membrillera;De 5 a 9 años;1 de enero de 2020;1
Total;19 Guadalajara;19179 Membrillera;De 10 a 14 años;1 de enero de 2020;5
Total;19 Guadalajara;19179 Membrillera;De 65 a 69 años;1 de enero de 2020;9
Total;19 Guadalajara;19179 Membrillera;De 70 a 74 años;1 de enero de 2020;18
Total;19 Guadalajara;19179 Membrillera;De 75 a 79 años;1 de enero de 2020;14
Total;19 Guadalajara;19179 Membrillera;De 80 a 84 años;1 de enero de 2020;6
Total;19 Guadalajara;19179 Membrillera;De 85 a 89 años;1 de enero de 2020;4
Total;19 Guadalajara;19179 Membrillera;De 90 a 94 años;1 de enero de 2020;2
Total;19 Guadalajara;19179 Membrillera;De 95 a 99 años;1 de enero de 2020;0
Total;19 Guadalajara;19179 Membrillera;100 y más años;1 de enero de 2020;0
Total;19 Guadalajara;19181 Miedes de Atienza;Todas las edades;1 de enero de 2020;53
Total;19 Guadalajara;19181 Miedes de Atienza;De 0 a 4 años;1 de enero de 2020;0
Total;19 Guadalajara;19181 Miedes de Atienza;De 5 a 9 años;1 de enero de 2020;0
Total;19 Guadalajara;19181 Miedes de Atienza;De 10 a 14 años;1 de enero de 2020;1
Total;19 Guadalajara;19181 Miedes de Atienza;De 65 a 69 años;1 de enero de 2020;5
Total;19 Guadalajara;19181 Miedes de Atienza;De 70 a 74 años;1 de enero de 2020;6
Total;19 Guadalajara;19181 Miedes de Atienza;De 75 a 79 años;1 de enero de 2020;6
Total;19 Guadalajara;19181 Miedes de Atienza;De 80 a 84 años;1 de enero de 2020;2
Total;19 Guadalajara;19181 Miedes de Atienza;De 85 a 89 años;1 de enero de 2020;6
Total;19 Guadalajara;19181 Miedes de Atienza;De 90 a 94 años;1 de enero de 2020;2
Total;19 Guadalajara;19181 Miedes de Atienza;De 95 a 99 años;1 de enero de 2020;0
Total;19 Guadalajara;19181 Miedes de Atienza;100 y más años;1 de enero de 2020;1
Total;19 Guadalajara;19182 Mierla, La;Todas las edades;1 de enero de 2020;39
Total;19 Guadalajara;19182 Mierla, La;De 0 a 4 años;1 de enero de 2020;1
Total;19 Guadalajara;19182 Mierla, La;De 5 a 9 años;1 de enero de 2020;1
Total;19 Guadalajara;19182 Mierla, La;De 10 a 14 años;1 de enero de 2020;0
Total;19 Guadalajara;19182 Mierla, La;De 65 a 69 años;1 de enero de 2020;4
Total;19 Guadalajara;19182 Mierla, La;De 70 a 74 años;1 de enero de 2020;7
Total;19 Guadalajara;19182 Mierla, La;De 75 a 79 años;1 de enero de 2020;2
Total;19 Guadalajara;19182 Mierla, La;De 80 a 84 años;1 de enero de 2020;1
Total;19 Guadalajara;19182 Mierla, La;De 85 a 89 años;1 de enero de 2020;0
Total;19 Guadalajara;19182 Mierla, La;De 90 a 94 años;1 de enero de 2020;0
Total;19 Guadalajara;19182 Mierla, La;De 95 a 99 años;1 de enero de 2020;0
Total;19 Guadalajara;19182 Mierla, La;100 y más años;1 de enero de 2020;0
Total;19 Guadalajara;19184 Millana;Todas las edades;1 de enero de 2020;105
Total;19 Guadalajara;19184 Millana;De 0 a 4 años;1 de enero de 2020;4
Total;19 Guadalajara;19184 Millana;De 5 a 9 años;1 de enero de 2020;5
Total;19 Guadalajara;19184 Millana;De 10 a 14 años;1 de enero de 2020;4
Total;19 Guadalajara;19184 Millana;De 65 a 69 años;1 de enero de 2020;3
Total;19 Guadalajara;19184 Millana;De 70 a 74 años;1 de enero de 2020;6
Total;19 Guadalajara;19184 Millana;De 75 a 79 años;1 de enero de 2020;5
Total;19 Guadalajara;19184 Millana;De 80 a 84 años;1 de enero de 2020;9
Total;19 Guadalajara;19184 Millana;De 85 a 89 años;1 de enero de 2020;3
Total;19 Guadalajara;19184 Millana;De 90 a 94 años;1 de enero de 2020;4
Total;19 Guadalajara;19184 Millana;De 95 a 99 años;1 de enero de 2020;0
Total;19 Guadalajara;19184 Millana;100 y más años;1 de enero de 2020;0
Total;19 Guadalajara;19183 Milmarcos;Todas las edades;1 de enero de 2020;78
Total;19 Guadalajara;19183 Milmarcos;De 0 a 4 años;1 de enero de 2020;0
Total;19 Guadalajara;19183 Milmarcos;De 5 a 9 años;1 de enero de 2020;2
Total;19 Guadalajara;19183 Milmarcos;De 10 a 14 años;1 de enero de 2020;1
Total;19 Guadalajara;19183 Milmarcos;De 65 a 69 años;1 de enero de 2020;7
Total;19 Guadalajara;19183 Milmarcos;De 70 a 74 años;1 de enero de 2020;6
Total;19 Guadalajara;19183 Milmarcos;De 75 a 79 años;1 de enero de 2020;2
Total;19 Guadalajara;19183 Milmarcos;De 80 a 84 años;1 de enero de 2020;4
Total;19 Guadalajara;19183 Milmarcos;De 85 a 89 años;1 de enero de 2020;11
Total;19 Guadalajara;19183 Milmarcos;De 90 a 94 años;1 de enero de 2020;0
Total;19 Guadalajara;19183 Milmarcos;De 95 a 99 años;1 de enero de 2020;2
Total;19 Guadalajara;19183 Milmarcos;100 y más años;1 de enero de 2020;0
Total;19 Guadalajara;19185 Miñosa, La;Todas las edades;1 de enero de 2020;26
Total;19 Guadalajara;19185 Miñosa, La;De 0 a 4 años;1 de enero de 2020;0
Total;19 Guadalajara;19185 Miñosa, La;De 5 a 9 años;1 de enero de 2020;0
Total;19 Guadalajara;19185 Miñosa, La;De 10 a 14 años;1 de enero de 2020;0
Total;19 Guadalajara;19185 Miñosa, La;De 65 a 69 años;1 de enero de 2020;0
Total;19 Guadalajara;19185 Miñosa, La;De 70 a 74 años;1 de enero de 2020;6
Total;19 Guadalajara;19185 Miñosa, La;De 75 a 79 años;1 de enero de 2020;2
Total;19 Guadalajara;19185 Miñosa, La;De 80 a 84 años;1 de enero de 2020;0
Total;19 Guadalajara;19185 Miñosa, La;De 85 a 89 años;1 de enero de 2020;1
Total;19 Guadalajara;19185 Miñosa, La;De 90 a 94 años;1 de enero de 2020;0
Total;19 Guadalajara;19185 Miñosa, La;De 95 a 99 años;1 de enero de 2020;1
Total;19 Guadalajara;19185 Miñosa, La;100 y más años;1 de enero de 2020;0
Total;19 Guadalajara;19186 Mirabueno;Todas las edades;1 de enero de 2020;74
Total;19 Guadalajara;19186 Mirabueno;De 0 a 4 años;1 de enero de 2020;0
Total;19 Guadalajara;19186 Mirabueno;De 5 a 9 años;1 de enero de 2020;0
Total;19 Guadalajara;19186 Mirabueno;De 10 a 14 años;1 de enero de 2020;2
Total;19 Guadalajara;19186 Mirabueno;De 65 a 69 años;1 de enero de 2020;6
Total;19 Guadalajara;19186 Mirabueno;De 70 a 74 años;1 de enero de 2020;8
Total;19 Guadalajara;19186 Mirabueno;De 75 a 79 años;1 de enero de 2020;6
Total;19 Guadalajara;19186 Mirabueno;De 80 a 84 años;1 de enero de 2020;3
Total;19 Guadalajara;19186 Mirabueno;De 85 a 89 años;1 de enero de 2020;7
Total;19 Guadalajara;19186 Mirabueno;De 90 a 94 años;1 de enero de 2020;4
Total;19 Guadalajara;19186 Mirabueno;De 95 a 99 años;1 de enero de 2020;3
Total;19 Guadalajara;19186 Mirabueno;100 y más años;1 de enero de 2020;0
Total;19 Guadalajara;19187 Miralrío;Todas las edades;1 de enero de 2020;53
Total;19 Guadalajara;19187 Miralrío;De 0 a 4 años;1 de enero de 2020;2
Total;19 Guadalajara;19187 Miralrío;De 5 a 9 años;1 de enero de 2020;1
Total;19 Guadalajara;19187 Miralrío;De 10 a 14 años;1 de enero de 2020;0
Total;19 Guadalajara;19187 Miralrío;De 65 a 69 años;1 de enero de 2020;3
Total;19 Guadalajara;19187 Miralrío;De 70 a 74 años;1 de enero de 2020;6
Total;19 Guadalajara;19187 Miralrío;De 75 a 79 años;1 de enero de 2020;6
Total;19 Guadalajara;19187 Miralrío;De 80 a 84 años;1 de enero de 2020;4
Total;19 Guadalajara;19187 Miralrío;De 85 a 89 años;1 de enero de 2020;3
Total;19 Guadalajara;19187 Miralrío;De 90 a 94 años;1 de enero de 2020;2
Total;19 Guadalajara;19187 Miralrío;De 95 a 99 años;1 de enero de 2020;0
Total;19 Guadalajara;19187 Miralrío;100 y más años;1 de enero de 2020;0
Total;19 Guadalajara;19188 Mochales;Todas las edades;1 de enero de 2020;40
Total;19 Guadalajara;19188 Mochales;De 0 a 4 años;1 de enero de 2020;0
Total;19 Guadalajara;19188 Mochales;De 5 a 9 años;1 de enero de 2020;1
Total;19 Guadalajara;19188 Mochales;De 10 a 14 años;1 de enero de 2020;0
Total;19 Guadalajara;19188 Mochales;De 65 a 69 años;1 de enero de 2020;5
Total;19 Guadalajara;19188 Mochales;De 70 a 74 años;1 de enero de 2020;5
Total;19 Guadalajara;19188 Mochales;De 75 a 79 años;1 de enero de 2020;2
Total;19 Guadalajara;19188 Mochales;De 80 a 84 años;1 de enero de 2020;6
Total;19 Guadalajara;19188 Mochales;De 85 a 89 años;1 de enero de 2020;3
Total;19 Guadalajara;19188 Mochales;De 90 a 94 años;1 de enero de 2020;6
Total;19 Guadalajara;19188 Mochales;De 95 a 99 años;1 de enero de 2020;0
Total;19 Guadalajara;19188 Mochales;100 y más años;1 de enero de 2020;0
Total;19 Guadalajara;19189 Mohernando;Todas las edades;1 de enero de 2020;183
Total;19 Guadalajara;19189 Mohernando;De 0 a 4 años;1 de enero de 2020;3
Total;19 Guadalajara;19189 Mohernando;De 5 a 9 años;1 de enero de 2020;10
Total;19 Guadalajara;19189 Mohernando;De 10 a 14 años;1 de enero de 2020;17
Total;19 Guadalajara;19189 Mohernando;De 65 a 69 años;1 de enero de 2020;4
Total;19 Guadalajara;19189 Mohernando;De 70 a 74 años;1 de enero de 2020;8
Total;19 Guadalajara;19189 Mohernando;De 75 a 79 años;1 de enero de 2020;4
Total;19 Guadalajara;19189 Mohernando;De 80 a 84 años;1 de enero de 2020;4
Total;19 Guadalajara;19189 Mohernando;De 85 a 89 años;1 de enero de 2020;5
Total;19 Guadalajara;19189 Mohernando;De 90 a 94 años;1 de enero de 2020;2
Total;19 Guadalajara;19189 Mohernando;De 95 a 99 años;1 de enero de 2020;5
Total;19 Guadalajara;19189 Mohernando;100 y más años;1 de enero de 2020;0
Total;19 Guadalajara;19190 Molina de Aragón;Todas las edades;1 de enero de 2020;3.233
Total;19 Guadalajara;19190 Molina de Aragón;De 0 a 4 años;1 de enero de 2020;125
Total;19 Guadalajara;19190 Molina de Aragón;De 5 a 9 años;1 de enero de 2020;146
Total;19 Guadalajara;19190 Molina de Aragón;De 10 a 14 años;1 de enero de 2020;157
Total;19 Guadalajara;19190 Molina de Aragón;De 65 a 69 años;1 de enero de 2020;162
Total;19 Guadalajara;19190 Molina de Aragón;De 70 a 74 años;1 de enero de 2020;133
Total;19 Guadalajara;19190 Molina de Aragón;De 75 a 79 años;1 de enero de 2020;121
Total;19 Guadalajara;19190 Molina de Aragón;De 80 a 84 años;1 de enero de 2020;130
Total;19 Guadalajara;19190 Molina de Aragón;De 85 a 89 años;1 de enero de 2020;119
Total;19 Guadalajara;19190 Molina de Aragón;De 90 a 94 años;1 de enero de 2020;65
Total;19 Guadalajara;19190 Molina de Aragón;De 95 a 99 años;1 de enero de 2020;14
Total;19 Guadalajara;19190 Molina de Aragón;100 y más años;1 de enero de 2020;0
Total;19 Guadalajara;19191 Monasterio;Todas las edades;1 de enero de 2020;14
Total;19 Guadalajara;19191 Monasterio;De 0 a 4 años;1 de enero de 2020;1
Total;19 Guadalajara;19191 Monasterio;De 5 a 9 años;1 de enero de 2020;0
Total;19 Guadalajara;19191 Monasterio;De 10 a 14 años;1 de enero de 2020;0
Total;19 Guadalajara;19191 Monasterio;De 65 a 69 años;1 de enero de 2020;1
Total;19 Guadalajara;19191 Monasterio;De 70 a 74 años;1 de enero de 2020;2
Total;19 Guadalajara;19191 Monasterio;De 75 a 79 años;1 de enero de 2020;1
Total;19 Guadalajara;19191 Monasterio;De 80 a 84 años;1 de enero de 2020;0
Total;19 Guadalajara;19191 Monasterio;De 85 a 89 años;1 de enero de 2020;0
Total;19 Guadalajara;19191 Monasterio;De 90 a 94 años;1 de enero de 2020;0
Total;19 Guadalajara;19191 Monasterio;De 95 a 99 años;1 de enero de 2020;1
Total;19 Guadalajara;19191 Monasterio;100 y más años;1 de enero de 2020;0
Total;19 Guadalajara;19192 Mondéjar;Todas las edades;1 de enero de 2020;2.686
Total;19 Guadalajara;19192 Mondéjar;De 0 a 4 años;1 de enero de 2020;142
Total;19 Guadalajara;19192 Mondéjar;De 5 a 9 años;1 de enero de 2020;131
Total;19 Guadalajara;19192 Mondéjar;De 10 a 14 años;1 de enero de 2020;161
Total;19 Guadalajara;19192 Mondéjar;De 65 a 69 años;1 de enero de 2020;103
Total;19 Guadalajara;19192 Mondéjar;De 70 a 74 años;1 de enero de 2020;101
Total;19 Guadalajara;19192 Mondéjar;De 75 a 79 años;1 de enero de 2020;114
Total;19 Guadalajara;19192 Mondéjar;De 80 a 84 años;1 de enero de 2020;83
Total;19 Guadalajara;19192 Mondéjar;De 85 a 89 años;1 de enero de 2020;57
Total;19 Guadalajara;19192 Mondéjar;De 90 a 94 años;1 de enero de 2020;43
Total;19 Guadalajara;19192 Mondéjar;De 95 a 99 años;1 de enero de 2020;0
Total;19 Guadalajara;19192 Mondéjar;100 y más años;1 de enero de 2020;0
Total;19 Guadalajara;19193 Montarrón;Todas las edades;1 de enero de 2020;25
Total;19 Guadalajara;19193 Montarrón;De 0 a 4 años;1 de enero de 2020;0
Total;19 Guadalajara;19193 Montarrón;De 5 a 9 años;1 de enero de 2020;0
Total;19 Guadalajara;19193 Montarrón;De 10 a 14 años;1 de enero de 2020;0
Total;19 Guadalajara;19193 Montarrón;De 65 a 69 años;1 de enero de 2020;2
Total;19 Guadalajara;19193 Montarrón;De 70 a 74 años;1 de enero de 2020;2
Total;19 Guadalajara;19193 Montarrón;De 75 a 79 años;1 de enero de 2020;2
Total;19 Guadalajara;19193 Montarrón;De 80 a 84 años;1 de enero de 2020;1
Total;19 Guadalajara;19193 Montarrón;De 85 a 89 años;1 de enero de 2020;1
Total;19 Guadalajara;19193 Montarrón;De 90 a 94 años;1 de enero de 2020;2
Total;19 Guadalajara;19193 Montarrón;De 95 a 99 años;1 de enero de 2020;0
Total;19 Guadalajara;19193 Montarrón;100 y más años;1 de enero de 2020;0
Total;19 Guadalajara;19194 Moratilla de los Meleros;Todas las edades;1 de enero de 2020;100
Total;19 Guadalajara;19194 Moratilla de los Meleros;De 0 a 4 años;1 de enero de 2020;0
Total;19 Guadalajara;19194 Moratilla de los Meleros;De 5 a 9 años;1 de enero de 2020;0
Total;19 Guadalajara;19194 Moratilla de los Meleros;De 10 a 14 años;1 de enero de 2020;2
Total;19 Guadalajara;19194 Moratilla de los Meleros;De 65 a 69 años;1 de enero de 2020;11
Total;19 Guadalajara;19194 Moratilla de los Meleros;De 70 a 74 años;1 de enero de 2020;11
Total;19 Guadalajara;19194 Moratilla de los Meleros;De 75 a 79 años;1 de enero de 2020;3
Total;19 Guadalajara;19194 Moratilla de los Meleros;De 80 a 84 años;1 de enero de 2020;7
Total;19 Guadalajara;19194 Moratilla de los Meleros;De 85 a 89 años;1 de enero de 2020;5
Total;19 Guadalajara;19194 Moratilla de los Meleros;De 90 a 94 años;1 de enero de 2020;3
Total;19 Guadalajara;19194 Moratilla de los Meleros;De 95 a 99 años;1 de enero de 2020;1
Total;19 Guadalajara;19194 Moratilla de los Meleros;100 y más años;1 de enero de 2020;0
Total;19 Guadalajara;19195 Morenilla;Todas las edades;1 de enero de 2020;37
Total;19 Guadalajara;19195 Morenilla;De 0 a 4 años;1 de enero de 2020;0
Total;19 Guadalajara;19195 Morenilla;De 5 a 9 años;1 de enero de 2020;0
Total;19 Guadalajara;19195 Morenilla;De 10 a 14 años;1 de enero de 2020;0
Total;19 Guadalajara;19195 Morenilla;De 65 a 69 años;1 de enero de 2020;6
Total;19 Guadalajara;19195 Morenilla;De 70 a 74 años;1 de enero de 2020;1
Total;19 Guadalajara;19195 Morenilla;De 75 a 79 años;1 de enero de 2020;1
Total;19 Guadalajara;19195 Morenilla;De 80 a 84 años;1 de enero de 2020;0
Total;19 Guadalajara;19195 Morenilla;De 85 a 89 años;1 de enero de 2020;3
Total;19 Guadalajara;19195 Morenilla;De 90 a 94 años;1 de enero de 2020;3
Total;19 Guadalajara;19195 Morenilla;De 95 a 99 años;1 de enero de 2020;0
Total;19 Guadalajara;19195 Morenilla;100 y más años;1 de enero de 2020;0
Total;19 Guadalajara;19196 Muduex;Todas las edades;1 de enero de 2020;100
Total;19 Guadalajara;19196 Muduex;De 0 a 4 años;1 de enero de 2020;1
Total;19 Guadalajara;19196 Muduex;De 5 a 9 años;1 de enero de 2020;0
Total;19 Guadalajara;19196 Muduex;De 10 a 14 años;1 de enero de 2020;3
Total;19 Guadalajara;19196 Muduex;De 65 a 69 años;1 de enero de 2020;10
Total;19 Guadalajara;19196 Muduex;De 70 a 74 años;1 de enero de 2020;4
Total;19 Guadalajara;19196 Muduex;De 75 a 79 años;1 de enero de 2020;5
Total;19 Guadalajara;19196 Muduex;De 80 a 84 años;1 de enero de 2020;2
Total;19 Guadalajara;19196 Muduex;De 85 a 89 años;1 de enero de 2020;5
Total;19 Guadalajara;19196 Muduex;De 90 a 94 años;1 de enero de 2020;2
Total;19 Guadalajara;19196 Muduex;De 95 a 99 años;1 de enero de 2020;1
Total;19 Guadalajara;19196 Muduex;100 y más años;1 de enero de 2020;0
Total;19 Guadalajara;19197 Navas de Jadraque, Las;Todas las edades;1 de enero de 2020;32
Total;19 Guadalajara;19197 Navas de Jadraque, Las;De 0 a 4 años;1 de enero de 2020;1
Total;19 Guadalajara;19197 Navas de Jadraque, Las;De 5 a 9 años;1 de enero de 2020;0
Total;19 Guadalajara;19197 Navas de Jadraque, Las;De 10 a 14 años;1 de enero de 2020;0
Total;19 Guadalajara;19197 Navas de Jadraque, Las;De 65 a 69 años;1 de enero de 2020;8
Total;19 Guadalajara;19197 Navas de Jadraque, Las;De 70 a 74 años;1 de enero de 2020;3
Total;19 Guadalajara;19197 Navas de Jadraque, Las;De 75 a 79 años;1 de enero de 2020;1
Total;19 Guadalajara;19197 Navas de Jadraque, Las;De 80 a 84 años;1 de enero de 2020;1
Total;19 Guadalajara;19197 Navas de Jadraque, Las;De 85 a 89 años;1 de enero de 2020;2
Total;19 Guadalajara;19197 Navas de Jadraque, Las;De 90 a 94 años;1 de enero de 2020;0
Total;19 Guadalajara;19197 Navas de Jadraque, Las;De 95 a 99 años;1 de enero de 2020;0
Total;19 Guadalajara;19197 Navas de Jadraque, Las;100 y más años;1 de enero de 2020;0
Total;19 Guadalajara;19198 Negredo;Todas las edades;1 de enero de 2020;17
Total;19 Guadalajara;19198 Negredo;De 0 a 4 años;1 de enero de 2020;0
Total;19 Guadalajara;19198 Negredo;De 5 a 9 años;1 de enero de 2020;0
Total;19 Guadalajara;19198 Negredo;De 10 a 14 años;1 de enero de 2020;0
Total;19 Guadalajara;19198 Negredo;De 65 a 69 años;1 de enero de 2020;0
Total;19 Guadalajara;19198 Negredo;De 70 a 74 años;1 de enero de 2020;0
Total;19 Guadalajara;19198 Negredo;De 75 a 79 años;1 de enero de 2020;4
Total;19 Guadalajara;19198 Negredo;De 80 a 84 años;1 de enero de 2020;2
Total;19 Guadalajara;19198 Negredo;De 85 a 89 años;1 de enero de 2020;1
Total;19 Guadalajara;19198 Negredo;De 90 a 94 años;1 de enero de 2020;1
Total;19 Guadalajara;19198 Negredo;De 95 a 99 años;1 de enero de 2020;0
Total;19 Guadalajara;19198 Negredo;100 y más años;1 de enero de 2020;0
Total;19 Guadalajara;19199 Ocentejo;Todas las edades;1 de enero de 2020;18
Total;19 Guadalajara;19199 Ocentejo;De 0 a 4 años;1 de enero de 2020;0
Total;19 Guadalajara;19199 Ocentejo;De 5 a 9 años;1 de enero de 2020;0
Total;19 Guadalajara;19199 Ocentejo;De 10 a 14 años;1 de enero de 2020;0
Total;19 Guadalajara;19199 Ocentejo;De 65 a 69 años;1 de enero de 2020;4
Total;19 Guadalajara;19199 Ocentejo;De 70 a 74 años;1 de enero de 2020;1
Total;19 Guadalajara;19199 Ocentejo;De 75 a 79 años;1 de enero de 2020;2
Total;19 Guadalajara;19199 Ocentejo;De 80 a 84 años;1 de enero de 2020;3
Total;19 Guadalajara;19199 Ocentejo;De 85 a 89 años;1 de enero de 2020;0
Total;19 Guadalajara;19199 Ocentejo;De 90 a 94 años;1 de enero de 2020;0
Total;19 Guadalajara;19199 Ocentejo;De 95 a 99 años;1 de enero de 2020;0
Total;19 Guadalajara;19199 Ocentejo;100 y más años;1 de enero de 2020;0
Total;19 Guadalajara;19200 Olivar, El;Todas las edades;1 de enero de 2020;69
Total;19 Guadalajara;19200 Olivar, El;De 0 a 4 años;1 de enero de 2020;2
Total;19 Guadalajara;19200 Olivar, El;De 5 a 9 años;1 de enero de 2020;3
Total;19 Guadalajara;19200 Olivar, El;De 10 a 14 años;1 de enero de 2020;0
Total;19 Guadalajara;19200 Olivar, El;De 65 a 69 años;1 de enero de 2020;4
Total;19 Guadalajara;19200 Olivar, El;De 70 a 74 años;1 de enero de 2020;8
Total;19 Guadalajara;19200 Olivar, El;De 75 a 79 años;1 de enero de 2020;5
Total;19 Guadalajara;19200 Olivar, El;De 80 a 84 años;1 de enero de 2020;2
Total;19 Guadalajara;19200 Olivar, El;De 85 a 89 años;1 de enero de 2020;0
Total;19 Guadalajara;19200 Olivar, El;De 90 a 94 años;1 de enero de 2020;2
Total;19 Guadalajara;19200 Olivar, El;De 95 a 99 años;1 de enero de 2020;1
Total;19 Guadalajara;19200 Olivar, El;100 y más años;1 de enero de 2020;0
Total;19 Guadalajara;19201 Olmeda de Cobeta;Todas las edades;1 de enero de 2020;67
Total;19 Guadalajara;19201 Olmeda de Cobeta;De 0 a 4 años;1 de enero de 2020;1
Total;19 Guadalajara;19201 Olmeda de Cobeta;De 5 a 9 años;1 de enero de 2020;0
Total;19 Guadalajara;19201 Olmeda de Cobeta;De 10 a 14 años;1 de enero de 2020;0
Total;19 Guadalajara;19201 Olmeda de Cobeta;De 65 a 69 años;1 de enero de 2020;3
Total;19 Guadalajara;19201 Olmeda de Cobeta;De 70 a 74 años;1 de enero de 2020;6
Total;19 Guadalajara;19201 Olmeda de Cobeta;De 75 a 79 años;1 de enero de 2020;9
Total;19 Guadalajara;19201 Olmeda de Cobeta;De 80 a 84 años;1 de enero de 2020;4
Total;19 Guadalajara;19201 Olmeda de Cobeta;De 85 a 89 años;1 de enero de 2020;5
Total;19 Guadalajara;19201 Olmeda de Cobeta;De 90 a 94 años;1 de enero de 2020;5
Total;19 Guadalajara;19201 Olmeda de Cobeta;De 95 a 99 años;1 de enero de 2020;0
Total;19 Guadalajara;19201 Olmeda de Cobeta;100 y más años;1 de enero de 2020;0
Total;19 Guadalajara;19202 Olmeda de Jadraque, La;Todas las edades;1 de enero de 2020;15
Total;19 Guadalajara;19202 Olmeda de Jadraque, La;De 0 a 4 años;1 de enero de 2020;0
Total;19 Guadalajara;19202 Olmeda de Jadraque, La;De 5 a 9 años;1 de enero de 2020;0
Total;19 Guadalajara;19202 Olmeda de Jadraque, La;De 10 a 14 años;1 de enero de 2020;0
Total;19 Guadalajara;19202 Olmeda de Jadraque, La;De 65 a 69 años;1 de enero de 2020;0
Total;19 Guadalajara;19202 Olmeda de Jadraque, La;De 70 a 74 años;1 de enero de 2020;1
Total;19 Guadalajara;19202 Olmeda de Jadraque, La;De 75 a 79 años;1 de enero de 2020;2
Total;19 Guadalajara;19202 Olmeda de Jadraque, La;De 80 a 84 años;1 de enero de 2020;0
Total;19 Guadalajara;19202 Olmeda de Jadraque, La;De 85 a 89 años;1 de enero de 2020;0
Total;19 Guadalajara;19202 Olmeda de Jadraque, La;De 90 a 94 años;1 de enero de 2020;0
Total;19 Guadalajara;19202 Olmeda de Jadraque, La;De 95 a 99 años;1 de enero de 2020;0
Total;19 Guadalajara;19202 Olmeda de Jadraque, La;100 y más años;1 de enero de 2020;0
Total;19 Guadalajara;19203 Ordial, El;Todas las edades;1 de enero de 2020;28
Total;19 Guadalajara;19203 Ordial, El;De 0 a 4 años;1 de enero de 2020;0
Total;19 Guadalajara;19203 Ordial, El;De 5 a 9 años;1 de enero de 2020;1
Total;19 Guadalajara;19203 Ordial, El;De 10 a 14 años;1 de enero de 2020;0
Total;19 Guadalajara;19203 Ordial, El;De 65 a 69 años;1 de enero de 2020;4
Total;19 Guadalajara;19203 Ordial, El;De 70 a 74 años;1 de enero de 2020;6
Total;19 Guadalajara;19203 Ordial, El;De 75 a 79 años;1 de enero de 2020;2
Total;19 Guadalajara;19203 Ordial, El;De 80 a 84 años;1 de enero de 2020;1
Total;19 Guadalajara;19203 Ordial, El;De 85 a 89 años;1 de enero de 2020;1
Total;19 Guadalajara;19203 Ordial, El;De 90 a 94 años;1 de enero de 2020;0
Total;19 Guadalajara;19203 Ordial, El;De 95 a 99 años;1 de enero de 2020;0
Total;19 Guadalajara;19203 Ordial, El;100 y más años;1 de enero de 2020;0
Total;19 Guadalajara;19204 Orea;Todas las edades;1 de enero de 2020;181
Total;19 Guadalajara;19204 Orea;De 0 a 4 años;1 de enero de 2020;5
Total;19 Guadalajara;19204 Orea;De 5 a 9 años;1 de enero de 2020;8
Total;19 Guadalajara;19204 Orea;De 10 a 14 años;1 de enero de 2020;8
Total;19 Guadalajara;19204 Orea;De 65 a 69 años;1 de enero de 2020;10
Total;19 Guadalajara;19204 Orea;De 70 a 74 años;1 de enero de 2020;7
Total;19 Guadalajara;19204 Orea;De 75 a 79 años;1 de enero de 2020;6
Total;19 Guadalajara;19204 Orea;De 80 a 84 años;1 de enero de 2020;8
Total;19 Guadalajara;19204 Orea;De 85 a 89 años;1 de enero de 2020;13
Total;19 Guadalajara;19204 Orea;De 90 a 94 años;1 de enero de 2020;4
Total;19 Guadalajara;19204 Orea;De 95 a 99 años;1 de enero de 2020;1
Total;19 Guadalajara;19204 Orea;100 y más años;1 de enero de 2020;0
Total;19 Guadalajara;19208 Pálmaces de Jadraque;Todas las edades;1 de enero de 2020;40
Total;19 Guadalajara;19208 Pálmaces de Jadraque;De 0 a 4 años;1 de enero de 2020;0
Total;19 Guadalajara;19208 Pálmaces de Jadraque;De 5 a 9 años;1 de enero de 2020;0
Total;19 Guadalajara;19208 Pálmaces de Jadraque;De 10 a 14 años;1 de enero de 2020;0
Total;19 Guadalajara;19208 Pálmaces de Jadraque;De 65 a 69 años;1 de enero de 2020;4
Total;19 Guadalajara;19208 Pálmaces de Jadraque;De 70 a 74 años;1 de enero de 2020;8
Total;19 Guadalajara;19208 Pálmaces de Jadraque;De 75 a 79 años;1 de enero de 2020;4
Total;19 Guadalajara;19208 Pálmaces de Jadraque;De 80 a 84 años;1 de enero de 2020;4
Total;19 Guadalajara;19208 Pálmaces de Jadraque;De 85 a 89 años;1 de enero de 2020;1
Total;19 Guadalajara;19208 Pálmaces de Jadraque;De 90 a 94 años;1 de enero de 2020;3
Total;19 Guadalajara;19208 Pálmaces de Jadraque;De 95 a 99 años;1 de enero de 2020;1
Total;19 Guadalajara;19208 Pálmaces de Jadraque;100 y más años;1 de enero de 2020;0
Total;19 Guadalajara;19209 Pardos;Todas las edades;1 de enero de 2020;43
Total;19 Guadalajara;19209 Pardos;De 0 a 4 años;1 de enero de 2020;0
Total;19 Guadalajara;19209 Pardos;De 5 a 9 años;1 de enero de 2020;0
Total;19 Guadalajara;19209 Pardos;De 10 a 14 años;1 de enero de 2020;1
Total;19 Guadalajara;19209 Pardos;De 65 a 69 años;1 de enero de 2020;4
Total;19 Guadalajara;19209 Pardos;De 70 a 74 años;1 de enero de 2020;0
Total;19 Guadalajara;19209 Pardos;De 75 a 79 años;1 de enero de 2020;0
Total;19 Guadalajara;19209 Pardos;De 80 a 84 años;1 de enero de 2020;2
Total;19 Guadalajara;19209 Pardos;De 85 a 89 años;1 de enero de 2020;7
Total;19 Guadalajara;19209 Pardos;De 90 a 94 años;1 de enero de 2020;6
Total;19 Guadalajara;19209 Pardos;De 95 a 99 años;1 de enero de 2020;0
Total;19 Guadalajara;19209 Pardos;100 y más años;1 de enero de 2020;0
Total;19 Guadalajara;19210 Paredes de Sigüenza;Todas las edades;1 de enero de 2020;22
Total;19 Guadalajara;19210 Paredes de Sigüenza;De 0 a 4 años;1 de enero de 2020;0
Total;19 Guadalajara;19210 Paredes de Sigüenza;De 5 a 9 años;1 de enero de 2020;0
Total;19 Guadalajara;19210 Paredes de Sigüenza;De 10 a 14 años;1 de enero de 2020;1
Total;19 Guadalajara;19210 Paredes de Sigüenza;De 65 a 69 años;1 de enero de 2020;1
Total;19 Guadalajara;19210 Paredes de Sigüenza;De 70 a 74 años;1 de enero de 2020;1
Total;19 Guadalajara;19210 Paredes de Sigüenza;De 75 a 79 años;1 de enero de 2020;2
Total;19 Guadalajara;19210 Paredes de Sigüenza;De 80 a 84 años;1 de enero de 2020;4
Total;19 Guadalajara;19210 Paredes de Sigüenza;De 85 a 89 años;1 de enero de 2020;1
Total;19 Guadalajara;19210 Paredes de Sigüenza;De 90 a 94 años;1 de enero de 2020;2
Total;19 Guadalajara;19210 Paredes de Sigüenza;De 95 a 99 años;1 de enero de 2020;0
Total;19 Guadalajara;19210 Paredes de Sigüenza;100 y más años;1 de enero de 2020;0
Total;19 Guadalajara;19211 Pareja;Todas las edades;1 de enero de 2020;393
Total;19 Guadalajara;19211 Pareja;De 0 a 4 años;1 de enero de 2020;7
Total;19 Guadalajara;19211 Pareja;De 5 a 9 años;1 de enero de 2020;9
Total;19 Guadalajara;19211 Pareja;De 10 a 14 años;1 de enero de 2020;7
Total;19 Guadalajara;19211 Pareja;De 65 a 69 años;1 de enero de 2020;39
Total;19 Guadalajara;19211 Pareja;De 70 a 74 años;1 de enero de 2020;30
Total;19 Guadalajara;19211 Pareja;De 75 a 79 años;1 de enero de 2020;24
Total;19 Guadalajara;19211 Pareja;De 80 a 84 años;1 de enero de 2020;25
Total;19 Guadalajara;19211 Pareja;De 85 a 89 años;1 de enero de 2020;20
Total;19 Guadalajara;19211 Pareja;De 90 a 94 años;1 de enero de 2020;4
Total;19 Guadalajara;19211 Pareja;De 95 a 99 años;1 de enero de 2020;2
Total;19 Guadalajara;19211 Pareja;100 y más años;1 de enero de 2020;1
Total;19 Guadalajara;19212 Pastrana;Todas las edades;1 de enero de 2020;858
Total;19 Guadalajara;19212 Pastrana;De 0 a 4 años;1 de enero de 2020;27
Total;19 Guadalajara;19212 Pastrana;De 5 a 9 años;1 de enero de 2020;42
Total;19 Guadalajara;19212 Pastrana;De 10 a 14 años;1 de enero de 2020;39
Total;19 Guadalajara;19212 Pastrana;De 65 a 69 años;1 de enero de 2020;51
Total;19 Guadalajara;19212 Pastrana;De 70 a 74 años;1 de enero de 2020;39
Total;19 Guadalajara;19212 Pastrana;De 75 a 79 años;1 de enero de 2020;52
Total;19 Guadalajara;19212 Pastrana;De 80 a 84 años;1 de enero de 2020;50
Total;19 Guadalajara;19212 Pastrana;De 85 a 89 años;1 de enero de 2020;45
Total;19 Guadalajara;19212 Pastrana;De 90 a 94 años;1 de enero de 2020;20
Total;19 Guadalajara;19212 Pastrana;De 95 a 99 años;1 de enero de 2020;3
Total;19 Guadalajara;19212 Pastrana;100 y más años;1 de enero de 2020;1
Total;19 Guadalajara;19213 Pedregal, El;Todas las edades;1 de enero de 2020;72
Total;19 Guadalajara;19213 Pedregal, El;De 0 a 4 años;1 de enero de 2020;1
Total;19 Guadalajara;19213 Pedregal, El;De 5 a 9 años;1 de enero de 2020;0
Total;19 Guadalajara;19213 Pedregal, El;De 10 a 14 años;1 de enero de 2020;2
Total;19 Guadalajara;19213 Pedregal, El;De 65 a 69 años;1 de enero de 2020;4
Total;19 Guadalajara;19213 Pedregal, El;De 70 a 74 años;1 de enero de 2020;6
Total;19 Guadalajara;19213 Pedregal, El;De 75 a 79 años;1 de enero de 2020;3
Total;19 Guadalajara;19213 Pedregal, El;De 80 a 84 años;1 de enero de 2020;0
Total;19 Guadalajara;19213 Pedregal, El;De 85 a 89 años;1 de enero de 2020;5
Total;19 Guadalajara;19213 Pedregal, El;De 90 a 94 años;1 de enero de 2020;3
Total;19 Guadalajara;19213 Pedregal, El;De 95 a 99 años;1 de enero de 2020;3
Total;19 Guadalajara;19213 Pedregal, El;100 y más años;1 de enero de 2020;0
Total;19 Guadalajara;19214 Peñalén;Todas las edades;1 de enero de 2020;75
Total;19 Guadalajara;19214 Peñalén;De 0 a 4 años;1 de enero de 2020;0
Total;19 Guadalajara;19214 Peñalén;De 5 a 9 años;1 de enero de 2020;0
Total;19 Guadalajara;19214 Peñalén;De 10 a 14 años;1 de enero de 2020;1
Total;19 Guadalajara;19214 Peñalén;De 65 a 69 años;1 de enero de 2020;7
Total;19 Guadalajara;19214 Peñalén;De 70 a 74 años;1 de enero de 2020;4
Total;19 Guadalajara;19214 Peñalén;De 75 a 79 años;1 de enero de 2020;9
Total;19 Guadalajara;19214 Peñalén;De 80 a 84 años;1 de enero de 2020;7
Total;19 Guadalajara;19214 Peñalén;De 85 a 89 años;1 de enero de 2020;6
Total;19 Guadalajara;19214 Peñalén;De 90 a 94 años;1 de enero de 2020;3
Total;19 Guadalajara;19214 Peñalén;De 95 a 99 años;1 de enero de 2020;1
Total;19 Guadalajara;19214 Peñalén;100 y más años;1 de enero de 2020;0
Total;19 Guadalajara;19215 Peñalver;Todas las edades;1 de enero de 2020;133
Total;19 Guadalajara;19215 Peñalver;De 0 a 4 años;1 de enero de 2020;0
Total;19 Guadalajara;19215 Peñalver;De 5 a 9 años;1 de enero de 2020;1
Total;19 Guadalajara;19215 Peñalver;De 10 a 14 años;1 de enero de 2020;0
Total;19 Guadalajara;19215 Peñalver;De 65 a 69 años;1 de enero de 2020;14
Total;19 Guadalajara;19215 Peñalver;De 70 a 74 años;1 de enero de 2020;12
Total;19 Guadalajara;19215 Peñalver;De 75 a 79 años;1 de enero de 2020;7
Total;19 Guadalajara;19215 Peñalver;De 80 a 84 años;1 de enero de 2020;12
Total;19 Guadalajara;19215 Peñalver;De 85 a 89 años;1 de enero de 2020;12
Total;19 Guadalajara;19215 Peñalver;De 90 a 94 años;1 de enero de 2020;2
Total;19 Guadalajara;19215 Peñalver;De 95 a 99 años;1 de enero de 2020;0
Total;19 Guadalajara;19215 Peñalver;100 y más años;1 de enero de 2020;0
Total;19 Guadalajara;19216 Peralejos de las Truchas;Todas las edades;1 de enero de 2020;152
Total;19 Guadalajara;19216 Peralejos de las Truchas;De 0 a 4 años;1 de enero de 2020;4
Total;19 Guadalajara;19216 Peralejos de las Truchas;De 5 a 9 años;1 de enero de 2020;3
Total;19 Guadalajara;19216 Peralejos de las Truchas;De 10 a 14 años;1 de enero de 2020;5
Total;19 Guadalajara;19216 Peralejos de las Truchas;De 65 a 69 años;1 de enero de 2020;5
Total;19 Guadalajara;19216 Peralejos de las Truchas;De 70 a 74 años;1 de enero de 2020;8
Total;19 Guadalajara;19216 Peralejos de las Truchas;De 75 a 79 años;1 de enero de 2020;8
Total;19 Guadalajara;19216 Peralejos de las Truchas;De 80 a 84 años;1 de enero de 2020;8
Total;19 Guadalajara;19216 Peralejos de las Truchas;De 85 a 89 años;1 de enero de 2020;8
Total;19 Guadalajara;19216 Peralejos de las Truchas;De 90 a 94 años;1 de enero de 2020;2
Total;19 Guadalajara;19216 Peralejos de las Truchas;De 95 a 99 años;1 de enero de 2020;0
Total;19 Guadalajara;19216 Peralejos de las Truchas;100 y más años;1 de enero de 2020;0
Total;19 Guadalajara;19217 Peralveche;Todas las edades;1 de enero de 2020;38
Total;19 Guadalajara;19217 Peralveche;De 0 a 4 años;1 de enero de 2020;1
Total;19 Guadalajara;19217 Peralveche;De 5 a 9 años;1 de enero de 2020;0
Total;19 Guadalajara;19217 Peralveche;De 10 a 14 años;1 de enero de 2020;0
Total;19 Guadalajara;19217 Peralveche;De 65 a 69 años;1 de enero de 2020;9
Total;19 Guadalajara;19217 Peralveche;De 70 a 74 años;1 de enero de 2020;4
Total;19 Guadalajara;19217 Peralveche;De 75 a 79 años;1 de enero de 2020;6
Total;19 Guadalajara;19217 Peralveche;De 80 a 84 años;1 de enero de 2020;0
Total;19 Guadalajara;19217 Peralveche;De 85 a 89 años;1 de enero de 2020;0
Total;19 Guadalajara;19217 Peralveche;De 90 a 94 años;1 de enero de 2020;0
Total;19 Guadalajara;19217 Peralveche;De 95 a 99 años;1 de enero de 2020;0
Total;19 Guadalajara;19217 Peralveche;100 y más años;1 de enero de 2020;0
Total;19 Guadalajara;19218 Pinilla de Jadraque;Todas las edades;1 de enero de 2020;47
Total;19 Guadalajara;19218 Pinilla de Jadraque;De 0 a 4 años;1 de enero de 2020;1
Total;19 Guadalajara;19218 Pinilla de Jadraque;De 5 a 9 años;1 de enero de 2020;2
Total;19 Guadalajara;19218 Pinilla de Jadraque;De 10 a 14 años;1 de enero de 2020;0
Total;19 Guadalajara;19218 Pinilla de Jadraque;De 65 a 69 años;1 de enero de 2020;4
Total;19 Guadalajara;19218 Pinilla de Jadraque;De 70 a 74 años;1 de enero de 2020;2
Total;19 Guadalajara;19218 Pinilla de Jadraque;De 75 a 79 años;1 de enero de 2020;2
Total;19 Guadalajara;19218 Pinilla de Jadraque;De 80 a 84 años;1 de enero de 2020;6
Total;19 Guadalajara;19218 Pinilla de Jadraque;De 85 a 89 años;1 de enero de 2020;4
Total;19 Guadalajara;19218 Pinilla de Jadraque;De 90 a 94 años;1 de enero de 2020;0
Total;19 Guadalajara;19218 Pinilla de Jadraque;De 95 a 99 años;1 de enero de 2020;1
Total;19 Guadalajara;19218 Pinilla de Jadraque;100 y más años;1 de enero de 2020;0
Total;19 Guadalajara;19219 Pinilla de Molina;Todas las edades;1 de enero de 2020;9
Total;19 Guadalajara;19219 Pinilla de Molina;De 0 a 4 años;1 de enero de 2020;0
Total;19 Guadalajara;19219 Pinilla de Molina;De 5 a 9 años;1 de enero de 2020;0
Total;19 Guadalajara;19219 Pinilla de Molina;De 10 a 14 años;1 de enero de 2020;0
Total;19 Guadalajara;19219 Pinilla de Molina;De 65 a 69 años;1 de enero de 2020;0
Total;19 Guadalajara;19219 Pinilla de Molina;De 70 a 74 años;1 de enero de 2020;1
Total;19 Guadalajara;19219 Pinilla de Molina;De 75 a 79 años;1 de enero de 2020;0
Total;19 Guadalajara;19219 Pinilla de Molina;De 80 a 84 años;1 de enero de 2020;0
Total;19 Guadalajara;19219 Pinilla de Molina;De 85 a 89 años;1 de enero de 2020;1
Total;19 Guadalajara;19219 Pinilla de Molina;De 90 a 94 años;1 de enero de 2020;0
Total;19 Guadalajara;19219 Pinilla de Molina;De 95 a 99 años;1 de enero de 2020;0
Total;19 Guadalajara;19219 Pinilla de Molina;100 y más años;1 de enero de 2020;0
Total;19 Guadalajara;19220 Pioz;Todas las edades;1 de enero de 2020;4.352
Total;19 Guadalajara;19220 Pioz;De 0 a 4 años;1 de enero de 2020;290
Total;19 Guadalajara;19220 Pioz;De 5 a 9 años;1 de enero de 2020;357
Total;19 Guadalajara;19220 Pioz;De 10 a 14 años;1 de enero de 2020;342
Total;19 Guadalajara;19220 Pioz;De 65 a 69 años;1 de enero de 2020;112
Total;19 Guadalajara;19220 Pioz;De 70 a 74 años;1 de enero de 2020;78
Total;19 Guadalajara;19220 Pioz;De 75 a 79 años;1 de enero de 2020;39
Total;19 Guadalajara;19220 Pioz;De 80 a 84 años;1 de enero de 2020;17
Total;19 Guadalajara;19220 Pioz;De 85 a 89 años;1 de enero de 2020;19
Total;19 Guadalajara;19220 Pioz;De 90 a 94 años;1 de enero de 2020;7
Total;19 Guadalajara;19220 Pioz;De 95 a 99 años;1 de enero de 2020;0
Total;19 Guadalajara;19220 Pioz;100 y más años;1 de enero de 2020;0
Total;19 Guadalajara;19221 Piqueras;Todas las edades;1 de enero de 2020;52
Total;19 Guadalajara;19221 Piqueras;De 0 a 4 años;1 de enero de 2020;5
Total;19 Guadalajara;19221 Piqueras;De 5 a 9 años;1 de enero de 2020;5
Total;19 Guadalajara;19221 Piqueras;De 10 a 14 años;1 de enero de 2020;1
Total;19 Guadalajara;19221 Piqueras;De 65 a 69 años;1 de enero de 2020;1
Total;19 Guadalajara;19221 Piqueras;De 70 a 74 años;1 de enero de 2020;0
Total;19 Guadalajara;19221 Piqueras;De 75 a 79 años;1 de enero de 2020;2
Total;19 Guadalajara;19221 Piqueras;De 80 a 84 años;1 de enero de 2020;4
Total;19 Guadalajara;19221 Piqueras;De 85 a 89 años;1 de enero de 2020;2
Total;19 Guadalajara;19221 Piqueras;De 90 a 94 años;1 de enero de 2020;1
Total;19 Guadalajara;19221 Piqueras;De 95 a 99 años;1 de enero de 2020;0
Total;19 Guadalajara;19221 Piqueras;100 y más años;1 de enero de 2020;0
Total;19 Guadalajara;19222 Pobo de Dueñas, El;Todas las edades;1 de enero de 2020;108
Total;19 Guadalajara;19222 Pobo de Dueñas, El;De 0 a 4 años;1 de enero de 2020;1
Total;19 Guadalajara;19222 Pobo de Dueñas, El;De 5 a 9 años;1 de enero de 2020;1
Total;19 Guadalajara;19222 Pobo de Dueñas, El;De 10 a 14 años;1 de enero de 2020;5
Total;19 Guadalajara;19222 Pobo de Dueñas, El;De 65 a 69 años;1 de enero de 2020;6
Total;19 Guadalajara;19222 Pobo de Dueñas, El;De 70 a 74 años;1 de enero de 2020;8
Total;19 Guadalajara;19222 Pobo de Dueñas, El;De 75 a 79 años;1 de enero de 2020;3
Total;19 Guadalajara;19222 Pobo de Dueñas, El;De 80 a 84 años;1 de enero de 2020;7
Total;19 Guadalajara;19222 Pobo de Dueñas, El;De 85 a 89 años;1 de enero de 2020;10
Total;19 Guadalajara;19222 Pobo de Dueñas, El;De 90 a 94 años;1 de enero de 2020;11
Total;19 Guadalajara;19222 Pobo de Dueñas, El;De 95 a 99 años;1 de enero de 2020;1
Total;19 Guadalajara;19222 Pobo de Dueñas, El;100 y más años;1 de enero de 2020;1
Total;19 Guadalajara;19223 Poveda de la Sierra;Todas las edades;1 de enero de 2020;114
Total;19 Guadalajara;19223 Poveda de la Sierra;De 0 a 4 años;1 de enero de 2020;1
Total;19 Guadalajara;19223 Poveda de la Sierra;De 5 a 9 años;1 de enero de 2020;1
Total;19 Guadalajara;19223 Poveda de la Sierra;De 10 a 14 años;1 de enero de 2020;4
Total;19 Guadalajara;19223 Poveda de la Sierra;De 65 a 69 años;1 de enero de 2020;6
Total;19 Guadalajara;19223 Poveda de la Sierra;De 70 a 74 años;1 de enero de 2020;1
Total;19 Guadalajara;19223 Poveda de la Sierra;De 75 a 79 años;1 de enero de 2020;8
Total;19 Guadalajara;19223 Poveda de la Sierra;De 80 a 84 años;1 de enero de 2020;4
Total;19 Guadalajara;19223 Poveda de la Sierra;De 85 a 89 años;1 de enero de 2020;5
Total;19 Guadalajara;19223 Poveda de la Sierra;De 90 a 94 años;1 de enero de 2020;4
Total;19 Guadalajara;19223 Poveda de la Sierra;De 95 a 99 años;1 de enero de 2020;3
Total;19 Guadalajara;19223 Poveda de la Sierra;100 y más años;1 de enero de 2020;0
Total;19 Guadalajara;19224 Pozo de Almoguera;Todas las edades;1 de enero de 2020;107
Total;19 Guadalajara;19224 Pozo de Almoguera;De 0 a 4 años;1 de enero de 2020;1
Total;19 Guadalajara;19224 Pozo de Almoguera;De 5 a 9 años;1 de enero de 2020;0
Total;19 Guadalajara;19224 Pozo de Almoguera;De 10 a 14 años;1 de enero de 2020;0
Total;19 Guadalajara;19224 Pozo de Almoguera;De 65 a 69 años;1 de enero de 2020;10
Total;19 Guadalajara;19224 Pozo de Almoguera;De 70 a 74 años;1 de enero de 2020;14
Total;19 Guadalajara;19224 Pozo de Almoguera;De 75 a 79 años;1 de enero de 2020;11
Total;19 Guadalajara;19224 Pozo de Almoguera;De 80 a 84 años;1 de enero de 2020;9
Total;19 Guadalajara;19224 Pozo de Almoguera;De 85 a 89 años;1 de enero de 2020;6
Total;19 Guadalajara;19224 Pozo de Almoguera;De 90 a 94 años;1 de enero de 2020;2
Total;19 Guadalajara;19224 Pozo de Almoguera;De 95 a 99 años;1 de enero de 2020;0
Total;19 Guadalajara;19224 Pozo de Almoguera;100 y más años;1 de enero de 2020;0
Total;19 Guadalajara;19225 Pozo de Guadalajara;Todas las edades;1 de enero de 2020;1.332
Total;19 Guadalajara;19225 Pozo de Guadalajara;De 0 a 4 años;1 de enero de 2020;69
Total;19 Guadalajara;19225 Pozo de Guadalajara;De 5 a 9 años;1 de enero de 2020;87
Total;19 Guadalajara;19225 Pozo de Guadalajara;De 10 a 14 años;1 de enero de 2020;112
Total;19 Guadalajara;19225 Pozo de Guadalajara;De 65 a 69 años;1 de enero de 2020;53
Total;19 Guadalajara;19225 Pozo de Guadalajara;De 70 a 74 años;1 de enero de 2020;25
Total;19 Guadalajara;19225 Pozo de Guadalajara;De 75 a 79 años;1 de enero de 2020;17
Total;19 Guadalajara;19225 Pozo de Guadalajara;De 80 a 84 años;1 de enero de 2020;9
Total;19 Guadalajara;19225 Pozo de Guadalajara;De 85 a 89 años;1 de enero de 2020;12
Total;19 Guadalajara;19225 Pozo de Guadalajara;De 90 a 94 años;1 de enero de 2020;5
Total;19 Guadalajara;19225 Pozo de Guadalajara;De 95 a 99 años;1 de enero de 2020;1
Total;19 Guadalajara;19225 Pozo de Guadalajara;100 y más años;1 de enero de 2020;0
Total;19 Guadalajara;19226 Prádena de Atienza;Todas las edades;1 de enero de 2020;47
Total;19 Guadalajara;19226 Prádena de Atienza;De 0 a 4 años;1 de enero de 2020;1
Total;19 Guadalajara;19226 Prádena de Atienza;De 5 a 9 años;1 de enero de 2020;1
Total;19 Guadalajara;19226 Prádena de Atienza;De 10 a 14 años;1 de enero de 2020;0
Total;19 Guadalajara;19226 Prádena de Atienza;De 65 a 69 años;1 de enero de 2020;1
Total;19 Guadalajara;19226 Prádena de Atienza;De 70 a 74 años;1 de enero de 2020;2
Total;19 Guadalajara;19226 Prádena de Atienza;De 75 a 79 años;1 de enero de 2020;4
Total;19 Guadalajara;19226 Prádena de Atienza;De 80 a 84 años;1 de enero de 2020;1
Total;19 Guadalajara;19226 Prádena de Atienza;De 85 a 89 años;1 de enero de 2020;1
Total;19 Guadalajara;19226 Prádena de Atienza;De 90 a 94 años;1 de enero de 2020;2
Total;19 Guadalajara;19226 Prádena de Atienza;De 95 a 99 años;1 de enero de 2020;1
Total;19 Guadalajara;19226 Prádena de Atienza;100 y más años;1 de enero de 2020;0
Total;19 Guadalajara;19227 Prados Redondos;Todas las edades;1 de enero de 2020;60
Total;19 Guadalajara;19227 Prados Redondos;De 0 a 4 años;1 de enero de 2020;0
Total;19 Guadalajara;19227 Prados Redondos;De 5 a 9 años;1 de enero de 2020;0
Total;19 Guadalajara;19227 Prados Redondos;De 10 a 14 años;1 de enero de 2020;1
Total;19 Guadalajara;19227 Prados Redondos;De 65 a 69 años;1 de enero de 2020;6
Total;19 Guadalajara;19227 Prados Redondos;De 70 a 74 años;1 de enero de 2020;2
Total;19 Guadalajara;19227 Prados Redondos;De 75 a 79 años;1 de enero de 2020;3
Total;19 Guadalajara;19227 Prados Redondos;De 80 a 84 años;1 de enero de 2020;2
Total;19 Guadalajara;19227 Prados Redondos;De 85 a 89 años;1 de enero de 2020;2
Total;19 Guadalajara;19227 Prados Redondos;De 90 a 94 años;1 de enero de 2020;1
Total;19 Guadalajara;19227 Prados Redondos;De 95 a 99 años;1 de enero de 2020;2
Total;19 Guadalajara;19227 Prados Redondos;100 y más años;1 de enero de 2020;0
Total;19 Guadalajara;19228 Puebla de Beleña;Todas las edades;1 de enero de 2020;43
Total;19 Guadalajara;19228 Puebla de Beleña;De 0 a 4 años;1 de enero de 2020;3
Total;19 Guadalajara;19228 Puebla de Beleña;De 5 a 9 años;1 de enero de 2020;4
Total;19 Guadalajara;19228 Puebla de Beleña;De 10 a 14 años;1 de enero de 2020;4
Total;19 Guadalajara;19228 Puebla de Beleña;De 65 a 69 años;1 de enero de 2020;2
Total;19 Guadalajara;19228 Puebla de Beleña;De 70 a 74 años;1 de enero de 2020;2
Total;19 Guadalajara;19228 Puebla de Beleña;De 75 a 79 años;1 de enero de 2020;0
Total;19 Guadalajara;19228 Puebla de Beleña;De 80 a 84 años;1 de enero de 2020;1
Total;19 Guadalajara;19228 Puebla de Beleña;De 85 a 89 años;1 de enero de 2020;0
Total;19 Guadalajara;19228 Puebla de Beleña;De 90 a 94 años;1 de enero de 2020;1
Total;19 Guadalajara;19228 Puebla de Beleña;De 95 a 99 años;1 de enero de 2020;1
Total;19 Guadalajara;19228 Puebla de Beleña;100 y más años;1 de enero de 2020;0
Total;19 Guadalajara;19229 Puebla de Valles;Todas las edades;1 de enero de 2020;59
Total;19 Guadalajara;19229 Puebla de Valles;De 0 a 4 años;1 de enero de 2020;0
Total;19 Guadalajara;19229 Puebla de Valles;De 5 a 9 años;1 de enero de 2020;0
Total;19 Guadalajara;19229 Puebla de Valles;De 10 a 14 años;1 de enero de 2020;0
Total;19 Guadalajara;19229 Puebla de Valles;De 65 a 69 años;1 de enero de 2020;9
Total;19 Guadalajara;19229 Puebla de Valles;De 70 a 74 años;1 de enero de 2020;7
Total;19 Guadalajara;19229 Puebla de Valles;De 75 a 79 años;1 de enero de 2020;2
Total;19 Guadalajara;19229 Puebla de Valles;De 80 a 84 años;1 de enero de 2020;4
Total;19 Guadalajara;19229 Puebla de Valles;De 85 a 89 años;1 de enero de 2020;3
Total;19 Guadalajara;19229 Puebla de Valles;De 90 a 94 años;1 de enero de 2020;4
Total;19 Guadalajara;19229 Puebla de Valles;De 95 a 99 años;1 de enero de 2020;1
Total;19 Guadalajara;19229 Puebla de Valles;100 y más años;1 de enero de 2020;1
Total;19 Guadalajara;19230 Quer;Todas las edades;1 de enero de 2020;830
Total;19 Guadalajara;19230 Quer;De 0 a 4 años;1 de enero de 2020;48
Total;19 Guadalajara;19230 Quer;De 5 a 9 años;1 de enero de 2020;70
Total;19 Guadalajara;19230 Quer;De 10 a 14 años;1 de enero de 2020;67
Total;19 Guadalajara;19230 Quer;De 65 a 69 años;1 de enero de 2020;13
Total;19 Guadalajara;19230 Quer;De 70 a 74 años;1 de enero de 2020;11
Total;19 Guadalajara;19230 Quer;De 75 a 79 años;1 de enero de 2020;9
Total;19 Guadalajara;19230 Quer;De 80 a 84 años;1 de enero de 2020;8
Total;19 Guadalajara;19230 Quer;De 85 a 89 años;1 de enero de 2020;5
Total;19 Guadalajara;19230 Quer;De 90 a 94 años;1 de enero de 2020;2
Total;19 Guadalajara;19230 Quer;De 95 a 99 años;1 de enero de 2020;1
Total;19 Guadalajara;19230 Quer;100 y más años;1 de enero de 2020;0
Total;19 Guadalajara;19231 Rebollosa de Jadraque;Todas las edades;1 de enero de 2020;10
Total;19 Guadalajara;19231 Rebollosa de Jadraque;De 0 a 4 años;1 de enero de 2020;0
Total;19 Guadalajara;19231 Rebollosa de Jadraque;De 5 a 9 años;1 de enero de 2020;0
Total;19 Guadalajara;19231 Rebollosa de Jadraque;De 10 a 14 años;1 de enero de 2020;0
Total;19 Guadalajara;19231 Rebollosa de Jadraque;De 65 a 69 años;1 de enero de 2020;0
Total;19 Guadalajara;19231 Rebollosa de Jadraque;De 70 a 74 años;1 de enero de 2020;1
Total;19 Guadalajara;19231 Rebollosa de Jadraque;De 75 a 79 años;1 de enero de 2020;1
Total;19 Guadalajara;19231 Rebollosa de Jadraque;De 80 a 84 años;1 de enero de 2020;0
Total;19 Guadalajara;19231 Rebollosa de Jadraque;De 85 a 89 años;1 de enero de 2020;0
Total;19 Guadalajara;19231 Rebollosa de Jadraque;De 90 a 94 años;1 de enero de 2020;1
Total;19 Guadalajara;19231 Rebollosa de Jadraque;De 95 a 99 años;1 de enero de 2020;0
Total;19 Guadalajara;19231 Rebollosa de Jadraque;100 y más años;1 de enero de 2020;0
Total;19 Guadalajara;19232 Recuenco, El;Todas las edades;1 de enero de 2020;59
Total;19 Guadalajara;19232 Recuenco, El;De 0 a 4 años;1 de enero de 2020;0
Total;19 Guadalajara;19232 Recuenco, El;De 5 a 9 años;1 de enero de 2020;0
Total;19 Guadalajara;19232 Recuenco, El;De 10 a 14 años;1 de enero de 2020;3
Total;19 Guadalajara;19232 Recuenco, El;De 65 a 69 años;1 de enero de 2020;7
Total;19 Guadalajara;19232 Recuenco, El;De 70 a 74 años;1 de enero de 2020;6
Total;19 Guadalajara;19232 Recuenco, El;De 75 a 79 años;1 de enero de 2020;1
Total;19 Guadalajara;19232 Recuenco, El;De 80 a 84 años;1 de enero de 2020;2
Total;19 Guadalajara;19232 Recuenco, El;De 85 a 89 años;1 de enero de 2020;8
Total;19 Guadalajara;19232 Recuenco, El;De 90 a 94 años;1 de enero de 2020;4
Total;19 Guadalajara;19232 Recuenco, El;De 95 a 99 años;1 de enero de 2020;1
Total;19 Guadalajara;19232 Recuenco, El;100 y más años;1 de enero de 2020;0
Total;19 Guadalajara;19233 Renera;Todas las edades;1 de enero de 2020;100
Total;19 Guadalajara;19233 Renera;De 0 a 4 años;1 de enero de 2020;3
Total;19 Guadalajara;19233 Renera;De 5 a 9 años;1 de enero de 2020;4
Total;19 Guadalajara;19233 Renera;De 10 a 14 años;1 de enero de 2020;1
Total;19 Guadalajara;19233 Renera;De 65 a 69 años;1 de enero de 2020;6
Total;19 Guadalajara;19233 Renera;De 70 a 74 años;1 de enero de 2020;2
Total;19 Guadalajara;19233 Renera;De 75 a 79 años;1 de enero de 2020;8
Total;19 Guadalajara;19233 Renera;De 80 a 84 años;1 de enero de 2020;4
Total;19 Guadalajara;19233 Renera;De 85 a 89 años;1 de enero de 2020;3
Total;19 Guadalajara;19233 Renera;De 90 a 94 años;1 de enero de 2020;0
Total;19 Guadalajara;19233 Renera;De 95 a 99 años;1 de enero de 2020;0
Total;19 Guadalajara;19233 Renera;100 y más años;1 de enero de 2020;0
Total;19 Guadalajara;19234 Retiendas;Todas las edades;1 de enero de 2020;43
Total;19 Guadalajara;19234 Retiendas;De 0 a 4 años;1 de enero de 2020;0
Total;19 Guadalajara;19234 Retiendas;De 5 a 9 años;1 de enero de 2020;0
Total;19 Guadalajara;19234 Retiendas;De 10 a 14 años;1 de enero de 2020;0
Total;19 Guadalajara;19234 Retiendas;De 65 a 69 años;1 de enero de 2020;2
Total;19 Guadalajara;19234 Retiendas;De 70 a 74 años;1 de enero de 2020;2
Total;19 Guadalajara;19234 Retiendas;De 75 a 79 años;1 de enero de 2020;4
Total;19 Guadalajara;19234 Retiendas;De 80 a 84 años;1 de enero de 2020;1
Total;19 Guadalajara;19234 Retiendas;De 85 a 89 años;1 de enero de 2020;1
Total;19 Guadalajara;19234 Retiendas;De 90 a 94 años;1 de enero de 2020;0
Total;19 Guadalajara;19234 Retiendas;De 95 a 99 años;1 de enero de 2020;0
Total;19 Guadalajara;19234 Retiendas;100 y más años;1 de enero de 2020;0
Total;19 Guadalajara;19235 Riba de Saelices;Todas las edades;1 de enero de 2020;102
Total;19 Guadalajara;19235 Riba de Saelices;De 0 a 4 años;1 de enero de 2020;0
Total;19 Guadalajara;19235 Riba de Saelices;De 5 a 9 años;1 de enero de 2020;3
Total;19 Guadalajara;19235 Riba de Saelices;De 10 a 14 años;1 de enero de 2020;2
Total;19 Guadalajara;19235 Riba de Saelices;De 65 a 69 años;1 de enero de 2020;9
Total;19 Guadalajara;19235 Riba de Saelices;De 70 a 74 años;1 de enero de 2020;12
Total;19 Guadalajara;19235 Riba de Saelices;De 75 a 79 años;1 de enero de 2020;3
Total;19 Guadalajara;19235 Riba de Saelices;De 80 a 84 años;1 de enero de 2020;5
Total;19 Guadalajara;19235 Riba de Saelices;De 85 a 89 años;1 de enero de 2020;11
Total;19 Guadalajara;19235 Riba de Saelices;De 90 a 94 años;1 de enero de 2020;2
Total;19 Guadalajara;19235 Riba de Saelices;De 95 a 99 años;1 de enero de 2020;1
Total;19 Guadalajara;19235 Riba de Saelices;100 y más años;1 de enero de 2020;0
Total;19 Guadalajara;19237 Rillo de Gallo;Todas las edades;1 de enero de 2020;42
Total;19 Guadalajara;19237 Rillo de Gallo;De 0 a 4 años;1 de enero de 2020;0
Total;19 Guadalajara;19237 Rillo de Gallo;De 5 a 9 años;1 de enero de 2020;0
Total;19 Guadalajara;19237 Rillo de Gallo;De 10 a 14 años;1 de enero de 2020;3
Total;19 Guadalajara;19237 Rillo de Gallo;De 65 a 69 años;1 de enero de 2020;5
Total;19 Guadalajara;19237 Rillo de Gallo;De 70 a 74 años;1 de enero de 2020;2
Total;19 Guadalajara;19237 Rillo de Gallo;De 75 a 79 años;1 de enero de 2020;3
Total;19 Guadalajara;19237 Rillo de Gallo;De 80 a 84 años;1 de enero de 2020;5
Total;19 Guadalajara;19237 Rillo de Gallo;De 85 a 89 años;1 de enero de 2020;0
Total;19 Guadalajara;19237 Rillo de Gallo;De 90 a 94 años;1 de enero de 2020;0
Total;19 Guadalajara;19237 Rillo de Gallo;De 95 a 99 años;1 de enero de 2020;0
Total;19 Guadalajara;19237 Rillo de Gallo;100 y más años;1 de enero de 2020;0
Total;19 Guadalajara;19238 Riofrío del Llano;Todas las edades;1 de enero de 2020;57
Total;19 Guadalajara;19238 Riofrío del Llano;De 0 a 4 años;1 de enero de 2020;2
Total;19 Guadalajara;19238 Riofrío del Llano;De 5 a 9 años;1 de enero de 2020;3
Total;19 Guadalajara;19238 Riofrío del Llano;De 10 a 14 años;1 de enero de 2020;0
Total;19 Guadalajara;19238 Riofrío del Llano;De 65 a 69 años;1 de enero de 2020;2
Total;19 Guadalajara;19238 Riofrío del Llano;De 70 a 74 años;1 de enero de 2020;4
Total;19 Guadalajara;19238 Riofrío del Llano;De 75 a 79 años;1 de enero de 2020;1
Total;19 Guadalajara;19238 Riofrío del Llano;De 80 a 84 años;1 de enero de 2020;4
Total;19 Guadalajara;19238 Riofrío del Llano;De 85 a 89 años;1 de enero de 2020;3
Total;19 Guadalajara;19238 Riofrío del Llano;De 90 a 94 años;1 de enero de 2020;0
Total;19 Guadalajara;19238 Riofrío del Llano;De 95 a 99 años;1 de enero de 2020;1
Total;19 Guadalajara;19238 Riofrío del Llano;100 y más años;1 de enero de 2020;0
Total;19 Guadalajara;19239 Robledillo de Mohernando;Todas las edades;1 de enero de 2020;117
Total;19 Guadalajara;19239 Robledillo de Mohernando;De 0 a 4 años;1 de enero de 2020;4
Total;19 Guadalajara;19239 Robledillo de Mohernando;De 5 a 9 años;1 de enero de 2020;1
Total;19 Guadalajara;19239 Robledillo de Mohernando;De 10 a 14 años;1 de enero de 2020;1
Total;19 Guadalajara;19239 Robledillo de Mohernando;De 65 a 69 años;1 de enero de 2020;8
Total;19 Guadalajara;19239 Robledillo de Mohernando;De 70 a 74 años;1 de enero de 2020;5
Total;19 Guadalajara;19239 Robledillo de Mohernando;De 75 a 79 años;1 de enero de 2020;4
Total;19 Guadalajara;19239 Robledillo de Mohernando;De 80 a 84 años;1 de enero de 2020;10
Total;19 Guadalajara;19239 Robledillo de Mohernando;De 85 a 89 años;1 de enero de 2020;13
Total;19 Guadalajara;19239 Robledillo de Mohernando;De 90 a 94 años;1 de enero de 2020;3
Total;19 Guadalajara;19239 Robledillo de Mohernando;De 95 a 99 años;1 de enero de 2020;1
Total;19 Guadalajara;19239 Robledillo de Mohernando;100 y más años;1 de enero de 2020;0
Total;19 Guadalajara;19240 Robledo de Corpes;Todas las edades;1 de enero de 2020;44
Total;19 Guadalajara;19240 Robledo de Corpes;De 0 a 4 años;1 de enero de 2020;0
Total;19 Guadalajara;19240 Robledo de Corpes;De 5 a 9 años;1 de enero de 2020;0
Total;19 Guadalajara;19240 Robledo de Corpes;De 10 a 14 años;1 de enero de 2020;0
Total;19 Guadalajara;19240 Robledo de Corpes;De 65 a 69 años;1 de enero de 2020;6
Total;19 Guadalajara;19240 Robledo de Corpes;De 70 a 74 años;1 de enero de 2020;4
Total;19 Guadalajara;19240 Robledo de Corpes;De 75 a 79 años;1 de enero de 2020;3
Total;19 Guadalajara;19240 Robledo de Corpes;De 80 a 84 años;1 de enero de 2020;4
Total;19 Guadalajara;19240 Robledo de Corpes;De 85 a 89 años;1 de enero de 2020;1
Total;19 Guadalajara;19240 Robledo de Corpes;De 90 a 94 años;1 de enero de 2020;1
Total;19 Guadalajara;19240 Robledo de Corpes;De 95 a 99 años;1 de enero de 2020;0
Total;19 Guadalajara;19240 Robledo de Corpes;100 y más años;1 de enero de 2020;0
Total;19 Guadalajara;19241 Romanillos de Atienza;Todas las edades;1 de enero de 2020;36
Total;19 Guadalajara;19241 Romanillos de Atienza;De 0 a 4 años;1 de enero de 2020;0
Total;19 Guadalajara;19241 Romanillos de Atienza;De 5 a 9 años;1 de enero de 2020;0
Total;19 Guadalajara;19241 Romanillos de Atienza;De 10 a 14 años;1 de enero de 2020;0
Total;19 Guadalajara;19241 Romanillos de Atienza;De 65 a 69 años;1 de enero de 2020;1
Total;19 Guadalajara;19241 Romanillos de Atienza;De 70 a 74 años;1 de enero de 2020;3
Total;19 Guadalajara;19241 Romanillos de Atienza;De 75 a 79 años;1 de enero de 2020;2
Total;19 Guadalajara;19241 Romanillos de Atienza;De 80 a 84 años;1 de enero de 2020;3
Total;19 Guadalajara;19241 Romanillos de Atienza;De 85 a 89 años;1 de enero de 2020;2
Total;19 Guadalajara;19241 Romanillos de Atienza;De 90 a 94 años;1 de enero de 2020;3
Total;19 Guadalajara;19241 Romanillos de Atienza;De 95 a 99 años;1 de enero de 2020;1
Total;19 Guadalajara;19241 Romanillos de Atienza;100 y más años;1 de enero de 2020;0
Total;19 Guadalajara;19242 Romanones;Todas las edades;1 de enero de 2020;95
Total;19 Guadalajara;19242 Romanones;De 0 a 4 años;1 de enero de 2020;1
Total;19 Guadalajara;19242 Romanones;De 5 a 9 años;1 de enero de 2020;5
Total;19 Guadalajara;19242 Romanones;De 10 a 14 años;1 de enero de 2020;4
Total;19 Guadalajara;19242 Romanones;De 65 a 69 años;1 de enero de 2020;8
Total;19 Guadalajara;19242 Romanones;De 70 a 74 años;1 de enero de 2020;6
Total;19 Guadalajara;19242 Romanones;De 75 a 79 años;1 de enero de 2020;8
Total;19 Guadalajara;19242 Romanones;De 80 a 84 años;1 de enero de 2020;6
Total;19 Guadalajara;19242 Romanones;De 85 a 89 años;1 de enero de 2020;3
Total;19 Guadalajara;19242 Romanones;De 90 a 94 años;1 de enero de 2020;1
Total;19 Guadalajara;19242 Romanones;De 95 a 99 años;1 de enero de 2020;0
Total;19 Guadalajara;19242 Romanones;100 y más años;1 de enero de 2020;0
Total;19 Guadalajara;19243 Rueda de la Sierra;Todas las edades;1 de enero de 2020;39
Total;19 Guadalajara;19243 Rueda de la Sierra;De 0 a 4 años;1 de enero de 2020;1
Total;19 Guadalajara;19243 Rueda de la Sierra;De 5 a 9 años;1 de enero de 2020;0
Total;19 Guadalajara;19243 Rueda de la Sierra;De 10 a 14 años;1 de enero de 2020;0
Total;19 Guadalajara;19243 Rueda de la Sierra;De 65 a 69 años;1 de enero de 2020;3
Total;19 Guadalajara;19243 Rueda de la Sierra;De 70 a 74 años;1 de enero de 2020;3
Total;19 Guadalajara;19243 Rueda de la Sierra;De 75 a 79 años;1 de enero de 2020;1
Total;19 Guadalajara;19243 Rueda de la Sierra;De 80 a 84 años;1 de enero de 2020;3
Total;19 Guadalajara;19243 Rueda de la Sierra;De 85 a 89 años;1 de enero de 2020;2
Total;19 Guadalajara;19243 Rueda de la Sierra;De 90 a 94 años;1 de enero de 2020;0
Total;19 Guadalajara;19243 Rueda de la Sierra;De 95 a 99 años;1 de enero de 2020;1
Total;19 Guadalajara;19243 Rueda de la Sierra;100 y más años;1 de enero de 2020;0
Total;19 Guadalajara;19244 Sacecorbo;Todas las edades;1 de enero de 2020;89
Total;19 Guadalajara;19244 Sacecorbo;De 0 a 4 años;1 de enero de 2020;0
Total;19 Guadalajara;19244 Sacecorbo;De 5 a 9 años;1 de enero de 2020;2
Total;19 Guadalajara;19244 Sacecorbo;De 10 a 14 años;1 de enero de 2020;2
Total;19 Guadalajara;19244 Sacecorbo;De 65 a 69 años;1 de enero de 2020;9
Total;19 Guadalajara;19244 Sacecorbo;De 70 a 74 años;1 de enero de 2020;12
Total;19 Guadalajara;19244 Sacecorbo;De 75 a 79 años;1 de enero de 2020;9
Total;19 Guadalajara;19244 Sacecorbo;De 80 a 84 años;1 de enero de 2020;1
Total;19 Guadalajara;19244 Sacecorbo;De 85 a 89 años;1 de enero de 2020;8
Total;19 Guadalajara;19244 Sacecorbo;De 90 a 94 años;1 de enero de 2020;1
Total;19 Guadalajara;19244 Sacecorbo;De 95 a 99 años;1 de enero de 2020;0
Total;19 Guadalajara;19244 Sacecorbo;100 y más años;1 de enero de 2020;0
Total;19 Guadalajara;19245 Sacedón;Todas las edades;1 de enero de 2020;1.523
Total;19 Guadalajara;19245 Sacedón;De 0 a 4 años;1 de enero de 2020;46
Total;19 Guadalajara;19245 Sacedón;De 5 a 9 años;1 de enero de 2020;58
Total;19 Guadalajara;19245 Sacedón;De 10 a 14 años;1 de enero de 2020;69
Total;19 Guadalajara;19245 Sacedón;De 65 a 69 años;1 de enero de 2020;96
Total;19 Guadalajara;19245 Sacedón;De 70 a 74 años;1 de enero de 2020;76
Total;19 Guadalajara;19245 Sacedón;De 75 a 79 años;1 de enero de 2020;63
Total;19 Guadalajara;19245 Sacedón;De 80 a 84 años;1 de enero de 2020;62
Total;19 Guadalajara;19245 Sacedón;De 85 a 89 años;1 de enero de 2020;51
Total;19 Guadalajara;19245 Sacedón;De 90 a 94 años;1 de enero de 2020;32
Total;19 Guadalajara;19245 Sacedón;De 95 a 99 años;1 de enero de 2020;5
Total;19 Guadalajara;19245 Sacedón;100 y más años;1 de enero de 2020;1
Total;19 Guadalajara;19246 Saelices de la Sal;Todas las edades;1 de enero de 2020;39
Total;19 Guadalajara;19246 Saelices de la Sal;De 0 a 4 años;1 de enero de 2020;0
Total;19 Guadalajara;19246 Saelices de la Sal;De 5 a 9 años;1 de enero de 2020;0
Total;19 Guadalajara;19246 Saelices de la Sal;De 10 a 14 años;1 de enero de 2020;1
Total;19 Guadalajara;19246 Saelices de la Sal;De 65 a 69 años;1 de enero de 2020;0
Total;19 Guadalajara;19246 Saelices de la Sal;De 70 a 74 años;1 de enero de 2020;4
Total;19 Guadalajara;19246 Saelices de la Sal;De 75 a 79 años;1 de enero de 2020;6
Total;19 Guadalajara;19246 Saelices de la Sal;De 80 a 84 años;1 de enero de 2020;3
Total;19 Guadalajara;19246 Saelices de la Sal;De 85 a 89 años;1 de enero de 2020;3
Total;19 Guadalajara;19246 Saelices de la Sal;De 90 a 94 años;1 de enero de 2020;0
Total;19 Guadalajara;19246 Saelices de la Sal;De 95 a 99 años;1 de enero de 2020;3
Total;19 Guadalajara;19246 Saelices de la Sal;100 y más años;1 de enero de 2020;0
Total;19 Guadalajara;19247 Salmerón;Todas las edades;1 de enero de 2020;140
Total;19 Guadalajara;19247 Salmerón;De 0 a 4 años;1 de enero de 2020;0
Total;19 Guadalajara;19247 Salmerón;De 5 a 9 años;1 de enero de 2020;5
Total;19 Guadalajara;19247 Salmerón;De 10 a 14 años;1 de enero de 2020;2
Total;19 Guadalajara;19247 Salmerón;De 65 a 69 años;1 de enero de 2020;9
Total;19 Guadalajara;19247 Salmerón;De 70 a 74 años;1 de enero de 2020;5
Total;19 Guadalajara;19247 Salmerón;De 75 a 79 años;1 de enero de 2020;12
Total;19 Guadalajara;19247 Salmerón;De 80 a 84 años;1 de enero de 2020;8
Total;19 Guadalajara;19247 Salmerón;De 85 a 89 años;1 de enero de 2020;6
Total;19 Guadalajara;19247 Salmerón;De 90 a 94 años;1 de enero de 2020;6
Total;19 Guadalajara;19247 Salmerón;De 95 a 99 años;1 de enero de 2020;2
Total;19 Guadalajara;19247 Salmerón;100 y más años;1 de enero de 2020;0
Total;19 Guadalajara;19248 San Andrés del Congosto;Todas las edades;1 de enero de 2020;74
Total;19 Guadalajara;19248 San Andrés del Congosto;De 0 a 4 años;1 de enero de 2020;0
Total;19 Guadalajara;19248 San Andrés del Congosto;De 5 a 9 años;1 de enero de 2020;1
Total;19 Guadalajara;19248 San Andrés del Congosto;De 10 a 14 años;1 de enero de 2020;0
Total;19 Guadalajara;19248 San Andrés del Congosto;De 65 a 69 años;1 de enero de 2020;4
Total;19 Guadalajara;19248 San Andrés del Congosto;De 70 a 74 años;1 de enero de 2020;4
Total;19 Guadalajara;19248 San Andrés del Congosto;De 75 a 79 años;1 de enero de 2020;7
Total;19 Guadalajara;19248 San Andrés del Congosto;De 80 a 84 años;1 de enero de 2020;7
Total;19 Guadalajara;19248 San Andrés del Congosto;De 85 a 89 años;1 de enero de 2020;3
Total;19 Guadalajara;19248 San Andrés del Congosto;De 90 a 94 años;1 de enero de 2020;2
Total;19 Guadalajara;19248 San Andrés del Congosto;De 95 a 99 años;1 de enero de 2020;0
Total;19 Guadalajara;19248 San Andrés del Congosto;100 y más años;1 de enero de 2020;0
Total;19 Guadalajara;19249 San Andrés del Rey;Todas las edades;1 de enero de 2020;40
Total;19 Guadalajara;19249 San Andrés del Rey;De 0 a 4 años;1 de enero de 2020;0
Total;19 Guadalajara;19249 San Andrés del Rey;De 5 a 9 años;1 de enero de 2020;1
Total;19 Guadalajara;19249 San Andrés del Rey;De 10 a 14 años;1 de enero de 2020;0
Total;19 Guadalajara;19249 San Andrés del Rey;De 65 a 69 años;1 de enero de 2020;4
Total;19 Guadalajara;19249 San Andrés del Rey;De 70 a 74 años;1 de enero de 2020;8
Total;19 Guadalajara;19249 San Andrés del Rey;De 75 a 79 años;1 de enero de 2020;5
Total;19 Guadalajara;19249 San Andrés del Rey;De 80 a 84 años;1 de enero de 2020;0
Total;19 Guadalajara;19249 San Andrés del Rey;De 85 a 89 años;1 de enero de 2020;3
Total;19 Guadalajara;19249 San Andrés del Rey;De 90 a 94 años;1 de enero de 2020;1
Total;19 Guadalajara;19249 San Andrés del Rey;De 95 a 99 años;1 de enero de 2020;0
Total;19 Guadalajara;19249 San Andrés del Rey;100 y más años;1 de enero de 2020;0
Total;19 Guadalajara;19250 Santiuste;Todas las edades;1 de enero de 2020;14
Total;19 Guadalajara;19250 Santiuste;De 0 a 4 años;1 de enero de 2020;0
Total;19 Guadalajara;19250 Santiuste;De 5 a 9 años;1 de enero de 2020;0
Total;19 Guadalajara;19250 Santiuste;De 10 a 14 años;1 de enero de 2020;0
Total;19 Guadalajara;19250 Santiuste;De 65 a 69 años;1 de enero de 2020;1
Total;19 Guadalajara;19250 Santiuste;De 70 a 74 años;1 de enero de 2020;2
Total;19 Guadalajara;19250 Santiuste;De 75 a 79 años;1 de enero de 2020;2
Total;19 Guadalajara;19250 Santiuste;De 80 a 84 años;1 de enero de 2020;0
Total;19 Guadalajara;19250 Santiuste;De 85 a 89 años;1 de enero de 2020;1
Total;19 Guadalajara;19250 Santiuste;De 90 a 94 años;1 de enero de 2020;0
Total;19 Guadalajara;19250 Santiuste;De 95 a 99 años;1 de enero de 2020;0
Total;19 Guadalajara;19250 Santiuste;100 y más años;1 de enero de 2020;0
Total;19 Guadalajara;19251 Saúca;Todas las edades;1 de enero de 2020;56
Total;19 Guadalajara;19251 Saúca;De 0 a 4 años;1 de enero de 2020;1
Total;19 Guadalajara;19251 Saúca;De 5 a 9 años;1 de enero de 2020;2
Total;19 Guadalajara;19251 Saúca;De 10 a 14 años;1 de enero de 2020;2
Total;19 Guadalajara;19251 Saúca;De 65 a 69 años;1 de enero de 2020;7
Total;19 Guadalajara;19251 Saúca;De 70 a 74 años;1 de enero de 2020;3
Total;19 Guadalajara;19251 Saúca;De 75 a 79 años;1 de enero de 2020;2
Total;19 Guadalajara;19251 Saúca;De 80 a 84 años;1 de enero de 2020;2
Total;19 Guadalajara;19251 Saúca;De 85 a 89 años;1 de enero de 2020;1
Total;19 Guadalajara;19251 Saúca;De 90 a 94 años;1 de enero de 2020;1
Total;19 Guadalajara;19251 Saúca;De 95 a 99 años;1 de enero de 2020;0
Total;19 Guadalajara;19251 Saúca;100 y más años;1 de enero de 2020;0
Total;19 Guadalajara;19252 Sayatón;Todas las edades;1 de enero de 2020;68
Total;19 Guadalajara;19252 Sayatón;De 0 a 4 años;1 de enero de 2020;0
Total;19 Guadalajara;19252 Sayatón;De 5 a 9 años;1 de enero de 2020;2
Total;19 Guadalajara;19252 Sayatón;De 10 a 14 años;1 de enero de 2020;3
Total;19 Guadalajara;19252 Sayatón;De 65 a 69 años;1 de enero de 2020;1
Total;19 Guadalajara;19252 Sayatón;De 70 a 74 años;1 de enero de 2020;4
Total;19 Guadalajara;19252 Sayatón;De 75 a 79 años;1 de enero de 2020;6
Total;19 Guadalajara;19252 Sayatón;De 80 a 84 años;1 de enero de 2020;2
Total;19 Guadalajara;19252 Sayatón;De 85 a 89 años;1 de enero de 2020;6
Total;19 Guadalajara;19252 Sayatón;De 90 a 94 años;1 de enero de 2020;2
Total;19 Guadalajara;19252 Sayatón;De 95 a 99 años;1 de enero de 2020;0
Total;19 Guadalajara;19252 Sayatón;100 y más años;1 de enero de 2020;0
Total;19 Guadalajara;19254 Selas;Todas las edades;1 de enero de 2020;44
Total;19 Guadalajara;19254 Selas;De 0 a 4 años;1 de enero de 2020;0
Total;19 Guadalajara;19254 Selas;De 5 a 9 años;1 de enero de 2020;0
Total;19 Guadalajara;19254 Selas;De 10 a 14 años;1 de enero de 2020;1
Total;19 Guadalajara;19254 Selas;De 65 a 69 años;1 de enero de 2020;3
Total;19 Guadalajara;19254 Selas;De 70 a 74 años;1 de enero de 2020;4
Total;19 Guadalajara;19254 Selas;De 75 a 79 años;1 de enero de 2020;9
Total;19 Guadalajara;19254 Selas;De 80 a 84 años;1 de enero de 2020;1
Total;19 Guadalajara;19254 Selas;De 85 a 89 años;1 de enero de 2020;4
Total;19 Guadalajara;19254 Selas;De 90 a 94 años;1 de enero de 2020;3
Total;19 Guadalajara;19254 Selas;De 95 a 99 años;1 de enero de 2020;0
Total;19 Guadalajara;19254 Selas;100 y más años;1 de enero de 2020;0
Total;19 Guadalajara;19901 Semillas;Todas las edades;1 de enero de 2020;35
Total;19 Guadalajara;19901 Semillas;De 0 a 4 años;1 de enero de 2020;0
Total;19 Guadalajara;19901 Semillas;De 5 a 9 años;1 de enero de 2020;0
Total;19 Guadalajara;19901 Semillas;De 10 a 14 años;1 de enero de 2020;0
Total;19 Guadalajara;19901 Semillas;De 65 a 69 años;1 de enero de 2020;3
Total;19 Guadalajara;19901 Semillas;De 70 a 74 años;1 de enero de 2020;3
Total;19 Guadalajara;19901 Semillas;De 75 a 79 años;1 de enero de 2020;2
Total;19 Guadalajara;19901 Semillas;De 80 a 84 años;1 de enero de 2020;4
Total;19 Guadalajara;19901 Semillas;De 85 a 89 años;1 de enero de 2020;4
Total;19 Guadalajara;19901 Semillas;De 90 a 94 años;1 de enero de 2020;2
Total;19 Guadalajara;19901 Semillas;De 95 a 99 años;1 de enero de 2020;2
Total;19 Guadalajara;19901 Semillas;100 y más años;1 de enero de 2020;0
Total;19 Guadalajara;19255 Setiles;Todas las edades;1 de enero de 2020;80
Total;19 Guadalajara;19255 Setiles;De 0 a 4 años;1 de enero de 2020;0
Total;19 Guadalajara;19255 Setiles;De 5 a 9 años;1 de enero de 2020;1
Total;19 Guadalajara;19255 Setiles;De 10 a 14 años;1 de enero de 2020;0
Total;19 Guadalajara;19255 Setiles;De 65 a 69 años;1 de enero de 2020;4
Total;19 Guadalajara;19255 Setiles;De 70 a 74 años;1 de enero de 2020;2
Total;19 Guadalajara;19255 Setiles;De 75 a 79 años;1 de enero de 2020;11
Total;19 Guadalajara;19255 Setiles;De 80 a 84 años;1 de enero de 2020;8
Total;19 Guadalajara;19255 Setiles;De 85 a 89 años;1 de enero de 2020;4
Total;19 Guadalajara;19255 Setiles;De 90 a 94 años;1 de enero de 2020;4
Total;19 Guadalajara;19255 Setiles;De 95 a 99 años;1 de enero de 2020;0
Total;19 Guadalajara;19255 Setiles;100 y más años;1 de enero de 2020;0
Total;19 Guadalajara;19256 Sienes;Todas las edades;1 de enero de 2020;52
Total;19 Guadalajara;19256 Sienes;De 0 a 4 años;1 de enero de 2020;0
Total;19 Guadalajara;19256 Sienes;De 5 a 9 años;1 de enero de 2020;0
Total;19 Guadalajara;19256 Sienes;De 10 a 14 años;1 de enero de 2020;0
Total;19 Guadalajara;19256 Sienes;De 65 a 69 años;1 de enero de 2020;2
Total;19 Guadalajara;19256 Sienes;De 70 a 74 años;1 de enero de 2020;5
Total;19 Guadalajara;19256 Sienes;De 75 a 79 años;1 de enero de 2020;2
Total;19 Guadalajara;19256 Sienes;De 80 a 84 años;1 de enero de 2020;2
Total;19 Guadalajara;19256 Sienes;De 85 a 89 años;1 de enero de 2020;4
Total;19 Guadalajara;19256 Sienes;De 90 a 94 años;1 de enero de 2020;3
Total;19 Guadalajara;19256 Sienes;De 95 a 99 años;1 de enero de 2020;2
Total;19 Guadalajara;19256 Sienes;100 y más años;1 de enero de 2020;0
Total;19 Guadalajara;19257 Sigüenza;Todas las edades;1 de enero de 2020;4.319
Total;19 Guadalajara;19257 Sigüenza;De 0 a 4 años;1 de enero de 2020;139
Total;19 Guadalajara;19257 Sigüenza;De 5 a 9 años;1 de enero de 2020;176
Total;19 Guadalajara;19257 Sigüenza;De 10 a 14 años;1 de enero de 2020;199
Total;19 Guadalajara;19257 Sigüenza;De 65 a 69 años;1 de enero de 2020;221
Total;19 Guadalajara;19257 Sigüenza;De 70 a 74 años;1 de enero de 2020;188
Total;19 Guadalajara;19257 Sigüenza;De 75 a 79 años;1 de enero de 2020;175
Total;19 Guadalajara;19257 Sigüenza;De 80 a 84 años;1 de enero de 2020;161
Total;19 Guadalajara;19257 Sigüenza;De 85 a 89 años;1 de enero de 2020;214
Total;19 Guadalajara;19257 Sigüenza;De 90 a 94 años;1 de enero de 2020;99
Total;19 Guadalajara;19257 Sigüenza;De 95 a 99 años;1 de enero de 2020;46
Total;19 Guadalajara;19257 Sigüenza;100 y más años;1 de enero de 2020;7
Total;19 Guadalajara;19258 Solanillos del Extremo;Todas las edades;1 de enero de 2020;88
Total;19 Guadalajara;19258 Solanillos del Extremo;De 0 a 4 años;1 de enero de 2020;0
Total;19 Guadalajara;19258 Solanillos del Extremo;De 5 a 9 años;1 de enero de 2020;0
Total;19 Guadalajara;19258 Solanillos del Extremo;De 10 a 14 años;1 de enero de 2020;0
Total;19 Guadalajara;19258 Solanillos del Extremo;De 65 a 69 años;1 de enero de 2020;6
Total;19 Guadalajara;19258 Solanillos del Extremo;De 70 a 74 años;1 de enero de 2020;4
Total;19 Guadalajara;19258 Solanillos del Extremo;De 75 a 79 años;1 de enero de 2020;5
Total;19 Guadalajara;19258 Solanillos del Extremo;De 80 a 84 años;1 de enero de 2020;4
Total;19 Guadalajara;19258 Solanillos del Extremo;De 85 a 89 años;1 de enero de 2020;9
Total;19 Guadalajara;19258 Solanillos del Extremo;De 90 a 94 años;1 de enero de 2020;3
Total;19 Guadalajara;19258 Solanillos del Extremo;De 95 a 99 años;1 de enero de 2020;1
Total;19 Guadalajara;19258 Solanillos del Extremo;100 y más años;1 de enero de 2020;0
Total;19 Guadalajara;19259 Somolinos;Todas las edades;1 de enero de 2020;29
Total;19 Guadalajara;19259 Somolinos;De 0 a 4 años;1 de enero de 2020;0
Total;19 Guadalajara;19259 Somolinos;De 5 a 9 años;1 de enero de 2020;0
Total;19 Guadalajara;19259 Somolinos;De 10 a 14 años;1 de enero de 2020;0
Total;19 Guadalajara;19259 Somolinos;De 65 a 69 años;1 de enero de 2020;5
Total;19 Guadalajara;19259 Somolinos;De 70 a 74 años;1 de enero de 2020;0
Total;19 Guadalajara;19259 Somolinos;De 75 a 79 años;1 de enero de 2020;2
Total;19 Guadalajara;19259 Somolinos;De 80 a 84 años;1 de enero de 2020;1
Total;19 Guadalajara;19259 Somolinos;De 85 a 89 años;1 de enero de 2020;2
Total;19 Guadalajara;19259 Somolinos;De 90 a 94 años;1 de enero de 2020;0
Total;19 Guadalajara;19259 Somolinos;De 95 a 99 años;1 de enero de 2020;1
Total;19 Guadalajara;19259 Somolinos;100 y más años;1 de enero de 2020;1
Total;19 Guadalajara;19260 Sotillo, El;Todas las edades;1 de enero de 2020;43
Total;19 Guadalajara;19260 Sotillo, El;De 0 a 4 años;1 de enero de 2020;0
Total;19 Guadalajara;19260 Sotillo, El;De 5 a 9 años;1 de enero de 2020;0
Total;19 Guadalajara;19260 Sotillo, El;De 10 a 14 años;1 de enero de 2020;0
Total;19 Guadalajara;19260 Sotillo, El;De 65 a 69 años;1 de enero de 2020;5
Total;19 Guadalajara;19260 Sotillo, El;De 70 a 74 años;1 de enero de 2020;6
Total;19 Guadalajara;19260 Sotillo, El;De 75 a 79 años;1 de enero de 2020;3
Total;19 Guadalajara;19260 Sotillo, El;De 80 a 84 años;1 de enero de 2020;3
Total;19 Guadalajara;19260 Sotillo, El;De 85 a 89 años;1 de enero de 2020;5
Total;19 Guadalajara;19260 Sotillo, El;De 90 a 94 años;1 de enero de 2020;2
Total;19 Guadalajara;19260 Sotillo, El;De 95 a 99 años;1 de enero de 2020;1
Total;19 Guadalajara;19260 Sotillo, El;100 y más años;1 de enero de 2020;0
Total;19 Guadalajara;19261 Sotodosos;Todas las edades;1 de enero de 2020;33
Total;19 Guadalajara;19261 Sotodosos;De 0 a 4 años;1 de enero de 2020;0
Total;19 Guadalajara;19261 Sotodosos;De 5 a 9 años;1 de enero de 2020;0
Total;19 Guadalajara;19261 Sotodosos;De 10 a 14 años;1 de enero de 2020;0
Total;19 Guadalajara;19261 Sotodosos;De 65 a 69 años;1 de enero de 2020;3
Total;19 Guadalajara;19261 Sotodosos;De 70 a 74 años;1 de enero de 2020;1
Total;19 Guadalajara;19261 Sotodosos;De 75 a 79 años;1 de enero de 2020;3
Total;19 Guadalajara;19261 Sotodosos;De 80 a 84 años;1 de enero de 2020;8
Total;19 Guadalajara;19261 Sotodosos;De 85 a 89 años;1 de enero de 2020;3
Total;19 Guadalajara;19261 Sotodosos;De 90 a 94 años;1 de enero de 2020;2
Total;19 Guadalajara;19261 Sotodosos;De 95 a 99 años;1 de enero de 2020;0
Total;19 Guadalajara;19261 Sotodosos;100 y más años;1 de enero de 2020;1
Total;19 Guadalajara;19262 Tamajón;Todas las edades;1 de enero de 2020;137
Total;19 Guadalajara;19262 Tamajón;De 0 a 4 años;1 de enero de 2020;1
Total;19 Guadalajara;19262 Tamajón;De 5 a 9 años;1 de enero de 2020;0
Total;19 Guadalajara;19262 Tamajón;De 10 a 14 años;1 de enero de 2020;1
Total;19 Guadalajara;19262 Tamajón;De 65 a 69 años;1 de enero de 2020;13
Total;19 Guadalajara;19262 Tamajón;De 70 a 74 años;1 de enero de 2020;18
Total;19 Guadalajara;19262 Tamajón;De 75 a 79 años;1 de enero de 2020;15
Total;19 Guadalajara;19262 Tamajón;De 80 a 84 años;1 de enero de 2020;9
Total;19 Guadalajara;19262 Tamajón;De 85 a 89 años;1 de enero de 2020;3
Total;19 Guadalajara;19262 Tamajón;De 90 a 94 años;1 de enero de 2020;5
Total;19 Guadalajara;19262 Tamajón;De 95 a 99 años;1 de enero de 2020;4
Total;19 Guadalajara;19262 Tamajón;100 y más años;1 de enero de 2020;2
Total;19 Guadalajara;19263 Taragudo;Todas las edades;1 de enero de 2020;44
Total;19 Guadalajara;19263 Taragudo;De 0 a 4 años;1 de enero de 2020;0
Total;19 Guadalajara;19263 Taragudo;De 5 a 9 años;1 de enero de 2020;0
Total;19 Guadalajara;19263 Taragudo;De 10 a 14 años;1 de enero de 2020;1
Total;19 Guadalajara;19263 Taragudo;De 65 a 69 años;1 de enero de 2020;2
Total;19 Guadalajara;19263 Taragudo;De 70 a 74 años;1 de enero de 2020;3
Total;19 Guadalajara;19263 Taragudo;De 75 a 79 años;1 de enero de 2020;1
Total;19 Guadalajara;19263 Taragudo;De 80 a 84 años;1 de enero de 2020;0
Total;19 Guadalajara;19263 Taragudo;De 85 a 89 años;1 de enero de 2020;3
Total;19 Guadalajara;19263 Taragudo;De 90 a 94 años;1 de enero de 2020;0
Total;19 Guadalajara;19263 Taragudo;De 95 a 99 años;1 de enero de 2020;3
Total;19 Guadalajara;19263 Taragudo;100 y más años;1 de enero de 2020;0
Total;19 Guadalajara;19264 Taravilla;Todas las edades;1 de enero de 2020;36
Total;19 Guadalajara;19264 Taravilla;De 0 a 4 años;1 de enero de 2020;0
Total;19 Guadalajara;19264 Taravilla;De 5 a 9 años;1 de enero de 2020;0
Total;19 Guadalajara;19264 Taravilla;De 10 a 14 años;1 de enero de 2020;0
Total;19 Guadalajara;19264 Taravilla;De 65 a 69 años;1 de enero de 2020;1
Total;19 Guadalajara;19264 Taravilla;De 70 a 74 años;1 de enero de 2020;0
Total;19 Guadalajara;19264 Taravilla;De 75 a 79 años;1 de enero de 2020;1
Total;19 Guadalajara;19264 Taravilla;De 80 a 84 años;1 de enero de 2020;3
Total;19 Guadalajara;19264 Taravilla;De 85 a 89 años;1 de enero de 2020;3
Total;19 Guadalajara;19264 Taravilla;De 90 a 94 años;1 de enero de 2020;2
Total;19 Guadalajara;19264 Taravilla;De 95 a 99 años;1 de enero de 2020;0
Total;19 Guadalajara;19264 Taravilla;100 y más años;1 de enero de 2020;0
Total;19 Guadalajara;19265 Tartanedo;Todas las edades;1 de enero de 2020;144
Total;19 Guadalajara;19265 Tartanedo;De 0 a 4 años;1 de enero de 2020;2
Total;19 Guadalajara;19265 Tartanedo;De 5 a 9 años;1 de enero de 2020;1
Total;19 Guadalajara;19265 Tartanedo;De 10 a 14 años;1 de enero de 2020;2
Total;19 Guadalajara;19265 Tartanedo;De 65 a 69 años;1 de enero de 2020;14
Total;19 Guadalajara;19265 Tartanedo;De 70 a 74 años;1 de enero de 2020;10
Total;19 Guadalajara;19265 Tartanedo;De 75 a 79 años;1 de enero de 2020;13
Total;19 Guadalajara;19265 Tartanedo;De 80 a 84 años;1 de enero de 2020;5
Total;19 Guadalajara;19265 Tartanedo;De 85 a 89 años;1 de enero de 2020;9
Total;19 Guadalajara;19265 Tartanedo;De 90 a 94 años;1 de enero de 2020;10
Total;19 Guadalajara;19265 Tartanedo;De 95 a 99 años;1 de enero de 2020;2
Total;19 Guadalajara;19265 Tartanedo;100 y más años;1 de enero de 2020;0
Total;19 Guadalajara;19266 Tendilla;Todas las edades;1 de enero de 2020;304
Total;19 Guadalajara;19266 Tendilla;De 0 a 4 años;1 de enero de 2020;8
Total;19 Guadalajara;19266 Tendilla;De 5 a 9 años;1 de enero de 2020;9
Total;19 Guadalajara;19266 Tendilla;De 10 a 14 años;1 de enero de 2020;12
Total;19 Guadalajara;19266 Tendilla;De 65 a 69 años;1 de enero de 2020;11
Total;19 Guadalajara;19266 Tendilla;De 70 a 74 años;1 de enero de 2020;18
Total;19 Guadalajara;19266 Tendilla;De 75 a 79 años;1 de enero de 2020;12
Total;19 Guadalajara;19266 Tendilla;De 80 a 84 años;1 de enero de 2020;15
Total;19 Guadalajara;19266 Tendilla;De 85 a 89 años;1 de enero de 2020;10
Total;19 Guadalajara;19266 Tendilla;De 90 a 94 años;1 de enero de 2020;10
Total;19 Guadalajara;19266 Tendilla;De 95 a 99 años;1 de enero de 2020;3
Total;19 Guadalajara;19266 Tendilla;100 y más años;1 de enero de 2020;0
Total;19 Guadalajara;19267 Terzaga;Todas las edades;1 de enero de 2020;22
Total;19 Guadalajara;19267 Terzaga;De 0 a 4 años;1 de enero de 2020;2
Total;19 Guadalajara;19267 Terzaga;De 5 a 9 años;1 de enero de 2020;0
Total;19 Guadalajara;19267 Terzaga;De 10 a 14 años;1 de enero de 2020;0
Total;19 Guadalajara;19267 Terzaga;De 65 a 69 años;1 de enero de 2020;0
Total;19 Guadalajara;19267 Terzaga;De 70 a 74 años;1 de enero de 2020;1
Total;19 Guadalajara;19267 Terzaga;De 75 a 79 años;1 de enero de 2020;0
Total;19 Guadalajara;19267 Terzaga;De 80 a 84 años;1 de enero de 2020;4
Total;19 Guadalajara;19267 Terzaga;De 85 a 89 años;1 de enero de 2020;1
Total;19 Guadalajara;19267 Terzaga;De 90 a 94 años;1 de enero de 2020;1
Total;19 Guadalajara;19267 Terzaga;De 95 a 99 años;1 de enero de 2020;0
Total;19 Guadalajara;19267 Terzaga;100 y más años;1 de enero de 2020;0
Total;19 Guadalajara;19268 Tierzo;Todas las edades;1 de enero de 2020;55
Total;19 Guadalajara;19268 Tierzo;De 0 a 4 años;1 de enero de 2020;4
Total;19 Guadalajara;19268 Tierzo;De 5 a 9 años;1 de enero de 2020;1
Total;19 Guadalajara;19268 Tierzo;De 10 a 14 años;1 de enero de 2020;2
Total;19 Guadalajara;19268 Tierzo;De 65 a 69 años;1 de enero de 2020;7
Total;19 Guadalajara;19268 Tierzo;De 70 a 74 años;1 de enero de 2020;1
Total;19 Guadalajara;19268 Tierzo;De 75 a 79 años;1 de enero de 2020;1
Total;19 Guadalajara;19268 Tierzo;De 80 a 84 años;1 de enero de 2020;1
Total;19 Guadalajara;19268 Tierzo;De 85 a 89 años;1 de enero de 2020;0
Total;19 Guadalajara;19268 Tierzo;De 90 a 94 años;1 de enero de 2020;0
Total;19 Guadalajara;19268 Tierzo;De 95 a 99 años;1 de enero de 2020;0
Total;19 Guadalajara;19268 Tierzo;100 y más años;1 de enero de 2020;0
Total;19 Guadalajara;19269 Toba, La;Todas las edades;1 de enero de 2020;85
Total;19 Guadalajara;19269 Toba, La;De 0 a 4 años;1 de enero de 2020;0
Total;19 Guadalajara;19269 Toba, La;De 5 a 9 años;1 de enero de 2020;0
Total;19 Guadalajara;19269 Toba, La;De 10 a 14 años;1 de enero de 2020;0
Total;19 Guadalajara;19269 Toba, La;De 65 a 69 años;1 de enero de 2020;9
Total;19 Guadalajara;19269 Toba, La;De 70 a 74 años;1 de enero de 2020;9
Total;19 Guadalajara;19269 Toba, La;De 75 a 79 años;1 de enero de 2020;8
Total;19 Guadalajara;19269 Toba, La;De 80 a 84 años;1 de enero de 2020;3
Total;19 Guadalajara;19269 Toba, La;De 85 a 89 años;1 de enero de 2020;6
Total;19 Guadalajara;19269 Toba, La;De 90 a 94 años;1 de enero de 2020;4
Total;19 Guadalajara;19269 Toba, La;De 95 a 99 años;1 de enero de 2020;4
Total;19 Guadalajara;19269 Toba, La;100 y más años;1 de enero de 2020;1
Total;19 Guadalajara;19271 Tordellego;Todas las edades;1 de enero de 2020;47
Total;19 Guadalajara;19271 Tordellego;De 0 a 4 años;1 de enero de 2020;0
Total;19 Guadalajara;19271 Tordellego;De 5 a 9 años;1 de enero de 2020;0
Total;19 Guadalajara;19271 Tordellego;De 10 a 14 años;1 de enero de 2020;0
Total;19 Guadalajara;19271 Tordellego;De 65 a 69 años;1 de enero de 2020;1
Total;19 Guadalajara;19271 Tordellego;De 70 a 74 años;1 de enero de 2020;1
Total;19 Guadalajara;19271 Tordellego;De 75 a 79 años;1 de enero de 2020;2
Total;19 Guadalajara;19271 Tordellego;De 80 a 84 años;1 de enero de 2020;8
Total;19 Guadalajara;19271 Tordellego;De 85 a 89 años;1 de enero de 2020;7
Total;19 Guadalajara;19271 Tordellego;De 90 a 94 años;1 de enero de 2020;5
Total;19 Guadalajara;19271 Tordellego;De 95 a 99 años;1 de enero de 2020;1
Total;19 Guadalajara;19271 Tordellego;100 y más años;1 de enero de 2020;0
Total;19 Guadalajara;19270 Tordelrábano;Todas las edades;1 de enero de 2020;11
Total;19 Guadalajara;19270 Tordelrábano;De 0 a 4 años;1 de enero de 2020;0
Total;19 Guadalajara;19270 Tordelrábano;De 5 a 9 años;1 de enero de 2020;0
Total;19 Guadalajara;19270 Tordelrábano;De 10 a 14 años;1 de enero de 2020;0
Total;19 Guadalajara;19270 Tordelrábano;De 65 a 69 años;1 de enero de 2020;2
Total;19 Guadalajara;19270 Tordelrábano;De 70 a 74 años;1 de enero de 2020;1
Total;19 Guadalajara;19270 Tordelrábano;De 75 a 79 años;1 de enero de 2020;0
Total;19 Guadalajara;19270 Tordelrábano;De 80 a 84 años;1 de enero de 2020;0
Total;19 Guadalajara;19270 Tordelrábano;De 85 a 89 años;1 de enero de 2020;0
Total;19 Guadalajara;19270 Tordelrábano;De 90 a 94 años;1 de enero de 2020;0
Total;19 Guadalajara;19270 Tordelrábano;De 95 a 99 años;1 de enero de 2020;0
Total;19 Guadalajara;19270 Tordelrábano;100 y más años;1 de enero de 2020;0
Total;19 Guadalajara;19272 Tordesilos;Todas las edades;1 de enero de 2020;85
Total;19 Guadalajara;19272 Tordesilos;De 0 a 4 años;1 de enero de 2020;3
Total;19 Guadalajara;19272 Tordesilos;De 5 a 9 años;1 de enero de 2020;1
Total;19 Guadalajara;19272 Tordesilos;De 10 a 14 años;1 de enero de 2020;4
Total;19 Guadalajara;19272 Tordesilos;De 65 a 69 años;1 de enero de 2020;2
Total;19 Guadalajara;19272 Tordesilos;De 70 a 74 años;1 de enero de 2020;1
Total;19 Guadalajara;19272 Tordesilos;De 75 a 79 años;1 de enero de 2020;5
Total;19 Guadalajara;19272 Tordesilos;De 80 a 84 años;1 de enero de 2020;10
Total;19 Guadalajara;19272 Tordesilos;De 85 a 89 años;1 de enero de 2020;5
Total;19 Guadalajara;19272 Tordesilos;De 90 a 94 años;1 de enero de 2020;1
Total;19 Guadalajara;19272 Tordesilos;De 95 a 99 años;1 de enero de 2020;0
Total;19 Guadalajara;19272 Tordesilos;100 y más años;1 de enero de 2020;0
Total;19 Guadalajara;19274 Torija;Todas las edades;1 de enero de 2020;1.527
Total;19 Guadalajara;19274 Torija;De 0 a 4 años;1 de enero de 2020;104
Total;19 Guadalajara;19274 Torija;De 5 a 9 años;1 de enero de 2020;109
Total;19 Guadalajara;19274 Torija;De 10 a 14 años;1 de enero de 2020;113
Total;19 Guadalajara;19274 Torija;De 65 a 69 años;1 de enero de 2020;37
Total;19 Guadalajara;19274 Torija;De 70 a 74 años;1 de enero de 2020;33
Total;19 Guadalajara;19274 Torija;De 75 a 79 años;1 de enero de 2020;31
Total;19 Guadalajara;19274 Torija;De 80 a 84 años;1 de enero de 2020;13
Total;19 Guadalajara;19274 Torija;De 85 a 89 años;1 de enero de 2020;24
Total;19 Guadalajara;19274 Torija;De 90 a 94 años;1 de enero de 2020;10
Total;19 Guadalajara;19274 Torija;De 95 a 99 años;1 de enero de 2020;3
Total;19 Guadalajara;19274 Torija;100 y más años;1 de enero de 2020;0
Total;19 Guadalajara;19279 Torre del Burgo;Todas las edades;1 de enero de 2020;611
Total;19 Guadalajara;19279 Torre del Burgo;De 0 a 4 años;1 de enero de 2020;9
Total;19 Guadalajara;19279 Torre del Burgo;De 5 a 9 años;1 de enero de 2020;11
Total;19 Guadalajara;19279 Torre del Burgo;De 10 a 14 años;1 de enero de 2020;12
Total;19 Guadalajara;19279 Torre del Burgo;De 65 a 69 años;1 de enero de 2020;6
Total;19 Guadalajara;19279 Torre del Burgo;De 70 a 74 años;1 de enero de 2020;4
Total;19 Guadalajara;19279 Torre del Burgo;De 75 a 79 años;1 de enero de 2020;3
Total;19 Guadalajara;19279 Torre del Burgo;De 80 a 84 años;1 de enero de 2020;6
Total;19 Guadalajara;19279 Torre del Burgo;De 85 a 89 años;1 de enero de 2020;2
Total;19 Guadalajara;19279 Torre del Burgo;De 90 a 94 años;1 de enero de 2020;3
Total;19 Guadalajara;19279 Torre del Burgo;De 95 a 99 años;1 de enero de 2020;1
Total;19 Guadalajara;19279 Torre del Burgo;100 y más años;1 de enero de 2020;0
Total;19 Guadalajara;19277 Torrecuadrada de Molina;Todas las edades;1 de enero de 2020;18
Total;19 Guadalajara;19277 Torrecuadrada de Molina;De 0 a 4 años;1 de enero de 2020;1
Total;19 Guadalajara;19277 Torrecuadrada de Molina;De 5 a 9 años;1 de enero de 2020;0
Total;19 Guadalajara;19277 Torrecuadrada de Molina;De 10 a 14 años;1 de enero de 2020;2
Total;19 Guadalajara;19277 Torrecuadrada de Molina;De 65 a 69 años;1 de enero de 2020;1
Total;19 Guadalajara;19277 Torrecuadrada de Molina;De 70 a 74 años;1 de enero de 2020;2
Total;19 Guadalajara;19277 Torrecuadrada de Molina;De 75 a 79 años;1 de enero de 2020;1
Total;19 Guadalajara;19277 Torrecuadrada de Molina;De 80 a 84 años;1 de enero de 2020;1
Total;19 Guadalajara;19277 Torrecuadrada de Molina;De 85 a 89 años;1 de enero de 2020;0
Total;19 Guadalajara;19277 Torrecuadrada de Molina;De 90 a 94 años;1 de enero de 2020;1
Total;19 Guadalajara;19277 Torrecuadrada de Molina;De 95 a 99 años;1 de enero de 2020;0
Total;19 Guadalajara;19277 Torrecuadrada de Molina;100 y más años;1 de enero de 2020;0
Total;19 Guadalajara;19278 Torrecuadradilla;Todas las edades;1 de enero de 2020;27
Total;19 Guadalajara;19278 Torrecuadradilla;De 0 a 4 años;1 de enero de 2020;0
Total;19 Guadalajara;19278 Torrecuadradilla;De 5 a 9 años;1 de enero de 2020;0
Total;19 Guadalajara;19278 Torrecuadradilla;De 10 a 14 años;1 de enero de 2020;0
Total;19 Guadalajara;19278 Torrecuadradilla;De 65 a 69 años;1 de enero de 2020;0
Total;19 Guadalajara;19278 Torrecuadradilla;De 70 a 74 años;1 de enero de 2020;3
Total;19 Guadalajara;19278 Torrecuadradilla;De 75 a 79 años;1 de enero de 2020;2
Total;19 Guadalajara;19278 Torrecuadradilla;De 80 a 84 años;1 de enero de 2020;3
Total;19 Guadalajara;19278 Torrecuadradilla;De 85 a 89 años;1 de enero de 2020;6
Total;19 Guadalajara;19278 Torrecuadradilla;De 90 a 94 años;1 de enero de 2020;1
Total;19 Guadalajara;19278 Torrecuadradilla;De 95 a 99 años;1 de enero de 2020;0
Total;19 Guadalajara;19278 Torrecuadradilla;100 y más años;1 de enero de 2020;0
Total;19 Guadalajara;19280 Torrejón del Rey;Todas las edades;1 de enero de 2020;5.623
Total;19 Guadalajara;19280 Torrejón del Rey;De 0 a 4 años;1 de enero de 2020;260
Total;19 Guadalajara;19280 Torrejón del Rey;De 5 a 9 años;1 de enero de 2020;425
Total;19 Guadalajara;19280 Torrejón del Rey;De 10 a 14 años;1 de enero de 2020;473
Total;19 Guadalajara;19280 Torrejón del Rey;De 65 a 69 años;1 de enero de 2020;203
Total;19 Guadalajara;19280 Torrejón del Rey;De 70 a 74 años;1 de enero de 2020;122
Total;19 Guadalajara;19280 Torrejón del Rey;De 75 a 79 años;1 de enero de 2020;101
Total;19 Guadalajara;19280 Torrejón del Rey;De 80 a 84 años;1 de enero de 2020;52
Total;19 Guadalajara;19280 Torrejón del Rey;De 85 a 89 años;1 de enero de 2020;35
Total;19 Guadalajara;19280 Torrejón del Rey;De 90 a 94 años;1 de enero de 2020;19
Total;19 Guadalajara;19280 Torrejón del Rey;De 95 a 99 años;1 de enero de 2020;6
Total;19 Guadalajara;19280 Torrejón del Rey;100 y más años;1 de enero de 2020;0
Total;19 Guadalajara;19281 Torremocha de Jadraque;Todas las edades;1 de enero de 2020;21
Total;19 Guadalajara;19281 Torremocha de Jadraque;De 0 a 4 años;1 de enero de 2020;0
Total;19 Guadalajara;19281 Torremocha de Jadraque;De 5 a 9 años;1 de enero de 2020;0
Total;19 Guadalajara;19281 Torremocha de Jadraque;De 10 a 14 años;1 de enero de 2020;1
Total;19 Guadalajara;19281 Torremocha de Jadraque;De 65 a 69 años;1 de enero de 2020;2
Total;19 Guadalajara;19281 Torremocha de Jadraque;De 70 a 74 años;1 de enero de 2020;1
Total;19 Guadalajara;19281 Torremocha de Jadraque;De 75 a 79 años;1 de enero de 2020;0
Total;19 Guadalajara;19281 Torremocha de Jadraque;De 80 a 84 años;1 de enero de 2020;1
Total;19 Guadalajara;19281 Torremocha de Jadraque;De 85 a 89 años;1 de enero de 2020;0
Total;19 Guadalajara;19281 Torremocha de Jadraque;De 90 a 94 años;1 de enero de 2020;0
Total;19 Guadalajara;19281 Torremocha de Jadraque;De 95 a 99 años;1 de enero de 2020;0
Total;19 Guadalajara;19281 Torremocha de Jadraque;100 y más años;1 de enero de 2020;0
Total;19 Guadalajara;19282 Torremocha del Campo;Todas las edades;1 de enero de 2020;172
Total;19 Guadalajara;19282 Torremocha del Campo;De 0 a 4 años;1 de enero de 2020;5
Total;19 Guadalajara;19282 Torremocha del Campo;De 5 a 9 años;1 de enero de 2020;3
Total;19 Guadalajara;19282 Torremocha del Campo;De 10 a 14 años;1 de enero de 2020;4
Total;19 Guadalajara;19282 Torremocha del Campo;De 65 a 69 años;1 de enero de 2020;11
Total;19 Guadalajara;19282 Torremocha del Campo;De 70 a 74 años;1 de enero de 2020;24
Total;19 Guadalajara;19282 Torremocha del Campo;De 75 a 79 años;1 de enero de 2020;11
Total;19 Guadalajara;19282 Torremocha del Campo;De 80 a 84 años;1 de enero de 2020;5
Total;19 Guadalajara;19282 Torremocha del Campo;De 85 a 89 años;1 de enero de 2020;8
Total;19 Guadalajara;19282 Torremocha del Campo;De 90 a 94 años;1 de enero de 2020;5
Total;19 Guadalajara;19282 Torremocha del Campo;De 95 a 99 años;1 de enero de 2020;2
Total;19 Guadalajara;19282 Torremocha del Campo;100 y más años;1 de enero de 2020;0
Total;19 Guadalajara;19283 Torremocha del Pinar;Todas las edades;1 de enero de 2020;38
Total;19 Guadalajara;19283 Torremocha del Pinar;De 0 a 4 años;1 de enero de 2020;1
Total;19 Guadalajara;19283 Torremocha del Pinar;De 5 a 9 años;1 de enero de 2020;1
Total;19 Guadalajara;19283 Torremocha del Pinar;De 10 a 14 años;1 de enero de 2020;0
Total;19 Guadalajara;19283 Torremocha del Pinar;De 65 a 69 años;1 de enero de 2020;4
Total;19 Guadalajara;19283 Torremocha del Pinar;De 70 a 74 años;1 de enero de 2020;4
Total;19 Guadalajara;19283 Torremocha del Pinar;De 75 a 79 años;1 de enero de 2020;3
Total;19 Guadalajara;19283 Torremocha del Pinar;De 80 a 84 años;1 de enero de 2020;1
Total;19 Guadalajara;19283 Torremocha del Pinar;De 85 a 89 años;1 de enero de 2020;4
Total;19 Guadalajara;19283 Torremocha del Pinar;De 90 a 94 años;1 de enero de 2020;3
Total;19 Guadalajara;19283 Torremocha del Pinar;De 95 a 99 años;1 de enero de 2020;0
Total;19 Guadalajara;19283 Torremocha del Pinar;100 y más años;1 de enero de 2020;0
Total;19 Guadalajara;19284 Torremochuela;Todas las edades;1 de enero de 2020;9
Total;19 Guadalajara;19284 Torremochuela;De 0 a 4 años;1 de enero de 2020;0
Total;19 Guadalajara;19284 Torremochuela;De 5 a 9 años;1 de enero de 2020;0
Total;19 Guadalajara;19284 Torremochuela;De 10 a 14 años;1 de enero de 2020;0
Total;19 Guadalajara;19284 Torremochuela;De 65 a 69 años;1 de enero de 2020;0
Total;19 Guadalajara;19284 Torremochuela;De 70 a 74 años;1 de enero de 2020;2
Total;19 Guadalajara;19284 Torremochuela;De 75 a 79 años;1 de enero de 2020;1
Total;19 Guadalajara;19284 Torremochuela;De 80 a 84 años;1 de enero de 2020;2
Total;19 Guadalajara;19284 Torremochuela;De 85 a 89 años;1 de enero de 2020;0
Total;19 Guadalajara;19284 Torremochuela;De 90 a 94 años;1 de enero de 2020;0
Total;19 Guadalajara;19284 Torremochuela;De 95 a 99 años;1 de enero de 2020;0
Total;19 Guadalajara;19284 Torremochuela;100 y más años;1 de enero de 2020;0
Total;19 Guadalajara;19285 Torrubia;Todas las edades;1 de enero de 2020;20
Total;19 Guadalajara;19285 Torrubia;De 0 a 4 años;1 de enero de 2020;0
Total;19 Guadalajara;19285 Torrubia;De 5 a 9 años;1 de enero de 2020;0
Total;19 Guadalajara;19285 Torrubia;De 10 a 14 años;1 de enero de 2020;0
Total;19 Guadalajara;19285 Torrubia;De 65 a 69 años;1 de enero de 2020;1
Total;19 Guadalajara;19285 Torrubia;De 70 a 74 años;1 de enero de 2020;4
Total;19 Guadalajara;19285 Torrubia;De 75 a 79 años;1 de enero de 2020;1
Total;19 Guadalajara;19285 Torrubia;De 80 a 84 años;1 de enero de 2020;3
Total;19 Guadalajara;19285 Torrubia;De 85 a 89 años;1 de enero de 2020;2
Total;19 Guadalajara;19285 Torrubia;De 90 a 94 años;1 de enero de 2020;1
Total;19 Guadalajara;19285 Torrubia;De 95 a 99 años;1 de enero de 2020;0
Total;19 Guadalajara;19285 Torrubia;100 y más años;1 de enero de 2020;0
Total;19 Guadalajara;19286 Tórtola de Henares;Todas las edades;1 de enero de 2020;1.165
Total;19 Guadalajara;19286 Tórtola de Henares;De 0 a 4 años;1 de enero de 2020;94
Total;19 Guadalajara;19286 Tórtola de Henares;De 5 a 9 años;1 de enero de 2020;91
Total;19 Guadalajara;19286 Tórtola de Henares;De 10 a 14 años;1 de enero de 2020;54
Total;19 Guadalajara;19286 Tórtola de Henares;De 65 a 69 años;1 de enero de 2020;46
Total;19 Guadalajara;19286 Tórtola de Henares;De 70 a 74 años;1 de enero de 2020;25
Total;19 Guadalajara;19286 Tórtola de Henares;De 75 a 79 años;1 de enero de 2020;21
Total;19 Guadalajara;19286 Tórtola de Henares;De 80 a 84 años;1 de enero de 2020;18
Total;19 Guadalajara;19286 Tórtola de Henares;De 85 a 89 años;1 de enero de 2020;10
Total;19 Guadalajara;19286 Tórtola de Henares;De 90 a 94 años;1 de enero de 2020;7
Total;19 Guadalajara;19286 Tórtola de Henares;De 95 a 99 años;1 de enero de 2020;3
Total;19 Guadalajara;19286 Tórtola de Henares;100 y más años;1 de enero de 2020;0
Total;19 Guadalajara;19287 Tortuera;Todas las edades;1 de enero de 2020;191
Total;19 Guadalajara;19287 Tortuera;De 0 a 4 años;1 de enero de 2020;9
Total;19 Guadalajara;19287 Tortuera;De 5 a 9 años;1 de enero de 2020;2
Total;19 Guadalajara;19287 Tortuera;De 10 a 14 años;1 de enero de 2020;10
Total;19 Guadalajara;19287 Tortuera;De 65 a 69 años;1 de enero de 2020;10
Total;19 Guadalajara;19287 Tortuera;De 70 a 74 años;1 de enero de 2020;7
Total;19 Guadalajara;19287 Tortuera;De 75 a 79 años;1 de enero de 2020;10
Total;19 Guadalajara;19287 Tortuera;De 80 a 84 años;1 de enero de 2020;11
Total;19 Guadalajara;19287 Tortuera;De 85 a 89 años;1 de enero de 2020;14
Total;19 Guadalajara;19287 Tortuera;De 90 a 94 años;1 de enero de 2020;4
Total;19 Guadalajara;19287 Tortuera;De 95 a 99 años;1 de enero de 2020;2
Total;19 Guadalajara;19287 Tortuera;100 y más años;1 de enero de 2020;0
Total;19 Guadalajara;19288 Tortuero;Todas las edades;1 de enero de 2020;16
Total;19 Guadalajara;19288 Tortuero;De 0 a 4 años;1 de enero de 2020;0
Total;19 Guadalajara;19288 Tortuero;De 5 a 9 años;1 de enero de 2020;0
Total;19 Guadalajara;19288 Tortuero;De 10 a 14 años;1 de enero de 2020;0
Total;19 Guadalajara;19288 Tortuero;De 65 a 69 años;1 de enero de 2020;2
Total;19 Guadalajara;19288 Tortuero;De 70 a 74 años;1 de enero de 2020;2
Total;19 Guadalajara;19288 Tortuero;De 75 a 79 años;1 de enero de 2020;3
Total;19 Guadalajara;19288 Tortuero;De 80 a 84 años;1 de enero de 2020;1
Total;19 Guadalajara;19288 Tortuero;De 85 a 89 años;1 de enero de 2020;1
Total;19 Guadalajara;19288 Tortuero;De 90 a 94 años;1 de enero de 2020;0
Total;19 Guadalajara;19288 Tortuero;De 95 a 99 años;1 de enero de 2020;0
Total;19 Guadalajara;19288 Tortuero;100 y más años;1 de enero de 2020;0
Total;19 Guadalajara;19289 Traíd;Todas las edades;1 de enero de 2020;25
Total;19 Guadalajara;19289 Traíd;De 0 a 4 años;1 de enero de 2020;0
Total;19 Guadalajara;19289 Traíd;De 5 a 9 años;1 de enero de 2020;0
Total;19 Guadalajara;19289 Traíd;De 10 a 14 años;1 de enero de 2020;0
Total;19 Guadalajara;19289 Traíd;De 65 a 69 años;1 de enero de 2020;4
Total;19 Guadalajara;19289 Traíd;De 70 a 74 años;1 de enero de 2020;1
Total;19 Guadalajara;19289 Traíd;De 75 a 79 años;1 de enero de 2020;4
Total;19 Guadalajara;19289 Traíd;De 80 a 84 años;1 de enero de 2020;0
Total;19 Guadalajara;19289 Traíd;De 85 a 89 años;1 de enero de 2020;3
Total;19 Guadalajara;19289 Traíd;De 90 a 94 años;1 de enero de 2020;1
Total;19 Guadalajara;19289 Traíd;De 95 a 99 años;1 de enero de 2020;1
Total;19 Guadalajara;19289 Traíd;100 y más años;1 de enero de 2020;0
Total;19 Guadalajara;19290 Trijueque;Todas las edades;1 de enero de 2020;1.226
Total;19 Guadalajara;19290 Trijueque;De 0 a 4 años;1 de enero de 2020;36
Total;19 Guadalajara;19290 Trijueque;De 5 a 9 años;1 de enero de 2020;40
Total;19 Guadalajara;19290 Trijueque;De 10 a 14 años;1 de enero de 2020;71
Total;19 Guadalajara;19290 Trijueque;De 65 a 69 años;1 de enero de 2020;59
Total;19 Guadalajara;19290 Trijueque;De 70 a 74 años;1 de enero de 2020;49
Total;19 Guadalajara;19290 Trijueque;De 75 a 79 años;1 de enero de 2020;36
Total;19 Guadalajara;19290 Trijueque;De 80 a 84 años;1 de enero de 2020;25
Total;19 Guadalajara;19290 Trijueque;De 85 a 89 años;1 de enero de 2020;20
Total;19 Guadalajara;19290 Trijueque;De 90 a 94 años;1 de enero de 2020;6
Total;19 Guadalajara;19290 Trijueque;De 95 a 99 años;1 de enero de 2020;1
Total;19 Guadalajara;19290 Trijueque;100 y más años;1 de enero de 2020;1
Total;19 Guadalajara;19291 Trillo;Todas las edades;1 de enero de 2020;1.338
Total;19 Guadalajara;19291 Trillo;De 0 a 4 años;1 de enero de 2020;21
Total;19 Guadalajara;19291 Trillo;De 5 a 9 años;1 de enero de 2020;25
Total;19 Guadalajara;19291 Trillo;De 10 a 14 años;1 de enero de 2020;34
Total;19 Guadalajara;19291 Trillo;De 65 a 69 años;1 de enero de 2020;81
Total;19 Guadalajara;19291 Trillo;De 70 a 74 años;1 de enero de 2020;54
Total;19 Guadalajara;19291 Trillo;De 75 a 79 años;1 de enero de 2020;69
Total;19 Guadalajara;19291 Trillo;De 80 a 84 años;1 de enero de 2020;60
Total;19 Guadalajara;19291 Trillo;De 85 a 89 años;1 de enero de 2020;55
Total;19 Guadalajara;19291 Trillo;De 90 a 94 años;1 de enero de 2020;28
Total;19 Guadalajara;19291 Trillo;De 95 a 99 años;1 de enero de 2020;6
Total;19 Guadalajara;19291 Trillo;100 y más años;1 de enero de 2020;0
Total;19 Guadalajara;19293 Uceda;Todas las edades;1 de enero de 2020;2.715
Total;19 Guadalajara;19293 Uceda;De 0 a 4 años;1 de enero de 2020;120
Total;19 Guadalajara;19293 Uceda;De 5 a 9 años;1 de enero de 2020;161
Total;19 Guadalajara;19293 Uceda;De 10 a 14 años;1 de enero de 2020;183
Total;19 Guadalajara;19293 Uceda;De 65 a 69 años;1 de enero de 2020;117
Total;19 Guadalajara;19293 Uceda;De 70 a 74 años;1 de enero de 2020;96
Total;19 Guadalajara;19293 Uceda;De 75 a 79 años;1 de enero de 2020;62
Total;19 Guadalajara;19293 Uceda;De 80 a 84 años;1 de enero de 2020;41
Total;19 Guadalajara;19293 Uceda;De 85 a 89 años;1 de enero de 2020;39
Total;19 Guadalajara;19293 Uceda;De 90 a 94 años;1 de enero de 2020;12
Total;19 Guadalajara;19293 Uceda;De 95 a 99 años;1 de enero de 2020;2
Total;19 Guadalajara;19293 Uceda;100 y más años;1 de enero de 2020;0
Total;19 Guadalajara;19294 Ujados;Todas las edades;1 de enero de 2020;30
Total;19 Guadalajara;19294 Ujados;De 0 a 4 años;1 de enero de 2020;1
Total;19 Guadalajara;19294 Ujados;De 5 a 9 años;1 de enero de 2020;0
Total;19 Guadalajara;19294 Ujados;De 10 a 14 años;1 de enero de 2020;2
Total;19 Guadalajara;19294 Ujados;De 65 a 69 años;1 de enero de 2020;1
Total;19 Guadalajara;19294 Ujados;De 70 a 74 años;1 de enero de 2020;3
Total;19 Guadalajara;19294 Ujados;De 75 a 79 años;1 de enero de 2020;0
Total;19 Guadalajara;19294 Ujados;De 80 a 84 años;1 de enero de 2020;2
Total;19 Guadalajara;19294 Ujados;De 85 a 89 años;1 de enero de 2020;1
Total;19 Guadalajara;19294 Ujados;De 90 a 94 años;1 de enero de 2020;3
Total;19 Guadalajara;19294 Ujados;De 95 a 99 años;1 de enero de 2020;1
Total;19 Guadalajara;19294 Ujados;100 y más años;1 de enero de 2020;1
Total;19 Guadalajara;19296 Utande;Todas las edades;1 de enero de 2020;39
Total;19 Guadalajara;19296 Utande;De 0 a 4 años;1 de enero de 2020;0
Total;19 Guadalajara;19296 Utande;De 5 a 9 años;1 de enero de 2020;0
Total;19 Guadalajara;19296 Utande;De 10 a 14 años;1 de enero de 2020;5
Total;19 Guadalajara;19296 Utande;De 65 a 69 años;1 de enero de 2020;0
Total;19 Guadalajara;19296 Utande;De 70 a 74 años;1 de enero de 2020;1
Total;19 Guadalajara;19296 Utande;De 75 a 79 años;1 de enero de 2020;1
Total;19 Guadalajara;19296 Utande;De 80 a 84 años;1 de enero de 2020;4
Total;19 Guadalajara;19296 Utande;De 85 a 89 años;1 de enero de 2020;1
Total;19 Guadalajara;19296 Utande;De 90 a 94 años;1 de enero de 2020;1
Total;19 Guadalajara;19296 Utande;De 95 a 99 años;1 de enero de 2020;1
Total;19 Guadalajara;19296 Utande;100 y más años;1 de enero de 2020;0
Total;19 Guadalajara;19297 Valdarachas;Todas las edades;1 de enero de 2020;40
Total;19 Guadalajara;19297 Valdarachas;De 0 a 4 años;1 de enero de 2020;3
Total;19 Guadalajara;19297 Valdarachas;De 5 a 9 años;1 de enero de 2020;2
Total;19 Guadalajara;19297 Valdarachas;De 10 a 14 años;1 de enero de 2020;1
Total;19 Guadalajara;19297 Valdarachas;De 65 a 69 años;1 de enero de 2020;2
Total;19 Guadalajara;19297 Valdarachas;De 70 a 74 años;1 de enero de 2020;2
Total;19 Guadalajara;19297 Valdarachas;De 75 a 79 años;1 de enero de 2020;1
Total;19 Guadalajara;19297 Valdarachas;De 80 a 84 años;1 de enero de 2020;2
Total;19 Guadalajara;19297 Valdarachas;De 85 a 89 años;1 de enero de 2020;2
Total;19 Guadalajara;19297 Valdarachas;De 90 a 94 años;1 de enero de 2020;1
Total;19 Guadalajara;19297 Valdarachas;De 95 a 99 años;1 de enero de 2020;0
Total;19 Guadalajara;19297 Valdarachas;100 y más años;1 de enero de 2020;0
Total;19 Guadalajara;19298 Valdearenas;Todas las edades;1 de enero de 2020;78
Total;19 Guadalajara;19298 Valdearenas;De 0 a 4 años;1 de enero de 2020;1
Total;19 Guadalajara;19298 Valdearenas;De 5 a 9 años;1 de enero de 2020;1
Total;19 Guadalajara;19298 Valdearenas;De 10 a 14 años;1 de enero de 2020;1
Total;19 Guadalajara;19298 Valdearenas;De 65 a 69 años;1 de enero de 2020;5
Total;19 Guadalajara;19298 Valdearenas;De 70 a 74 años;1 de enero de 2020;1
Total;19 Guadalajara;19298 Valdearenas;De 75 a 79 años;1 de enero de 2020;3
Total;19 Guadalajara;19298 Valdearenas;De 80 a 84 años;1 de enero de 2020;4
Total;19 Guadalajara;19298 Valdearenas;De 85 a 89 años;1 de enero de 2020;2
Total;19 Guadalajara;19298 Valdearenas;De 90 a 94 años;1 de enero de 2020;1
Total;19 Guadalajara;19298 Valdearenas;De 95 a 99 años;1 de enero de 2020;0
Total;19 Guadalajara;19298 Valdearenas;100 y más años;1 de enero de 2020;0
Total;19 Guadalajara;19299 Valdeavellano;Todas las edades;1 de enero de 2020;105
Total;19 Guadalajara;19299 Valdeavellano;De 0 a 4 años;1 de enero de 2020;0
Total;19 Guadalajara;19299 Valdeavellano;De 5 a 9 años;1 de enero de 2020;3
Total;19 Guadalajara;19299 Valdeavellano;De 10 a 14 años;1 de enero de 2020;3
Total;19 Guadalajara;19299 Valdeavellano;De 65 a 69 años;1 de enero de 2020;9
Total;19 Guadalajara;19299 Valdeavellano;De 70 a 74 años;1 de enero de 2020;6
Total;19 Guadalajara;19299 Valdeavellano;De 75 a 79 años;1 de enero de 2020;5
Total;19 Guadalajara;19299 Valdeavellano;De 80 a 84 años;1 de enero de 2020;9
Total;19 Guadalajara;19299 Valdeavellano;De 85 a 89 años;1 de enero de 2020;4
Total;19 Guadalajara;19299 Valdeavellano;De 90 a 94 años;1 de enero de 2020;5
Total;19 Guadalajara;19299 Valdeavellano;De 95 a 99 años;1 de enero de 2020;1
Total;19 Guadalajara;19299 Valdeavellano;100 y más años;1 de enero de 2020;0
Total;19 Guadalajara;19300 Valdeaveruelo;Todas las edades;1 de enero de 2020;1.084
Total;19 Guadalajara;19300 Valdeaveruelo;De 0 a 4 años;1 de enero de 2020;37
Total;19 Guadalajara;19300 Valdeaveruelo;De 5 a 9 años;1 de enero de 2020;63
Total;19 Guadalajara;19300 Valdeaveruelo;De 10 a 14 años;1 de enero de 2020;71
Total;19 Guadalajara;19300 Valdeaveruelo;De 65 a 69 años;1 de enero de 2020;53
Total;19 Guadalajara;19300 Valdeaveruelo;De 70 a 74 años;1 de enero de 2020;33
Total;19 Guadalajara;19300 Valdeaveruelo;De 75 a 79 años;1 de enero de 2020;25
Total;19 Guadalajara;19300 Valdeaveruelo;De 80 a 84 años;1 de enero de 2020;13
Total;19 Guadalajara;19300 Valdeaveruelo;De 85 a 89 años;1 de enero de 2020;6
Total;19 Guadalajara;19300 Valdeaveruelo;De 90 a 94 años;1 de enero de 2020;5
Total;19 Guadalajara;19300 Valdeaveruelo;De 95 a 99 años;1 de enero de 2020;2
Total;19 Guadalajara;19300 Valdeaveruelo;100 y más años;1 de enero de 2020;0
Total;19 Guadalajara;19301 Valdeconcha;Todas las edades;1 de enero de 2020;37
Total;19 Guadalajara;19301 Valdeconcha;De 0 a 4 años;1 de enero de 2020;1
Total;19 Guadalajara;19301 Valdeconcha;De 5 a 9 años;1 de enero de 2020;0
Total;19 Guadalajara;19301 Valdeconcha;De 10 a 14 años;1 de enero de 2020;0
Total;19 Guadalajara;19301 Valdeconcha;De 65 a 69 años;1 de enero de 2020;3
Total;19 Guadalajara;19301 Valdeconcha;De 70 a 74 años;1 de enero de 2020;1
Total;19 Guadalajara;19301 Valdeconcha;De 75 a 79 años;1 de enero de 2020;5
Total;19 Guadalajara;19301 Valdeconcha;De 80 a 84 años;1 de enero de 2020;2
Total;19 Guadalajara;19301 Valdeconcha;De 85 a 89 años;1 de enero de 2020;2
Total;19 Guadalajara;19301 Valdeconcha;De 90 a 94 años;1 de enero de 2020;1
Total;19 Guadalajara;19301 Valdeconcha;De 95 a 99 años;1 de enero de 2020;0
Total;19 Guadalajara;19301 Valdeconcha;100 y más años;1 de enero de 2020;0
Total;19 Guadalajara;19302 Valdegrudas;Todas las edades;1 de enero de 2020;55
Total;19 Guadalajara;19302 Valdegrudas;De 0 a 4 años;1 de enero de 2020;1
Total;19 Guadalajara;19302 Valdegrudas;De 5 a 9 años;1 de enero de 2020;2
Total;19 Guadalajara;19302 Valdegrudas;De 10 a 14 años;1 de enero de 2020;0
Total;19 Guadalajara;19302 Valdegrudas;De 65 a 69 años;1 de enero de 2020;2
Total;19 Guadalajara;19302 Valdegrudas;De 70 a 74 años;1 de enero de 2020;6
Total;19 Guadalajara;19302 Valdegrudas;De 75 a 79 años;1 de enero de 2020;7
Total;19 Guadalajara;19302 Valdegrudas;De 80 a 84 años;1 de enero de 2020;2
Total;19 Guadalajara;19302 Valdegrudas;De 85 a 89 años;1 de enero de 2020;5
Total;19 Guadalajara;19302 Valdegrudas;De 90 a 94 años;1 de enero de 2020;0
Total;19 Guadalajara;19302 Valdegrudas;De 95 a 99 años;1 de enero de 2020;0
Total;19 Guadalajara;19302 Valdegrudas;100 y más años;1 de enero de 2020;0
Total;19 Guadalajara;19303 Valdelcubo;Todas las edades;1 de enero de 2020;42
Total;19 Guadalajara;19303 Valdelcubo;De 0 a 4 años;1 de enero de 2020;0
Total;19 Guadalajara;19303 Valdelcubo;De 5 a 9 años;1 de enero de 2020;1
Total;19 Guadalajara;19303 Valdelcubo;De 10 a 14 años;1 de enero de 2020;0
Total;19 Guadalajara;19303 Valdelcubo;De 65 a 69 años;1 de enero de 2020;1
Total;19 Guadalajara;19303 Valdelcubo;De 70 a 74 años;1 de enero de 2020;6
Total;19 Guadalajara;19303 Valdelcubo;De 75 a 79 años;1 de enero de 2020;3
Total;19 Guadalajara;19303 Valdelcubo;De 80 a 84 años;1 de enero de 2020;4
Total;19 Guadalajara;19303 Valdelcubo;De 85 a 89 años;1 de enero de 2020;3
Total;19 Guadalajara;19303 Valdelcubo;De 90 a 94 años;1 de enero de 2020;1
Total;19 Guadalajara;19303 Valdelcubo;De 95 a 99 años;1 de enero de 2020;0
Total;19 Guadalajara;19303 Valdelcubo;100 y más años;1 de enero de 2020;0
Total;19 Guadalajara;19304 Valdenuño Fernández;Todas las edades;1 de enero de 2020;269
Total;19 Guadalajara;19304 Valdenuño Fernández;De 0 a 4 años;1 de enero de 2020;13
Total;19 Guadalajara;19304 Valdenuño Fernández;De 5 a 9 años;1 de enero de 2020;12
Total;19 Guadalajara;19304 Valdenuño Fernández;De 10 a 14 años;1 de enero de 2020;11
Total;19 Guadalajara;19304 Valdenuño Fernández;De 65 a 69 años;1 de enero de 2020;16
Total;19 Guadalajara;19304 Valdenuño Fernández;De 70 a 74 años;1 de enero de 2020;4
Total;19 Guadalajara;19304 Valdenuño Fernández;De 75 a 79 años;1 de enero de 2020;13
Total;19 Guadalajara;19304 Valdenuño Fernández;De 80 a 84 años;1 de enero de 2020;4
Total;19 Guadalajara;19304 Valdenuño Fernández;De 85 a 89 años;1 de enero de 2020;6
Total;19 Guadalajara;19304 Valdenuño Fernández;De 90 a 94 años;1 de enero de 2020;2
Total;19 Guadalajara;19304 Valdenuño Fernández;De 95 a 99 años;1 de enero de 2020;0
Total;19 Guadalajara;19304 Valdenuño Fernández;100 y más años;1 de enero de 2020;0
Total;19 Guadalajara;19305 Valdepeñas de la Sierra;Todas las edades;1 de enero de 2020;149
Total;19 Guadalajara;19305 Valdepeñas de la Sierra;De 0 a 4 años;1 de enero de 2020;0
Total;19 Guadalajara;19305 Valdepeñas de la Sierra;De 5 a 9 años;1 de enero de 2020;2
Total;19 Guadalajara;19305 Valdepeñas de la Sierra;De 10 a 14 años;1 de enero de 2020;4
Total;19 Guadalajara;19305 Valdepeñas de la Sierra;De 65 a 69 años;1 de enero de 2020;14
Total;19 Guadalajara;19305 Valdepeñas de la Sierra;De 70 a 74 años;1 de enero de 2020;13
Total;19 Guadalajara;19305 Valdepeñas de la Sierra;De 75 a 79 años;1 de enero de 2020;11
Total;19 Guadalajara;19305 Valdepeñas de la Sierra;De 80 a 84 años;1 de enero de 2020;13
Total;19 Guadalajara;19305 Valdepeñas de la Sierra;De 85 a 89 años;1 de enero de 2020;9
Total;19 Guadalajara;19305 Valdepeñas de la Sierra;De 90 a 94 años;1 de enero de 2020;4
Total;19 Guadalajara;19305 Valdepeñas de la Sierra;De 95 a 99 años;1 de enero de 2020;3
Total;19 Guadalajara;19305 Valdepeñas de la Sierra;100 y más años;1 de enero de 2020;1
Total;19 Guadalajara;19306 Valderrebollo;Todas las edades;1 de enero de 2020;23
Total;19 Guadalajara;19306 Valderrebollo;De 0 a 4 años;1 de enero de 2020;0
Total;19 Guadalajara;19306 Valderrebollo;De 5 a 9 años;1 de enero de 2020;0
Total;19 Guadalajara;19306 Valderrebollo;De 10 a 14 años;1 de enero de 2020;0
Total;19 Guadalajara;19306 Valderrebollo;De 65 a 69 años;1 de enero de 2020;2
Total;19 Guadalajara;19306 Valderrebollo;De 70 a 74 años;1 de enero de 2020;6
Total;19 Guadalajara;19306 Valderrebollo;De 75 a 79 años;1 de enero de 2020;0
Total;19 Guadalajara;19306 Valderrebollo;De 80 a 84 años;1 de enero de 2020;1
Total;19 Guadalajara;19306 Valderrebollo;De 85 a 89 años;1 de enero de 2020;2
Total;19 Guadalajara;19306 Valderrebollo;De 90 a 94 años;1 de enero de 2020;2
Total;19 Guadalajara;19306 Valderrebollo;De 95 a 99 años;1 de enero de 2020;0
Total;19 Guadalajara;19306 Valderrebollo;100 y más años;1 de enero de 2020;0
Total;19 Guadalajara;19307 Valdesotos;Todas las edades;1 de enero de 2020;22
Total;19 Guadalajara;19307 Valdesotos;De 0 a 4 años;1 de enero de 2020;0
Total;19 Guadalajara;19307 Valdesotos;De 5 a 9 años;1 de enero de 2020;0
Total;19 Guadalajara;19307 Valdesotos;De 10 a 14 años;1 de enero de 2020;1
Total;19 Guadalajara;19307 Valdesotos;De 65 a 69 años;1 de enero de 2020;3
Total;19 Guadalajara;19307 Valdesotos;De 70 a 74 años;1 de enero de 2020;3
Total;19 Guadalajara;19307 Valdesotos;De 75 a 79 años;1 de enero de 2020;1
Total;19 Guadalajara;19307 Valdesotos;De 80 a 84 años;1 de enero de 2020;0
Total;19 Guadalajara;19307 Valdesotos;De 85 a 89 años;1 de enero de 2020;0
Total;19 Guadalajara;19307 Valdesotos;De 90 a 94 años;1 de enero de 2020;0
Total;19 Guadalajara;19307 Valdesotos;De 95 a 99 años;1 de enero de 2020;0
Total;19 Guadalajara;19307 Valdesotos;100 y más años;1 de enero de 2020;0
Total;19 Guadalajara;19308 Valfermoso de Tajuña;Todas las edades;1 de enero de 2020;64
Total;19 Guadalajara;19308 Valfermoso de Tajuña;De 0 a 4 años;1 de enero de 2020;0
Total;19 Guadalajara;19308 Valfermoso de Tajuña;De 5 a 9 años;1 de enero de 2020;0
Total;19 Guadalajara;19308 Valfermoso de Tajuña;De 10 a 14 años;1 de enero de 2020;0
Total;19 Guadalajara;19308 Valfermoso de Tajuña;De 65 a 69 años;1 de enero de 2020;4
Total;19 Guadalajara;19308 Valfermoso de Tajuña;De 70 a 74 años;1 de enero de 2020;6
Total;19 Guadalajara;19308 Valfermoso de Tajuña;De 75 a 79 años;1 de enero de 2020;3
Total;19 Guadalajara;19308 Valfermoso de Tajuña;De 80 a 84 años;1 de enero de 2020;3
Total;19 Guadalajara;19308 Valfermoso de Tajuña;De 85 a 89 años;1 de enero de 2020;5
Total;19 Guadalajara;19308 Valfermoso de Tajuña;De 90 a 94 años;1 de enero de 2020;1
Total;19 Guadalajara;19308 Valfermoso de Tajuña;De 95 a 99 años;1 de enero de 2020;0
Total;19 Guadalajara;19308 Valfermoso de Tajuña;100 y más años;1 de enero de 2020;1
Total;19 Guadalajara;19309 Valhermoso;Todas las edades;1 de enero de 2020;22
Total;19 Guadalajara;19309 Valhermoso;De 0 a 4 años;1 de enero de 2020;0
Total;19 Guadalajara;19309 Valhermoso;De 5 a 9 años;1 de enero de 2020;0
Total;19 Guadalajara;19309 Valhermoso;De 10 a 14 años;1 de enero de 2020;0
Total;19 Guadalajara;19309 Valhermoso;De 65 a 69 años;1 de enero de 2020;0
Total;19 Guadalajara;19309 Valhermoso;De 70 a 74 años;1 de enero de 2020;0
Total;19 Guadalajara;19309 Valhermoso;De 75 a 79 años;1 de enero de 2020;1
Total;19 Guadalajara;19309 Valhermoso;De 80 a 84 años;1 de enero de 2020;2
Total;19 Guadalajara;19309 Valhermoso;De 85 a 89 años;1 de enero de 2020;1
Total;19 Guadalajara;19309 Valhermoso;De 90 a 94 años;1 de enero de 2020;1
Total;19 Guadalajara;19309 Valhermoso;De 95 a 99 años;1 de enero de 2020;0
Total;19 Guadalajara;19309 Valhermoso;100 y más años;1 de enero de 2020;0
Total;19 Guadalajara;19310 Valtablado del Río;Todas las edades;1 de enero de 2020;7
Total;19 Guadalajara;19310 Valtablado del Río;De 0 a 4 años;1 de enero de 2020;0
Total;19 Guadalajara;19310 Valtablado del Río;De 5 a 9 años;1 de enero de 2020;0
Total;19 Guadalajara;19310 Valtablado del Río;De 10 a 14 años;1 de enero de 2020;0
Total;19 Guadalajara;19310 Valtablado del Río;De 65 a 69 años;1 de enero de 2020;0
Total;19 Guadalajara;19310 Valtablado del Río;De 70 a 74 años;1 de enero de 2020;1
Total;19 Guadalajara;19310 Valtablado del Río;De 75 a 79 años;1 de enero de 2020;0
Total;19 Guadalajara;19310 Valtablado del Río;De 80 a 84 años;1 de enero de 2020;1
Total;19 Guadalajara;19310 Valtablado del Río;De 85 a 89 años;1 de enero de 2020;0
Total;19 Guadalajara;19310 Valtablado del Río;De 90 a 94 años;1 de enero de 2020;1
Total;19 Guadalajara;19310 Valtablado del Río;De 95 a 99 años;1 de enero de 2020;0
Total;19 Guadalajara;19310 Valtablado del Río;100 y más años;1 de enero de 2020;0
Total;19 Guadalajara;19311 Valverde de los Arroyos;Todas las edades;1 de enero de 2020;93
Total;19 Guadalajara;19311 Valverde de los Arroyos;De 0 a 4 años;1 de enero de 2020;0
Total;19 Guadalajara;19311 Valverde de los Arroyos;De 5 a 9 años;1 de enero de 2020;1
Total;19 Guadalajara;19311 Valverde de los Arroyos;De 10 a 14 años;1 de enero de 2020;2
Total;19 Guadalajara;19311 Valverde de los Arroyos;De 65 a 69 años;1 de enero de 2020;10
Total;19 Guadalajara;19311 Valverde de los Arroyos;De 70 a 74 años;1 de enero de 2020;4
Total;19 Guadalajara;19311 Valverde de los Arroyos;De 75 a 79 años;1 de enero de 2020;4
Total;19 Guadalajara;19311 Valverde de los Arroyos;De 80 a 84 años;1 de enero de 2020;6
Total;19 Guadalajara;19311 Valverde de los Arroyos;De 85 a 89 años;1 de enero de 2020;6
Total;19 Guadalajara;19311 Valverde de los Arroyos;De 90 a 94 años;1 de enero de 2020;6
Total;19 Guadalajara;19311 Valverde de los Arroyos;De 95 a 99 años;1 de enero de 2020;2
Total;19 Guadalajara;19311 Valverde de los Arroyos;100 y más años;1 de enero de 2020;0
Total;19 Guadalajara;19314 Viana de Jadraque;Todas las edades;1 de enero de 2020;44
Total;19 Guadalajara;19314 Viana de Jadraque;De 0 a 4 años;1 de enero de 2020;0
Total;19 Guadalajara;19314 Viana de Jadraque;De 5 a 9 años;1 de enero de 2020;0
Total;19 Guadalajara;19314 Viana de Jadraque;De 10 a 14 años;1 de enero de 2020;0
Total;19 Guadalajara;19314 Viana de Jadraque;De 65 a 69 años;1 de enero de 2020;5
Total;19 Guadalajara;19314 Viana de Jadraque;De 70 a 74 años;1 de enero de 2020;3
Total;19 Guadalajara;19314 Viana de Jadraque;De 75 a 79 años;1 de enero de 2020;3
Total;19 Guadalajara;19314 Viana de Jadraque;De 80 a 84 años;1 de enero de 2020;3
Total;19 Guadalajara;19314 Viana de Jadraque;De 85 a 89 años;1 de enero de 2020;2
Total;19 Guadalajara;19314 Viana de Jadraque;De 90 a 94 años;1 de enero de 2020;2
Total;19 Guadalajara;19314 Viana de Jadraque;De 95 a 99 años;1 de enero de 2020;2
Total;19 Guadalajara;19314 Viana de Jadraque;100 y más años;1 de enero de 2020;0
Total;19 Guadalajara;19317 Villanueva de Alcorón;Todas las edades;1 de enero de 2020;148
Total;19 Guadalajara;19317 Villanueva de Alcorón;De 0 a 4 años;1 de enero de 2020;4
Total;19 Guadalajara;19317 Villanueva de Alcorón;De 5 a 9 años;1 de enero de 2020;4
Total;19 Guadalajara;19317 Villanueva de Alcorón;De 10 a 14 años;1 de enero de 2020;1
Total;19 Guadalajara;19317 Villanueva de Alcorón;De 65 a 69 años;1 de enero de 2020;4
Total;19 Guadalajara;19317 Villanueva de Alcorón;De 70 a 74 años;1 de enero de 2020;9
Total;19 Guadalajara;19317 Villanueva de Alcorón;De 75 a 79 años;1 de enero de 2020;14
Total;19 Guadalajara;19317 Villanueva de Alcorón;De 80 a 84 años;1 de enero de 2020;11
Total;19 Guadalajara;19317 Villanueva de Alcorón;De 85 a 89 años;1 de enero de 2020;12
Total;19 Guadalajara;19317 Villanueva de Alcorón;De 90 a 94 años;1 de enero de 2020;4
Total;19 Guadalajara;19317 Villanueva de Alcorón;De 95 a 99 años;1 de enero de 2020;2
Total;19 Guadalajara;19317 Villanueva de Alcorón;100 y más años;1 de enero de 2020;1
Total;19 Guadalajara;19318 Villanueva de Argecilla;Todas las edades;1 de enero de 2020;37
Total;19 Guadalajara;19318 Villanueva de Argecilla;De 0 a 4 años;1 de enero de 2020;3
Total;19 Guadalajara;19318 Villanueva de Argecilla;De 5 a 9 años;1 de enero de 2020;3
Total;19 Guadalajara;19318 Villanueva de Argecilla;De 10 a 14 años;1 de enero de 2020;4
Total;19 Guadalajara;19318 Villanueva de Argecilla;De 65 a 69 años;1 de enero de 2020;2
Total;19 Guadalajara;19318 Villanueva de Argecilla;De 70 a 74 años;1 de enero de 2020;5
Total;19 Guadalajara;19318 Villanueva de Argecilla;De 75 a 79 años;1 de enero de 2020;4
Total;19 Guadalajara;19318 Villanueva de Argecilla;De 80 a 84 años;1 de enero de 2020;0
Total;19 Guadalajara;19318 Villanueva de Argecilla;De 85 a 89 años;1 de enero de 2020;2
Total;19 Guadalajara;19318 Villanueva de Argecilla;De 90 a 94 años;1 de enero de 2020;1
Total;19 Guadalajara;19318 Villanueva de Argecilla;De 95 a 99 años;1 de enero de 2020;0
Total;19 Guadalajara;19318 Villanueva de Argecilla;100 y más años;1 de enero de 2020;0
Total;19 Guadalajara;19319 Villanueva de la Torre;Todas las edades;1 de enero de 2020;6.631
Total;19 Guadalajara;19319 Villanueva de la Torre;De 0 a 4 años;1 de enero de 2020;264
Total;19 Guadalajara;19319 Villanueva de la Torre;De 5 a 9 años;1 de enero de 2020;394
Total;19 Guadalajara;19319 Villanueva de la Torre;De 10 a 14 años;1 de enero de 2020;627
Total;19 Guadalajara;19319 Villanueva de la Torre;De 65 a 69 años;1 de enero de 2020;169
Total;19 Guadalajara;19319 Villanueva de la Torre;De 70 a 74 años;1 de enero de 2020;154
Total;19 Guadalajara;19319 Villanueva de la Torre;De 75 a 79 años;1 de enero de 2020;103
Total;19 Guadalajara;19319 Villanueva de la Torre;De 80 a 84 años;1 de enero de 2020;56
Total;19 Guadalajara;19319 Villanueva de la Torre;De 85 a 89 años;1 de enero de 2020;41
Total;19 Guadalajara;19319 Villanueva de la Torre;De 90 a 94 años;1 de enero de 2020;20
Total;19 Guadalajara;19319 Villanueva de la Torre;De 95 a 99 años;1 de enero de 2020;7
Total;19 Guadalajara;19319 Villanueva de la Torre;100 y más años;1 de enero de 2020;0
Total;19 Guadalajara;19321 Villares de Jadraque;Todas las edades;1 de enero de 2020;43
Total;19 Guadalajara;19321 Villares de Jadraque;De 0 a 4 años;1 de enero de 2020;0
Total;19 Guadalajara;19321 Villares de Jadraque;De 5 a 9 años;1 de enero de 2020;2
Total;19 Guadalajara;19321 Villares de Jadraque;De 10 a 14 años;1 de enero de 2020;1
Total;19 Guadalajara;19321 Villares de Jadraque;De 65 a 69 años;1 de enero de 2020;3
Total;19 Guadalajara;19321 Villares de Jadraque;De 70 a 74 años;1 de enero de 2020;10
Total;19 Guadalajara;19321 Villares de Jadraque;De 75 a 79 años;1 de enero de 2020;6
Total;19 Guadalajara;19321 Villares de Jadraque;De 80 a 84 años;1 de enero de 2020;3
Total;19 Guadalajara;19321 Villares de Jadraque;De 85 a 89 años;1 de enero de 2020;2
Total;19 Guadalajara;19321 Villares de Jadraque;De 90 a 94 años;1 de enero de 2020;2
Total;19 Guadalajara;19321 Villares de Jadraque;De 95 a 99 años;1 de enero de 2020;1
Total;19 Guadalajara;19321 Villares de Jadraque;100 y más años;1 de enero de 2020;0
Total;19 Guadalajara;19322 Villaseca de Henares;Todas las edades;1 de enero de 2020;25
Total;19 Guadalajara;19322 Villaseca de Henares;De 0 a 4 años;1 de enero de 2020;0
Total;19 Guadalajara;19322 Villaseca de Henares;De 5 a 9 años;1 de enero de 2020;0
Total;19 Guadalajara;19322 Villaseca de Henares;De 10 a 14 años;1 de enero de 2020;0
Total;19 Guadalajara;19322 Villaseca de Henares;De 65 a 69 años;1 de enero de 2020;2
Total;19 Guadalajara;19322 Villaseca de Henares;De 70 a 74 años;1 de enero de 2020;2
Total;19 Guadalajara;19322 Villaseca de Henares;De 75 a 79 años;1 de enero de 2020;3
Total;19 Guadalajara;19322 Villaseca de Henares;De 80 a 84 años;1 de enero de 2020;0
Total;19 Guadalajara;19322 Villaseca de Henares;De 85 a 89 años;1 de enero de 2020;1
Total;19 Guadalajara;19322 Villaseca de Henares;De 90 a 94 años;1 de enero de 2020;3
Total;19 Guadalajara;19322 Villaseca de Henares;De 95 a 99 años;1 de enero de 2020;2
Total;19 Guadalajara;19322 Villaseca de Henares;100 y más años;1 de enero de 2020;0
Total;19 Guadalajara;19323 Villaseca de Uceda;Todas las edades;1 de enero de 2020;39
Total;19 Guadalajara;19323 Villaseca de Uceda;De 0 a 4 años;1 de enero de 2020;1
Total;19 Guadalajara;19323 Villaseca de Uceda;De 5 a 9 años;1 de enero de 2020;0
Total;19 Guadalajara;19323 Villaseca de Uceda;De 10 a 14 años;1 de enero de 2020;1
Total;19 Guadalajara;19323 Villaseca de Uceda;De 65 a 69 años;1 de enero de 2020;3
Total;19 Guadalajara;19323 Villaseca de Uceda;De 70 a 74 años;1 de enero de 2020;4
Total;19 Guadalajara;19323 Villaseca de Uceda;De 75 a 79 años;1 de enero de 2020;3
Total;19 Guadalajara;19323 Villaseca de Uceda;De 80 a 84 años;1 de enero de 2020;0
Total;19 Guadalajara;19323 Villaseca de Uceda;De 85 a 89 años;1 de enero de 2020;1
Total;19 Guadalajara;19323 Villaseca de Uceda;De 90 a 94 años;1 de enero de 2020;0
Total;19 Guadalajara;19323 Villaseca de Uceda;De 95 a 99 años;1 de enero de 2020;0
Total;19 Guadalajara;19323 Villaseca de Uceda;100 y más años;1 de enero de 2020;0
Total;19 Guadalajara;19324 Villel de Mesa;Todas las edades;1 de enero de 2020;178
Total;19 Guadalajara;19324 Villel de Mesa;De 0 a 4 años;1 de enero de 2020;1
Total;19 Guadalajara;19324 Villel de Mesa;De 5 a 9 años;1 de enero de 2020;6
Total;19 Guadalajara;19324 Villel de Mesa;De 10 a 14 años;1 de enero de 2020;1
Total;19 Guadalajara;19324 Villel de Mesa;De 65 a 69 años;1 de enero de 2020;16
Total;19 Guadalajara;19324 Villel de Mesa;De 70 a 74 años;1 de enero de 2020;12
Total;19 Guadalajara;19324 Villel de Mesa;De 75 a 79 años;1 de enero de 2020;19
Total;19 Guadalajara;19324 Villel de Mesa;De 80 a 84 años;1 de enero de 2020;10
Total;19 Guadalajara;19324 Villel de Mesa;De 85 a 89 años;1 de enero de 2020;15
Total;19 Guadalajara;19324 Villel de Mesa;De 90 a 94 años;1 de enero de 2020;6
Total;19 Guadalajara;19324 Villel de Mesa;De 95 a 99 años;1 de enero de 2020;4
Total;19 Guadalajara;19324 Villel de Mesa;100 y más años;1 de enero de 2020;0
Total;19 Guadalajara;19325 Viñuelas;Todas las edades;1 de enero de 2020;162
Total;19 Guadalajara;19325 Viñuelas;De 0 a 4 años;1 de enero de 2020;0
Total;19 Guadalajara;19325 Viñuelas;De 5 a 9 años;1 de enero de 2020;2
Total;19 Guadalajara;19325 Viñuelas;De 10 a 14 años;1 de enero de 2020;0
Total;19 Guadalajara;19325 Viñuelas;De 65 a 69 años;1 de enero de 2020;7
Total;19 Guadalajara;19325 Viñuelas;De 70 a 74 años;1 de enero de 2020;11
Total;19 Guadalajara;19325 Viñuelas;De 75 a 79 años;1 de enero de 2020;10
Total;19 Guadalajara;19325 Viñuelas;De 80 a 84 años;1 de enero de 2020;13
Total;19 Guadalajara;19325 Viñuelas;De 85 a 89 años;1 de enero de 2020;14
Total;19 Guadalajara;19325 Viñuelas;De 90 a 94 años;1 de enero de 2020;9
Total;19 Guadalajara;19325 Viñuelas;De 95 a 99 años;1 de enero de 2020;5
Total;19 Guadalajara;19325 Viñuelas;100 y más años;1 de enero de 2020;1
Total;19 Guadalajara;19326 Yebes;Todas las edades;1 de enero de 2020;4.189
Total;19 Guadalajara;19326 Yebes;De 0 a 4 años;1 de enero de 2020;376
Total;19 Guadalajara;19326 Yebes;De 5 a 9 años;1 de enero de 2020;308
Total;19 Guadalajara;19326 Yebes;De 10 a 14 años;1 de enero de 2020;229
Total;19 Guadalajara;19326 Yebes;De 65 a 69 años;1 de enero de 2020;86
Total;19 Guadalajara;19326 Yebes;De 70 a 74 años;1 de enero de 2020;79
Total;19 Guadalajara;19326 Yebes;De 75 a 79 años;1 de enero de 2020;41
Total;19 Guadalajara;19326 Yebes;De 80 a 84 años;1 de enero de 2020;26
Total;19 Guadalajara;19326 Yebes;De 85 a 89 años;1 de enero de 2020;11
Total;19 Guadalajara;19326 Yebes;De 90 a 94 años;1 de enero de 2020;7
Total;19 Guadalajara;19326 Yebes;De 95 a 99 años;1 de enero de 2020;0
Total;19 Guadalajara;19326 Yebes;100 y más años;1 de enero de 2020;0
Total;19 Guadalajara;19327 Yebra;Todas las edades;1 de enero de 2020;453
Total;19 Guadalajara;19327 Yebra;De 0 a 4 años;1 de enero de 2020;12
Total;19 Guadalajara;19327 Yebra;De 5 a 9 años;1 de enero de 2020;13
Total;19 Guadalajara;19327 Yebra;De 10 a 14 años;1 de enero de 2020;16
Total;19 Guadalajara;19327 Yebra;De 65 a 69 años;1 de enero de 2020;31
Total;19 Guadalajara;19327 Yebra;De 70 a 74 años;1 de enero de 2020;28
Total;19 Guadalajara;19327 Yebra;De 75 a 79 años;1 de enero de 2020;26
Total;19 Guadalajara;19327 Yebra;De 80 a 84 años;1 de enero de 2020;17
Total;19 Guadalajara;19327 Yebra;De 85 a 89 años;1 de enero de 2020;14
Total;19 Guadalajara;19327 Yebra;De 90 a 94 años;1 de enero de 2020;13
Total;19 Guadalajara;19327 Yebra;De 95 a 99 años;1 de enero de 2020;2
Total;19 Guadalajara;19327 Yebra;100 y más años;1 de enero de 2020;1
Total;19 Guadalajara;19329 Yélamos de Abajo;Todas las edades;1 de enero de 2020;63
Total;19 Guadalajara;19329 Yélamos de Abajo;De 0 a 4 años;1 de enero de 2020;2
Total;19 Guadalajara;19329 Yélamos de Abajo;De 5 a 9 años;1 de enero de 2020;1
Total;19 Guadalajara;19329 Yélamos de Abajo;De 10 a 14 años;1 de enero de 2020;3
Total;19 Guadalajara;19329 Yélamos de Abajo;De 65 a 69 años;1 de enero de 2020;1
Total;19 Guadalajara;19329 Yélamos de Abajo;De 70 a 74 años;1 de enero de 2020;9
Total;19 Guadalajara;19329 Yélamos de Abajo;De 75 a 79 años;1 de enero de 2020;3
Total;19 Guadalajara;19329 Yélamos de Abajo;De 80 a 84 años;1 de enero de 2020;3
Total;19 Guadalajara;19329 Yélamos de Abajo;De 85 a 89 años;1 de enero de 2020;7
Total;19 Guadalajara;19329 Yélamos de Abajo;De 90 a 94 años;1 de enero de 2020;3
Total;19 Guadalajara;19329 Yélamos de Abajo;De 95 a 99 años;1 de enero de 2020;0
Total;19 Guadalajara;19329 Yélamos de Abajo;100 y más años;1 de enero de 2020;0
Total;19 Guadalajara;19330 Yélamos de Arriba;Todas las edades;1 de enero de 2020;74
Total;19 Guadalajara;19330 Yélamos de Arriba;De 0 a 4 años;1 de enero de 2020;1
Total;19 Guadalajara;19330 Yélamos de Arriba;De 5 a 9 años;1 de enero de 2020;1
Total;19 Guadalajara;19330 Yélamos de Arriba;De 10 a 14 años;1 de enero de 2020;0
Total;19 Guadalajara;19330 Yélamos de Arriba;De 65 a 69 años;1 de enero de 2020;4
Total;19 Guadalajara;19330 Yélamos de Arriba;De 70 a 74 años;1 de enero de 2020;7
Total;19 Guadalajara;19330 Yélamos de Arriba;De 75 a 79 años;1 de enero de 2020;10
Total;19 Guadalajara;19330 Yélamos de Arriba;De 80 a 84 años;1 de enero de 2020;5
Total;19 Guadalajara;19330 Yélamos de Arriba;De 85 a 89 años;1 de enero de 2020;2
Total;19 Guadalajara;19330 Yélamos de Arriba;De 90 a 94 años;1 de enero de 2020;0
Total;19 Guadalajara;19330 Yélamos de Arriba;De 95 a 99 años;1 de enero de 2020;0
Total;19 Guadalajara;19330 Yélamos de Arriba;100 y más años;1 de enero de 2020;0
Total;19 Guadalajara;19331 Yunquera de Henares;Todas las edades;1 de enero de 2020;4.205
Total;19 Guadalajara;19331 Yunquera de Henares;De 0 a 4 años;1 de enero de 2020;242
Total;19 Guadalajara;19331 Yunquera de Henares;De 5 a 9 años;1 de enero de 2020;284
Total;19 Guadalajara;19331 Yunquera de Henares;De 10 a 14 años;1 de enero de 2020;276
Total;19 Guadalajara;19331 Yunquera de Henares;De 65 a 69 años;1 de enero de 2020;135
Total;19 Guadalajara;19331 Yunquera de Henares;De 70 a 74 años;1 de enero de 2020;126
Total;19 Guadalajara;19331 Yunquera de Henares;De 75 a 79 años;1 de enero de 2020;89
Total;19 Guadalajara;19331 Yunquera de Henares;De 80 a 84 años;1 de enero de 2020;73
Total;19 Guadalajara;19331 Yunquera de Henares;De 85 a 89 años;1 de enero de 2020;48
Total;19 Guadalajara;19331 Yunquera de Henares;De 90 a 94 años;1 de enero de 2020;32
Total;19 Guadalajara;19331 Yunquera de Henares;De 95 a 99 años;1 de enero de 2020;12
Total;19 Guadalajara;19331 Yunquera de Henares;100 y más años;1 de enero de 2020;1
Total;19 Guadalajara;19332 Yunta, La;Todas las edades;1 de enero de 2020;90
Total;19 Guadalajara;19332 Yunta, La;De 0 a 4 años;1 de enero de 2020;0
Total;19 Guadalajara;19332 Yunta, La;De 5 a 9 años;1 de enero de 2020;2
Total;19 Guadalajara;19332 Yunta, La;De 10 a 14 años;1 de enero de 2020;1
Total;19 Guadalajara;19332 Yunta, La;De 65 a 69 años;1 de enero de 2020;9
Total;19 Guadalajara;19332 Yunta, La;De 70 a 74 años;1 de enero de 2020;5
Total;19 Guadalajara;19332 Yunta, La;De 75 a 79 años;1 de enero de 2020;3
Total;19 Guadalajara;19332 Yunta, La;De 80 a 84 años;1 de enero de 2020;5
Total;19 Guadalajara;19332 Yunta, La;De 85 a 89 años;1 de enero de 2020;6
Total;19 Guadalajara;19332 Yunta, La;De 90 a 94 años;1 de enero de 2020;6
Total;19 Guadalajara;19332 Yunta, La;De 95 a 99 años;1 de enero de 2020;4
Total;19 Guadalajara;19332 Yunta, La;100 y más años;1 de enero de 2020;0
Total;19 Guadalajara;19333 Zaorejas;Todas las edades;1 de enero de 2020;104
Total;19 Guadalajara;19333 Zaorejas;De 0 a 4 años;1 de enero de 2020;0
Total;19 Guadalajara;19333 Zaorejas;De 5 a 9 años;1 de enero de 2020;0
Total;19 Guadalajara;19333 Zaorejas;De 10 a 14 años;1 de enero de 2020;1
Total;19 Guadalajara;19333 Zaorejas;De 65 a 69 años;1 de enero de 2020;9
Total;19 Guadalajara;19333 Zaorejas;De 70 a 74 años;1 de enero de 2020;10
Total;19 Guadalajara;19333 Zaorejas;De 75 a 79 años;1 de enero de 2020;9
Total;19 Guadalajara;19333 Zaorejas;De 80 a 84 años;1 de enero de 2020;7
Total;19 Guadalajara;19333 Zaorejas;De 85 a 89 años;1 de enero de 2020;8
Total;19 Guadalajara;19333 Zaorejas;De 90 a 94 años;1 de enero de 2020;6
Total;19 Guadalajara;19333 Zaorejas;De 95 a 99 años;1 de enero de 2020;2
Total;19 Guadalajara;19333 Zaorejas;100 y más años;1 de enero de 2020;1
Total;19 Guadalajara;19334 Zarzuela de Jadraque;Todas las edades;1 de enero de 2020;42
Total;19 Guadalajara;19334 Zarzuela de Jadraque;De 0 a 4 años;1 de enero de 2020;0
Total;19 Guadalajara;19334 Zarzuela de Jadraque;De 5 a 9 años;1 de enero de 2020;0
Total;19 Guadalajara;19334 Zarzuela de Jadraque;De 10 a 14 años;1 de enero de 2020;0
Total;19 Guadalajara;19334 Zarzuela de Jadraque;De 65 a 69 años;1 de enero de 2020;8
Total;19 Guadalajara;19334 Zarzuela de Jadraque;De 70 a 74 años;1 de enero de 2020;6
Total;19 Guadalajara;19334 Zarzuela de Jadraque;De 75 a 79 años;1 de enero de 2020;2
Total;19 Guadalajara;19334 Zarzuela de Jadraque;De 80 a 84 años;1 de enero de 2020;5
Total;19 Guadalajara;19334 Zarzuela de Jadraque;De 85 a 89 años;1 de enero de 2020;2
Total;19 Guadalajara;19334 Zarzuela de Jadraque;De 90 a 94 años;1 de enero de 2020;1
Total;19 Guadalajara;19334 Zarzuela de Jadraque;De 95 a 99 años;1 de enero de 2020;0
Total;19 Guadalajara;19334 Zarzuela de Jadraque;100 y más años;1 de enero de 2020;0
Total;19 Guadalajara;19335 Zorita de los Canes;Todas las edades;1 de enero de 2020;70
Total;19 Guadalajara;19335 Zorita de los Canes;De 0 a 4 años;1 de enero de 2020;2
Total;19 Guadalajara;19335 Zorita de los Canes;De 5 a 9 años;1 de enero de 2020;2
Total;19 Guadalajara;19335 Zorita de los Canes;De 10 a 14 años;1 de enero de 2020;3
Total;19 Guadalajara;19335 Zorita de los Canes;De 65 a 69 años;1 de enero de 2020;2
Total;19 Guadalajara;19335 Zorita de los Canes;De 70 a 74 años;1 de enero de 2020;4
Total;19 Guadalajara;19335 Zorita de los Canes;De 75 a 79 años;1 de enero de 2020;3
Total;19 Guadalajara;19335 Zorita de los Canes;De 80 a 84 años;1 de enero de 2020;2
Total;19 Guadalajara;19335 Zorita de los Canes;De 85 a 89 años;1 de enero de 2020;7
Total;19 Guadalajara;19335 Zorita de los Canes;De 90 a 94 años;1 de enero de 2020;2
Total;19 Guadalajara;19335 Zorita de los Canes;De 95 a 99 años;1 de enero de 2020;0
Total;19 Guadalajara;19335 Zorita de los Canes;100 y más años;1 de enero de 2020;0
