Sexo;Provincias;Municipios;Edad (grupos quinquenales);Periodo;Total
Total;45 Toledo;45001 Ajofrín;Todas las edades;1 de enero de 2020;2.259
Total;45 Toledo;45001 Ajofrín;De 0 a 4 años;1 de enero de 2020;96
Total;45 Toledo;45001 Ajofrín;De 5 a 9 años;1 de enero de 2020;118
Total;45 Toledo;45001 Ajofrín;De 10 a 14 años;1 de enero de 2020;119
Total;45 Toledo;45001 Ajofrín;De 65 a 69 años;1 de enero de 2020;137
Total;45 Toledo;45001 Ajofrín;De 70 a 74 años;1 de enero de 2020;108
Total;45 Toledo;45001 Ajofrín;De 75 a 79 años;1 de enero de 2020;87
Total;45 Toledo;45001 Ajofrín;De 80 a 84 años;1 de enero de 2020;66
Total;45 Toledo;45001 Ajofrín;De 85 a 89 años;1 de enero de 2020;64
Total;45 Toledo;45001 Ajofrín;De 90 a 94 años;1 de enero de 2020;36
Total;45 Toledo;45001 Ajofrín;De 95 a 99 años;1 de enero de 2020;14
Total;45 Toledo;45001 Ajofrín;100 y más años;1 de enero de 2020;0
Total;45 Toledo;45002 Alameda de la Sagra;Todas las edades;1 de enero de 2020;3.734
Total;45 Toledo;45002 Alameda de la Sagra;De 0 a 4 años;1 de enero de 2020;200
Total;45 Toledo;45002 Alameda de la Sagra;De 5 a 9 años;1 de enero de 2020;220
Total;45 Toledo;45002 Alameda de la Sagra;De 10 a 14 años;1 de enero de 2020;248
Total;45 Toledo;45002 Alameda de la Sagra;De 65 a 69 años;1 de enero de 2020;158
Total;45 Toledo;45002 Alameda de la Sagra;De 70 a 74 años;1 de enero de 2020;129
Total;45 Toledo;45002 Alameda de la Sagra;De 75 a 79 años;1 de enero de 2020;120
Total;45 Toledo;45002 Alameda de la Sagra;De 80 a 84 años;1 de enero de 2020;94
Total;45 Toledo;45002 Alameda de la Sagra;De 85 a 89 años;1 de enero de 2020;76
Total;45 Toledo;45002 Alameda de la Sagra;De 90 a 94 años;1 de enero de 2020;33
Total;45 Toledo;45002 Alameda de la Sagra;De 95 a 99 años;1 de enero de 2020;5
Total;45 Toledo;45002 Alameda de la Sagra;100 y más años;1 de enero de 2020;0
Total;45 Toledo;45003 Albarreal de Tajo;Todas las edades;1 de enero de 2020;679
Total;45 Toledo;45003 Albarreal de Tajo;De 0 a 4 años;1 de enero de 2020;16
Total;45 Toledo;45003 Albarreal de Tajo;De 5 a 9 años;1 de enero de 2020;27
Total;45 Toledo;45003 Albarreal de Tajo;De 10 a 14 años;1 de enero de 2020;32
Total;45 Toledo;45003 Albarreal de Tajo;De 65 a 69 años;1 de enero de 2020;41
Total;45 Toledo;45003 Albarreal de Tajo;De 70 a 74 años;1 de enero de 2020;32
Total;45 Toledo;45003 Albarreal de Tajo;De 75 a 79 años;1 de enero de 2020;32
Total;45 Toledo;45003 Albarreal de Tajo;De 80 a 84 años;1 de enero de 2020;25
Total;45 Toledo;45003 Albarreal de Tajo;De 85 a 89 años;1 de enero de 2020;18
Total;45 Toledo;45003 Albarreal de Tajo;De 90 a 94 años;1 de enero de 2020;10
Total;45 Toledo;45003 Albarreal de Tajo;De 95 a 99 años;1 de enero de 2020;2
Total;45 Toledo;45003 Albarreal de Tajo;100 y más años;1 de enero de 2020;0
Total;45 Toledo;45004 Alcabón;Todas las edades;1 de enero de 2020;664
Total;45 Toledo;45004 Alcabón;De 0 a 4 años;1 de enero de 2020;27
Total;45 Toledo;45004 Alcabón;De 5 a 9 años;1 de enero de 2020;34
Total;45 Toledo;45004 Alcabón;De 10 a 14 años;1 de enero de 2020;32
Total;45 Toledo;45004 Alcabón;De 65 a 69 años;1 de enero de 2020;31
Total;45 Toledo;45004 Alcabón;De 70 a 74 años;1 de enero de 2020;26
Total;45 Toledo;45004 Alcabón;De 75 a 79 años;1 de enero de 2020;32
Total;45 Toledo;45004 Alcabón;De 80 a 84 años;1 de enero de 2020;27
Total;45 Toledo;45004 Alcabón;De 85 a 89 años;1 de enero de 2020;21
Total;45 Toledo;45004 Alcabón;De 90 a 94 años;1 de enero de 2020;13
Total;45 Toledo;45004 Alcabón;De 95 a 99 años;1 de enero de 2020;1
Total;45 Toledo;45004 Alcabón;100 y más años;1 de enero de 2020;0
Total;45 Toledo;45005 Alcañizo;Todas las edades;1 de enero de 2020;274
Total;45 Toledo;45005 Alcañizo;De 0 a 4 años;1 de enero de 2020;5
Total;45 Toledo;45005 Alcañizo;De 5 a 9 años;1 de enero de 2020;6
Total;45 Toledo;45005 Alcañizo;De 10 a 14 años;1 de enero de 2020;10
Total;45 Toledo;45005 Alcañizo;De 65 a 69 años;1 de enero de 2020;19
Total;45 Toledo;45005 Alcañizo;De 70 a 74 años;1 de enero de 2020;13
Total;45 Toledo;45005 Alcañizo;De 75 a 79 años;1 de enero de 2020;13
Total;45 Toledo;45005 Alcañizo;De 80 a 84 años;1 de enero de 2020;26
Total;45 Toledo;45005 Alcañizo;De 85 a 89 años;1 de enero de 2020;17
Total;45 Toledo;45005 Alcañizo;De 90 a 94 años;1 de enero de 2020;5
Total;45 Toledo;45005 Alcañizo;De 95 a 99 años;1 de enero de 2020;1
Total;45 Toledo;45005 Alcañizo;100 y más años;1 de enero de 2020;0
Total;45 Toledo;45006 Alcaudete de la Jara;Todas las edades;1 de enero de 2020;1.660
Total;45 Toledo;45006 Alcaudete de la Jara;De 0 a 4 años;1 de enero de 2020;62
Total;45 Toledo;45006 Alcaudete de la Jara;De 5 a 9 años;1 de enero de 2020;66
Total;45 Toledo;45006 Alcaudete de la Jara;De 10 a 14 años;1 de enero de 2020;73
Total;45 Toledo;45006 Alcaudete de la Jara;De 65 a 69 años;1 de enero de 2020;72
Total;45 Toledo;45006 Alcaudete de la Jara;De 70 a 74 años;1 de enero de 2020;94
Total;45 Toledo;45006 Alcaudete de la Jara;De 75 a 79 años;1 de enero de 2020;80
Total;45 Toledo;45006 Alcaudete de la Jara;De 80 a 84 años;1 de enero de 2020;88
Total;45 Toledo;45006 Alcaudete de la Jara;De 85 a 89 años;1 de enero de 2020;87
Total;45 Toledo;45006 Alcaudete de la Jara;De 90 a 94 años;1 de enero de 2020;39
Total;45 Toledo;45006 Alcaudete de la Jara;De 95 a 99 años;1 de enero de 2020;7
Total;45 Toledo;45006 Alcaudete de la Jara;100 y más años;1 de enero de 2020;0
Total;45 Toledo;45007 Alcolea de Tajo;Todas las edades;1 de enero de 2020;807
Total;45 Toledo;45007 Alcolea de Tajo;De 0 a 4 años;1 de enero de 2020;29
Total;45 Toledo;45007 Alcolea de Tajo;De 5 a 9 años;1 de enero de 2020;30
Total;45 Toledo;45007 Alcolea de Tajo;De 10 a 14 años;1 de enero de 2020;40
Total;45 Toledo;45007 Alcolea de Tajo;De 65 a 69 años;1 de enero de 2020;33
Total;45 Toledo;45007 Alcolea de Tajo;De 70 a 74 años;1 de enero de 2020;43
Total;45 Toledo;45007 Alcolea de Tajo;De 75 a 79 años;1 de enero de 2020;41
Total;45 Toledo;45007 Alcolea de Tajo;De 80 a 84 años;1 de enero de 2020;30
Total;45 Toledo;45007 Alcolea de Tajo;De 85 a 89 años;1 de enero de 2020;33
Total;45 Toledo;45007 Alcolea de Tajo;De 90 a 94 años;1 de enero de 2020;9
Total;45 Toledo;45007 Alcolea de Tajo;De 95 a 99 años;1 de enero de 2020;2
Total;45 Toledo;45007 Alcolea de Tajo;100 y más años;1 de enero de 2020;1
Total;45 Toledo;45008 Aldea en Cabo;Todas las edades;1 de enero de 2020;168
Total;45 Toledo;45008 Aldea en Cabo;De 0 a 4 años;1 de enero de 2020;0
Total;45 Toledo;45008 Aldea en Cabo;De 5 a 9 años;1 de enero de 2020;4
Total;45 Toledo;45008 Aldea en Cabo;De 10 a 14 años;1 de enero de 2020;2
Total;45 Toledo;45008 Aldea en Cabo;De 65 a 69 años;1 de enero de 2020;12
Total;45 Toledo;45008 Aldea en Cabo;De 70 a 74 años;1 de enero de 2020;7
Total;45 Toledo;45008 Aldea en Cabo;De 75 a 79 años;1 de enero de 2020;8
Total;45 Toledo;45008 Aldea en Cabo;De 80 a 84 años;1 de enero de 2020;10
Total;45 Toledo;45008 Aldea en Cabo;De 85 a 89 años;1 de enero de 2020;16
Total;45 Toledo;45008 Aldea en Cabo;De 90 a 94 años;1 de enero de 2020;8
Total;45 Toledo;45008 Aldea en Cabo;De 95 a 99 años;1 de enero de 2020;4
Total;45 Toledo;45008 Aldea en Cabo;100 y más años;1 de enero de 2020;0
Total;45 Toledo;45009 Aldeanueva de Barbarroya;Todas las edades;1 de enero de 2020;501
Total;45 Toledo;45009 Aldeanueva de Barbarroya;De 0 a 4 años;1 de enero de 2020;10
Total;45 Toledo;45009 Aldeanueva de Barbarroya;De 5 a 9 años;1 de enero de 2020;14
Total;45 Toledo;45009 Aldeanueva de Barbarroya;De 10 a 14 años;1 de enero de 2020;10
Total;45 Toledo;45009 Aldeanueva de Barbarroya;De 65 a 69 años;1 de enero de 2020;29
Total;45 Toledo;45009 Aldeanueva de Barbarroya;De 70 a 74 años;1 de enero de 2020;32
Total;45 Toledo;45009 Aldeanueva de Barbarroya;De 75 a 79 años;1 de enero de 2020;33
Total;45 Toledo;45009 Aldeanueva de Barbarroya;De 80 a 84 años;1 de enero de 2020;38
Total;45 Toledo;45009 Aldeanueva de Barbarroya;De 85 a 89 años;1 de enero de 2020;42
Total;45 Toledo;45009 Aldeanueva de Barbarroya;De 90 a 94 años;1 de enero de 2020;24
Total;45 Toledo;45009 Aldeanueva de Barbarroya;De 95 a 99 años;1 de enero de 2020;7
Total;45 Toledo;45009 Aldeanueva de Barbarroya;100 y más años;1 de enero de 2020;0
Total;45 Toledo;45010 Aldeanueva de San Bartolomé;Todas las edades;1 de enero de 2020;414
Total;45 Toledo;45010 Aldeanueva de San Bartolomé;De 0 a 4 años;1 de enero de 2020;12
Total;45 Toledo;45010 Aldeanueva de San Bartolomé;De 5 a 9 años;1 de enero de 2020;7
Total;45 Toledo;45010 Aldeanueva de San Bartolomé;De 10 a 14 años;1 de enero de 2020;4
Total;45 Toledo;45010 Aldeanueva de San Bartolomé;De 65 a 69 años;1 de enero de 2020;29
Total;45 Toledo;45010 Aldeanueva de San Bartolomé;De 70 a 74 años;1 de enero de 2020;34
Total;45 Toledo;45010 Aldeanueva de San Bartolomé;De 75 a 79 años;1 de enero de 2020;45
Total;45 Toledo;45010 Aldeanueva de San Bartolomé;De 80 a 84 años;1 de enero de 2020;35
Total;45 Toledo;45010 Aldeanueva de San Bartolomé;De 85 a 89 años;1 de enero de 2020;49
Total;45 Toledo;45010 Aldeanueva de San Bartolomé;De 90 a 94 años;1 de enero de 2020;24
Total;45 Toledo;45010 Aldeanueva de San Bartolomé;De 95 a 99 años;1 de enero de 2020;6
Total;45 Toledo;45010 Aldeanueva de San Bartolomé;100 y más años;1 de enero de 2020;1
Total;45 Toledo;45011 Almendral de la Cañada;Todas las edades;1 de enero de 2020;323
Total;45 Toledo;45011 Almendral de la Cañada;De 0 a 4 años;1 de enero de 2020;8
Total;45 Toledo;45011 Almendral de la Cañada;De 5 a 9 años;1 de enero de 2020;7
Total;45 Toledo;45011 Almendral de la Cañada;De 10 a 14 años;1 de enero de 2020;13
Total;45 Toledo;45011 Almendral de la Cañada;De 65 a 69 años;1 de enero de 2020;17
Total;45 Toledo;45011 Almendral de la Cañada;De 70 a 74 años;1 de enero de 2020;15
Total;45 Toledo;45011 Almendral de la Cañada;De 75 a 79 años;1 de enero de 2020;26
Total;45 Toledo;45011 Almendral de la Cañada;De 80 a 84 años;1 de enero de 2020;27
Total;45 Toledo;45011 Almendral de la Cañada;De 85 a 89 años;1 de enero de 2020;40
Total;45 Toledo;45011 Almendral de la Cañada;De 90 a 94 años;1 de enero de 2020;13
Total;45 Toledo;45011 Almendral de la Cañada;De 95 a 99 años;1 de enero de 2020;2
Total;45 Toledo;45011 Almendral de la Cañada;100 y más años;1 de enero de 2020;0
Total;45 Toledo;45012 Almonacid de Toledo;Todas las edades;1 de enero de 2020;810
Total;45 Toledo;45012 Almonacid de Toledo;De 0 a 4 años;1 de enero de 2020;28
Total;45 Toledo;45012 Almonacid de Toledo;De 5 a 9 años;1 de enero de 2020;26
Total;45 Toledo;45012 Almonacid de Toledo;De 10 a 14 años;1 de enero de 2020;23
Total;45 Toledo;45012 Almonacid de Toledo;De 65 a 69 años;1 de enero de 2020;30
Total;45 Toledo;45012 Almonacid de Toledo;De 70 a 74 años;1 de enero de 2020;50
Total;45 Toledo;45012 Almonacid de Toledo;De 75 a 79 años;1 de enero de 2020;39
Total;45 Toledo;45012 Almonacid de Toledo;De 80 a 84 años;1 de enero de 2020;45
Total;45 Toledo;45012 Almonacid de Toledo;De 85 a 89 años;1 de enero de 2020;39
Total;45 Toledo;45012 Almonacid de Toledo;De 90 a 94 años;1 de enero de 2020;20
Total;45 Toledo;45012 Almonacid de Toledo;De 95 a 99 años;1 de enero de 2020;3
Total;45 Toledo;45012 Almonacid de Toledo;100 y más años;1 de enero de 2020;0
Total;45 Toledo;45013 Almorox;Todas las edades;1 de enero de 2020;2.170
Total;45 Toledo;45013 Almorox;De 0 a 4 años;1 de enero de 2020;78
Total;45 Toledo;45013 Almorox;De 5 a 9 años;1 de enero de 2020;107
Total;45 Toledo;45013 Almorox;De 10 a 14 años;1 de enero de 2020;106
Total;45 Toledo;45013 Almorox;De 65 a 69 años;1 de enero de 2020;139
Total;45 Toledo;45013 Almorox;De 70 a 74 años;1 de enero de 2020;138
Total;45 Toledo;45013 Almorox;De 75 a 79 años;1 de enero de 2020;103
Total;45 Toledo;45013 Almorox;De 80 a 84 años;1 de enero de 2020;60
Total;45 Toledo;45013 Almorox;De 85 a 89 años;1 de enero de 2020;66
Total;45 Toledo;45013 Almorox;De 90 a 94 años;1 de enero de 2020;31
Total;45 Toledo;45013 Almorox;De 95 a 99 años;1 de enero de 2020;9
Total;45 Toledo;45013 Almorox;100 y más años;1 de enero de 2020;4
Total;45 Toledo;45014 Añover de Tajo;Todas las edades;1 de enero de 2020;5.176
Total;45 Toledo;45014 Añover de Tajo;De 0 a 4 años;1 de enero de 2020;237
Total;45 Toledo;45014 Añover de Tajo;De 5 a 9 años;1 de enero de 2020;217
Total;45 Toledo;45014 Añover de Tajo;De 10 a 14 años;1 de enero de 2020;315
Total;45 Toledo;45014 Añover de Tajo;De 65 a 69 años;1 de enero de 2020;262
Total;45 Toledo;45014 Añover de Tajo;De 70 a 74 años;1 de enero de 2020;239
Total;45 Toledo;45014 Añover de Tajo;De 75 a 79 años;1 de enero de 2020;202
Total;45 Toledo;45014 Añover de Tajo;De 80 a 84 años;1 de enero de 2020;112
Total;45 Toledo;45014 Añover de Tajo;De 85 a 89 años;1 de enero de 2020;93
Total;45 Toledo;45014 Añover de Tajo;De 90 a 94 años;1 de enero de 2020;53
Total;45 Toledo;45014 Añover de Tajo;De 95 a 99 años;1 de enero de 2020;9
Total;45 Toledo;45014 Añover de Tajo;100 y más años;1 de enero de 2020;1
Total;45 Toledo;45015 Arcicóllar;Todas las edades;1 de enero de 2020;908
Total;45 Toledo;45015 Arcicóllar;De 0 a 4 años;1 de enero de 2020;33
Total;45 Toledo;45015 Arcicóllar;De 5 a 9 años;1 de enero de 2020;44
Total;45 Toledo;45015 Arcicóllar;De 10 a 14 años;1 de enero de 2020;56
Total;45 Toledo;45015 Arcicóllar;De 65 a 69 años;1 de enero de 2020;42
Total;45 Toledo;45015 Arcicóllar;De 70 a 74 años;1 de enero de 2020;48
Total;45 Toledo;45015 Arcicóllar;De 75 a 79 años;1 de enero de 2020;33
Total;45 Toledo;45015 Arcicóllar;De 80 a 84 años;1 de enero de 2020;30
Total;45 Toledo;45015 Arcicóllar;De 85 a 89 años;1 de enero de 2020;24
Total;45 Toledo;45015 Arcicóllar;De 90 a 94 años;1 de enero de 2020;8
Total;45 Toledo;45015 Arcicóllar;De 95 a 99 años;1 de enero de 2020;6
Total;45 Toledo;45015 Arcicóllar;100 y más años;1 de enero de 2020;0
Total;45 Toledo;45016 Argés;Todas las edades;1 de enero de 2020;6.563
Total;45 Toledo;45016 Argés;De 0 a 4 años;1 de enero de 2020;372
Total;45 Toledo;45016 Argés;De 5 a 9 años;1 de enero de 2020;502
Total;45 Toledo;45016 Argés;De 10 a 14 años;1 de enero de 2020;550
Total;45 Toledo;45016 Argés;De 65 a 69 años;1 de enero de 2020;182
Total;45 Toledo;45016 Argés;De 70 a 74 años;1 de enero de 2020;161
Total;45 Toledo;45016 Argés;De 75 a 79 años;1 de enero de 2020;135
Total;45 Toledo;45016 Argés;De 80 a 84 años;1 de enero de 2020;85
Total;45 Toledo;45016 Argés;De 85 a 89 años;1 de enero de 2020;72
Total;45 Toledo;45016 Argés;De 90 a 94 años;1 de enero de 2020;35
Total;45 Toledo;45016 Argés;De 95 a 99 años;1 de enero de 2020;8
Total;45 Toledo;45016 Argés;100 y más años;1 de enero de 2020;2
Total;45 Toledo;45017 Azután;Todas las edades;1 de enero de 2020;290
Total;45 Toledo;45017 Azután;De 0 a 4 años;1 de enero de 2020;6
Total;45 Toledo;45017 Azután;De 5 a 9 años;1 de enero de 2020;11
Total;45 Toledo;45017 Azután;De 10 a 14 años;1 de enero de 2020;5
Total;45 Toledo;45017 Azután;De 65 a 69 años;1 de enero de 2020;20
Total;45 Toledo;45017 Azután;De 70 a 74 años;1 de enero de 2020;23
Total;45 Toledo;45017 Azután;De 75 a 79 años;1 de enero de 2020;13
Total;45 Toledo;45017 Azután;De 80 a 84 años;1 de enero de 2020;18
Total;45 Toledo;45017 Azután;De 85 a 89 años;1 de enero de 2020;16
Total;45 Toledo;45017 Azután;De 90 a 94 años;1 de enero de 2020;13
Total;45 Toledo;45017 Azután;De 95 a 99 años;1 de enero de 2020;6
Total;45 Toledo;45017 Azután;100 y más años;1 de enero de 2020;0
Total;45 Toledo;45018 Barcience;Todas las edades;1 de enero de 2020;883
Total;45 Toledo;45018 Barcience;De 0 a 4 años;1 de enero de 2020;63
Total;45 Toledo;45018 Barcience;De 5 a 9 años;1 de enero de 2020;79
Total;45 Toledo;45018 Barcience;De 10 a 14 años;1 de enero de 2020;61
Total;45 Toledo;45018 Barcience;De 65 a 69 años;1 de enero de 2020;29
Total;45 Toledo;45018 Barcience;De 70 a 74 años;1 de enero de 2020;22
Total;45 Toledo;45018 Barcience;De 75 a 79 años;1 de enero de 2020;13
Total;45 Toledo;45018 Barcience;De 80 a 84 años;1 de enero de 2020;9
Total;45 Toledo;45018 Barcience;De 85 a 89 años;1 de enero de 2020;3
Total;45 Toledo;45018 Barcience;De 90 a 94 años;1 de enero de 2020;1
Total;45 Toledo;45018 Barcience;De 95 a 99 años;1 de enero de 2020;2
Total;45 Toledo;45018 Barcience;100 y más años;1 de enero de 2020;0
Total;45 Toledo;45019 Bargas;Todas las edades;1 de enero de 2020;10.535
Total;45 Toledo;45019 Bargas;De 0 a 4 años;1 de enero de 2020;552
Total;45 Toledo;45019 Bargas;De 5 a 9 años;1 de enero de 2020;708
Total;45 Toledo;45019 Bargas;De 10 a 14 años;1 de enero de 2020;649
Total;45 Toledo;45019 Bargas;De 65 a 69 años;1 de enero de 2020;514
Total;45 Toledo;45019 Bargas;De 70 a 74 años;1 de enero de 2020;358
Total;45 Toledo;45019 Bargas;De 75 a 79 años;1 de enero de 2020;243
Total;45 Toledo;45019 Bargas;De 80 a 84 años;1 de enero de 2020;178
Total;45 Toledo;45019 Bargas;De 85 a 89 años;1 de enero de 2020;135
Total;45 Toledo;45019 Bargas;De 90 a 94 años;1 de enero de 2020;90
Total;45 Toledo;45019 Bargas;De 95 a 99 años;1 de enero de 2020;19
Total;45 Toledo;45019 Bargas;100 y más años;1 de enero de 2020;4
Total;45 Toledo;45020 Belvís de la Jara;Todas las edades;1 de enero de 2020;1.535
Total;45 Toledo;45020 Belvís de la Jara;De 0 a 4 años;1 de enero de 2020;40
Total;45 Toledo;45020 Belvís de la Jara;De 5 a 9 años;1 de enero de 2020;51
Total;45 Toledo;45020 Belvís de la Jara;De 10 a 14 años;1 de enero de 2020;64
Total;45 Toledo;45020 Belvís de la Jara;De 65 a 69 años;1 de enero de 2020;80
Total;45 Toledo;45020 Belvís de la Jara;De 70 a 74 años;1 de enero de 2020;79
Total;45 Toledo;45020 Belvís de la Jara;De 75 a 79 años;1 de enero de 2020;84
Total;45 Toledo;45020 Belvís de la Jara;De 80 a 84 años;1 de enero de 2020;95
Total;45 Toledo;45020 Belvís de la Jara;De 85 a 89 años;1 de enero de 2020;91
Total;45 Toledo;45020 Belvís de la Jara;De 90 a 94 años;1 de enero de 2020;47
Total;45 Toledo;45020 Belvís de la Jara;De 95 a 99 años;1 de enero de 2020;12
Total;45 Toledo;45020 Belvís de la Jara;100 y más años;1 de enero de 2020;0
Total;45 Toledo;45021 Borox;Todas las edades;1 de enero de 2020;3.958
Total;45 Toledo;45021 Borox;De 0 a 4 años;1 de enero de 2020;190
Total;45 Toledo;45021 Borox;De 5 a 9 años;1 de enero de 2020;227
Total;45 Toledo;45021 Borox;De 10 a 14 años;1 de enero de 2020;233
Total;45 Toledo;45021 Borox;De 65 a 69 años;1 de enero de 2020;141
Total;45 Toledo;45021 Borox;De 70 a 74 años;1 de enero de 2020;132
Total;45 Toledo;45021 Borox;De 75 a 79 años;1 de enero de 2020;112
Total;45 Toledo;45021 Borox;De 80 a 84 años;1 de enero de 2020;89
Total;45 Toledo;45021 Borox;De 85 a 89 años;1 de enero de 2020;66
Total;45 Toledo;45021 Borox;De 90 a 94 años;1 de enero de 2020;33
Total;45 Toledo;45021 Borox;De 95 a 99 años;1 de enero de 2020;7
Total;45 Toledo;45021 Borox;100 y más años;1 de enero de 2020;1
Total;45 Toledo;45022 Buenaventura;Todas las edades;1 de enero de 2020;423
Total;45 Toledo;45022 Buenaventura;De 0 a 4 años;1 de enero de 2020;4
Total;45 Toledo;45022 Buenaventura;De 5 a 9 años;1 de enero de 2020;6
Total;45 Toledo;45022 Buenaventura;De 10 a 14 años;1 de enero de 2020;6
Total;45 Toledo;45022 Buenaventura;De 65 a 69 años;1 de enero de 2020;19
Total;45 Toledo;45022 Buenaventura;De 70 a 74 años;1 de enero de 2020;20
Total;45 Toledo;45022 Buenaventura;De 75 a 79 años;1 de enero de 2020;29
Total;45 Toledo;45022 Buenaventura;De 80 a 84 años;1 de enero de 2020;33
Total;45 Toledo;45022 Buenaventura;De 85 a 89 años;1 de enero de 2020;28
Total;45 Toledo;45022 Buenaventura;De 90 a 94 años;1 de enero de 2020;17
Total;45 Toledo;45022 Buenaventura;De 95 a 99 años;1 de enero de 2020;3
Total;45 Toledo;45022 Buenaventura;100 y más años;1 de enero de 2020;1
Total;45 Toledo;45023 Burguillos de Toledo;Todas las edades;1 de enero de 2020;3.288
Total;45 Toledo;45023 Burguillos de Toledo;De 0 a 4 años;1 de enero de 2020;176
Total;45 Toledo;45023 Burguillos de Toledo;De 5 a 9 años;1 de enero de 2020;271
Total;45 Toledo;45023 Burguillos de Toledo;De 10 a 14 años;1 de enero de 2020;274
Total;45 Toledo;45023 Burguillos de Toledo;De 65 a 69 años;1 de enero de 2020;100
Total;45 Toledo;45023 Burguillos de Toledo;De 70 a 74 años;1 de enero de 2020;87
Total;45 Toledo;45023 Burguillos de Toledo;De 75 a 79 años;1 de enero de 2020;55
Total;45 Toledo;45023 Burguillos de Toledo;De 80 a 84 años;1 de enero de 2020;43
Total;45 Toledo;45023 Burguillos de Toledo;De 85 a 89 años;1 de enero de 2020;24
Total;45 Toledo;45023 Burguillos de Toledo;De 90 a 94 años;1 de enero de 2020;14
Total;45 Toledo;45023 Burguillos de Toledo;De 95 a 99 años;1 de enero de 2020;1
Total;45 Toledo;45023 Burguillos de Toledo;100 y más años;1 de enero de 2020;0
Total;45 Toledo;45024 Burujón;Todas las edades;1 de enero de 2020;1.307
Total;45 Toledo;45024 Burujón;De 0 a 4 años;1 de enero de 2020;58
Total;45 Toledo;45024 Burujón;De 5 a 9 años;1 de enero de 2020;73
Total;45 Toledo;45024 Burujón;De 10 a 14 años;1 de enero de 2020;68
Total;45 Toledo;45024 Burujón;De 65 a 69 años;1 de enero de 2020;71
Total;45 Toledo;45024 Burujón;De 70 a 74 años;1 de enero de 2020;53
Total;45 Toledo;45024 Burujón;De 75 a 79 años;1 de enero de 2020;57
Total;45 Toledo;45024 Burujón;De 80 a 84 años;1 de enero de 2020;50
Total;45 Toledo;45024 Burujón;De 85 a 89 años;1 de enero de 2020;35
Total;45 Toledo;45024 Burujón;De 90 a 94 años;1 de enero de 2020;14
Total;45 Toledo;45024 Burujón;De 95 a 99 años;1 de enero de 2020;2
Total;45 Toledo;45024 Burujón;100 y más años;1 de enero de 2020;1
Total;45 Toledo;45025 Cabañas de la Sagra;Todas las edades;1 de enero de 2020;1.857
Total;45 Toledo;45025 Cabañas de la Sagra;De 0 a 4 años;1 de enero de 2020;65
Total;45 Toledo;45025 Cabañas de la Sagra;De 5 a 9 años;1 de enero de 2020;89
Total;45 Toledo;45025 Cabañas de la Sagra;De 10 a 14 años;1 de enero de 2020;123
Total;45 Toledo;45025 Cabañas de la Sagra;De 65 a 69 años;1 de enero de 2020;82
Total;45 Toledo;45025 Cabañas de la Sagra;De 70 a 74 años;1 de enero de 2020;59
Total;45 Toledo;45025 Cabañas de la Sagra;De 75 a 79 años;1 de enero de 2020;73
Total;45 Toledo;45025 Cabañas de la Sagra;De 80 a 84 años;1 de enero de 2020;29
Total;45 Toledo;45025 Cabañas de la Sagra;De 85 a 89 años;1 de enero de 2020;28
Total;45 Toledo;45025 Cabañas de la Sagra;De 90 a 94 años;1 de enero de 2020;17
Total;45 Toledo;45025 Cabañas de la Sagra;De 95 a 99 años;1 de enero de 2020;6
Total;45 Toledo;45025 Cabañas de la Sagra;100 y más años;1 de enero de 2020;0
Total;45 Toledo;45026 Cabañas de Yepes;Todas las edades;1 de enero de 2020;260
Total;45 Toledo;45026 Cabañas de Yepes;De 0 a 4 años;1 de enero de 2020;2
Total;45 Toledo;45026 Cabañas de Yepes;De 5 a 9 años;1 de enero de 2020;8
Total;45 Toledo;45026 Cabañas de Yepes;De 10 a 14 años;1 de enero de 2020;9
Total;45 Toledo;45026 Cabañas de Yepes;De 65 a 69 años;1 de enero de 2020;18
Total;45 Toledo;45026 Cabañas de Yepes;De 70 a 74 años;1 de enero de 2020;9
Total;45 Toledo;45026 Cabañas de Yepes;De 75 a 79 años;1 de enero de 2020;19
Total;45 Toledo;45026 Cabañas de Yepes;De 80 a 84 años;1 de enero de 2020;14
Total;45 Toledo;45026 Cabañas de Yepes;De 85 a 89 años;1 de enero de 2020;13
Total;45 Toledo;45026 Cabañas de Yepes;De 90 a 94 años;1 de enero de 2020;5
Total;45 Toledo;45026 Cabañas de Yepes;De 95 a 99 años;1 de enero de 2020;6
Total;45 Toledo;45026 Cabañas de Yepes;100 y más años;1 de enero de 2020;0
Total;45 Toledo;45027 Cabezamesada;Todas las edades;1 de enero de 2020;343
Total;45 Toledo;45027 Cabezamesada;De 0 a 4 años;1 de enero de 2020;7
Total;45 Toledo;45027 Cabezamesada;De 5 a 9 años;1 de enero de 2020;3
Total;45 Toledo;45027 Cabezamesada;De 10 a 14 años;1 de enero de 2020;6
Total;45 Toledo;45027 Cabezamesada;De 65 a 69 años;1 de enero de 2020;24
Total;45 Toledo;45027 Cabezamesada;De 70 a 74 años;1 de enero de 2020;18
Total;45 Toledo;45027 Cabezamesada;De 75 a 79 años;1 de enero de 2020;22
Total;45 Toledo;45027 Cabezamesada;De 80 a 84 años;1 de enero de 2020;25
Total;45 Toledo;45027 Cabezamesada;De 85 a 89 años;1 de enero de 2020;23
Total;45 Toledo;45027 Cabezamesada;De 90 a 94 años;1 de enero de 2020;9
Total;45 Toledo;45027 Cabezamesada;De 95 a 99 años;1 de enero de 2020;4
Total;45 Toledo;45027 Cabezamesada;100 y más años;1 de enero de 2020;0
Total;45 Toledo;45028 Calera y Chozas;Todas las edades;1 de enero de 2020;4.608
Total;45 Toledo;45028 Calera y Chozas;De 0 a 4 años;1 de enero de 2020;198
Total;45 Toledo;45028 Calera y Chozas;De 5 a 9 años;1 de enero de 2020;239
Total;45 Toledo;45028 Calera y Chozas;De 10 a 14 años;1 de enero de 2020;256
Total;45 Toledo;45028 Calera y Chozas;De 65 a 69 años;1 de enero de 2020;229
Total;45 Toledo;45028 Calera y Chozas;De 70 a 74 años;1 de enero de 2020;236
Total;45 Toledo;45028 Calera y Chozas;De 75 a 79 años;1 de enero de 2020;165
Total;45 Toledo;45028 Calera y Chozas;De 80 a 84 años;1 de enero de 2020;133
Total;45 Toledo;45028 Calera y Chozas;De 85 a 89 años;1 de enero de 2020;130
Total;45 Toledo;45028 Calera y Chozas;De 90 a 94 años;1 de enero de 2020;57
Total;45 Toledo;45028 Calera y Chozas;De 95 a 99 años;1 de enero de 2020;15
Total;45 Toledo;45028 Calera y Chozas;100 y más años;1 de enero de 2020;0
Total;45 Toledo;45029 Caleruela;Todas las edades;1 de enero de 2020;209
Total;45 Toledo;45029 Caleruela;De 0 a 4 años;1 de enero de 2020;3
Total;45 Toledo;45029 Caleruela;De 5 a 9 años;1 de enero de 2020;2
Total;45 Toledo;45029 Caleruela;De 10 a 14 años;1 de enero de 2020;7
Total;45 Toledo;45029 Caleruela;De 65 a 69 años;1 de enero de 2020;22
Total;45 Toledo;45029 Caleruela;De 70 a 74 años;1 de enero de 2020;19
Total;45 Toledo;45029 Caleruela;De 75 a 79 años;1 de enero de 2020;18
Total;45 Toledo;45029 Caleruela;De 80 a 84 años;1 de enero de 2020;9
Total;45 Toledo;45029 Caleruela;De 85 a 89 años;1 de enero de 2020;16
Total;45 Toledo;45029 Caleruela;De 90 a 94 años;1 de enero de 2020;7
Total;45 Toledo;45029 Caleruela;De 95 a 99 años;1 de enero de 2020;7
Total;45 Toledo;45029 Caleruela;100 y más años;1 de enero de 2020;1
Total;45 Toledo;45030 Calzada de Oropesa;Todas las edades;1 de enero de 2020;523
Total;45 Toledo;45030 Calzada de Oropesa;De 0 a 4 años;1 de enero de 2020;6
Total;45 Toledo;45030 Calzada de Oropesa;De 5 a 9 años;1 de enero de 2020;11
Total;45 Toledo;45030 Calzada de Oropesa;De 10 a 14 años;1 de enero de 2020;14
Total;45 Toledo;45030 Calzada de Oropesa;De 65 a 69 años;1 de enero de 2020;27
Total;45 Toledo;45030 Calzada de Oropesa;De 70 a 74 años;1 de enero de 2020;21
Total;45 Toledo;45030 Calzada de Oropesa;De 75 a 79 años;1 de enero de 2020;19
Total;45 Toledo;45030 Calzada de Oropesa;De 80 a 84 años;1 de enero de 2020;36
Total;45 Toledo;45030 Calzada de Oropesa;De 85 a 89 años;1 de enero de 2020;27
Total;45 Toledo;45030 Calzada de Oropesa;De 90 a 94 años;1 de enero de 2020;15
Total;45 Toledo;45030 Calzada de Oropesa;De 95 a 99 años;1 de enero de 2020;3
Total;45 Toledo;45030 Calzada de Oropesa;100 y más años;1 de enero de 2020;0
Total;45 Toledo;45031 Camarena;Todas las edades;1 de enero de 2020;4.082
Total;45 Toledo;45031 Camarena;De 0 a 4 años;1 de enero de 2020;217
Total;45 Toledo;45031 Camarena;De 5 a 9 años;1 de enero de 2020;242
Total;45 Toledo;45031 Camarena;De 10 a 14 años;1 de enero de 2020;267
Total;45 Toledo;45031 Camarena;De 65 a 69 años;1 de enero de 2020;174
Total;45 Toledo;45031 Camarena;De 70 a 74 años;1 de enero de 2020;160
Total;45 Toledo;45031 Camarena;De 75 a 79 años;1 de enero de 2020;123
Total;45 Toledo;45031 Camarena;De 80 a 84 años;1 de enero de 2020;84
Total;45 Toledo;45031 Camarena;De 85 a 89 años;1 de enero de 2020;69
Total;45 Toledo;45031 Camarena;De 90 a 94 años;1 de enero de 2020;34
Total;45 Toledo;45031 Camarena;De 95 a 99 años;1 de enero de 2020;5
Total;45 Toledo;45031 Camarena;100 y más años;1 de enero de 2020;0
Total;45 Toledo;45032 Camarenilla;Todas las edades;1 de enero de 2020;577
Total;45 Toledo;45032 Camarenilla;De 0 a 4 años;1 de enero de 2020;22
Total;45 Toledo;45032 Camarenilla;De 5 a 9 años;1 de enero de 2020;21
Total;45 Toledo;45032 Camarenilla;De 10 a 14 años;1 de enero de 2020;23
Total;45 Toledo;45032 Camarenilla;De 65 a 69 años;1 de enero de 2020;40
Total;45 Toledo;45032 Camarenilla;De 70 a 74 años;1 de enero de 2020;28
Total;45 Toledo;45032 Camarenilla;De 75 a 79 años;1 de enero de 2020;33
Total;45 Toledo;45032 Camarenilla;De 80 a 84 años;1 de enero de 2020;21
Total;45 Toledo;45032 Camarenilla;De 85 a 89 años;1 de enero de 2020;22
Total;45 Toledo;45032 Camarenilla;De 90 a 94 años;1 de enero de 2020;19
Total;45 Toledo;45032 Camarenilla;De 95 a 99 años;1 de enero de 2020;1
Total;45 Toledo;45032 Camarenilla;100 y más años;1 de enero de 2020;0
Total;45 Toledo;45033 Campillo de la Jara, El;Todas las edades;1 de enero de 2020;342
Total;45 Toledo;45033 Campillo de la Jara, El;De 0 a 4 años;1 de enero de 2020;10
Total;45 Toledo;45033 Campillo de la Jara, El;De 5 a 9 años;1 de enero de 2020;10
Total;45 Toledo;45033 Campillo de la Jara, El;De 10 a 14 años;1 de enero de 2020;9
Total;45 Toledo;45033 Campillo de la Jara, El;De 65 a 69 años;1 de enero de 2020;19
Total;45 Toledo;45033 Campillo de la Jara, El;De 70 a 74 años;1 de enero de 2020;28
Total;45 Toledo;45033 Campillo de la Jara, El;De 75 a 79 años;1 de enero de 2020;28
Total;45 Toledo;45033 Campillo de la Jara, El;De 80 a 84 años;1 de enero de 2020;23
Total;45 Toledo;45033 Campillo de la Jara, El;De 85 a 89 años;1 de enero de 2020;19
Total;45 Toledo;45033 Campillo de la Jara, El;De 90 a 94 años;1 de enero de 2020;3
Total;45 Toledo;45033 Campillo de la Jara, El;De 95 a 99 años;1 de enero de 2020;4
Total;45 Toledo;45033 Campillo de la Jara, El;100 y más años;1 de enero de 2020;0
Total;45 Toledo;45034 Camuñas;Todas las edades;1 de enero de 2020;1.752
Total;45 Toledo;45034 Camuñas;De 0 a 4 años;1 de enero de 2020;78
Total;45 Toledo;45034 Camuñas;De 5 a 9 años;1 de enero de 2020;77
Total;45 Toledo;45034 Camuñas;De 10 a 14 años;1 de enero de 2020;95
Total;45 Toledo;45034 Camuñas;De 65 a 69 años;1 de enero de 2020;84
Total;45 Toledo;45034 Camuñas;De 70 a 74 años;1 de enero de 2020;86
Total;45 Toledo;45034 Camuñas;De 75 a 79 años;1 de enero de 2020;93
Total;45 Toledo;45034 Camuñas;De 80 a 84 años;1 de enero de 2020;61
Total;45 Toledo;45034 Camuñas;De 85 a 89 años;1 de enero de 2020;69
Total;45 Toledo;45034 Camuñas;De 90 a 94 años;1 de enero de 2020;38
Total;45 Toledo;45034 Camuñas;De 95 a 99 años;1 de enero de 2020;10
Total;45 Toledo;45034 Camuñas;100 y más años;1 de enero de 2020;2
Total;45 Toledo;45035 Cardiel de los Montes;Todas las edades;1 de enero de 2020;352
Total;45 Toledo;45035 Cardiel de los Montes;De 0 a 4 años;1 de enero de 2020;8
Total;45 Toledo;45035 Cardiel de los Montes;De 5 a 9 años;1 de enero de 2020;14
Total;45 Toledo;45035 Cardiel de los Montes;De 10 a 14 años;1 de enero de 2020;19
Total;45 Toledo;45035 Cardiel de los Montes;De 65 a 69 años;1 de enero de 2020;28
Total;45 Toledo;45035 Cardiel de los Montes;De 70 a 74 años;1 de enero de 2020;26
Total;45 Toledo;45035 Cardiel de los Montes;De 75 a 79 años;1 de enero de 2020;27
Total;45 Toledo;45035 Cardiel de los Montes;De 80 a 84 años;1 de enero de 2020;16
Total;45 Toledo;45035 Cardiel de los Montes;De 85 a 89 años;1 de enero de 2020;11
Total;45 Toledo;45035 Cardiel de los Montes;De 90 a 94 años;1 de enero de 2020;4
Total;45 Toledo;45035 Cardiel de los Montes;De 95 a 99 años;1 de enero de 2020;1
Total;45 Toledo;45035 Cardiel de los Montes;100 y más años;1 de enero de 2020;0
Total;45 Toledo;45036 Carmena;Todas las edades;1 de enero de 2020;768
Total;45 Toledo;45036 Carmena;De 0 a 4 años;1 de enero de 2020;16
Total;45 Toledo;45036 Carmena;De 5 a 9 años;1 de enero de 2020;32
Total;45 Toledo;45036 Carmena;De 10 a 14 años;1 de enero de 2020;29
Total;45 Toledo;45036 Carmena;De 65 a 69 años;1 de enero de 2020;38
Total;45 Toledo;45036 Carmena;De 70 a 74 años;1 de enero de 2020;46
Total;45 Toledo;45036 Carmena;De 75 a 79 años;1 de enero de 2020;47
Total;45 Toledo;45036 Carmena;De 80 a 84 años;1 de enero de 2020;32
Total;45 Toledo;45036 Carmena;De 85 a 89 años;1 de enero de 2020;33
Total;45 Toledo;45036 Carmena;De 90 a 94 años;1 de enero de 2020;23
Total;45 Toledo;45036 Carmena;De 95 a 99 años;1 de enero de 2020;7
Total;45 Toledo;45036 Carmena;100 y más años;1 de enero de 2020;0
Total;45 Toledo;45037 Carpio de Tajo, El;Todas las edades;1 de enero de 2020;1.816
Total;45 Toledo;45037 Carpio de Tajo, El;De 0 a 4 años;1 de enero de 2020;47
Total;45 Toledo;45037 Carpio de Tajo, El;De 5 a 9 años;1 de enero de 2020;67
Total;45 Toledo;45037 Carpio de Tajo, El;De 10 a 14 años;1 de enero de 2020;76
Total;45 Toledo;45037 Carpio de Tajo, El;De 65 a 69 años;1 de enero de 2020;106
Total;45 Toledo;45037 Carpio de Tajo, El;De 70 a 74 años;1 de enero de 2020;113
Total;45 Toledo;45037 Carpio de Tajo, El;De 75 a 79 años;1 de enero de 2020;114
Total;45 Toledo;45037 Carpio de Tajo, El;De 80 a 84 años;1 de enero de 2020;117
Total;45 Toledo;45037 Carpio de Tajo, El;De 85 a 89 años;1 de enero de 2020;94
Total;45 Toledo;45037 Carpio de Tajo, El;De 90 a 94 años;1 de enero de 2020;41
Total;45 Toledo;45037 Carpio de Tajo, El;De 95 a 99 años;1 de enero de 2020;11
Total;45 Toledo;45037 Carpio de Tajo, El;100 y más años;1 de enero de 2020;2
Total;45 Toledo;45038 Carranque;Todas las edades;1 de enero de 2020;4.953
Total;45 Toledo;45038 Carranque;De 0 a 4 años;1 de enero de 2020;223
Total;45 Toledo;45038 Carranque;De 5 a 9 años;1 de enero de 2020;334
Total;45 Toledo;45038 Carranque;De 10 a 14 años;1 de enero de 2020;374
Total;45 Toledo;45038 Carranque;De 65 a 69 años;1 de enero de 2020;201
Total;45 Toledo;45038 Carranque;De 70 a 74 años;1 de enero de 2020;114
Total;45 Toledo;45038 Carranque;De 75 a 79 años;1 de enero de 2020;87
Total;45 Toledo;45038 Carranque;De 80 a 84 años;1 de enero de 2020;39
Total;45 Toledo;45038 Carranque;De 85 a 89 años;1 de enero de 2020;39
Total;45 Toledo;45038 Carranque;De 90 a 94 años;1 de enero de 2020;19
Total;45 Toledo;45038 Carranque;De 95 a 99 años;1 de enero de 2020;6
Total;45 Toledo;45038 Carranque;100 y más años;1 de enero de 2020;0
Total;45 Toledo;45039 Carriches;Todas las edades;1 de enero de 2020;260
Total;45 Toledo;45039 Carriches;De 0 a 4 años;1 de enero de 2020;9
Total;45 Toledo;45039 Carriches;De 5 a 9 años;1 de enero de 2020;16
Total;45 Toledo;45039 Carriches;De 10 a 14 años;1 de enero de 2020;10
Total;45 Toledo;45039 Carriches;De 65 a 69 años;1 de enero de 2020;17
Total;45 Toledo;45039 Carriches;De 70 a 74 años;1 de enero de 2020;15
Total;45 Toledo;45039 Carriches;De 75 a 79 años;1 de enero de 2020;19
Total;45 Toledo;45039 Carriches;De 80 a 84 años;1 de enero de 2020;11
Total;45 Toledo;45039 Carriches;De 85 a 89 años;1 de enero de 2020;9
Total;45 Toledo;45039 Carriches;De 90 a 94 años;1 de enero de 2020;6
Total;45 Toledo;45039 Carriches;De 95 a 99 años;1 de enero de 2020;3
Total;45 Toledo;45039 Carriches;100 y más años;1 de enero de 2020;0
Total;45 Toledo;45040 Casar de Escalona, El;Todas las edades;1 de enero de 2020;1.718
Total;45 Toledo;45040 Casar de Escalona, El;De 0 a 4 años;1 de enero de 2020;57
Total;45 Toledo;45040 Casar de Escalona, El;De 5 a 9 años;1 de enero de 2020;67
Total;45 Toledo;45040 Casar de Escalona, El;De 10 a 14 años;1 de enero de 2020;117
Total;45 Toledo;45040 Casar de Escalona, El;De 65 a 69 años;1 de enero de 2020;81
Total;45 Toledo;45040 Casar de Escalona, El;De 70 a 74 años;1 de enero de 2020;94
Total;45 Toledo;45040 Casar de Escalona, El;De 75 a 79 años;1 de enero de 2020;68
Total;45 Toledo;45040 Casar de Escalona, El;De 80 a 84 años;1 de enero de 2020;49
Total;45 Toledo;45040 Casar de Escalona, El;De 85 a 89 años;1 de enero de 2020;43
Total;45 Toledo;45040 Casar de Escalona, El;De 90 a 94 años;1 de enero de 2020;22
Total;45 Toledo;45040 Casar de Escalona, El;De 95 a 99 años;1 de enero de 2020;11
Total;45 Toledo;45040 Casar de Escalona, El;100 y más años;1 de enero de 2020;5
Total;45 Toledo;45041 Casarrubios del Monte;Todas las edades;1 de enero de 2020;5.995
Total;45 Toledo;45041 Casarrubios del Monte;De 0 a 4 años;1 de enero de 2020;281
Total;45 Toledo;45041 Casarrubios del Monte;De 5 a 9 años;1 de enero de 2020;401
Total;45 Toledo;45041 Casarrubios del Monte;De 10 a 14 años;1 de enero de 2020;377
Total;45 Toledo;45041 Casarrubios del Monte;De 65 a 69 años;1 de enero de 2020;245
Total;45 Toledo;45041 Casarrubios del Monte;De 70 a 74 años;1 de enero de 2020;184
Total;45 Toledo;45041 Casarrubios del Monte;De 75 a 79 años;1 de enero de 2020;148
Total;45 Toledo;45041 Casarrubios del Monte;De 80 a 84 años;1 de enero de 2020;91
Total;45 Toledo;45041 Casarrubios del Monte;De 85 a 89 años;1 de enero de 2020;67
Total;45 Toledo;45041 Casarrubios del Monte;De 90 a 94 años;1 de enero de 2020;28
Total;45 Toledo;45041 Casarrubios del Monte;De 95 a 99 años;1 de enero de 2020;7
Total;45 Toledo;45041 Casarrubios del Monte;100 y más años;1 de enero de 2020;0
Total;45 Toledo;45042 Casasbuenas;Todas las edades;1 de enero de 2020;187
Total;45 Toledo;45042 Casasbuenas;De 0 a 4 años;1 de enero de 2020;4
Total;45 Toledo;45042 Casasbuenas;De 5 a 9 años;1 de enero de 2020;1
Total;45 Toledo;45042 Casasbuenas;De 10 a 14 años;1 de enero de 2020;3
Total;45 Toledo;45042 Casasbuenas;De 65 a 69 años;1 de enero de 2020;15
Total;45 Toledo;45042 Casasbuenas;De 70 a 74 años;1 de enero de 2020;18
Total;45 Toledo;45042 Casasbuenas;De 75 a 79 años;1 de enero de 2020;13
Total;45 Toledo;45042 Casasbuenas;De 80 a 84 años;1 de enero de 2020;11
Total;45 Toledo;45042 Casasbuenas;De 85 a 89 años;1 de enero de 2020;15
Total;45 Toledo;45042 Casasbuenas;De 90 a 94 años;1 de enero de 2020;4
Total;45 Toledo;45042 Casasbuenas;De 95 a 99 años;1 de enero de 2020;2
Total;45 Toledo;45042 Casasbuenas;100 y más años;1 de enero de 2020;0
Total;45 Toledo;45043 Castillo de Bayuela;Todas las edades;1 de enero de 2020;920
Total;45 Toledo;45043 Castillo de Bayuela;De 0 a 4 años;1 de enero de 2020;20
Total;45 Toledo;45043 Castillo de Bayuela;De 5 a 9 años;1 de enero de 2020;18
Total;45 Toledo;45043 Castillo de Bayuela;De 10 a 14 años;1 de enero de 2020;27
Total;45 Toledo;45043 Castillo de Bayuela;De 65 a 69 años;1 de enero de 2020;49
Total;45 Toledo;45043 Castillo de Bayuela;De 70 a 74 años;1 de enero de 2020;40
Total;45 Toledo;45043 Castillo de Bayuela;De 75 a 79 años;1 de enero de 2020;45
Total;45 Toledo;45043 Castillo de Bayuela;De 80 a 84 años;1 de enero de 2020;51
Total;45 Toledo;45043 Castillo de Bayuela;De 85 a 89 años;1 de enero de 2020;63
Total;45 Toledo;45043 Castillo de Bayuela;De 90 a 94 años;1 de enero de 2020;33
Total;45 Toledo;45043 Castillo de Bayuela;De 95 a 99 años;1 de enero de 2020;13
Total;45 Toledo;45043 Castillo de Bayuela;100 y más años;1 de enero de 2020;2
Total;45 Toledo;45045 Cazalegas;Todas las edades;1 de enero de 2020;1.813
Total;45 Toledo;45045 Cazalegas;De 0 a 4 años;1 de enero de 2020;79
Total;45 Toledo;45045 Cazalegas;De 5 a 9 años;1 de enero de 2020;87
Total;45 Toledo;45045 Cazalegas;De 10 a 14 años;1 de enero de 2020;101
Total;45 Toledo;45045 Cazalegas;De 65 a 69 años;1 de enero de 2020;88
Total;45 Toledo;45045 Cazalegas;De 70 a 74 años;1 de enero de 2020;77
Total;45 Toledo;45045 Cazalegas;De 75 a 79 años;1 de enero de 2020;57
Total;45 Toledo;45045 Cazalegas;De 80 a 84 años;1 de enero de 2020;51
Total;45 Toledo;45045 Cazalegas;De 85 a 89 años;1 de enero de 2020;62
Total;45 Toledo;45045 Cazalegas;De 90 a 94 años;1 de enero de 2020;37
Total;45 Toledo;45045 Cazalegas;De 95 a 99 años;1 de enero de 2020;4
Total;45 Toledo;45045 Cazalegas;100 y más años;1 de enero de 2020;1
Total;45 Toledo;45046 Cebolla;Todas las edades;1 de enero de 2020;3.209
Total;45 Toledo;45046 Cebolla;De 0 a 4 años;1 de enero de 2020;137
Total;45 Toledo;45046 Cebolla;De 5 a 9 años;1 de enero de 2020;150
Total;45 Toledo;45046 Cebolla;De 10 a 14 años;1 de enero de 2020;197
Total;45 Toledo;45046 Cebolla;De 65 a 69 años;1 de enero de 2020;139
Total;45 Toledo;45046 Cebolla;De 70 a 74 años;1 de enero de 2020;138
Total;45 Toledo;45046 Cebolla;De 75 a 79 años;1 de enero de 2020;113
Total;45 Toledo;45046 Cebolla;De 80 a 84 años;1 de enero de 2020;96
Total;45 Toledo;45046 Cebolla;De 85 a 89 años;1 de enero de 2020;92
Total;45 Toledo;45046 Cebolla;De 90 a 94 años;1 de enero de 2020;48
Total;45 Toledo;45046 Cebolla;De 95 a 99 años;1 de enero de 2020;8
Total;45 Toledo;45046 Cebolla;100 y más años;1 de enero de 2020;0
Total;45 Toledo;45047 Cedillo del Condado;Todas las edades;1 de enero de 2020;3.826
Total;45 Toledo;45047 Cedillo del Condado;De 0 a 4 años;1 de enero de 2020;254
Total;45 Toledo;45047 Cedillo del Condado;De 5 a 9 años;1 de enero de 2020;268
Total;45 Toledo;45047 Cedillo del Condado;De 10 a 14 años;1 de enero de 2020;253
Total;45 Toledo;45047 Cedillo del Condado;De 65 a 69 años;1 de enero de 2020;147
Total;45 Toledo;45047 Cedillo del Condado;De 70 a 74 años;1 de enero de 2020;108
Total;45 Toledo;45047 Cedillo del Condado;De 75 a 79 años;1 de enero de 2020;48
Total;45 Toledo;45047 Cedillo del Condado;De 80 a 84 años;1 de enero de 2020;53
Total;45 Toledo;45047 Cedillo del Condado;De 85 a 89 años;1 de enero de 2020;44
Total;45 Toledo;45047 Cedillo del Condado;De 90 a 94 años;1 de enero de 2020;20
Total;45 Toledo;45047 Cedillo del Condado;De 95 a 99 años;1 de enero de 2020;6
Total;45 Toledo;45047 Cedillo del Condado;100 y más años;1 de enero de 2020;1
Total;45 Toledo;45048 Cerralbos, Los;Todas las edades;1 de enero de 2020;414
Total;45 Toledo;45048 Cerralbos, Los;De 0 a 4 años;1 de enero de 2020;9
Total;45 Toledo;45048 Cerralbos, Los;De 5 a 9 años;1 de enero de 2020;18
Total;45 Toledo;45048 Cerralbos, Los;De 10 a 14 años;1 de enero de 2020;6
Total;45 Toledo;45048 Cerralbos, Los;De 65 a 69 años;1 de enero de 2020;23
Total;45 Toledo;45048 Cerralbos, Los;De 70 a 74 años;1 de enero de 2020;37
Total;45 Toledo;45048 Cerralbos, Los;De 75 a 79 años;1 de enero de 2020;29
Total;45 Toledo;45048 Cerralbos, Los;De 80 a 84 años;1 de enero de 2020;21
Total;45 Toledo;45048 Cerralbos, Los;De 85 a 89 años;1 de enero de 2020;23
Total;45 Toledo;45048 Cerralbos, Los;De 90 a 94 años;1 de enero de 2020;9
Total;45 Toledo;45048 Cerralbos, Los;De 95 a 99 años;1 de enero de 2020;6
Total;45 Toledo;45048 Cerralbos, Los;100 y más años;1 de enero de 2020;0
Total;45 Toledo;45049 Cervera de los Montes;Todas las edades;1 de enero de 2020;499
Total;45 Toledo;45049 Cervera de los Montes;De 0 a 4 años;1 de enero de 2020;10
Total;45 Toledo;45049 Cervera de los Montes;De 5 a 9 años;1 de enero de 2020;25
Total;45 Toledo;45049 Cervera de los Montes;De 10 a 14 años;1 de enero de 2020;26
Total;45 Toledo;45049 Cervera de los Montes;De 65 a 69 años;1 de enero de 2020;24
Total;45 Toledo;45049 Cervera de los Montes;De 70 a 74 años;1 de enero de 2020;30
Total;45 Toledo;45049 Cervera de los Montes;De 75 a 79 años;1 de enero de 2020;18
Total;45 Toledo;45049 Cervera de los Montes;De 80 a 84 años;1 de enero de 2020;19
Total;45 Toledo;45049 Cervera de los Montes;De 85 a 89 años;1 de enero de 2020;23
Total;45 Toledo;45049 Cervera de los Montes;De 90 a 94 años;1 de enero de 2020;8
Total;45 Toledo;45049 Cervera de los Montes;De 95 a 99 años;1 de enero de 2020;1
Total;45 Toledo;45049 Cervera de los Montes;100 y más años;1 de enero de 2020;0
Total;45 Toledo;45056 Chozas de Canales;Todas las edades;1 de enero de 2020;4.104
Total;45 Toledo;45056 Chozas de Canales;De 0 a 4 años;1 de enero de 2020;231
Total;45 Toledo;45056 Chozas de Canales;De 5 a 9 años;1 de enero de 2020;323
Total;45 Toledo;45056 Chozas de Canales;De 10 a 14 años;1 de enero de 2020;316
Total;45 Toledo;45056 Chozas de Canales;De 65 a 69 años;1 de enero de 2020;164
Total;45 Toledo;45056 Chozas de Canales;De 70 a 74 años;1 de enero de 2020;105
Total;45 Toledo;45056 Chozas de Canales;De 75 a 79 años;1 de enero de 2020;70
Total;45 Toledo;45056 Chozas de Canales;De 80 a 84 años;1 de enero de 2020;39
Total;45 Toledo;45056 Chozas de Canales;De 85 a 89 años;1 de enero de 2020;45
Total;45 Toledo;45056 Chozas de Canales;De 90 a 94 años;1 de enero de 2020;21
Total;45 Toledo;45056 Chozas de Canales;De 95 a 99 años;1 de enero de 2020;5
Total;45 Toledo;45056 Chozas de Canales;100 y más años;1 de enero de 2020;1
Total;45 Toledo;45057 Chueca;Todas las edades;1 de enero de 2020;251
Total;45 Toledo;45057 Chueca;De 0 a 4 años;1 de enero de 2020;9
Total;45 Toledo;45057 Chueca;De 5 a 9 años;1 de enero de 2020;13
Total;45 Toledo;45057 Chueca;De 10 a 14 años;1 de enero de 2020;3
Total;45 Toledo;45057 Chueca;De 65 a 69 años;1 de enero de 2020;9
Total;45 Toledo;45057 Chueca;De 70 a 74 años;1 de enero de 2020;15
Total;45 Toledo;45057 Chueca;De 75 a 79 años;1 de enero de 2020;11
Total;45 Toledo;45057 Chueca;De 80 a 84 años;1 de enero de 2020;13
Total;45 Toledo;45057 Chueca;De 85 a 89 años;1 de enero de 2020;10
Total;45 Toledo;45057 Chueca;De 90 a 94 años;1 de enero de 2020;2
Total;45 Toledo;45057 Chueca;De 95 a 99 años;1 de enero de 2020;0
Total;45 Toledo;45057 Chueca;100 y más años;1 de enero de 2020;0
Total;45 Toledo;45050 Ciruelos;Todas las edades;1 de enero de 2020;569
Total;45 Toledo;45050 Ciruelos;De 0 a 4 años;1 de enero de 2020;12
Total;45 Toledo;45050 Ciruelos;De 5 a 9 años;1 de enero de 2020;26
Total;45 Toledo;45050 Ciruelos;De 10 a 14 años;1 de enero de 2020;41
Total;45 Toledo;45050 Ciruelos;De 65 a 69 años;1 de enero de 2020;20
Total;45 Toledo;45050 Ciruelos;De 70 a 74 años;1 de enero de 2020;24
Total;45 Toledo;45050 Ciruelos;De 75 a 79 años;1 de enero de 2020;19
Total;45 Toledo;45050 Ciruelos;De 80 a 84 años;1 de enero de 2020;9
Total;45 Toledo;45050 Ciruelos;De 85 a 89 años;1 de enero de 2020;8
Total;45 Toledo;45050 Ciruelos;De 90 a 94 años;1 de enero de 2020;6
Total;45 Toledo;45050 Ciruelos;De 95 a 99 años;1 de enero de 2020;3
Total;45 Toledo;45050 Ciruelos;100 y más años;1 de enero de 2020;0
Total;45 Toledo;45051 Cobeja;Todas las edades;1 de enero de 2020;2.366
Total;45 Toledo;45051 Cobeja;De 0 a 4 años;1 de enero de 2020;109
Total;45 Toledo;45051 Cobeja;De 5 a 9 años;1 de enero de 2020;132
Total;45 Toledo;45051 Cobeja;De 10 a 14 años;1 de enero de 2020;145
Total;45 Toledo;45051 Cobeja;De 65 a 69 años;1 de enero de 2020;94
Total;45 Toledo;45051 Cobeja;De 70 a 74 años;1 de enero de 2020;87
Total;45 Toledo;45051 Cobeja;De 75 a 79 años;1 de enero de 2020;65
Total;45 Toledo;45051 Cobeja;De 80 a 84 años;1 de enero de 2020;43
Total;45 Toledo;45051 Cobeja;De 85 a 89 años;1 de enero de 2020;23
Total;45 Toledo;45051 Cobeja;De 90 a 94 años;1 de enero de 2020;18
Total;45 Toledo;45051 Cobeja;De 95 a 99 años;1 de enero de 2020;7
Total;45 Toledo;45051 Cobeja;100 y más años;1 de enero de 2020;0
Total;45 Toledo;45052 Cobisa;Todas las edades;1 de enero de 2020;4.306
Total;45 Toledo;45052 Cobisa;De 0 a 4 años;1 de enero de 2020;144
Total;45 Toledo;45052 Cobisa;De 5 a 9 años;1 de enero de 2020;216
Total;45 Toledo;45052 Cobisa;De 10 a 14 años;1 de enero de 2020;420
Total;45 Toledo;45052 Cobisa;De 65 a 69 años;1 de enero de 2020;153
Total;45 Toledo;45052 Cobisa;De 70 a 74 años;1 de enero de 2020;94
Total;45 Toledo;45052 Cobisa;De 75 a 79 años;1 de enero de 2020;74
Total;45 Toledo;45052 Cobisa;De 80 a 84 años;1 de enero de 2020;26
Total;45 Toledo;45052 Cobisa;De 85 a 89 años;1 de enero de 2020;22
Total;45 Toledo;45052 Cobisa;De 90 a 94 años;1 de enero de 2020;8
Total;45 Toledo;45052 Cobisa;De 95 a 99 años;1 de enero de 2020;0
Total;45 Toledo;45052 Cobisa;100 y más años;1 de enero de 2020;0
Total;45 Toledo;45053 Consuegra;Todas las edades;1 de enero de 2020;9.970
Total;45 Toledo;45053 Consuegra;De 0 a 4 años;1 de enero de 2020;421
Total;45 Toledo;45053 Consuegra;De 5 a 9 años;1 de enero de 2020;484
Total;45 Toledo;45053 Consuegra;De 10 a 14 años;1 de enero de 2020;497
Total;45 Toledo;45053 Consuegra;De 65 a 69 años;1 de enero de 2020;472
Total;45 Toledo;45053 Consuegra;De 70 a 74 años;1 de enero de 2020;463
Total;45 Toledo;45053 Consuegra;De 75 a 79 años;1 de enero de 2020;384
Total;45 Toledo;45053 Consuegra;De 80 a 84 años;1 de enero de 2020;302
Total;45 Toledo;45053 Consuegra;De 85 a 89 años;1 de enero de 2020;309
Total;45 Toledo;45053 Consuegra;De 90 a 94 años;1 de enero de 2020;122
Total;45 Toledo;45053 Consuegra;De 95 a 99 años;1 de enero de 2020;31
Total;45 Toledo;45053 Consuegra;100 y más años;1 de enero de 2020;4
Total;45 Toledo;45054 Corral de Almaguer;Todas las edades;1 de enero de 2020;5.246
Total;45 Toledo;45054 Corral de Almaguer;De 0 a 4 años;1 de enero de 2020;215
Total;45 Toledo;45054 Corral de Almaguer;De 5 a 9 años;1 de enero de 2020;244
Total;45 Toledo;45054 Corral de Almaguer;De 10 a 14 años;1 de enero de 2020;253
Total;45 Toledo;45054 Corral de Almaguer;De 65 a 69 años;1 de enero de 2020;233
Total;45 Toledo;45054 Corral de Almaguer;De 70 a 74 años;1 de enero de 2020;219
Total;45 Toledo;45054 Corral de Almaguer;De 75 a 79 años;1 de enero de 2020;276
Total;45 Toledo;45054 Corral de Almaguer;De 80 a 84 años;1 de enero de 2020;194
Total;45 Toledo;45054 Corral de Almaguer;De 85 a 89 años;1 de enero de 2020;192
Total;45 Toledo;45054 Corral de Almaguer;De 90 a 94 años;1 de enero de 2020;86
Total;45 Toledo;45054 Corral de Almaguer;De 95 a 99 años;1 de enero de 2020;28
Total;45 Toledo;45054 Corral de Almaguer;100 y más años;1 de enero de 2020;2
Total;45 Toledo;45055 Cuerva;Todas las edades;1 de enero de 2020;1.299
Total;45 Toledo;45055 Cuerva;De 0 a 4 años;1 de enero de 2020;43
Total;45 Toledo;45055 Cuerva;De 5 a 9 años;1 de enero de 2020;51
Total;45 Toledo;45055 Cuerva;De 10 a 14 años;1 de enero de 2020;64
Total;45 Toledo;45055 Cuerva;De 65 a 69 años;1 de enero de 2020;57
Total;45 Toledo;45055 Cuerva;De 70 a 74 años;1 de enero de 2020;50
Total;45 Toledo;45055 Cuerva;De 75 a 79 años;1 de enero de 2020;73
Total;45 Toledo;45055 Cuerva;De 80 a 84 años;1 de enero de 2020;50
Total;45 Toledo;45055 Cuerva;De 85 a 89 años;1 de enero de 2020;62
Total;45 Toledo;45055 Cuerva;De 90 a 94 años;1 de enero de 2020;23
Total;45 Toledo;45055 Cuerva;De 95 a 99 años;1 de enero de 2020;5
Total;45 Toledo;45055 Cuerva;100 y más años;1 de enero de 2020;1
Total;45 Toledo;45058 Domingo Pérez;Todas las edades;1 de enero de 2020;345
Total;45 Toledo;45058 Domingo Pérez;De 0 a 4 años;1 de enero de 2020;0
Total;45 Toledo;45058 Domingo Pérez;De 5 a 9 años;1 de enero de 2020;7
Total;45 Toledo;45058 Domingo Pérez;De 10 a 14 años;1 de enero de 2020;16
Total;45 Toledo;45058 Domingo Pérez;De 65 a 69 años;1 de enero de 2020;18
Total;45 Toledo;45058 Domingo Pérez;De 70 a 74 años;1 de enero de 2020;25
Total;45 Toledo;45058 Domingo Pérez;De 75 a 79 años;1 de enero de 2020;27
Total;45 Toledo;45058 Domingo Pérez;De 80 a 84 años;1 de enero de 2020;21
Total;45 Toledo;45058 Domingo Pérez;De 85 a 89 años;1 de enero de 2020;22
Total;45 Toledo;45058 Domingo Pérez;De 90 a 94 años;1 de enero de 2020;15
Total;45 Toledo;45058 Domingo Pérez;De 95 a 99 años;1 de enero de 2020;6
Total;45 Toledo;45058 Domingo Pérez;100 y más años;1 de enero de 2020;0
Total;45 Toledo;45059 Dosbarrios;Todas las edades;1 de enero de 2020;2.260
Total;45 Toledo;45059 Dosbarrios;De 0 a 4 años;1 de enero de 2020;75
Total;45 Toledo;45059 Dosbarrios;De 5 a 9 años;1 de enero de 2020;108
Total;45 Toledo;45059 Dosbarrios;De 10 a 14 años;1 de enero de 2020;129
Total;45 Toledo;45059 Dosbarrios;De 65 a 69 años;1 de enero de 2020;102
Total;45 Toledo;45059 Dosbarrios;De 70 a 74 años;1 de enero de 2020;102
Total;45 Toledo;45059 Dosbarrios;De 75 a 79 años;1 de enero de 2020;108
Total;45 Toledo;45059 Dosbarrios;De 80 a 84 años;1 de enero de 2020;78
Total;45 Toledo;45059 Dosbarrios;De 85 a 89 años;1 de enero de 2020;67
Total;45 Toledo;45059 Dosbarrios;De 90 a 94 años;1 de enero de 2020;17
Total;45 Toledo;45059 Dosbarrios;De 95 a 99 años;1 de enero de 2020;5
Total;45 Toledo;45059 Dosbarrios;100 y más años;1 de enero de 2020;1
Total;45 Toledo;45060 Erustes;Todas las edades;1 de enero de 2020;189
Total;45 Toledo;45060 Erustes;De 0 a 4 años;1 de enero de 2020;5
Total;45 Toledo;45060 Erustes;De 5 a 9 años;1 de enero de 2020;5
Total;45 Toledo;45060 Erustes;De 10 a 14 años;1 de enero de 2020;6
Total;45 Toledo;45060 Erustes;De 65 a 69 años;1 de enero de 2020;12
Total;45 Toledo;45060 Erustes;De 70 a 74 años;1 de enero de 2020;15
Total;45 Toledo;45060 Erustes;De 75 a 79 años;1 de enero de 2020;11
Total;45 Toledo;45060 Erustes;De 80 a 84 años;1 de enero de 2020;8
Total;45 Toledo;45060 Erustes;De 85 a 89 años;1 de enero de 2020;11
Total;45 Toledo;45060 Erustes;De 90 a 94 años;1 de enero de 2020;5
Total;45 Toledo;45060 Erustes;De 95 a 99 años;1 de enero de 2020;1
Total;45 Toledo;45060 Erustes;100 y más años;1 de enero de 2020;1
Total;45 Toledo;45061 Escalona;Todas las edades;1 de enero de 2020;3.276
Total;45 Toledo;45061 Escalona;De 0 a 4 años;1 de enero de 2020;127
Total;45 Toledo;45061 Escalona;De 5 a 9 años;1 de enero de 2020;128
Total;45 Toledo;45061 Escalona;De 10 a 14 años;1 de enero de 2020;161
Total;45 Toledo;45061 Escalona;De 65 a 69 años;1 de enero de 2020;173
Total;45 Toledo;45061 Escalona;De 70 a 74 años;1 de enero de 2020;158
Total;45 Toledo;45061 Escalona;De 75 a 79 años;1 de enero de 2020;142
Total;45 Toledo;45061 Escalona;De 80 a 84 años;1 de enero de 2020;110
Total;45 Toledo;45061 Escalona;De 85 a 89 años;1 de enero de 2020;79
Total;45 Toledo;45061 Escalona;De 90 a 94 años;1 de enero de 2020;29
Total;45 Toledo;45061 Escalona;De 95 a 99 años;1 de enero de 2020;7
Total;45 Toledo;45061 Escalona;100 y más años;1 de enero de 2020;0
Total;45 Toledo;45062 Escalonilla;Todas las edades;1 de enero de 2020;1.420
Total;45 Toledo;45062 Escalonilla;De 0 a 4 años;1 de enero de 2020;71
Total;45 Toledo;45062 Escalonilla;De 5 a 9 años;1 de enero de 2020;63
Total;45 Toledo;45062 Escalonilla;De 10 a 14 años;1 de enero de 2020;85
Total;45 Toledo;45062 Escalonilla;De 65 a 69 años;1 de enero de 2020;77
Total;45 Toledo;45062 Escalonilla;De 70 a 74 años;1 de enero de 2020;55
Total;45 Toledo;45062 Escalonilla;De 75 a 79 años;1 de enero de 2020;52
Total;45 Toledo;45062 Escalonilla;De 80 a 84 años;1 de enero de 2020;57
Total;45 Toledo;45062 Escalonilla;De 85 a 89 años;1 de enero de 2020;47
Total;45 Toledo;45062 Escalonilla;De 90 a 94 años;1 de enero de 2020;36
Total;45 Toledo;45062 Escalonilla;De 95 a 99 años;1 de enero de 2020;5
Total;45 Toledo;45062 Escalonilla;100 y más años;1 de enero de 2020;0
Total;45 Toledo;45063 Espinoso del Rey;Todas las edades;1 de enero de 2020;425
Total;45 Toledo;45063 Espinoso del Rey;De 0 a 4 años;1 de enero de 2020;8
Total;45 Toledo;45063 Espinoso del Rey;De 5 a 9 años;1 de enero de 2020;9
Total;45 Toledo;45063 Espinoso del Rey;De 10 a 14 años;1 de enero de 2020;13
Total;45 Toledo;45063 Espinoso del Rey;De 65 a 69 años;1 de enero de 2020;35
Total;45 Toledo;45063 Espinoso del Rey;De 70 a 74 años;1 de enero de 2020;46
Total;45 Toledo;45063 Espinoso del Rey;De 75 a 79 años;1 de enero de 2020;38
Total;45 Toledo;45063 Espinoso del Rey;De 80 a 84 años;1 de enero de 2020;28
Total;45 Toledo;45063 Espinoso del Rey;De 85 a 89 años;1 de enero de 2020;38
Total;45 Toledo;45063 Espinoso del Rey;De 90 a 94 años;1 de enero de 2020;6
Total;45 Toledo;45063 Espinoso del Rey;De 95 a 99 años;1 de enero de 2020;1
Total;45 Toledo;45063 Espinoso del Rey;100 y más años;1 de enero de 2020;1
Total;45 Toledo;45064 Esquivias;Todas las edades;1 de enero de 2020;5.628
Total;45 Toledo;45064 Esquivias;De 0 a 4 años;1 de enero de 2020;262
Total;45 Toledo;45064 Esquivias;De 5 a 9 años;1 de enero de 2020;324
Total;45 Toledo;45064 Esquivias;De 10 a 14 años;1 de enero de 2020;368
Total;45 Toledo;45064 Esquivias;De 65 a 69 años;1 de enero de 2020;257
Total;45 Toledo;45064 Esquivias;De 70 a 74 años;1 de enero de 2020;203
Total;45 Toledo;45064 Esquivias;De 75 a 79 años;1 de enero de 2020;162
Total;45 Toledo;45064 Esquivias;De 80 a 84 años;1 de enero de 2020;98
Total;45 Toledo;45064 Esquivias;De 85 a 89 años;1 de enero de 2020;83
Total;45 Toledo;45064 Esquivias;De 90 a 94 años;1 de enero de 2020;39
Total;45 Toledo;45064 Esquivias;De 95 a 99 años;1 de enero de 2020;11
Total;45 Toledo;45064 Esquivias;100 y más años;1 de enero de 2020;1
Total;45 Toledo;45065 Estrella, La;Todas las edades;1 de enero de 2020;215
Total;45 Toledo;45065 Estrella, La;De 0 a 4 años;1 de enero de 2020;0
Total;45 Toledo;45065 Estrella, La;De 5 a 9 años;1 de enero de 2020;0
Total;45 Toledo;45065 Estrella, La;De 10 a 14 años;1 de enero de 2020;1
Total;45 Toledo;45065 Estrella, La;De 65 a 69 años;1 de enero de 2020;17
Total;45 Toledo;45065 Estrella, La;De 70 a 74 años;1 de enero de 2020;27
Total;45 Toledo;45065 Estrella, La;De 75 a 79 años;1 de enero de 2020;32
Total;45 Toledo;45065 Estrella, La;De 80 a 84 años;1 de enero de 2020;31
Total;45 Toledo;45065 Estrella, La;De 85 a 89 años;1 de enero de 2020;25
Total;45 Toledo;45065 Estrella, La;De 90 a 94 años;1 de enero de 2020;17
Total;45 Toledo;45065 Estrella, La;De 95 a 99 años;1 de enero de 2020;3
Total;45 Toledo;45065 Estrella, La;100 y más años;1 de enero de 2020;3
Total;45 Toledo;45066 Fuensalida;Todas las edades;1 de enero de 2020;11.655
Total;45 Toledo;45066 Fuensalida;De 0 a 4 años;1 de enero de 2020;624
Total;45 Toledo;45066 Fuensalida;De 5 a 9 años;1 de enero de 2020;737
Total;45 Toledo;45066 Fuensalida;De 10 a 14 años;1 de enero de 2020;754
Total;45 Toledo;45066 Fuensalida;De 65 a 69 años;1 de enero de 2020;489
Total;45 Toledo;45066 Fuensalida;De 70 a 74 años;1 de enero de 2020;409
Total;45 Toledo;45066 Fuensalida;De 75 a 79 años;1 de enero de 2020;320
Total;45 Toledo;45066 Fuensalida;De 80 a 84 años;1 de enero de 2020;221
Total;45 Toledo;45066 Fuensalida;De 85 a 89 años;1 de enero de 2020;207
Total;45 Toledo;45066 Fuensalida;De 90 a 94 años;1 de enero de 2020;68
Total;45 Toledo;45066 Fuensalida;De 95 a 99 años;1 de enero de 2020;18
Total;45 Toledo;45066 Fuensalida;100 y más años;1 de enero de 2020;3
Total;45 Toledo;45067 Gálvez;Todas las edades;1 de enero de 2020;3.012
Total;45 Toledo;45067 Gálvez;De 0 a 4 años;1 de enero de 2020;114
Total;45 Toledo;45067 Gálvez;De 5 a 9 años;1 de enero de 2020;145
Total;45 Toledo;45067 Gálvez;De 10 a 14 años;1 de enero de 2020;134
Total;45 Toledo;45067 Gálvez;De 65 a 69 años;1 de enero de 2020;145
Total;45 Toledo;45067 Gálvez;De 70 a 74 años;1 de enero de 2020;161
Total;45 Toledo;45067 Gálvez;De 75 a 79 años;1 de enero de 2020;132
Total;45 Toledo;45067 Gálvez;De 80 a 84 años;1 de enero de 2020;105
Total;45 Toledo;45067 Gálvez;De 85 a 89 años;1 de enero de 2020;98
Total;45 Toledo;45067 Gálvez;De 90 a 94 años;1 de enero de 2020;67
Total;45 Toledo;45067 Gálvez;De 95 a 99 años;1 de enero de 2020;22
Total;45 Toledo;45067 Gálvez;100 y más años;1 de enero de 2020;3
Total;45 Toledo;45068 Garciotum;Todas las edades;1 de enero de 2020;202
Total;45 Toledo;45068 Garciotum;De 0 a 4 años;1 de enero de 2020;8
Total;45 Toledo;45068 Garciotum;De 5 a 9 años;1 de enero de 2020;7
Total;45 Toledo;45068 Garciotum;De 10 a 14 años;1 de enero de 2020;5
Total;45 Toledo;45068 Garciotum;De 65 a 69 años;1 de enero de 2020;23
Total;45 Toledo;45068 Garciotum;De 70 a 74 años;1 de enero de 2020;15
Total;45 Toledo;45068 Garciotum;De 75 a 79 años;1 de enero de 2020;13
Total;45 Toledo;45068 Garciotum;De 80 a 84 años;1 de enero de 2020;13
Total;45 Toledo;45068 Garciotum;De 85 a 89 años;1 de enero de 2020;6
Total;45 Toledo;45068 Garciotum;De 90 a 94 años;1 de enero de 2020;5
Total;45 Toledo;45068 Garciotum;De 95 a 99 años;1 de enero de 2020;3
Total;45 Toledo;45068 Garciotum;100 y más años;1 de enero de 2020;0
Total;45 Toledo;45069 Gerindote;Todas las edades;1 de enero de 2020;2.339
Total;45 Toledo;45069 Gerindote;De 0 a 4 años;1 de enero de 2020;113
Total;45 Toledo;45069 Gerindote;De 5 a 9 años;1 de enero de 2020;121
Total;45 Toledo;45069 Gerindote;De 10 a 14 años;1 de enero de 2020;120
Total;45 Toledo;45069 Gerindote;De 65 a 69 años;1 de enero de 2020;100
Total;45 Toledo;45069 Gerindote;De 70 a 74 años;1 de enero de 2020;77
Total;45 Toledo;45069 Gerindote;De 75 a 79 años;1 de enero de 2020;74
Total;45 Toledo;45069 Gerindote;De 80 a 84 años;1 de enero de 2020;59
Total;45 Toledo;45069 Gerindote;De 85 a 89 años;1 de enero de 2020;62
Total;45 Toledo;45069 Gerindote;De 90 a 94 años;1 de enero de 2020;20
Total;45 Toledo;45069 Gerindote;De 95 a 99 años;1 de enero de 2020;4
Total;45 Toledo;45069 Gerindote;100 y más años;1 de enero de 2020;0
Total;45 Toledo;45070 Guadamur;Todas las edades;1 de enero de 2020;1.784
Total;45 Toledo;45070 Guadamur;De 0 a 4 años;1 de enero de 2020;78
Total;45 Toledo;45070 Guadamur;De 5 a 9 años;1 de enero de 2020;70
Total;45 Toledo;45070 Guadamur;De 10 a 14 años;1 de enero de 2020;94
Total;45 Toledo;45070 Guadamur;De 65 a 69 años;1 de enero de 2020;69
Total;45 Toledo;45070 Guadamur;De 70 a 74 años;1 de enero de 2020;69
Total;45 Toledo;45070 Guadamur;De 75 a 79 años;1 de enero de 2020;63
Total;45 Toledo;45070 Guadamur;De 80 a 84 años;1 de enero de 2020;72
Total;45 Toledo;45070 Guadamur;De 85 a 89 años;1 de enero de 2020;63
Total;45 Toledo;45070 Guadamur;De 90 a 94 años;1 de enero de 2020;42
Total;45 Toledo;45070 Guadamur;De 95 a 99 años;1 de enero de 2020;6
Total;45 Toledo;45070 Guadamur;100 y más años;1 de enero de 2020;0
Total;45 Toledo;45071 Guardia, La;Todas las edades;1 de enero de 2020;2.213
Total;45 Toledo;45071 Guardia, La;De 0 a 4 años;1 de enero de 2020;82
Total;45 Toledo;45071 Guardia, La;De 5 a 9 años;1 de enero de 2020;98
Total;45 Toledo;45071 Guardia, La;De 10 a 14 años;1 de enero de 2020;96
Total;45 Toledo;45071 Guardia, La;De 65 a 69 años;1 de enero de 2020;112
Total;45 Toledo;45071 Guardia, La;De 70 a 74 años;1 de enero de 2020;109
Total;45 Toledo;45071 Guardia, La;De 75 a 79 años;1 de enero de 2020;115
Total;45 Toledo;45071 Guardia, La;De 80 a 84 años;1 de enero de 2020;87
Total;45 Toledo;45071 Guardia, La;De 85 a 89 años;1 de enero de 2020;75
Total;45 Toledo;45071 Guardia, La;De 90 a 94 años;1 de enero de 2020;31
Total;45 Toledo;45071 Guardia, La;De 95 a 99 años;1 de enero de 2020;9
Total;45 Toledo;45071 Guardia, La;100 y más años;1 de enero de 2020;1
Total;45 Toledo;45072 Herencias, Las;Todas las edades;1 de enero de 2020;772
Total;45 Toledo;45072 Herencias, Las;De 0 a 4 años;1 de enero de 2020;18
Total;45 Toledo;45072 Herencias, Las;De 5 a 9 años;1 de enero de 2020;19
Total;45 Toledo;45072 Herencias, Las;De 10 a 14 años;1 de enero de 2020;25
Total;45 Toledo;45072 Herencias, Las;De 65 a 69 años;1 de enero de 2020;48
Total;45 Toledo;45072 Herencias, Las;De 70 a 74 años;1 de enero de 2020;52
Total;45 Toledo;45072 Herencias, Las;De 75 a 79 años;1 de enero de 2020;51
Total;45 Toledo;45072 Herencias, Las;De 80 a 84 años;1 de enero de 2020;37
Total;45 Toledo;45072 Herencias, Las;De 85 a 89 años;1 de enero de 2020;35
Total;45 Toledo;45072 Herencias, Las;De 90 a 94 años;1 de enero de 2020;17
Total;45 Toledo;45072 Herencias, Las;De 95 a 99 años;1 de enero de 2020;3
Total;45 Toledo;45072 Herencias, Las;100 y más años;1 de enero de 2020;0
Total;45 Toledo;45073 Herreruela de Oropesa;Todas las edades;1 de enero de 2020;327
Total;45 Toledo;45073 Herreruela de Oropesa;De 0 a 4 años;1 de enero de 2020;4
Total;45 Toledo;45073 Herreruela de Oropesa;De 5 a 9 años;1 de enero de 2020;4
Total;45 Toledo;45073 Herreruela de Oropesa;De 10 a 14 años;1 de enero de 2020;6
Total;45 Toledo;45073 Herreruela de Oropesa;De 65 a 69 años;1 de enero de 2020;22
Total;45 Toledo;45073 Herreruela de Oropesa;De 70 a 74 años;1 de enero de 2020;33
Total;45 Toledo;45073 Herreruela de Oropesa;De 75 a 79 años;1 de enero de 2020;28
Total;45 Toledo;45073 Herreruela de Oropesa;De 80 a 84 años;1 de enero de 2020;18
Total;45 Toledo;45073 Herreruela de Oropesa;De 85 a 89 años;1 de enero de 2020;20
Total;45 Toledo;45073 Herreruela de Oropesa;De 90 a 94 años;1 de enero de 2020;8
Total;45 Toledo;45073 Herreruela de Oropesa;De 95 a 99 años;1 de enero de 2020;2
Total;45 Toledo;45073 Herreruela de Oropesa;100 y más años;1 de enero de 2020;2
Total;45 Toledo;45074 Hinojosa de San Vicente;Todas las edades;1 de enero de 2020;381
Total;45 Toledo;45074 Hinojosa de San Vicente;De 0 a 4 años;1 de enero de 2020;7
Total;45 Toledo;45074 Hinojosa de San Vicente;De 5 a 9 años;1 de enero de 2020;12
Total;45 Toledo;45074 Hinojosa de San Vicente;De 10 a 14 años;1 de enero de 2020;7
Total;45 Toledo;45074 Hinojosa de San Vicente;De 65 a 69 años;1 de enero de 2020;20
Total;45 Toledo;45074 Hinojosa de San Vicente;De 70 a 74 años;1 de enero de 2020;27
Total;45 Toledo;45074 Hinojosa de San Vicente;De 75 a 79 años;1 de enero de 2020;28
Total;45 Toledo;45074 Hinojosa de San Vicente;De 80 a 84 años;1 de enero de 2020;26
Total;45 Toledo;45074 Hinojosa de San Vicente;De 85 a 89 años;1 de enero de 2020;28
Total;45 Toledo;45074 Hinojosa de San Vicente;De 90 a 94 años;1 de enero de 2020;17
Total;45 Toledo;45074 Hinojosa de San Vicente;De 95 a 99 años;1 de enero de 2020;2
Total;45 Toledo;45074 Hinojosa de San Vicente;100 y más años;1 de enero de 2020;2
Total;45 Toledo;45075 Hontanar;Todas las edades;1 de enero de 2020;136
Total;45 Toledo;45075 Hontanar;De 0 a 4 años;1 de enero de 2020;0
Total;45 Toledo;45075 Hontanar;De 5 a 9 años;1 de enero de 2020;2
Total;45 Toledo;45075 Hontanar;De 10 a 14 años;1 de enero de 2020;3
Total;45 Toledo;45075 Hontanar;De 65 a 69 años;1 de enero de 2020;12
Total;45 Toledo;45075 Hontanar;De 70 a 74 años;1 de enero de 2020;15
Total;45 Toledo;45075 Hontanar;De 75 a 79 años;1 de enero de 2020;7
Total;45 Toledo;45075 Hontanar;De 80 a 84 años;1 de enero de 2020;10
Total;45 Toledo;45075 Hontanar;De 85 a 89 años;1 de enero de 2020;3
Total;45 Toledo;45075 Hontanar;De 90 a 94 años;1 de enero de 2020;4
Total;45 Toledo;45075 Hontanar;De 95 a 99 años;1 de enero de 2020;1
Total;45 Toledo;45075 Hontanar;100 y más años;1 de enero de 2020;0
Total;45 Toledo;45076 Hormigos;Todas las edades;1 de enero de 2020;712
Total;45 Toledo;45076 Hormigos;De 0 a 4 años;1 de enero de 2020;17
Total;45 Toledo;45076 Hormigos;De 5 a 9 años;1 de enero de 2020;26
Total;45 Toledo;45076 Hormigos;De 10 a 14 años;1 de enero de 2020;37
Total;45 Toledo;45076 Hormigos;De 65 a 69 años;1 de enero de 2020;41
Total;45 Toledo;45076 Hormigos;De 70 a 74 años;1 de enero de 2020;44
Total;45 Toledo;45076 Hormigos;De 75 a 79 años;1 de enero de 2020;27
Total;45 Toledo;45076 Hormigos;De 80 a 84 años;1 de enero de 2020;23
Total;45 Toledo;45076 Hormigos;De 85 a 89 años;1 de enero de 2020;22
Total;45 Toledo;45076 Hormigos;De 90 a 94 años;1 de enero de 2020;11
Total;45 Toledo;45076 Hormigos;De 95 a 99 años;1 de enero de 2020;1
Total;45 Toledo;45076 Hormigos;100 y más años;1 de enero de 2020;0
Total;45 Toledo;45077 Huecas;Todas las edades;1 de enero de 2020;722
Total;45 Toledo;45077 Huecas;De 0 a 4 años;1 de enero de 2020;31
Total;45 Toledo;45077 Huecas;De 5 a 9 años;1 de enero de 2020;29
Total;45 Toledo;45077 Huecas;De 10 a 14 años;1 de enero de 2020;31
Total;45 Toledo;45077 Huecas;De 65 a 69 años;1 de enero de 2020;43
Total;45 Toledo;45077 Huecas;De 70 a 74 años;1 de enero de 2020;26
Total;45 Toledo;45077 Huecas;De 75 a 79 años;1 de enero de 2020;19
Total;45 Toledo;45077 Huecas;De 80 a 84 años;1 de enero de 2020;23
Total;45 Toledo;45077 Huecas;De 85 a 89 años;1 de enero de 2020;18
Total;45 Toledo;45077 Huecas;De 90 a 94 años;1 de enero de 2020;8
Total;45 Toledo;45077 Huecas;De 95 a 99 años;1 de enero de 2020;3
Total;45 Toledo;45077 Huecas;100 y más años;1 de enero de 2020;0
Total;45 Toledo;45078 Huerta de Valdecarábanos;Todas las edades;1 de enero de 2020;1.683
Total;45 Toledo;45078 Huerta de Valdecarábanos;De 0 a 4 años;1 de enero de 2020;66
Total;45 Toledo;45078 Huerta de Valdecarábanos;De 5 a 9 años;1 de enero de 2020;80
Total;45 Toledo;45078 Huerta de Valdecarábanos;De 10 a 14 años;1 de enero de 2020;102
Total;45 Toledo;45078 Huerta de Valdecarábanos;De 65 a 69 años;1 de enero de 2020;101
Total;45 Toledo;45078 Huerta de Valdecarábanos;De 70 a 74 años;1 de enero de 2020;98
Total;45 Toledo;45078 Huerta de Valdecarábanos;De 75 a 79 años;1 de enero de 2020;91
Total;45 Toledo;45078 Huerta de Valdecarábanos;De 80 a 84 años;1 de enero de 2020;52
Total;45 Toledo;45078 Huerta de Valdecarábanos;De 85 a 89 años;1 de enero de 2020;41
Total;45 Toledo;45078 Huerta de Valdecarábanos;De 90 a 94 años;1 de enero de 2020;22
Total;45 Toledo;45078 Huerta de Valdecarábanos;De 95 a 99 años;1 de enero de 2020;5
Total;45 Toledo;45078 Huerta de Valdecarábanos;100 y más años;1 de enero de 2020;0
Total;45 Toledo;45079 Iglesuela del Tiétar, La;Todas las edades;1 de enero de 2020;424
Total;45 Toledo;45079 Iglesuela del Tiétar, La;De 0 a 4 años;1 de enero de 2020;14
Total;45 Toledo;45079 Iglesuela del Tiétar, La;De 5 a 9 años;1 de enero de 2020;10
Total;45 Toledo;45079 Iglesuela del Tiétar, La;De 10 a 14 años;1 de enero de 2020;18
Total;45 Toledo;45079 Iglesuela del Tiétar, La;De 65 a 69 años;1 de enero de 2020;29
Total;45 Toledo;45079 Iglesuela del Tiétar, La;De 70 a 74 años;1 de enero de 2020;28
Total;45 Toledo;45079 Iglesuela del Tiétar, La;De 75 a 79 años;1 de enero de 2020;30
Total;45 Toledo;45079 Iglesuela del Tiétar, La;De 80 a 84 años;1 de enero de 2020;24
Total;45 Toledo;45079 Iglesuela del Tiétar, La;De 85 a 89 años;1 de enero de 2020;27
Total;45 Toledo;45079 Iglesuela del Tiétar, La;De 90 a 94 años;1 de enero de 2020;14
Total;45 Toledo;45079 Iglesuela del Tiétar, La;De 95 a 99 años;1 de enero de 2020;4
Total;45 Toledo;45079 Iglesuela del Tiétar, La;100 y más años;1 de enero de 2020;0
Total;45 Toledo;45080 Illán de Vacas;Todas las edades;1 de enero de 2020;3
Total;45 Toledo;45080 Illán de Vacas;De 0 a 4 años;1 de enero de 2020;0
Total;45 Toledo;45080 Illán de Vacas;De 5 a 9 años;1 de enero de 2020;0
Total;45 Toledo;45080 Illán de Vacas;De 10 a 14 años;1 de enero de 2020;0
Total;45 Toledo;45080 Illán de Vacas;De 65 a 69 años;1 de enero de 2020;1
Total;45 Toledo;45080 Illán de Vacas;De 70 a 74 años;1 de enero de 2020;0
Total;45 Toledo;45080 Illán de Vacas;De 75 a 79 años;1 de enero de 2020;0
Total;45 Toledo;45080 Illán de Vacas;De 80 a 84 años;1 de enero de 2020;0
Total;45 Toledo;45080 Illán de Vacas;De 85 a 89 años;1 de enero de 2020;0
Total;45 Toledo;45080 Illán de Vacas;De 90 a 94 años;1 de enero de 2020;0
Total;45 Toledo;45080 Illán de Vacas;De 95 a 99 años;1 de enero de 2020;0
Total;45 Toledo;45080 Illán de Vacas;100 y más años;1 de enero de 2020;0
Total;45 Toledo;45081 Illescas;Todas las edades;1 de enero de 2020;29.558
Total;45 Toledo;45081 Illescas;De 0 a 4 años;1 de enero de 2020;1.892
Total;45 Toledo;45081 Illescas;De 5 a 9 años;1 de enero de 2020;2.309
Total;45 Toledo;45081 Illescas;De 10 a 14 años;1 de enero de 2020;2.124
Total;45 Toledo;45081 Illescas;De 65 a 69 años;1 de enero de 2020;961
Total;45 Toledo;45081 Illescas;De 70 a 74 años;1 de enero de 2020;717
Total;45 Toledo;45081 Illescas;De 75 a 79 años;1 de enero de 2020;508
Total;45 Toledo;45081 Illescas;De 80 a 84 años;1 de enero de 2020;322
Total;45 Toledo;45081 Illescas;De 85 a 89 años;1 de enero de 2020;247
Total;45 Toledo;45081 Illescas;De 90 a 94 años;1 de enero de 2020;104
Total;45 Toledo;45081 Illescas;De 95 a 99 años;1 de enero de 2020;26
Total;45 Toledo;45081 Illescas;100 y más años;1 de enero de 2020;3
Total;45 Toledo;45082 Lagartera;Todas las edades;1 de enero de 2020;1.354
Total;45 Toledo;45082 Lagartera;De 0 a 4 años;1 de enero de 2020;33
Total;45 Toledo;45082 Lagartera;De 5 a 9 años;1 de enero de 2020;53
Total;45 Toledo;45082 Lagartera;De 10 a 14 años;1 de enero de 2020;34
Total;45 Toledo;45082 Lagartera;De 65 a 69 años;1 de enero de 2020;120
Total;45 Toledo;45082 Lagartera;De 70 a 74 años;1 de enero de 2020;92
Total;45 Toledo;45082 Lagartera;De 75 a 79 años;1 de enero de 2020;77
Total;45 Toledo;45082 Lagartera;De 80 a 84 años;1 de enero de 2020;69
Total;45 Toledo;45082 Lagartera;De 85 a 89 años;1 de enero de 2020;66
Total;45 Toledo;45082 Lagartera;De 90 a 94 años;1 de enero de 2020;43
Total;45 Toledo;45082 Lagartera;De 95 a 99 años;1 de enero de 2020;10
Total;45 Toledo;45082 Lagartera;100 y más años;1 de enero de 2020;5
Total;45 Toledo;45083 Layos;Todas las edades;1 de enero de 2020;777
Total;45 Toledo;45083 Layos;De 0 a 4 años;1 de enero de 2020;32
Total;45 Toledo;45083 Layos;De 5 a 9 años;1 de enero de 2020;45
Total;45 Toledo;45083 Layos;De 10 a 14 años;1 de enero de 2020;54
Total;45 Toledo;45083 Layos;De 65 a 69 años;1 de enero de 2020;25
Total;45 Toledo;45083 Layos;De 70 a 74 años;1 de enero de 2020;27
Total;45 Toledo;45083 Layos;De 75 a 79 años;1 de enero de 2020;28
Total;45 Toledo;45083 Layos;De 80 a 84 años;1 de enero de 2020;18
Total;45 Toledo;45083 Layos;De 85 a 89 años;1 de enero de 2020;15
Total;45 Toledo;45083 Layos;De 90 a 94 años;1 de enero de 2020;12
Total;45 Toledo;45083 Layos;De 95 a 99 años;1 de enero de 2020;3
Total;45 Toledo;45083 Layos;100 y más años;1 de enero de 2020;0
Total;45 Toledo;45084 Lillo;Todas las edades;1 de enero de 2020;2.561
Total;45 Toledo;45084 Lillo;De 0 a 4 años;1 de enero de 2020;88
Total;45 Toledo;45084 Lillo;De 5 a 9 años;1 de enero de 2020;95
Total;45 Toledo;45084 Lillo;De 10 a 14 años;1 de enero de 2020;113
Total;45 Toledo;45084 Lillo;De 65 a 69 años;1 de enero de 2020;128
Total;45 Toledo;45084 Lillo;De 70 a 74 años;1 de enero de 2020;110
Total;45 Toledo;45084 Lillo;De 75 a 79 años;1 de enero de 2020;132
Total;45 Toledo;45084 Lillo;De 80 a 84 años;1 de enero de 2020;125
Total;45 Toledo;45084 Lillo;De 85 a 89 años;1 de enero de 2020;68
Total;45 Toledo;45084 Lillo;De 90 a 94 años;1 de enero de 2020;37
Total;45 Toledo;45084 Lillo;De 95 a 99 años;1 de enero de 2020;7
Total;45 Toledo;45084 Lillo;100 y más años;1 de enero de 2020;0
Total;45 Toledo;45085 Lominchar;Todas las edades;1 de enero de 2020;2.475
Total;45 Toledo;45085 Lominchar;De 0 a 4 años;1 de enero de 2020;149
Total;45 Toledo;45085 Lominchar;De 5 a 9 años;1 de enero de 2020;157
Total;45 Toledo;45085 Lominchar;De 10 a 14 años;1 de enero de 2020;142
Total;45 Toledo;45085 Lominchar;De 65 a 69 años;1 de enero de 2020;96
Total;45 Toledo;45085 Lominchar;De 70 a 74 años;1 de enero de 2020;85
Total;45 Toledo;45085 Lominchar;De 75 a 79 años;1 de enero de 2020;60
Total;45 Toledo;45085 Lominchar;De 80 a 84 años;1 de enero de 2020;62
Total;45 Toledo;45085 Lominchar;De 85 a 89 años;1 de enero de 2020;39
Total;45 Toledo;45085 Lominchar;De 90 a 94 años;1 de enero de 2020;13
Total;45 Toledo;45085 Lominchar;De 95 a 99 años;1 de enero de 2020;4
Total;45 Toledo;45085 Lominchar;100 y más años;1 de enero de 2020;0
Total;45 Toledo;45086 Lucillos;Todas las edades;1 de enero de 2020;563
Total;45 Toledo;45086 Lucillos;De 0 a 4 años;1 de enero de 2020;17
Total;45 Toledo;45086 Lucillos;De 5 a 9 años;1 de enero de 2020;17
Total;45 Toledo;45086 Lucillos;De 10 a 14 años;1 de enero de 2020;27
Total;45 Toledo;45086 Lucillos;De 65 a 69 años;1 de enero de 2020;20
Total;45 Toledo;45086 Lucillos;De 70 a 74 años;1 de enero de 2020;28
Total;45 Toledo;45086 Lucillos;De 75 a 79 años;1 de enero de 2020;23
Total;45 Toledo;45086 Lucillos;De 80 a 84 años;1 de enero de 2020;34
Total;45 Toledo;45086 Lucillos;De 85 a 89 años;1 de enero de 2020;31
Total;45 Toledo;45086 Lucillos;De 90 a 94 años;1 de enero de 2020;8
Total;45 Toledo;45086 Lucillos;De 95 a 99 años;1 de enero de 2020;1
Total;45 Toledo;45086 Lucillos;100 y más años;1 de enero de 2020;1
Total;45 Toledo;45087 Madridejos;Todas las edades;1 de enero de 2020;10.334
Total;45 Toledo;45087 Madridejos;De 0 a 4 años;1 de enero de 2020;388
Total;45 Toledo;45087 Madridejos;De 5 a 9 años;1 de enero de 2020;499
Total;45 Toledo;45087 Madridejos;De 10 a 14 años;1 de enero de 2020;533
Total;45 Toledo;45087 Madridejos;De 65 a 69 años;1 de enero de 2020;502
Total;45 Toledo;45087 Madridejos;De 70 a 74 años;1 de enero de 2020;481
Total;45 Toledo;45087 Madridejos;De 75 a 79 años;1 de enero de 2020;516
Total;45 Toledo;45087 Madridejos;De 80 a 84 años;1 de enero de 2020;291
Total;45 Toledo;45087 Madridejos;De 85 a 89 años;1 de enero de 2020;275
Total;45 Toledo;45087 Madridejos;De 90 a 94 años;1 de enero de 2020;124
Total;45 Toledo;45087 Madridejos;De 95 a 99 años;1 de enero de 2020;30
Total;45 Toledo;45087 Madridejos;100 y más años;1 de enero de 2020;3
Total;45 Toledo;45088 Magán;Todas las edades;1 de enero de 2020;3.731
Total;45 Toledo;45088 Magán;De 0 a 4 años;1 de enero de 2020;232
Total;45 Toledo;45088 Magán;De 5 a 9 años;1 de enero de 2020;274
Total;45 Toledo;45088 Magán;De 10 a 14 años;1 de enero de 2020;246
Total;45 Toledo;45088 Magán;De 65 a 69 años;1 de enero de 2020;100
Total;45 Toledo;45088 Magán;De 70 a 74 años;1 de enero de 2020;98
Total;45 Toledo;45088 Magán;De 75 a 79 años;1 de enero de 2020;69
Total;45 Toledo;45088 Magán;De 80 a 84 años;1 de enero de 2020;47
Total;45 Toledo;45088 Magán;De 85 a 89 años;1 de enero de 2020;42
Total;45 Toledo;45088 Magán;De 90 a 94 años;1 de enero de 2020;31
Total;45 Toledo;45088 Magán;De 95 a 99 años;1 de enero de 2020;10
Total;45 Toledo;45088 Magán;100 y más años;1 de enero de 2020;0
Total;45 Toledo;45089 Malpica de Tajo;Todas las edades;1 de enero de 2020;1.680
Total;45 Toledo;45089 Malpica de Tajo;De 0 a 4 años;1 de enero de 2020;41
Total;45 Toledo;45089 Malpica de Tajo;De 5 a 9 años;1 de enero de 2020;61
Total;45 Toledo;45089 Malpica de Tajo;De 10 a 14 años;1 de enero de 2020;69
Total;45 Toledo;45089 Malpica de Tajo;De 65 a 69 años;1 de enero de 2020;105
Total;45 Toledo;45089 Malpica de Tajo;De 70 a 74 años;1 de enero de 2020;102
Total;45 Toledo;45089 Malpica de Tajo;De 75 a 79 años;1 de enero de 2020;77
Total;45 Toledo;45089 Malpica de Tajo;De 80 a 84 años;1 de enero de 2020;84
Total;45 Toledo;45089 Malpica de Tajo;De 85 a 89 años;1 de enero de 2020;66
Total;45 Toledo;45089 Malpica de Tajo;De 90 a 94 años;1 de enero de 2020;31
Total;45 Toledo;45089 Malpica de Tajo;De 95 a 99 años;1 de enero de 2020;8
Total;45 Toledo;45089 Malpica de Tajo;100 y más años;1 de enero de 2020;0
Total;45 Toledo;45090 Manzaneque;Todas las edades;1 de enero de 2020;390
Total;45 Toledo;45090 Manzaneque;De 0 a 4 años;1 de enero de 2020;8
Total;45 Toledo;45090 Manzaneque;De 5 a 9 años;1 de enero de 2020;13
Total;45 Toledo;45090 Manzaneque;De 10 a 14 años;1 de enero de 2020;13
Total;45 Toledo;45090 Manzaneque;De 65 a 69 años;1 de enero de 2020;14
Total;45 Toledo;45090 Manzaneque;De 70 a 74 años;1 de enero de 2020;22
Total;45 Toledo;45090 Manzaneque;De 75 a 79 años;1 de enero de 2020;19
Total;45 Toledo;45090 Manzaneque;De 80 a 84 años;1 de enero de 2020;18
Total;45 Toledo;45090 Manzaneque;De 85 a 89 años;1 de enero de 2020;15
Total;45 Toledo;45090 Manzaneque;De 90 a 94 años;1 de enero de 2020;15
Total;45 Toledo;45090 Manzaneque;De 95 a 99 años;1 de enero de 2020;6
Total;45 Toledo;45090 Manzaneque;100 y más años;1 de enero de 2020;1
Total;45 Toledo;45091 Maqueda;Todas las edades;1 de enero de 2020;443
Total;45 Toledo;45091 Maqueda;De 0 a 4 años;1 de enero de 2020;4
Total;45 Toledo;45091 Maqueda;De 5 a 9 años;1 de enero de 2020;16
Total;45 Toledo;45091 Maqueda;De 10 a 14 años;1 de enero de 2020;18
Total;45 Toledo;45091 Maqueda;De 65 a 69 años;1 de enero de 2020;31
Total;45 Toledo;45091 Maqueda;De 70 a 74 años;1 de enero de 2020;29
Total;45 Toledo;45091 Maqueda;De 75 a 79 años;1 de enero de 2020;28
Total;45 Toledo;45091 Maqueda;De 80 a 84 años;1 de enero de 2020;22
Total;45 Toledo;45091 Maqueda;De 85 a 89 años;1 de enero de 2020;14
Total;45 Toledo;45091 Maqueda;De 90 a 94 años;1 de enero de 2020;17
Total;45 Toledo;45091 Maqueda;De 95 a 99 años;1 de enero de 2020;7
Total;45 Toledo;45091 Maqueda;100 y más años;1 de enero de 2020;1
Total;45 Toledo;45092 Marjaliza;Todas las edades;1 de enero de 2020;243
Total;45 Toledo;45092 Marjaliza;De 0 a 4 años;1 de enero de 2020;2
Total;45 Toledo;45092 Marjaliza;De 5 a 9 años;1 de enero de 2020;4
Total;45 Toledo;45092 Marjaliza;De 10 a 14 años;1 de enero de 2020;7
Total;45 Toledo;45092 Marjaliza;De 65 a 69 años;1 de enero de 2020;18
Total;45 Toledo;45092 Marjaliza;De 70 a 74 años;1 de enero de 2020;17
Total;45 Toledo;45092 Marjaliza;De 75 a 79 años;1 de enero de 2020;23
Total;45 Toledo;45092 Marjaliza;De 80 a 84 años;1 de enero de 2020;16
Total;45 Toledo;45092 Marjaliza;De 85 a 89 años;1 de enero de 2020;24
Total;45 Toledo;45092 Marjaliza;De 90 a 94 años;1 de enero de 2020;5
Total;45 Toledo;45092 Marjaliza;De 95 a 99 años;1 de enero de 2020;0
Total;45 Toledo;45092 Marjaliza;100 y más años;1 de enero de 2020;0
Total;45 Toledo;45093 Marrupe;Todas las edades;1 de enero de 2020;149
Total;45 Toledo;45093 Marrupe;De 0 a 4 años;1 de enero de 2020;4
Total;45 Toledo;45093 Marrupe;De 5 a 9 años;1 de enero de 2020;2
Total;45 Toledo;45093 Marrupe;De 10 a 14 años;1 de enero de 2020;1
Total;45 Toledo;45093 Marrupe;De 65 a 69 años;1 de enero de 2020;11
Total;45 Toledo;45093 Marrupe;De 70 a 74 años;1 de enero de 2020;9
Total;45 Toledo;45093 Marrupe;De 75 a 79 años;1 de enero de 2020;13
Total;45 Toledo;45093 Marrupe;De 80 a 84 años;1 de enero de 2020;14
Total;45 Toledo;45093 Marrupe;De 85 a 89 años;1 de enero de 2020;11
Total;45 Toledo;45093 Marrupe;De 90 a 94 años;1 de enero de 2020;10
Total;45 Toledo;45093 Marrupe;De 95 a 99 años;1 de enero de 2020;3
Total;45 Toledo;45093 Marrupe;100 y más años;1 de enero de 2020;0
Total;45 Toledo;45094 Mascaraque;Todas las edades;1 de enero de 2020;425
Total;45 Toledo;45094 Mascaraque;De 0 a 4 años;1 de enero de 2020;10
Total;45 Toledo;45094 Mascaraque;De 5 a 9 años;1 de enero de 2020;16
Total;45 Toledo;45094 Mascaraque;De 10 a 14 años;1 de enero de 2020;14
Total;45 Toledo;45094 Mascaraque;De 65 a 69 años;1 de enero de 2020;36
Total;45 Toledo;45094 Mascaraque;De 70 a 74 años;1 de enero de 2020;21
Total;45 Toledo;45094 Mascaraque;De 75 a 79 años;1 de enero de 2020;28
Total;45 Toledo;45094 Mascaraque;De 80 a 84 años;1 de enero de 2020;16
Total;45 Toledo;45094 Mascaraque;De 85 a 89 años;1 de enero de 2020;19
Total;45 Toledo;45094 Mascaraque;De 90 a 94 años;1 de enero de 2020;11
Total;45 Toledo;45094 Mascaraque;De 95 a 99 años;1 de enero de 2020;3
Total;45 Toledo;45094 Mascaraque;100 y más años;1 de enero de 2020;1
Total;45 Toledo;45095 Mata, La;Todas las edades;1 de enero de 2020;817
Total;45 Toledo;45095 Mata, La;De 0 a 4 años;1 de enero de 2020;24
Total;45 Toledo;45095 Mata, La;De 5 a 9 años;1 de enero de 2020;23
Total;45 Toledo;45095 Mata, La;De 10 a 14 años;1 de enero de 2020;43
Total;45 Toledo;45095 Mata, La;De 65 a 69 años;1 de enero de 2020;52
Total;45 Toledo;45095 Mata, La;De 70 a 74 años;1 de enero de 2020;47
Total;45 Toledo;45095 Mata, La;De 75 a 79 años;1 de enero de 2020;29
Total;45 Toledo;45095 Mata, La;De 80 a 84 años;1 de enero de 2020;44
Total;45 Toledo;45095 Mata, La;De 85 a 89 años;1 de enero de 2020;44
Total;45 Toledo;45095 Mata, La;De 90 a 94 años;1 de enero de 2020;10
Total;45 Toledo;45095 Mata, La;De 95 a 99 años;1 de enero de 2020;8
Total;45 Toledo;45095 Mata, La;100 y más años;1 de enero de 2020;0
Total;45 Toledo;45096 Mazarambroz;Todas las edades;1 de enero de 2020;1.244
Total;45 Toledo;45096 Mazarambroz;De 0 a 4 años;1 de enero de 2020;43
Total;45 Toledo;45096 Mazarambroz;De 5 a 9 años;1 de enero de 2020;60
Total;45 Toledo;45096 Mazarambroz;De 10 a 14 años;1 de enero de 2020;69
Total;45 Toledo;45096 Mazarambroz;De 65 a 69 años;1 de enero de 2020;58
Total;45 Toledo;45096 Mazarambroz;De 70 a 74 años;1 de enero de 2020;53
Total;45 Toledo;45096 Mazarambroz;De 75 a 79 años;1 de enero de 2020;45
Total;45 Toledo;45096 Mazarambroz;De 80 a 84 años;1 de enero de 2020;38
Total;45 Toledo;45096 Mazarambroz;De 85 a 89 años;1 de enero de 2020;35
Total;45 Toledo;45096 Mazarambroz;De 90 a 94 años;1 de enero de 2020;22
Total;45 Toledo;45096 Mazarambroz;De 95 a 99 años;1 de enero de 2020;5
Total;45 Toledo;45096 Mazarambroz;100 y más años;1 de enero de 2020;0
Total;45 Toledo;45097 Mejorada;Todas las edades;1 de enero de 2020;1.261
Total;45 Toledo;45097 Mejorada;De 0 a 4 años;1 de enero de 2020;33
Total;45 Toledo;45097 Mejorada;De 5 a 9 años;1 de enero de 2020;59
Total;45 Toledo;45097 Mejorada;De 10 a 14 años;1 de enero de 2020;73
Total;45 Toledo;45097 Mejorada;De 65 a 69 años;1 de enero de 2020;57
Total;45 Toledo;45097 Mejorada;De 70 a 74 años;1 de enero de 2020;92
Total;45 Toledo;45097 Mejorada;De 75 a 79 años;1 de enero de 2020;75
Total;45 Toledo;45097 Mejorada;De 80 a 84 años;1 de enero de 2020;47
Total;45 Toledo;45097 Mejorada;De 85 a 89 años;1 de enero de 2020;43
Total;45 Toledo;45097 Mejorada;De 90 a 94 años;1 de enero de 2020;18
Total;45 Toledo;45097 Mejorada;De 95 a 99 años;1 de enero de 2020;6
Total;45 Toledo;45097 Mejorada;100 y más años;1 de enero de 2020;1
Total;45 Toledo;45098 Menasalbas;Todas las edades;1 de enero de 2020;2.600
Total;45 Toledo;45098 Menasalbas;De 0 a 4 años;1 de enero de 2020;75
Total;45 Toledo;45098 Menasalbas;De 5 a 9 años;1 de enero de 2020;81
Total;45 Toledo;45098 Menasalbas;De 10 a 14 años;1 de enero de 2020;122
Total;45 Toledo;45098 Menasalbas;De 65 a 69 años;1 de enero de 2020;147
Total;45 Toledo;45098 Menasalbas;De 70 a 74 años;1 de enero de 2020;136
Total;45 Toledo;45098 Menasalbas;De 75 a 79 años;1 de enero de 2020;148
Total;45 Toledo;45098 Menasalbas;De 80 a 84 años;1 de enero de 2020;135
Total;45 Toledo;45098 Menasalbas;De 85 a 89 años;1 de enero de 2020;108
Total;45 Toledo;45098 Menasalbas;De 90 a 94 años;1 de enero de 2020;56
Total;45 Toledo;45098 Menasalbas;De 95 a 99 años;1 de enero de 2020;22
Total;45 Toledo;45098 Menasalbas;100 y más años;1 de enero de 2020;2
Total;45 Toledo;45099 Méntrida;Todas las edades;1 de enero de 2020;5.320
Total;45 Toledo;45099 Méntrida;De 0 a 4 años;1 de enero de 2020;256
Total;45 Toledo;45099 Méntrida;De 5 a 9 años;1 de enero de 2020;345
Total;45 Toledo;45099 Méntrida;De 10 a 14 años;1 de enero de 2020;444
Total;45 Toledo;45099 Méntrida;De 65 a 69 años;1 de enero de 2020;183
Total;45 Toledo;45099 Méntrida;De 70 a 74 años;1 de enero de 2020;148
Total;45 Toledo;45099 Méntrida;De 75 a 79 años;1 de enero de 2020;105
Total;45 Toledo;45099 Méntrida;De 80 a 84 años;1 de enero de 2020;73
Total;45 Toledo;45099 Méntrida;De 85 a 89 años;1 de enero de 2020;58
Total;45 Toledo;45099 Méntrida;De 90 a 94 años;1 de enero de 2020;35
Total;45 Toledo;45099 Méntrida;De 95 a 99 años;1 de enero de 2020;10
Total;45 Toledo;45099 Méntrida;100 y más años;1 de enero de 2020;2
Total;45 Toledo;45100 Mesegar de Tajo;Todas las edades;1 de enero de 2020;215
Total;45 Toledo;45100 Mesegar de Tajo;De 0 a 4 años;1 de enero de 2020;4
Total;45 Toledo;45100 Mesegar de Tajo;De 5 a 9 años;1 de enero de 2020;8
Total;45 Toledo;45100 Mesegar de Tajo;De 10 a 14 años;1 de enero de 2020;9
Total;45 Toledo;45100 Mesegar de Tajo;De 65 a 69 años;1 de enero de 2020;4
Total;45 Toledo;45100 Mesegar de Tajo;De 70 a 74 años;1 de enero de 2020;17
Total;45 Toledo;45100 Mesegar de Tajo;De 75 a 79 años;1 de enero de 2020;11
Total;45 Toledo;45100 Mesegar de Tajo;De 80 a 84 años;1 de enero de 2020;20
Total;45 Toledo;45100 Mesegar de Tajo;De 85 a 89 años;1 de enero de 2020;11
Total;45 Toledo;45100 Mesegar de Tajo;De 90 a 94 años;1 de enero de 2020;5
Total;45 Toledo;45100 Mesegar de Tajo;De 95 a 99 años;1 de enero de 2020;3
Total;45 Toledo;45100 Mesegar de Tajo;100 y más años;1 de enero de 2020;0
Total;45 Toledo;45101 Miguel Esteban;Todas las edades;1 de enero de 2020;4.788
Total;45 Toledo;45101 Miguel Esteban;De 0 a 4 años;1 de enero de 2020;194
Total;45 Toledo;45101 Miguel Esteban;De 5 a 9 años;1 de enero de 2020;180
Total;45 Toledo;45101 Miguel Esteban;De 10 a 14 años;1 de enero de 2020;221
Total;45 Toledo;45101 Miguel Esteban;De 65 a 69 años;1 de enero de 2020;221
Total;45 Toledo;45101 Miguel Esteban;De 70 a 74 años;1 de enero de 2020;248
Total;45 Toledo;45101 Miguel Esteban;De 75 a 79 años;1 de enero de 2020;243
Total;45 Toledo;45101 Miguel Esteban;De 80 a 84 años;1 de enero de 2020;133
Total;45 Toledo;45101 Miguel Esteban;De 85 a 89 años;1 de enero de 2020;99
Total;45 Toledo;45101 Miguel Esteban;De 90 a 94 años;1 de enero de 2020;49
Total;45 Toledo;45101 Miguel Esteban;De 95 a 99 años;1 de enero de 2020;10
Total;45 Toledo;45101 Miguel Esteban;100 y más años;1 de enero de 2020;0
Total;45 Toledo;45102 Mocejón;Todas las edades;1 de enero de 2020;4.963
Total;45 Toledo;45102 Mocejón;De 0 a 4 años;1 de enero de 2020;263
Total;45 Toledo;45102 Mocejón;De 5 a 9 años;1 de enero de 2020;328
Total;45 Toledo;45102 Mocejón;De 10 a 14 años;1 de enero de 2020;301
Total;45 Toledo;45102 Mocejón;De 65 a 69 años;1 de enero de 2020;212
Total;45 Toledo;45102 Mocejón;De 70 a 74 años;1 de enero de 2020;201
Total;45 Toledo;45102 Mocejón;De 75 a 79 años;1 de enero de 2020;142
Total;45 Toledo;45102 Mocejón;De 80 a 84 años;1 de enero de 2020;97
Total;45 Toledo;45102 Mocejón;De 85 a 89 años;1 de enero de 2020;96
Total;45 Toledo;45102 Mocejón;De 90 a 94 años;1 de enero de 2020;39
Total;45 Toledo;45102 Mocejón;De 95 a 99 años;1 de enero de 2020;9
Total;45 Toledo;45102 Mocejón;100 y más años;1 de enero de 2020;1
Total;45 Toledo;45103 Mohedas de la Jara;Todas las edades;1 de enero de 2020;400
Total;45 Toledo;45103 Mohedas de la Jara;De 0 a 4 años;1 de enero de 2020;12
Total;45 Toledo;45103 Mohedas de la Jara;De 5 a 9 años;1 de enero de 2020;15
Total;45 Toledo;45103 Mohedas de la Jara;De 10 a 14 años;1 de enero de 2020;11
Total;45 Toledo;45103 Mohedas de la Jara;De 65 a 69 años;1 de enero de 2020;32
Total;45 Toledo;45103 Mohedas de la Jara;De 70 a 74 años;1 de enero de 2020;26
Total;45 Toledo;45103 Mohedas de la Jara;De 75 a 79 años;1 de enero de 2020;36
Total;45 Toledo;45103 Mohedas de la Jara;De 80 a 84 años;1 de enero de 2020;33
Total;45 Toledo;45103 Mohedas de la Jara;De 85 a 89 años;1 de enero de 2020;27
Total;45 Toledo;45103 Mohedas de la Jara;De 90 a 94 años;1 de enero de 2020;9
Total;45 Toledo;45103 Mohedas de la Jara;De 95 a 99 años;1 de enero de 2020;3
Total;45 Toledo;45103 Mohedas de la Jara;100 y más años;1 de enero de 2020;0
Total;45 Toledo;45104 Montearagón;Todas las edades;1 de enero de 2020;518
Total;45 Toledo;45104 Montearagón;De 0 a 4 años;1 de enero de 2020;16
Total;45 Toledo;45104 Montearagón;De 5 a 9 años;1 de enero de 2020;28
Total;45 Toledo;45104 Montearagón;De 10 a 14 años;1 de enero de 2020;15
Total;45 Toledo;45104 Montearagón;De 65 a 69 años;1 de enero de 2020;35
Total;45 Toledo;45104 Montearagón;De 70 a 74 años;1 de enero de 2020;32
Total;45 Toledo;45104 Montearagón;De 75 a 79 años;1 de enero de 2020;21
Total;45 Toledo;45104 Montearagón;De 80 a 84 años;1 de enero de 2020;14
Total;45 Toledo;45104 Montearagón;De 85 a 89 años;1 de enero de 2020;18
Total;45 Toledo;45104 Montearagón;De 90 a 94 años;1 de enero de 2020;5
Total;45 Toledo;45104 Montearagón;De 95 a 99 años;1 de enero de 2020;3
Total;45 Toledo;45104 Montearagón;100 y más años;1 de enero de 2020;0
Total;45 Toledo;45105 Montesclaros;Todas las edades;1 de enero de 2020;393
Total;45 Toledo;45105 Montesclaros;De 0 a 4 años;1 de enero de 2020;5
Total;45 Toledo;45105 Montesclaros;De 5 a 9 años;1 de enero de 2020;6
Total;45 Toledo;45105 Montesclaros;De 10 a 14 años;1 de enero de 2020;12
Total;45 Toledo;45105 Montesclaros;De 65 a 69 años;1 de enero de 2020;25
Total;45 Toledo;45105 Montesclaros;De 70 a 74 años;1 de enero de 2020;38
Total;45 Toledo;45105 Montesclaros;De 75 a 79 años;1 de enero de 2020;41
Total;45 Toledo;45105 Montesclaros;De 80 a 84 años;1 de enero de 2020;32
Total;45 Toledo;45105 Montesclaros;De 85 a 89 años;1 de enero de 2020;21
Total;45 Toledo;45105 Montesclaros;De 90 a 94 años;1 de enero de 2020;14
Total;45 Toledo;45105 Montesclaros;De 95 a 99 años;1 de enero de 2020;3
Total;45 Toledo;45105 Montesclaros;100 y más años;1 de enero de 2020;0
Total;45 Toledo;45106 Mora;Todas las edades;1 de enero de 2020;9.819
Total;45 Toledo;45106 Mora;De 0 a 4 años;1 de enero de 2020;427
Total;45 Toledo;45106 Mora;De 5 a 9 años;1 de enero de 2020;513
Total;45 Toledo;45106 Mora;De 10 a 14 años;1 de enero de 2020;548
Total;45 Toledo;45106 Mora;De 65 a 69 años;1 de enero de 2020;521
Total;45 Toledo;45106 Mora;De 70 a 74 años;1 de enero de 2020;467
Total;45 Toledo;45106 Mora;De 75 a 79 años;1 de enero de 2020;365
Total;45 Toledo;45106 Mora;De 80 a 84 años;1 de enero de 2020;337
Total;45 Toledo;45106 Mora;De 85 a 89 años;1 de enero de 2020;283
Total;45 Toledo;45106 Mora;De 90 a 94 años;1 de enero de 2020;138
Total;45 Toledo;45106 Mora;De 95 a 99 años;1 de enero de 2020;33
Total;45 Toledo;45106 Mora;100 y más años;1 de enero de 2020;6
Total;45 Toledo;45107 Nambroca;Todas las edades;1 de enero de 2020;4.862
Total;45 Toledo;45107 Nambroca;De 0 a 4 años;1 de enero de 2020;283
Total;45 Toledo;45107 Nambroca;De 5 a 9 años;1 de enero de 2020;373
Total;45 Toledo;45107 Nambroca;De 10 a 14 años;1 de enero de 2020;332
Total;45 Toledo;45107 Nambroca;De 65 a 69 años;1 de enero de 2020;179
Total;45 Toledo;45107 Nambroca;De 70 a 74 años;1 de enero de 2020;146
Total;45 Toledo;45107 Nambroca;De 75 a 79 años;1 de enero de 2020;96
Total;45 Toledo;45107 Nambroca;De 80 a 84 años;1 de enero de 2020;66
Total;45 Toledo;45107 Nambroca;De 85 a 89 años;1 de enero de 2020;55
Total;45 Toledo;45107 Nambroca;De 90 a 94 años;1 de enero de 2020;39
Total;45 Toledo;45107 Nambroca;De 95 a 99 años;1 de enero de 2020;10
Total;45 Toledo;45107 Nambroca;100 y más años;1 de enero de 2020;2
Total;45 Toledo;45108 Nava de Ricomalillo, La;Todas las edades;1 de enero de 2020;519
Total;45 Toledo;45108 Nava de Ricomalillo, La;De 0 a 4 años;1 de enero de 2020;7
Total;45 Toledo;45108 Nava de Ricomalillo, La;De 5 a 9 años;1 de enero de 2020;17
Total;45 Toledo;45108 Nava de Ricomalillo, La;De 10 a 14 años;1 de enero de 2020;18
Total;45 Toledo;45108 Nava de Ricomalillo, La;De 65 a 69 años;1 de enero de 2020;35
Total;45 Toledo;45108 Nava de Ricomalillo, La;De 70 a 74 años;1 de enero de 2020;30
Total;45 Toledo;45108 Nava de Ricomalillo, La;De 75 a 79 años;1 de enero de 2020;22
Total;45 Toledo;45108 Nava de Ricomalillo, La;De 80 a 84 años;1 de enero de 2020;34
Total;45 Toledo;45108 Nava de Ricomalillo, La;De 85 a 89 años;1 de enero de 2020;39
Total;45 Toledo;45108 Nava de Ricomalillo, La;De 90 a 94 años;1 de enero de 2020;18
Total;45 Toledo;45108 Nava de Ricomalillo, La;De 95 a 99 años;1 de enero de 2020;9
Total;45 Toledo;45108 Nava de Ricomalillo, La;100 y más años;1 de enero de 2020;0
Total;45 Toledo;45109 Navahermosa;Todas las edades;1 de enero de 2020;3.564
Total;45 Toledo;45109 Navahermosa;De 0 a 4 años;1 de enero de 2020;111
Total;45 Toledo;45109 Navahermosa;De 5 a 9 años;1 de enero de 2020;139
Total;45 Toledo;45109 Navahermosa;De 10 a 14 años;1 de enero de 2020;178
Total;45 Toledo;45109 Navahermosa;De 65 a 69 años;1 de enero de 2020;198
Total;45 Toledo;45109 Navahermosa;De 70 a 74 años;1 de enero de 2020;145
Total;45 Toledo;45109 Navahermosa;De 75 a 79 años;1 de enero de 2020;150
Total;45 Toledo;45109 Navahermosa;De 80 a 84 años;1 de enero de 2020;167
Total;45 Toledo;45109 Navahermosa;De 85 a 89 años;1 de enero de 2020;168
Total;45 Toledo;45109 Navahermosa;De 90 a 94 años;1 de enero de 2020;77
Total;45 Toledo;45109 Navahermosa;De 95 a 99 años;1 de enero de 2020;18
Total;45 Toledo;45109 Navahermosa;100 y más años;1 de enero de 2020;2
Total;45 Toledo;45110 Navalcán;Todas las edades;1 de enero de 2020;1.955
Total;45 Toledo;45110 Navalcán;De 0 a 4 años;1 de enero de 2020;41
Total;45 Toledo;45110 Navalcán;De 5 a 9 años;1 de enero de 2020;58
Total;45 Toledo;45110 Navalcán;De 10 a 14 años;1 de enero de 2020;78
Total;45 Toledo;45110 Navalcán;De 65 a 69 años;1 de enero de 2020;123
Total;45 Toledo;45110 Navalcán;De 70 a 74 años;1 de enero de 2020;138
Total;45 Toledo;45110 Navalcán;De 75 a 79 años;1 de enero de 2020;146
Total;45 Toledo;45110 Navalcán;De 80 a 84 años;1 de enero de 2020;134
Total;45 Toledo;45110 Navalcán;De 85 a 89 años;1 de enero de 2020;104
Total;45 Toledo;45110 Navalcán;De 90 a 94 años;1 de enero de 2020;49
Total;45 Toledo;45110 Navalcán;De 95 a 99 años;1 de enero de 2020;16
Total;45 Toledo;45110 Navalcán;100 y más años;1 de enero de 2020;2
Total;45 Toledo;45111 Navalmoralejo;Todas las edades;1 de enero de 2020;58
Total;45 Toledo;45111 Navalmoralejo;De 0 a 4 años;1 de enero de 2020;0
Total;45 Toledo;45111 Navalmoralejo;De 5 a 9 años;1 de enero de 2020;0
Total;45 Toledo;45111 Navalmoralejo;De 10 a 14 años;1 de enero de 2020;0
Total;45 Toledo;45111 Navalmoralejo;De 65 a 69 años;1 de enero de 2020;6
Total;45 Toledo;45111 Navalmoralejo;De 70 a 74 años;1 de enero de 2020;8
Total;45 Toledo;45111 Navalmoralejo;De 75 a 79 años;1 de enero de 2020;6
Total;45 Toledo;45111 Navalmoralejo;De 80 a 84 años;1 de enero de 2020;6
Total;45 Toledo;45111 Navalmoralejo;De 85 a 89 años;1 de enero de 2020;7
Total;45 Toledo;45111 Navalmoralejo;De 90 a 94 años;1 de enero de 2020;6
Total;45 Toledo;45111 Navalmoralejo;De 95 a 99 años;1 de enero de 2020;3
Total;45 Toledo;45111 Navalmoralejo;100 y más años;1 de enero de 2020;0
Total;45 Toledo;45112 Navalmorales, Los;Todas las edades;1 de enero de 2020;2.420
Total;45 Toledo;45112 Navalmorales, Los;De 0 a 4 años;1 de enero de 2020;41
Total;45 Toledo;45112 Navalmorales, Los;De 5 a 9 años;1 de enero de 2020;71
Total;45 Toledo;45112 Navalmorales, Los;De 10 a 14 años;1 de enero de 2020;103
Total;45 Toledo;45112 Navalmorales, Los;De 65 a 69 años;1 de enero de 2020;128
Total;45 Toledo;45112 Navalmorales, Los;De 70 a 74 años;1 de enero de 2020;119
Total;45 Toledo;45112 Navalmorales, Los;De 75 a 79 años;1 de enero de 2020;96
Total;45 Toledo;45112 Navalmorales, Los;De 80 a 84 años;1 de enero de 2020;101
Total;45 Toledo;45112 Navalmorales, Los;De 85 a 89 años;1 de enero de 2020;121
Total;45 Toledo;45112 Navalmorales, Los;De 90 a 94 años;1 de enero de 2020;60
Total;45 Toledo;45112 Navalmorales, Los;De 95 a 99 años;1 de enero de 2020;7
Total;45 Toledo;45112 Navalmorales, Los;100 y más años;1 de enero de 2020;4
Total;45 Toledo;45113 Navalucillos, Los;Todas las edades;1 de enero de 2020;2.050
Total;45 Toledo;45113 Navalucillos, Los;De 0 a 4 años;1 de enero de 2020;43
Total;45 Toledo;45113 Navalucillos, Los;De 5 a 9 años;1 de enero de 2020;39
Total;45 Toledo;45113 Navalucillos, Los;De 10 a 14 años;1 de enero de 2020;62
Total;45 Toledo;45113 Navalucillos, Los;De 65 a 69 años;1 de enero de 2020;141
Total;45 Toledo;45113 Navalucillos, Los;De 70 a 74 años;1 de enero de 2020;136
Total;45 Toledo;45113 Navalucillos, Los;De 75 a 79 años;1 de enero de 2020;129
Total;45 Toledo;45113 Navalucillos, Los;De 80 a 84 años;1 de enero de 2020;146
Total;45 Toledo;45113 Navalucillos, Los;De 85 a 89 años;1 de enero de 2020;124
Total;45 Toledo;45113 Navalucillos, Los;De 90 a 94 años;1 de enero de 2020;49
Total;45 Toledo;45113 Navalucillos, Los;De 95 a 99 años;1 de enero de 2020;20
Total;45 Toledo;45113 Navalucillos, Los;100 y más años;1 de enero de 2020;3
Total;45 Toledo;45114 Navamorcuende;Todas las edades;1 de enero de 2020;598
Total;45 Toledo;45114 Navamorcuende;De 0 a 4 años;1 de enero de 2020;14
Total;45 Toledo;45114 Navamorcuende;De 5 a 9 años;1 de enero de 2020;12
Total;45 Toledo;45114 Navamorcuende;De 10 a 14 años;1 de enero de 2020;16
Total;45 Toledo;45114 Navamorcuende;De 65 a 69 años;1 de enero de 2020;33
Total;45 Toledo;45114 Navamorcuende;De 70 a 74 años;1 de enero de 2020;46
Total;45 Toledo;45114 Navamorcuende;De 75 a 79 años;1 de enero de 2020;46
Total;45 Toledo;45114 Navamorcuende;De 80 a 84 años;1 de enero de 2020;47
Total;45 Toledo;45114 Navamorcuende;De 85 a 89 años;1 de enero de 2020;38
Total;45 Toledo;45114 Navamorcuende;De 90 a 94 años;1 de enero de 2020;25
Total;45 Toledo;45114 Navamorcuende;De 95 a 99 años;1 de enero de 2020;5
Total;45 Toledo;45114 Navamorcuende;100 y más años;1 de enero de 2020;2
Total;45 Toledo;45115 Noblejas;Todas las edades;1 de enero de 2020;3.652
Total;45 Toledo;45115 Noblejas;De 0 a 4 años;1 de enero de 2020;175
Total;45 Toledo;45115 Noblejas;De 5 a 9 años;1 de enero de 2020;230
Total;45 Toledo;45115 Noblejas;De 10 a 14 años;1 de enero de 2020;220
Total;45 Toledo;45115 Noblejas;De 65 a 69 años;1 de enero de 2020;141
Total;45 Toledo;45115 Noblejas;De 70 a 74 años;1 de enero de 2020;152
Total;45 Toledo;45115 Noblejas;De 75 a 79 años;1 de enero de 2020;147
Total;45 Toledo;45115 Noblejas;De 80 a 84 años;1 de enero de 2020;108
Total;45 Toledo;45115 Noblejas;De 85 a 89 años;1 de enero de 2020;100
Total;45 Toledo;45115 Noblejas;De 90 a 94 años;1 de enero de 2020;40
Total;45 Toledo;45115 Noblejas;De 95 a 99 años;1 de enero de 2020;10
Total;45 Toledo;45115 Noblejas;100 y más años;1 de enero de 2020;1
Total;45 Toledo;45116 Noez;Todas las edades;1 de enero de 2020;861
Total;45 Toledo;45116 Noez;De 0 a 4 años;1 de enero de 2020;27
Total;45 Toledo;45116 Noez;De 5 a 9 años;1 de enero de 2020;40
Total;45 Toledo;45116 Noez;De 10 a 14 años;1 de enero de 2020;40
Total;45 Toledo;45116 Noez;De 65 a 69 años;1 de enero de 2020;46
Total;45 Toledo;45116 Noez;De 70 a 74 años;1 de enero de 2020;38
Total;45 Toledo;45116 Noez;De 75 a 79 años;1 de enero de 2020;24
Total;45 Toledo;45116 Noez;De 80 a 84 años;1 de enero de 2020;29
Total;45 Toledo;45116 Noez;De 85 a 89 años;1 de enero de 2020;26
Total;45 Toledo;45116 Noez;De 90 a 94 años;1 de enero de 2020;14
Total;45 Toledo;45116 Noez;De 95 a 99 años;1 de enero de 2020;3
Total;45 Toledo;45116 Noez;100 y más años;1 de enero de 2020;0
Total;45 Toledo;45117 Nombela;Todas las edades;1 de enero de 2020;854
Total;45 Toledo;45117 Nombela;De 0 a 4 años;1 de enero de 2020;31
Total;45 Toledo;45117 Nombela;De 5 a 9 años;1 de enero de 2020;39
Total;45 Toledo;45117 Nombela;De 10 a 14 años;1 de enero de 2020;33
Total;45 Toledo;45117 Nombela;De 65 a 69 años;1 de enero de 2020;61
Total;45 Toledo;45117 Nombela;De 70 a 74 años;1 de enero de 2020;55
Total;45 Toledo;45117 Nombela;De 75 a 79 años;1 de enero de 2020;29
Total;45 Toledo;45117 Nombela;De 80 a 84 años;1 de enero de 2020;24
Total;45 Toledo;45117 Nombela;De 85 a 89 años;1 de enero de 2020;24
Total;45 Toledo;45117 Nombela;De 90 a 94 años;1 de enero de 2020;11
Total;45 Toledo;45117 Nombela;De 95 a 99 años;1 de enero de 2020;1
Total;45 Toledo;45117 Nombela;100 y más años;1 de enero de 2020;0
Total;45 Toledo;45118 Novés;Todas las edades;1 de enero de 2020;3.019
Total;45 Toledo;45118 Novés;De 0 a 4 años;1 de enero de 2020;146
Total;45 Toledo;45118 Novés;De 5 a 9 años;1 de enero de 2020;189
Total;45 Toledo;45118 Novés;De 10 a 14 años;1 de enero de 2020;192
Total;45 Toledo;45118 Novés;De 65 a 69 años;1 de enero de 2020;110
Total;45 Toledo;45118 Novés;De 70 a 74 años;1 de enero de 2020;109
Total;45 Toledo;45118 Novés;De 75 a 79 años;1 de enero de 2020;114
Total;45 Toledo;45118 Novés;De 80 a 84 años;1 de enero de 2020;62
Total;45 Toledo;45118 Novés;De 85 a 89 años;1 de enero de 2020;48
Total;45 Toledo;45118 Novés;De 90 a 94 años;1 de enero de 2020;27
Total;45 Toledo;45118 Novés;De 95 a 99 años;1 de enero de 2020;5
Total;45 Toledo;45118 Novés;100 y más años;1 de enero de 2020;0
Total;45 Toledo;45119 Numancia de la Sagra;Todas las edades;1 de enero de 2020;4.985
Total;45 Toledo;45119 Numancia de la Sagra;De 0 a 4 años;1 de enero de 2020;208
Total;45 Toledo;45119 Numancia de la Sagra;De 5 a 9 años;1 de enero de 2020;290
Total;45 Toledo;45119 Numancia de la Sagra;De 10 a 14 años;1 de enero de 2020;355
Total;45 Toledo;45119 Numancia de la Sagra;De 65 a 69 años;1 de enero de 2020;197
Total;45 Toledo;45119 Numancia de la Sagra;De 70 a 74 años;1 de enero de 2020;144
Total;45 Toledo;45119 Numancia de la Sagra;De 75 a 79 años;1 de enero de 2020;93
Total;45 Toledo;45119 Numancia de la Sagra;De 80 a 84 años;1 de enero de 2020;65
Total;45 Toledo;45119 Numancia de la Sagra;De 85 a 89 años;1 de enero de 2020;40
Total;45 Toledo;45119 Numancia de la Sagra;De 90 a 94 años;1 de enero de 2020;18
Total;45 Toledo;45119 Numancia de la Sagra;De 95 a 99 años;1 de enero de 2020;4
Total;45 Toledo;45119 Numancia de la Sagra;100 y más años;1 de enero de 2020;0
Total;45 Toledo;45120 Nuño Gómez;Todas las edades;1 de enero de 2020;125
Total;45 Toledo;45120 Nuño Gómez;De 0 a 4 años;1 de enero de 2020;0
Total;45 Toledo;45120 Nuño Gómez;De 5 a 9 años;1 de enero de 2020;3
Total;45 Toledo;45120 Nuño Gómez;De 10 a 14 años;1 de enero de 2020;3
Total;45 Toledo;45120 Nuño Gómez;De 65 a 69 años;1 de enero de 2020;10
Total;45 Toledo;45120 Nuño Gómez;De 70 a 74 años;1 de enero de 2020;10
Total;45 Toledo;45120 Nuño Gómez;De 75 a 79 años;1 de enero de 2020;12
Total;45 Toledo;45120 Nuño Gómez;De 80 a 84 años;1 de enero de 2020;7
Total;45 Toledo;45120 Nuño Gómez;De 85 a 89 años;1 de enero de 2020;8
Total;45 Toledo;45120 Nuño Gómez;De 90 a 94 años;1 de enero de 2020;3
Total;45 Toledo;45120 Nuño Gómez;De 95 a 99 años;1 de enero de 2020;1
Total;45 Toledo;45120 Nuño Gómez;100 y más años;1 de enero de 2020;0
Total;45 Toledo;45121 Ocaña;Todas las edades;1 de enero de 2020;12.437
Total;45 Toledo;45121 Ocaña;De 0 a 4 años;1 de enero de 2020;724
Total;45 Toledo;45121 Ocaña;De 5 a 9 años;1 de enero de 2020;900
Total;45 Toledo;45121 Ocaña;De 10 a 14 años;1 de enero de 2020;863
Total;45 Toledo;45121 Ocaña;De 65 a 69 años;1 de enero de 2020;452
Total;45 Toledo;45121 Ocaña;De 70 a 74 años;1 de enero de 2020;352
Total;45 Toledo;45121 Ocaña;De 75 a 79 años;1 de enero de 2020;244
Total;45 Toledo;45121 Ocaña;De 80 a 84 años;1 de enero de 2020;166
Total;45 Toledo;45121 Ocaña;De 85 a 89 años;1 de enero de 2020;141
Total;45 Toledo;45121 Ocaña;De 90 a 94 años;1 de enero de 2020;51
Total;45 Toledo;45121 Ocaña;De 95 a 99 años;1 de enero de 2020;17
Total;45 Toledo;45121 Ocaña;100 y más años;1 de enero de 2020;3
Total;45 Toledo;45122 Olías del Rey;Todas las edades;1 de enero de 2020;8.120
Total;45 Toledo;45122 Olías del Rey;De 0 a 4 años;1 de enero de 2020;405
Total;45 Toledo;45122 Olías del Rey;De 5 a 9 años;1 de enero de 2020;549
Total;45 Toledo;45122 Olías del Rey;De 10 a 14 años;1 de enero de 2020;540
Total;45 Toledo;45122 Olías del Rey;De 65 a 69 años;1 de enero de 2020;323
Total;45 Toledo;45122 Olías del Rey;De 70 a 74 años;1 de enero de 2020;282
Total;45 Toledo;45122 Olías del Rey;De 75 a 79 años;1 de enero de 2020;154
Total;45 Toledo;45122 Olías del Rey;De 80 a 84 años;1 de enero de 2020;108
Total;45 Toledo;45122 Olías del Rey;De 85 a 89 años;1 de enero de 2020;93
Total;45 Toledo;45122 Olías del Rey;De 90 a 94 años;1 de enero de 2020;44
Total;45 Toledo;45122 Olías del Rey;De 95 a 99 años;1 de enero de 2020;12
Total;45 Toledo;45122 Olías del Rey;100 y más años;1 de enero de 2020;2
Total;45 Toledo;45123 Ontígola;Todas las edades;1 de enero de 2020;4.540
Total;45 Toledo;45123 Ontígola;De 0 a 4 años;1 de enero de 2020;179
Total;45 Toledo;45123 Ontígola;De 5 a 9 años;1 de enero de 2020;336
Total;45 Toledo;45123 Ontígola;De 10 a 14 años;1 de enero de 2020;355
Total;45 Toledo;45123 Ontígola;De 65 a 69 años;1 de enero de 2020;104
Total;45 Toledo;45123 Ontígola;De 70 a 74 años;1 de enero de 2020;93
Total;45 Toledo;45123 Ontígola;De 75 a 79 años;1 de enero de 2020;51
Total;45 Toledo;45123 Ontígola;De 80 a 84 años;1 de enero de 2020;30
Total;45 Toledo;45123 Ontígola;De 85 a 89 años;1 de enero de 2020;13
Total;45 Toledo;45123 Ontígola;De 90 a 94 años;1 de enero de 2020;8
Total;45 Toledo;45123 Ontígola;De 95 a 99 años;1 de enero de 2020;4
Total;45 Toledo;45123 Ontígola;100 y más años;1 de enero de 2020;0
Total;45 Toledo;45124 Orgaz;Todas las edades;1 de enero de 2020;2.605
Total;45 Toledo;45124 Orgaz;De 0 a 4 años;1 de enero de 2020;102
Total;45 Toledo;45124 Orgaz;De 5 a 9 años;1 de enero de 2020;133
Total;45 Toledo;45124 Orgaz;De 10 a 14 años;1 de enero de 2020;130
Total;45 Toledo;45124 Orgaz;De 65 a 69 años;1 de enero de 2020;158
Total;45 Toledo;45124 Orgaz;De 70 a 74 años;1 de enero de 2020;114
Total;45 Toledo;45124 Orgaz;De 75 a 79 años;1 de enero de 2020;124
Total;45 Toledo;45124 Orgaz;De 80 a 84 años;1 de enero de 2020;71
Total;45 Toledo;45124 Orgaz;De 85 a 89 años;1 de enero de 2020;79
Total;45 Toledo;45124 Orgaz;De 90 a 94 años;1 de enero de 2020;48
Total;45 Toledo;45124 Orgaz;De 95 a 99 años;1 de enero de 2020;11
Total;45 Toledo;45124 Orgaz;100 y más años;1 de enero de 2020;1
Total;45 Toledo;45125 Oropesa;Todas las edades;1 de enero de 2020;2.626
Total;45 Toledo;45125 Oropesa;De 0 a 4 años;1 de enero de 2020;82
Total;45 Toledo;45125 Oropesa;De 5 a 9 años;1 de enero de 2020;93
Total;45 Toledo;45125 Oropesa;De 10 a 14 años;1 de enero de 2020;97
Total;45 Toledo;45125 Oropesa;De 65 a 69 años;1 de enero de 2020;151
Total;45 Toledo;45125 Oropesa;De 70 a 74 años;1 de enero de 2020;144
Total;45 Toledo;45125 Oropesa;De 75 a 79 años;1 de enero de 2020;114
Total;45 Toledo;45125 Oropesa;De 80 a 84 años;1 de enero de 2020;110
Total;45 Toledo;45125 Oropesa;De 85 a 89 años;1 de enero de 2020;100
Total;45 Toledo;45125 Oropesa;De 90 a 94 años;1 de enero de 2020;47
Total;45 Toledo;45125 Oropesa;De 95 a 99 años;1 de enero de 2020;15
Total;45 Toledo;45125 Oropesa;100 y más años;1 de enero de 2020;2
Total;45 Toledo;45126 Otero;Todas las edades;1 de enero de 2020;315
Total;45 Toledo;45126 Otero;De 0 a 4 años;1 de enero de 2020;5
Total;45 Toledo;45126 Otero;De 5 a 9 años;1 de enero de 2020;11
Total;45 Toledo;45126 Otero;De 10 a 14 años;1 de enero de 2020;20
Total;45 Toledo;45126 Otero;De 65 a 69 años;1 de enero de 2020;23
Total;45 Toledo;45126 Otero;De 70 a 74 años;1 de enero de 2020;26
Total;45 Toledo;45126 Otero;De 75 a 79 años;1 de enero de 2020;10
Total;45 Toledo;45126 Otero;De 80 a 84 años;1 de enero de 2020;9
Total;45 Toledo;45126 Otero;De 85 a 89 años;1 de enero de 2020;5
Total;45 Toledo;45126 Otero;De 90 a 94 años;1 de enero de 2020;6
Total;45 Toledo;45126 Otero;De 95 a 99 años;1 de enero de 2020;2
Total;45 Toledo;45126 Otero;100 y más años;1 de enero de 2020;0
Total;45 Toledo;45127 Palomeque;Todas las edades;1 de enero de 2020;1.011
Total;45 Toledo;45127 Palomeque;De 0 a 4 años;1 de enero de 2020;45
Total;45 Toledo;45127 Palomeque;De 5 a 9 años;1 de enero de 2020;57
Total;45 Toledo;45127 Palomeque;De 10 a 14 años;1 de enero de 2020;54
Total;45 Toledo;45127 Palomeque;De 65 a 69 años;1 de enero de 2020;35
Total;45 Toledo;45127 Palomeque;De 70 a 74 años;1 de enero de 2020;34
Total;45 Toledo;45127 Palomeque;De 75 a 79 años;1 de enero de 2020;44
Total;45 Toledo;45127 Palomeque;De 80 a 84 años;1 de enero de 2020;27
Total;45 Toledo;45127 Palomeque;De 85 a 89 años;1 de enero de 2020;20
Total;45 Toledo;45127 Palomeque;De 90 a 94 años;1 de enero de 2020;8
Total;45 Toledo;45127 Palomeque;De 95 a 99 años;1 de enero de 2020;1
Total;45 Toledo;45127 Palomeque;100 y más años;1 de enero de 2020;0
Total;45 Toledo;45128 Pantoja;Todas las edades;1 de enero de 2020;3.394
Total;45 Toledo;45128 Pantoja;De 0 a 4 años;1 de enero de 2020;137
Total;45 Toledo;45128 Pantoja;De 5 a 9 años;1 de enero de 2020;218
Total;45 Toledo;45128 Pantoja;De 10 a 14 años;1 de enero de 2020;228
Total;45 Toledo;45128 Pantoja;De 65 a 69 años;1 de enero de 2020;154
Total;45 Toledo;45128 Pantoja;De 70 a 74 años;1 de enero de 2020;124
Total;45 Toledo;45128 Pantoja;De 75 a 79 años;1 de enero de 2020;89
Total;45 Toledo;45128 Pantoja;De 80 a 84 años;1 de enero de 2020;74
Total;45 Toledo;45128 Pantoja;De 85 a 89 años;1 de enero de 2020;76
Total;45 Toledo;45128 Pantoja;De 90 a 94 años;1 de enero de 2020;28
Total;45 Toledo;45128 Pantoja;De 95 a 99 años;1 de enero de 2020;12
Total;45 Toledo;45128 Pantoja;100 y más años;1 de enero de 2020;1
Total;45 Toledo;45129 Paredes de Escalona;Todas las edades;1 de enero de 2020;112
Total;45 Toledo;45129 Paredes de Escalona;De 0 a 4 años;1 de enero de 2020;0
Total;45 Toledo;45129 Paredes de Escalona;De 5 a 9 años;1 de enero de 2020;1
Total;45 Toledo;45129 Paredes de Escalona;De 10 a 14 años;1 de enero de 2020;2
Total;45 Toledo;45129 Paredes de Escalona;De 65 a 69 años;1 de enero de 2020;10
Total;45 Toledo;45129 Paredes de Escalona;De 70 a 74 años;1 de enero de 2020;20
Total;45 Toledo;45129 Paredes de Escalona;De 75 a 79 años;1 de enero de 2020;15
Total;45 Toledo;45129 Paredes de Escalona;De 80 a 84 años;1 de enero de 2020;2
Total;45 Toledo;45129 Paredes de Escalona;De 85 a 89 años;1 de enero de 2020;6
Total;45 Toledo;45129 Paredes de Escalona;De 90 a 94 años;1 de enero de 2020;5
Total;45 Toledo;45129 Paredes de Escalona;De 95 a 99 años;1 de enero de 2020;1
Total;45 Toledo;45129 Paredes de Escalona;100 y más años;1 de enero de 2020;0
Total;45 Toledo;45130 Parrillas;Todas las edades;1 de enero de 2020;338
Total;45 Toledo;45130 Parrillas;De 0 a 4 años;1 de enero de 2020;3
Total;45 Toledo;45130 Parrillas;De 5 a 9 años;1 de enero de 2020;3
Total;45 Toledo;45130 Parrillas;De 10 a 14 años;1 de enero de 2020;9
Total;45 Toledo;45130 Parrillas;De 65 a 69 años;1 de enero de 2020;15
Total;45 Toledo;45130 Parrillas;De 70 a 74 años;1 de enero de 2020;29
Total;45 Toledo;45130 Parrillas;De 75 a 79 años;1 de enero de 2020;22
Total;45 Toledo;45130 Parrillas;De 80 a 84 años;1 de enero de 2020;22
Total;45 Toledo;45130 Parrillas;De 85 a 89 años;1 de enero de 2020;15
Total;45 Toledo;45130 Parrillas;De 90 a 94 años;1 de enero de 2020;16
Total;45 Toledo;45130 Parrillas;De 95 a 99 años;1 de enero de 2020;5
Total;45 Toledo;45130 Parrillas;100 y más años;1 de enero de 2020;0
Total;45 Toledo;45131 Pelahustán;Todas las edades;1 de enero de 2020;304
Total;45 Toledo;45131 Pelahustán;De 0 a 4 años;1 de enero de 2020;4
Total;45 Toledo;45131 Pelahustán;De 5 a 9 años;1 de enero de 2020;8
Total;45 Toledo;45131 Pelahustán;De 10 a 14 años;1 de enero de 2020;14
Total;45 Toledo;45131 Pelahustán;De 65 a 69 años;1 de enero de 2020;24
Total;45 Toledo;45131 Pelahustán;De 70 a 74 años;1 de enero de 2020;18
Total;45 Toledo;45131 Pelahustán;De 75 a 79 años;1 de enero de 2020;24
Total;45 Toledo;45131 Pelahustán;De 80 a 84 años;1 de enero de 2020;18
Total;45 Toledo;45131 Pelahustán;De 85 a 89 años;1 de enero de 2020;13
Total;45 Toledo;45131 Pelahustán;De 90 a 94 años;1 de enero de 2020;7
Total;45 Toledo;45131 Pelahustán;De 95 a 99 años;1 de enero de 2020;3
Total;45 Toledo;45131 Pelahustán;100 y más años;1 de enero de 2020;0
Total;45 Toledo;45132 Pepino;Todas las edades;1 de enero de 2020;3.128
Total;45 Toledo;45132 Pepino;De 0 a 4 años;1 de enero de 2020;103
Total;45 Toledo;45132 Pepino;De 5 a 9 años;1 de enero de 2020;169
Total;45 Toledo;45132 Pepino;De 10 a 14 años;1 de enero de 2020;243
Total;45 Toledo;45132 Pepino;De 65 a 69 años;1 de enero de 2020;152
Total;45 Toledo;45132 Pepino;De 70 a 74 años;1 de enero de 2020;114
Total;45 Toledo;45132 Pepino;De 75 a 79 años;1 de enero de 2020;61
Total;45 Toledo;45132 Pepino;De 80 a 84 años;1 de enero de 2020;32
Total;45 Toledo;45132 Pepino;De 85 a 89 años;1 de enero de 2020;36
Total;45 Toledo;45132 Pepino;De 90 a 94 años;1 de enero de 2020;21
Total;45 Toledo;45132 Pepino;De 95 a 99 años;1 de enero de 2020;5
Total;45 Toledo;45132 Pepino;100 y más años;1 de enero de 2020;2
Total;45 Toledo;45133 Polán;Todas las edades;1 de enero de 2020;3.872
Total;45 Toledo;45133 Polán;De 0 a 4 años;1 de enero de 2020;176
Total;45 Toledo;45133 Polán;De 5 a 9 años;1 de enero de 2020;200
Total;45 Toledo;45133 Polán;De 10 a 14 años;1 de enero de 2020;238
Total;45 Toledo;45133 Polán;De 65 a 69 años;1 de enero de 2020;170
Total;45 Toledo;45133 Polán;De 70 a 74 años;1 de enero de 2020;180
Total;45 Toledo;45133 Polán;De 75 a 79 años;1 de enero de 2020;118
Total;45 Toledo;45133 Polán;De 80 a 84 años;1 de enero de 2020;105
Total;45 Toledo;45133 Polán;De 85 a 89 años;1 de enero de 2020;89
Total;45 Toledo;45133 Polán;De 90 a 94 años;1 de enero de 2020;44
Total;45 Toledo;45133 Polán;De 95 a 99 años;1 de enero de 2020;5
Total;45 Toledo;45133 Polán;100 y más años;1 de enero de 2020;2
Total;45 Toledo;45134 Portillo de Toledo;Todas las edades;1 de enero de 2020;2.231
Total;45 Toledo;45134 Portillo de Toledo;De 0 a 4 años;1 de enero de 2020;96
Total;45 Toledo;45134 Portillo de Toledo;De 5 a 9 años;1 de enero de 2020;119
Total;45 Toledo;45134 Portillo de Toledo;De 10 a 14 años;1 de enero de 2020;121
Total;45 Toledo;45134 Portillo de Toledo;De 65 a 69 años;1 de enero de 2020;111
Total;45 Toledo;45134 Portillo de Toledo;De 70 a 74 años;1 de enero de 2020;106
Total;45 Toledo;45134 Portillo de Toledo;De 75 a 79 años;1 de enero de 2020;96
Total;45 Toledo;45134 Portillo de Toledo;De 80 a 84 años;1 de enero de 2020;72
Total;45 Toledo;45134 Portillo de Toledo;De 85 a 89 años;1 de enero de 2020;38
Total;45 Toledo;45134 Portillo de Toledo;De 90 a 94 años;1 de enero de 2020;30
Total;45 Toledo;45134 Portillo de Toledo;De 95 a 99 años;1 de enero de 2020;15
Total;45 Toledo;45134 Portillo de Toledo;100 y más años;1 de enero de 2020;2
Total;45 Toledo;45135 Puebla de Almoradiel, La;Todas las edades;1 de enero de 2020;5.073
Total;45 Toledo;45135 Puebla de Almoradiel, La;De 0 a 4 años;1 de enero de 2020;156
Total;45 Toledo;45135 Puebla de Almoradiel, La;De 5 a 9 años;1 de enero de 2020;184
Total;45 Toledo;45135 Puebla de Almoradiel, La;De 10 a 14 años;1 de enero de 2020;246
Total;45 Toledo;45135 Puebla de Almoradiel, La;De 65 a 69 años;1 de enero de 2020;266
Total;45 Toledo;45135 Puebla de Almoradiel, La;De 70 a 74 años;1 de enero de 2020;282
Total;45 Toledo;45135 Puebla de Almoradiel, La;De 75 a 79 años;1 de enero de 2020;233
Total;45 Toledo;45135 Puebla de Almoradiel, La;De 80 a 84 años;1 de enero de 2020;168
Total;45 Toledo;45135 Puebla de Almoradiel, La;De 85 a 89 años;1 de enero de 2020;147
Total;45 Toledo;45135 Puebla de Almoradiel, La;De 90 a 94 años;1 de enero de 2020;88
Total;45 Toledo;45135 Puebla de Almoradiel, La;De 95 a 99 años;1 de enero de 2020;23
Total;45 Toledo;45135 Puebla de Almoradiel, La;100 y más años;1 de enero de 2020;4
Total;45 Toledo;45136 Puebla de Montalbán, La;Todas las edades;1 de enero de 2020;7.858
Total;45 Toledo;45136 Puebla de Montalbán, La;De 0 a 4 años;1 de enero de 2020;321
Total;45 Toledo;45136 Puebla de Montalbán, La;De 5 a 9 años;1 de enero de 2020;375
Total;45 Toledo;45136 Puebla de Montalbán, La;De 10 a 14 años;1 de enero de 2020;479
Total;45 Toledo;45136 Puebla de Montalbán, La;De 65 a 69 años;1 de enero de 2020;348
Total;45 Toledo;45136 Puebla de Montalbán, La;De 70 a 74 años;1 de enero de 2020;319
Total;45 Toledo;45136 Puebla de Montalbán, La;De 75 a 79 años;1 de enero de 2020;292
Total;45 Toledo;45136 Puebla de Montalbán, La;De 80 a 84 años;1 de enero de 2020;246
Total;45 Toledo;45136 Puebla de Montalbán, La;De 85 a 89 años;1 de enero de 2020;220
Total;45 Toledo;45136 Puebla de Montalbán, La;De 90 a 94 años;1 de enero de 2020;91
Total;45 Toledo;45136 Puebla de Montalbán, La;De 95 a 99 años;1 de enero de 2020;19
Total;45 Toledo;45136 Puebla de Montalbán, La;100 y más años;1 de enero de 2020;5
Total;45 Toledo;45137 Pueblanueva, La;Todas las edades;1 de enero de 2020;2.142
Total;45 Toledo;45137 Pueblanueva, La;De 0 a 4 años;1 de enero de 2020;67
Total;45 Toledo;45137 Pueblanueva, La;De 5 a 9 años;1 de enero de 2020;130
Total;45 Toledo;45137 Pueblanueva, La;De 10 a 14 años;1 de enero de 2020;135
Total;45 Toledo;45137 Pueblanueva, La;De 65 a 69 años;1 de enero de 2020;91
Total;45 Toledo;45137 Pueblanueva, La;De 70 a 74 años;1 de enero de 2020;87
Total;45 Toledo;45137 Pueblanueva, La;De 75 a 79 años;1 de enero de 2020;89
Total;45 Toledo;45137 Pueblanueva, La;De 80 a 84 años;1 de enero de 2020;75
Total;45 Toledo;45137 Pueblanueva, La;De 85 a 89 años;1 de enero de 2020;63
Total;45 Toledo;45137 Pueblanueva, La;De 90 a 94 años;1 de enero de 2020;21
Total;45 Toledo;45137 Pueblanueva, La;De 95 a 99 años;1 de enero de 2020;8
Total;45 Toledo;45137 Pueblanueva, La;100 y más años;1 de enero de 2020;0
Total;45 Toledo;45138 Puente del Arzobispo, El;Todas las edades;1 de enero de 2020;1.225
Total;45 Toledo;45138 Puente del Arzobispo, El;De 0 a 4 años;1 de enero de 2020;39
Total;45 Toledo;45138 Puente del Arzobispo, El;De 5 a 9 años;1 de enero de 2020;38
Total;45 Toledo;45138 Puente del Arzobispo, El;De 10 a 14 años;1 de enero de 2020;51
Total;45 Toledo;45138 Puente del Arzobispo, El;De 65 a 69 años;1 de enero de 2020;76
Total;45 Toledo;45138 Puente del Arzobispo, El;De 70 a 74 años;1 de enero de 2020;83
Total;45 Toledo;45138 Puente del Arzobispo, El;De 75 a 79 años;1 de enero de 2020;62
Total;45 Toledo;45138 Puente del Arzobispo, El;De 80 a 84 años;1 de enero de 2020;41
Total;45 Toledo;45138 Puente del Arzobispo, El;De 85 a 89 años;1 de enero de 2020;63
Total;45 Toledo;45138 Puente del Arzobispo, El;De 90 a 94 años;1 de enero de 2020;24
Total;45 Toledo;45138 Puente del Arzobispo, El;De 95 a 99 años;1 de enero de 2020;7
Total;45 Toledo;45138 Puente del Arzobispo, El;100 y más años;1 de enero de 2020;0
Total;45 Toledo;45139 Puerto de San Vicente;Todas las edades;1 de enero de 2020;148
Total;45 Toledo;45139 Puerto de San Vicente;De 0 a 4 años;1 de enero de 2020;2
Total;45 Toledo;45139 Puerto de San Vicente;De 5 a 9 años;1 de enero de 2020;2
Total;45 Toledo;45139 Puerto de San Vicente;De 10 a 14 años;1 de enero de 2020;2
Total;45 Toledo;45139 Puerto de San Vicente;De 65 a 69 años;1 de enero de 2020;16
Total;45 Toledo;45139 Puerto de San Vicente;De 70 a 74 años;1 de enero de 2020;7
Total;45 Toledo;45139 Puerto de San Vicente;De 75 a 79 años;1 de enero de 2020;15
Total;45 Toledo;45139 Puerto de San Vicente;De 80 a 84 años;1 de enero de 2020;17
Total;45 Toledo;45139 Puerto de San Vicente;De 85 a 89 años;1 de enero de 2020;22
Total;45 Toledo;45139 Puerto de San Vicente;De 90 a 94 años;1 de enero de 2020;10
Total;45 Toledo;45139 Puerto de San Vicente;De 95 a 99 años;1 de enero de 2020;1
Total;45 Toledo;45139 Puerto de San Vicente;100 y más años;1 de enero de 2020;0
Total;45 Toledo;45140 Pulgar;Todas las edades;1 de enero de 2020;1.491
Total;45 Toledo;45140 Pulgar;De 0 a 4 años;1 de enero de 2020;65
Total;45 Toledo;45140 Pulgar;De 5 a 9 años;1 de enero de 2020;73
Total;45 Toledo;45140 Pulgar;De 10 a 14 años;1 de enero de 2020;88
Total;45 Toledo;45140 Pulgar;De 65 a 69 años;1 de enero de 2020;66
Total;45 Toledo;45140 Pulgar;De 70 a 74 años;1 de enero de 2020;63
Total;45 Toledo;45140 Pulgar;De 75 a 79 años;1 de enero de 2020;56
Total;45 Toledo;45140 Pulgar;De 80 a 84 años;1 de enero de 2020;50
Total;45 Toledo;45140 Pulgar;De 85 a 89 años;1 de enero de 2020;50
Total;45 Toledo;45140 Pulgar;De 90 a 94 años;1 de enero de 2020;21
Total;45 Toledo;45140 Pulgar;De 95 a 99 años;1 de enero de 2020;6
Total;45 Toledo;45140 Pulgar;100 y más años;1 de enero de 2020;1
Total;45 Toledo;45141 Quero;Todas las edades;1 de enero de 2020;980
Total;45 Toledo;45141 Quero;De 0 a 4 años;1 de enero de 2020;25
Total;45 Toledo;45141 Quero;De 5 a 9 años;1 de enero de 2020;27
Total;45 Toledo;45141 Quero;De 10 a 14 años;1 de enero de 2020;38
Total;45 Toledo;45141 Quero;De 65 a 69 años;1 de enero de 2020;57
Total;45 Toledo;45141 Quero;De 70 a 74 años;1 de enero de 2020;57
Total;45 Toledo;45141 Quero;De 75 a 79 años;1 de enero de 2020;59
Total;45 Toledo;45141 Quero;De 80 a 84 años;1 de enero de 2020;49
Total;45 Toledo;45141 Quero;De 85 a 89 años;1 de enero de 2020;51
Total;45 Toledo;45141 Quero;De 90 a 94 años;1 de enero de 2020;14
Total;45 Toledo;45141 Quero;De 95 a 99 años;1 de enero de 2020;1
Total;45 Toledo;45141 Quero;100 y más años;1 de enero de 2020;1
Total;45 Toledo;45142 Quintanar de la Orden;Todas las edades;1 de enero de 2020;11.148
Total;45 Toledo;45142 Quintanar de la Orden;De 0 a 4 años;1 de enero de 2020;486
Total;45 Toledo;45142 Quintanar de la Orden;De 5 a 9 años;1 de enero de 2020;583
Total;45 Toledo;45142 Quintanar de la Orden;De 10 a 14 años;1 de enero de 2020;716
Total;45 Toledo;45142 Quintanar de la Orden;De 65 a 69 años;1 de enero de 2020;467
Total;45 Toledo;45142 Quintanar de la Orden;De 70 a 74 años;1 de enero de 2020;445
Total;45 Toledo;45142 Quintanar de la Orden;De 75 a 79 años;1 de enero de 2020;393
Total;45 Toledo;45142 Quintanar de la Orden;De 80 a 84 años;1 de enero de 2020;257
Total;45 Toledo;45142 Quintanar de la Orden;De 85 a 89 años;1 de enero de 2020;233
Total;45 Toledo;45142 Quintanar de la Orden;De 90 a 94 años;1 de enero de 2020;101
Total;45 Toledo;45142 Quintanar de la Orden;De 95 a 99 años;1 de enero de 2020;19
Total;45 Toledo;45142 Quintanar de la Orden;100 y más años;1 de enero de 2020;2
Total;45 Toledo;45143 Quismondo;Todas las edades;1 de enero de 2020;1.564
Total;45 Toledo;45143 Quismondo;De 0 a 4 años;1 de enero de 2020;63
Total;45 Toledo;45143 Quismondo;De 5 a 9 años;1 de enero de 2020;81
Total;45 Toledo;45143 Quismondo;De 10 a 14 años;1 de enero de 2020;103
Total;45 Toledo;45143 Quismondo;De 65 a 69 años;1 de enero de 2020;72
Total;45 Toledo;45143 Quismondo;De 70 a 74 años;1 de enero de 2020;71
Total;45 Toledo;45143 Quismondo;De 75 a 79 años;1 de enero de 2020;53
Total;45 Toledo;45143 Quismondo;De 80 a 84 años;1 de enero de 2020;68
Total;45 Toledo;45143 Quismondo;De 85 a 89 años;1 de enero de 2020;38
Total;45 Toledo;45143 Quismondo;De 90 a 94 años;1 de enero de 2020;18
Total;45 Toledo;45143 Quismondo;De 95 a 99 años;1 de enero de 2020;5
Total;45 Toledo;45143 Quismondo;100 y más años;1 de enero de 2020;0
Total;45 Toledo;45144 Real de San Vicente, El;Todas las edades;1 de enero de 2020;919
Total;45 Toledo;45144 Real de San Vicente, El;De 0 a 4 años;1 de enero de 2020;24
Total;45 Toledo;45144 Real de San Vicente, El;De 5 a 9 años;1 de enero de 2020;24
Total;45 Toledo;45144 Real de San Vicente, El;De 10 a 14 años;1 de enero de 2020;23
Total;45 Toledo;45144 Real de San Vicente, El;De 65 a 69 años;1 de enero de 2020;47
Total;45 Toledo;45144 Real de San Vicente, El;De 70 a 74 años;1 de enero de 2020;67
Total;45 Toledo;45144 Real de San Vicente, El;De 75 a 79 años;1 de enero de 2020;51
Total;45 Toledo;45144 Real de San Vicente, El;De 80 a 84 años;1 de enero de 2020;43
Total;45 Toledo;45144 Real de San Vicente, El;De 85 a 89 años;1 de enero de 2020;51
Total;45 Toledo;45144 Real de San Vicente, El;De 90 a 94 años;1 de enero de 2020;24
Total;45 Toledo;45144 Real de San Vicente, El;De 95 a 99 años;1 de enero de 2020;18
Total;45 Toledo;45144 Real de San Vicente, El;100 y más años;1 de enero de 2020;2
Total;45 Toledo;45145 Recas;Todas las edades;1 de enero de 2020;4.504
Total;45 Toledo;45145 Recas;De 0 a 4 años;1 de enero de 2020;273
Total;45 Toledo;45145 Recas;De 5 a 9 años;1 de enero de 2020;263
Total;45 Toledo;45145 Recas;De 10 a 14 años;1 de enero de 2020;275
Total;45 Toledo;45145 Recas;De 65 a 69 años;1 de enero de 2020;136
Total;45 Toledo;45145 Recas;De 70 a 74 años;1 de enero de 2020;106
Total;45 Toledo;45145 Recas;De 75 a 79 años;1 de enero de 2020;109
Total;45 Toledo;45145 Recas;De 80 a 84 años;1 de enero de 2020;101
Total;45 Toledo;45145 Recas;De 85 a 89 años;1 de enero de 2020;81
Total;45 Toledo;45145 Recas;De 90 a 94 años;1 de enero de 2020;33
Total;45 Toledo;45145 Recas;De 95 a 99 años;1 de enero de 2020;12
Total;45 Toledo;45145 Recas;100 y más años;1 de enero de 2020;3
Total;45 Toledo;45146 Retamoso de la Jara;Todas las edades;1 de enero de 2020;103
Total;45 Toledo;45146 Retamoso de la Jara;De 0 a 4 años;1 de enero de 2020;2
Total;45 Toledo;45146 Retamoso de la Jara;De 5 a 9 años;1 de enero de 2020;0
Total;45 Toledo;45146 Retamoso de la Jara;De 10 a 14 años;1 de enero de 2020;0
Total;45 Toledo;45146 Retamoso de la Jara;De 65 a 69 años;1 de enero de 2020;8
Total;45 Toledo;45146 Retamoso de la Jara;De 70 a 74 años;1 de enero de 2020;10
Total;45 Toledo;45146 Retamoso de la Jara;De 75 a 79 años;1 de enero de 2020;12
Total;45 Toledo;45146 Retamoso de la Jara;De 80 a 84 años;1 de enero de 2020;1
Total;45 Toledo;45146 Retamoso de la Jara;De 85 a 89 años;1 de enero de 2020;11
Total;45 Toledo;45146 Retamoso de la Jara;De 90 a 94 años;1 de enero de 2020;7
Total;45 Toledo;45146 Retamoso de la Jara;De 95 a 99 años;1 de enero de 2020;4
Total;45 Toledo;45146 Retamoso de la Jara;100 y más años;1 de enero de 2020;0
Total;45 Toledo;45147 Rielves;Todas las edades;1 de enero de 2020;749
Total;45 Toledo;45147 Rielves;De 0 a 4 años;1 de enero de 2020;28
Total;45 Toledo;45147 Rielves;De 5 a 9 años;1 de enero de 2020;39
Total;45 Toledo;45147 Rielves;De 10 a 14 años;1 de enero de 2020;42
Total;45 Toledo;45147 Rielves;De 65 a 69 años;1 de enero de 2020;28
Total;45 Toledo;45147 Rielves;De 70 a 74 años;1 de enero de 2020;29
Total;45 Toledo;45147 Rielves;De 75 a 79 años;1 de enero de 2020;24
Total;45 Toledo;45147 Rielves;De 80 a 84 años;1 de enero de 2020;23
Total;45 Toledo;45147 Rielves;De 85 a 89 años;1 de enero de 2020;16
Total;45 Toledo;45147 Rielves;De 90 a 94 años;1 de enero de 2020;10
Total;45 Toledo;45147 Rielves;De 95 a 99 años;1 de enero de 2020;2
Total;45 Toledo;45147 Rielves;100 y más años;1 de enero de 2020;0
Total;45 Toledo;45148 Robledo del Mazo;Todas las edades;1 de enero de 2020;261
Total;45 Toledo;45148 Robledo del Mazo;De 0 a 4 años;1 de enero de 2020;1
Total;45 Toledo;45148 Robledo del Mazo;De 5 a 9 años;1 de enero de 2020;1
Total;45 Toledo;45148 Robledo del Mazo;De 10 a 14 años;1 de enero de 2020;3
Total;45 Toledo;45148 Robledo del Mazo;De 65 a 69 años;1 de enero de 2020;16
Total;45 Toledo;45148 Robledo del Mazo;De 70 a 74 años;1 de enero de 2020;31
Total;45 Toledo;45148 Robledo del Mazo;De 75 a 79 años;1 de enero de 2020;18
Total;45 Toledo;45148 Robledo del Mazo;De 80 a 84 años;1 de enero de 2020;25
Total;45 Toledo;45148 Robledo del Mazo;De 85 a 89 años;1 de enero de 2020;27
Total;45 Toledo;45148 Robledo del Mazo;De 90 a 94 años;1 de enero de 2020;9
Total;45 Toledo;45148 Robledo del Mazo;De 95 a 99 años;1 de enero de 2020;6
Total;45 Toledo;45148 Robledo del Mazo;100 y más años;1 de enero de 2020;0
Total;45 Toledo;45149 Romeral, El;Todas las edades;1 de enero de 2020;582
Total;45 Toledo;45149 Romeral, El;De 0 a 4 años;1 de enero de 2020;8
Total;45 Toledo;45149 Romeral, El;De 5 a 9 años;1 de enero de 2020;10
Total;45 Toledo;45149 Romeral, El;De 10 a 14 años;1 de enero de 2020;15
Total;45 Toledo;45149 Romeral, El;De 65 a 69 años;1 de enero de 2020;26
Total;45 Toledo;45149 Romeral, El;De 70 a 74 años;1 de enero de 2020;34
Total;45 Toledo;45149 Romeral, El;De 75 a 79 años;1 de enero de 2020;31
Total;45 Toledo;45149 Romeral, El;De 80 a 84 años;1 de enero de 2020;34
Total;45 Toledo;45149 Romeral, El;De 85 a 89 años;1 de enero de 2020;32
Total;45 Toledo;45149 Romeral, El;De 90 a 94 años;1 de enero de 2020;31
Total;45 Toledo;45149 Romeral, El;De 95 a 99 años;1 de enero de 2020;2
Total;45 Toledo;45149 Romeral, El;100 y más años;1 de enero de 2020;0
Total;45 Toledo;45150 San Bartolomé de las Abiertas;Todas las edades;1 de enero de 2020;437
Total;45 Toledo;45150 San Bartolomé de las Abiertas;De 0 a 4 años;1 de enero de 2020;9
Total;45 Toledo;45150 San Bartolomé de las Abiertas;De 5 a 9 años;1 de enero de 2020;11
Total;45 Toledo;45150 San Bartolomé de las Abiertas;De 10 a 14 años;1 de enero de 2020;30
Total;45 Toledo;45150 San Bartolomé de las Abiertas;De 65 a 69 años;1 de enero de 2020;36
Total;45 Toledo;45150 San Bartolomé de las Abiertas;De 70 a 74 años;1 de enero de 2020;29
Total;45 Toledo;45150 San Bartolomé de las Abiertas;De 75 a 79 años;1 de enero de 2020;29
Total;45 Toledo;45150 San Bartolomé de las Abiertas;De 80 a 84 años;1 de enero de 2020;28
Total;45 Toledo;45150 San Bartolomé de las Abiertas;De 85 a 89 años;1 de enero de 2020;29
Total;45 Toledo;45150 San Bartolomé de las Abiertas;De 90 a 94 años;1 de enero de 2020;5
Total;45 Toledo;45150 San Bartolomé de las Abiertas;De 95 a 99 años;1 de enero de 2020;2
Total;45 Toledo;45150 San Bartolomé de las Abiertas;100 y más años;1 de enero de 2020;0
Total;45 Toledo;45151 San Martín de Montalbán;Todas las edades;1 de enero de 2020;726
Total;45 Toledo;45151 San Martín de Montalbán;De 0 a 4 años;1 de enero de 2020;20
Total;45 Toledo;45151 San Martín de Montalbán;De 5 a 9 años;1 de enero de 2020;26
Total;45 Toledo;45151 San Martín de Montalbán;De 10 a 14 años;1 de enero de 2020;26
Total;45 Toledo;45151 San Martín de Montalbán;De 65 a 69 años;1 de enero de 2020;58
Total;45 Toledo;45151 San Martín de Montalbán;De 70 a 74 años;1 de enero de 2020;40
Total;45 Toledo;45151 San Martín de Montalbán;De 75 a 79 años;1 de enero de 2020;38
Total;45 Toledo;45151 San Martín de Montalbán;De 80 a 84 años;1 de enero de 2020;46
Total;45 Toledo;45151 San Martín de Montalbán;De 85 a 89 años;1 de enero de 2020;38
Total;45 Toledo;45151 San Martín de Montalbán;De 90 a 94 años;1 de enero de 2020;18
Total;45 Toledo;45151 San Martín de Montalbán;De 95 a 99 años;1 de enero de 2020;2
Total;45 Toledo;45151 San Martín de Montalbán;100 y más años;1 de enero de 2020;0
Total;45 Toledo;45152 San Martín de Pusa;Todas las edades;1 de enero de 2020;629
Total;45 Toledo;45152 San Martín de Pusa;De 0 a 4 años;1 de enero de 2020;14
Total;45 Toledo;45152 San Martín de Pusa;De 5 a 9 años;1 de enero de 2020;15
Total;45 Toledo;45152 San Martín de Pusa;De 10 a 14 años;1 de enero de 2020;19
Total;45 Toledo;45152 San Martín de Pusa;De 65 a 69 años;1 de enero de 2020;35
Total;45 Toledo;45152 San Martín de Pusa;De 70 a 74 años;1 de enero de 2020;49
Total;45 Toledo;45152 San Martín de Pusa;De 75 a 79 años;1 de enero de 2020;47
Total;45 Toledo;45152 San Martín de Pusa;De 80 a 84 años;1 de enero de 2020;39
Total;45 Toledo;45152 San Martín de Pusa;De 85 a 89 años;1 de enero de 2020;36
Total;45 Toledo;45152 San Martín de Pusa;De 90 a 94 años;1 de enero de 2020;13
Total;45 Toledo;45152 San Martín de Pusa;De 95 a 99 años;1 de enero de 2020;6
Total;45 Toledo;45152 San Martín de Pusa;100 y más años;1 de enero de 2020;0
Total;45 Toledo;45153 San Pablo de los Montes;Todas las edades;1 de enero de 2020;1.743
Total;45 Toledo;45153 San Pablo de los Montes;De 0 a 4 años;1 de enero de 2020;55
Total;45 Toledo;45153 San Pablo de los Montes;De 5 a 9 años;1 de enero de 2020;55
Total;45 Toledo;45153 San Pablo de los Montes;De 10 a 14 años;1 de enero de 2020;77
Total;45 Toledo;45153 San Pablo de los Montes;De 65 a 69 años;1 de enero de 2020;100
Total;45 Toledo;45153 San Pablo de los Montes;De 70 a 74 años;1 de enero de 2020;97
Total;45 Toledo;45153 San Pablo de los Montes;De 75 a 79 años;1 de enero de 2020;113
Total;45 Toledo;45153 San Pablo de los Montes;De 80 a 84 años;1 de enero de 2020;72
Total;45 Toledo;45153 San Pablo de los Montes;De 85 a 89 años;1 de enero de 2020;70
Total;45 Toledo;45153 San Pablo de los Montes;De 90 a 94 años;1 de enero de 2020;26
Total;45 Toledo;45153 San Pablo de los Montes;De 95 a 99 años;1 de enero de 2020;8
Total;45 Toledo;45153 San Pablo de los Montes;100 y más años;1 de enero de 2020;2
Total;45 Toledo;45154 San Román de los Montes;Todas las edades;1 de enero de 2020;1.921
Total;45 Toledo;45154 San Román de los Montes;De 0 a 4 años;1 de enero de 2020;72
Total;45 Toledo;45154 San Román de los Montes;De 5 a 9 años;1 de enero de 2020;117
Total;45 Toledo;45154 San Román de los Montes;De 10 a 14 años;1 de enero de 2020;109
Total;45 Toledo;45154 San Román de los Montes;De 65 a 69 años;1 de enero de 2020;120
Total;45 Toledo;45154 San Román de los Montes;De 70 a 74 años;1 de enero de 2020;94
Total;45 Toledo;45154 San Román de los Montes;De 75 a 79 años;1 de enero de 2020;68
Total;45 Toledo;45154 San Román de los Montes;De 80 a 84 años;1 de enero de 2020;43
Total;45 Toledo;45154 San Román de los Montes;De 85 a 89 años;1 de enero de 2020;37
Total;45 Toledo;45154 San Román de los Montes;De 90 a 94 años;1 de enero de 2020;8
Total;45 Toledo;45154 San Román de los Montes;De 95 a 99 años;1 de enero de 2020;2
Total;45 Toledo;45154 San Román de los Montes;100 y más años;1 de enero de 2020;0
Total;45 Toledo;45155 Santa Ana de Pusa;Todas las edades;1 de enero de 2020;350
Total;45 Toledo;45155 Santa Ana de Pusa;De 0 a 4 años;1 de enero de 2020;5
Total;45 Toledo;45155 Santa Ana de Pusa;De 5 a 9 años;1 de enero de 2020;3
Total;45 Toledo;45155 Santa Ana de Pusa;De 10 a 14 años;1 de enero de 2020;11
Total;45 Toledo;45155 Santa Ana de Pusa;De 65 a 69 años;1 de enero de 2020;29
Total;45 Toledo;45155 Santa Ana de Pusa;De 70 a 74 años;1 de enero de 2020;32
Total;45 Toledo;45155 Santa Ana de Pusa;De 75 a 79 años;1 de enero de 2020;25
Total;45 Toledo;45155 Santa Ana de Pusa;De 80 a 84 años;1 de enero de 2020;22
Total;45 Toledo;45155 Santa Ana de Pusa;De 85 a 89 años;1 de enero de 2020;24
Total;45 Toledo;45155 Santa Ana de Pusa;De 90 a 94 años;1 de enero de 2020;11
Total;45 Toledo;45155 Santa Ana de Pusa;De 95 a 99 años;1 de enero de 2020;4
Total;45 Toledo;45155 Santa Ana de Pusa;100 y más años;1 de enero de 2020;0
Total;45 Toledo;45156 Santa Cruz de la Zarza;Todas las edades;1 de enero de 2020;4.089
Total;45 Toledo;45156 Santa Cruz de la Zarza;De 0 a 4 años;1 de enero de 2020;126
Total;45 Toledo;45156 Santa Cruz de la Zarza;De 5 a 9 años;1 de enero de 2020;170
Total;45 Toledo;45156 Santa Cruz de la Zarza;De 10 a 14 años;1 de enero de 2020;214
Total;45 Toledo;45156 Santa Cruz de la Zarza;De 65 a 69 años;1 de enero de 2020;250
Total;45 Toledo;45156 Santa Cruz de la Zarza;De 70 a 74 años;1 de enero de 2020;218
Total;45 Toledo;45156 Santa Cruz de la Zarza;De 75 a 79 años;1 de enero de 2020;195
Total;45 Toledo;45156 Santa Cruz de la Zarza;De 80 a 84 años;1 de enero de 2020;134
Total;45 Toledo;45156 Santa Cruz de la Zarza;De 85 a 89 años;1 de enero de 2020;132
Total;45 Toledo;45156 Santa Cruz de la Zarza;De 90 a 94 años;1 de enero de 2020;69
Total;45 Toledo;45156 Santa Cruz de la Zarza;De 95 a 99 años;1 de enero de 2020;12
Total;45 Toledo;45156 Santa Cruz de la Zarza;100 y más años;1 de enero de 2020;1
Total;45 Toledo;45157 Santa Cruz del Retamar;Todas las edades;1 de enero de 2020;3.302
Total;45 Toledo;45157 Santa Cruz del Retamar;De 0 a 4 años;1 de enero de 2020;138
Total;45 Toledo;45157 Santa Cruz del Retamar;De 5 a 9 años;1 de enero de 2020;179
Total;45 Toledo;45157 Santa Cruz del Retamar;De 10 a 14 años;1 de enero de 2020;206
Total;45 Toledo;45157 Santa Cruz del Retamar;De 65 a 69 años;1 de enero de 2020;157
Total;45 Toledo;45157 Santa Cruz del Retamar;De 70 a 74 años;1 de enero de 2020;116
Total;45 Toledo;45157 Santa Cruz del Retamar;De 75 a 79 años;1 de enero de 2020;80
Total;45 Toledo;45157 Santa Cruz del Retamar;De 80 a 84 años;1 de enero de 2020;83
Total;45 Toledo;45157 Santa Cruz del Retamar;De 85 a 89 años;1 de enero de 2020;90
Total;45 Toledo;45157 Santa Cruz del Retamar;De 90 a 94 años;1 de enero de 2020;42
Total;45 Toledo;45157 Santa Cruz del Retamar;De 95 a 99 años;1 de enero de 2020;16
Total;45 Toledo;45157 Santa Cruz del Retamar;100 y más años;1 de enero de 2020;2
Total;45 Toledo;45158 Santa Olalla;Todas las edades;1 de enero de 2020;3.279
Total;45 Toledo;45158 Santa Olalla;De 0 a 4 años;1 de enero de 2020;142
Total;45 Toledo;45158 Santa Olalla;De 5 a 9 años;1 de enero de 2020;152
Total;45 Toledo;45158 Santa Olalla;De 10 a 14 años;1 de enero de 2020;169
Total;45 Toledo;45158 Santa Olalla;De 65 a 69 años;1 de enero de 2020;157
Total;45 Toledo;45158 Santa Olalla;De 70 a 74 años;1 de enero de 2020;137
Total;45 Toledo;45158 Santa Olalla;De 75 a 79 años;1 de enero de 2020;115
Total;45 Toledo;45158 Santa Olalla;De 80 a 84 años;1 de enero de 2020;104
Total;45 Toledo;45158 Santa Olalla;De 85 a 89 años;1 de enero de 2020;76
Total;45 Toledo;45158 Santa Olalla;De 90 a 94 años;1 de enero de 2020;36
Total;45 Toledo;45158 Santa Olalla;De 95 a 99 años;1 de enero de 2020;8
Total;45 Toledo;45158 Santa Olalla;100 y más años;1 de enero de 2020;0
Total;45 Toledo;45901 Santo Domingo-Caudilla;Todas las edades;1 de enero de 2020;1.046
Total;45 Toledo;45901 Santo Domingo-Caudilla;De 0 a 4 años;1 de enero de 2020;41
Total;45 Toledo;45901 Santo Domingo-Caudilla;De 5 a 9 años;1 de enero de 2020;50
Total;45 Toledo;45901 Santo Domingo-Caudilla;De 10 a 14 años;1 de enero de 2020;64
Total;45 Toledo;45901 Santo Domingo-Caudilla;De 65 a 69 años;1 de enero de 2020;49
Total;45 Toledo;45901 Santo Domingo-Caudilla;De 70 a 74 años;1 de enero de 2020;46
Total;45 Toledo;45901 Santo Domingo-Caudilla;De 75 a 79 años;1 de enero de 2020;36
Total;45 Toledo;45901 Santo Domingo-Caudilla;De 80 a 84 años;1 de enero de 2020;21
Total;45 Toledo;45901 Santo Domingo-Caudilla;De 85 a 89 años;1 de enero de 2020;37
Total;45 Toledo;45901 Santo Domingo-Caudilla;De 90 a 94 años;1 de enero de 2020;9
Total;45 Toledo;45901 Santo Domingo-Caudilla;De 95 a 99 años;1 de enero de 2020;5
Total;45 Toledo;45901 Santo Domingo-Caudilla;100 y más años;1 de enero de 2020;2
Total;45 Toledo;45159 Sartajada;Todas las edades;1 de enero de 2020;94
Total;45 Toledo;45159 Sartajada;De 0 a 4 años;1 de enero de 2020;1
Total;45 Toledo;45159 Sartajada;De 5 a 9 años;1 de enero de 2020;5
Total;45 Toledo;45159 Sartajada;De 10 a 14 años;1 de enero de 2020;4
Total;45 Toledo;45159 Sartajada;De 65 a 69 años;1 de enero de 2020;6
Total;45 Toledo;45159 Sartajada;De 70 a 74 años;1 de enero de 2020;6
Total;45 Toledo;45159 Sartajada;De 75 a 79 años;1 de enero de 2020;10
Total;45 Toledo;45159 Sartajada;De 80 a 84 años;1 de enero de 2020;9
Total;45 Toledo;45159 Sartajada;De 85 a 89 años;1 de enero de 2020;4
Total;45 Toledo;45159 Sartajada;De 90 a 94 años;1 de enero de 2020;2
Total;45 Toledo;45159 Sartajada;De 95 a 99 años;1 de enero de 2020;0
Total;45 Toledo;45159 Sartajada;100 y más años;1 de enero de 2020;0
Total;45 Toledo;45160 Segurilla;Todas las edades;1 de enero de 2020;1.349
Total;45 Toledo;45160 Segurilla;De 0 a 4 años;1 de enero de 2020;59
Total;45 Toledo;45160 Segurilla;De 5 a 9 años;1 de enero de 2020;63
Total;45 Toledo;45160 Segurilla;De 10 a 14 años;1 de enero de 2020;83
Total;45 Toledo;45160 Segurilla;De 65 a 69 años;1 de enero de 2020;68
Total;45 Toledo;45160 Segurilla;De 70 a 74 años;1 de enero de 2020;54
Total;45 Toledo;45160 Segurilla;De 75 a 79 años;1 de enero de 2020;59
Total;45 Toledo;45160 Segurilla;De 80 a 84 años;1 de enero de 2020;47
Total;45 Toledo;45160 Segurilla;De 85 a 89 años;1 de enero de 2020;43
Total;45 Toledo;45160 Segurilla;De 90 a 94 años;1 de enero de 2020;13
Total;45 Toledo;45160 Segurilla;De 95 a 99 años;1 de enero de 2020;2
Total;45 Toledo;45160 Segurilla;100 y más años;1 de enero de 2020;0
Total;45 Toledo;45161 Seseña;Todas las edades;1 de enero de 2020;27.066
Total;45 Toledo;45161 Seseña;De 0 a 4 años;1 de enero de 2020;1.844
Total;45 Toledo;45161 Seseña;De 5 a 9 años;1 de enero de 2020;2.305
Total;45 Toledo;45161 Seseña;De 10 a 14 años;1 de enero de 2020;2.140
Total;45 Toledo;45161 Seseña;De 65 a 69 años;1 de enero de 2020;654
Total;45 Toledo;45161 Seseña;De 70 a 74 años;1 de enero de 2020;474
Total;45 Toledo;45161 Seseña;De 75 a 79 años;1 de enero de 2020;260
Total;45 Toledo;45161 Seseña;De 80 a 84 años;1 de enero de 2020;175
Total;45 Toledo;45161 Seseña;De 85 a 89 años;1 de enero de 2020;113
Total;45 Toledo;45161 Seseña;De 90 a 94 años;1 de enero de 2020;54
Total;45 Toledo;45161 Seseña;De 95 a 99 años;1 de enero de 2020;13
Total;45 Toledo;45161 Seseña;100 y más años;1 de enero de 2020;2
Total;45 Toledo;45162 Sevilleja de la Jara;Todas las edades;1 de enero de 2020;668
Total;45 Toledo;45162 Sevilleja de la Jara;De 0 a 4 años;1 de enero de 2020;5
Total;45 Toledo;45162 Sevilleja de la Jara;De 5 a 9 años;1 de enero de 2020;8
Total;45 Toledo;45162 Sevilleja de la Jara;De 10 a 14 años;1 de enero de 2020;11
Total;45 Toledo;45162 Sevilleja de la Jara;De 65 a 69 años;1 de enero de 2020;58
Total;45 Toledo;45162 Sevilleja de la Jara;De 70 a 74 años;1 de enero de 2020;52
Total;45 Toledo;45162 Sevilleja de la Jara;De 75 a 79 años;1 de enero de 2020;59
Total;45 Toledo;45162 Sevilleja de la Jara;De 80 a 84 años;1 de enero de 2020;46
Total;45 Toledo;45162 Sevilleja de la Jara;De 85 a 89 años;1 de enero de 2020;63
Total;45 Toledo;45162 Sevilleja de la Jara;De 90 a 94 años;1 de enero de 2020;39
Total;45 Toledo;45162 Sevilleja de la Jara;De 95 a 99 años;1 de enero de 2020;5
Total;45 Toledo;45162 Sevilleja de la Jara;100 y más años;1 de enero de 2020;0
Total;45 Toledo;45163 Sonseca;Todas las edades;1 de enero de 2020;11.082
Total;45 Toledo;45163 Sonseca;De 0 a 4 años;1 de enero de 2020;507
Total;45 Toledo;45163 Sonseca;De 5 a 9 años;1 de enero de 2020;631
Total;45 Toledo;45163 Sonseca;De 10 a 14 años;1 de enero de 2020;620
Total;45 Toledo;45163 Sonseca;De 65 a 69 años;1 de enero de 2020;545
Total;45 Toledo;45163 Sonseca;De 70 a 74 años;1 de enero de 2020;504
Total;45 Toledo;45163 Sonseca;De 75 a 79 años;1 de enero de 2020;386
Total;45 Toledo;45163 Sonseca;De 80 a 84 años;1 de enero de 2020;284
Total;45 Toledo;45163 Sonseca;De 85 a 89 años;1 de enero de 2020;267
Total;45 Toledo;45163 Sonseca;De 90 a 94 años;1 de enero de 2020;136
Total;45 Toledo;45163 Sonseca;De 95 a 99 años;1 de enero de 2020;34
Total;45 Toledo;45163 Sonseca;100 y más años;1 de enero de 2020;3
Total;45 Toledo;45164 Sotillo de las Palomas;Todas las edades;1 de enero de 2020;175
Total;45 Toledo;45164 Sotillo de las Palomas;De 0 a 4 años;1 de enero de 2020;3
Total;45 Toledo;45164 Sotillo de las Palomas;De 5 a 9 años;1 de enero de 2020;3
Total;45 Toledo;45164 Sotillo de las Palomas;De 10 a 14 años;1 de enero de 2020;5
Total;45 Toledo;45164 Sotillo de las Palomas;De 65 a 69 años;1 de enero de 2020;14
Total;45 Toledo;45164 Sotillo de las Palomas;De 70 a 74 años;1 de enero de 2020;12
Total;45 Toledo;45164 Sotillo de las Palomas;De 75 a 79 años;1 de enero de 2020;16
Total;45 Toledo;45164 Sotillo de las Palomas;De 80 a 84 años;1 de enero de 2020;18
Total;45 Toledo;45164 Sotillo de las Palomas;De 85 a 89 años;1 de enero de 2020;13
Total;45 Toledo;45164 Sotillo de las Palomas;De 90 a 94 años;1 de enero de 2020;4
Total;45 Toledo;45164 Sotillo de las Palomas;De 95 a 99 años;1 de enero de 2020;3
Total;45 Toledo;45164 Sotillo de las Palomas;100 y más años;1 de enero de 2020;0
Total;45 Toledo;45165 Talavera de la Reina;Todas las edades;1 de enero de 2020;83.663
Total;45 Toledo;45165 Talavera de la Reina;De 0 a 4 años;1 de enero de 2020;3.644
Total;45 Toledo;45165 Talavera de la Reina;De 5 a 9 años;1 de enero de 2020;4.199
Total;45 Toledo;45165 Talavera de la Reina;De 10 a 14 años;1 de enero de 2020;5.014
Total;45 Toledo;45165 Talavera de la Reina;De 65 a 69 años;1 de enero de 2020;4.181
Total;45 Toledo;45165 Talavera de la Reina;De 70 a 74 años;1 de enero de 2020;3.681
Total;45 Toledo;45165 Talavera de la Reina;De 75 a 79 años;1 de enero de 2020;3.005
Total;45 Toledo;45165 Talavera de la Reina;De 80 a 84 años;1 de enero de 2020;2.399
Total;45 Toledo;45165 Talavera de la Reina;De 85 a 89 años;1 de enero de 2020;1.838
Total;45 Toledo;45165 Talavera de la Reina;De 90 a 94 años;1 de enero de 2020;775
Total;45 Toledo;45165 Talavera de la Reina;De 95 a 99 años;1 de enero de 2020;165
Total;45 Toledo;45165 Talavera de la Reina;100 y más años;1 de enero de 2020;28
Total;45 Toledo;45166 Tembleque;Todas las edades;1 de enero de 2020;1.966
Total;45 Toledo;45166 Tembleque;De 0 a 4 años;1 de enero de 2020;47
Total;45 Toledo;45166 Tembleque;De 5 a 9 años;1 de enero de 2020;81
Total;45 Toledo;45166 Tembleque;De 10 a 14 años;1 de enero de 2020;101
Total;45 Toledo;45166 Tembleque;De 65 a 69 años;1 de enero de 2020;122
Total;45 Toledo;45166 Tembleque;De 70 a 74 años;1 de enero de 2020;82
Total;45 Toledo;45166 Tembleque;De 75 a 79 años;1 de enero de 2020;80
Total;45 Toledo;45166 Tembleque;De 80 a 84 años;1 de enero de 2020;69
Total;45 Toledo;45166 Tembleque;De 85 a 89 años;1 de enero de 2020;81
Total;45 Toledo;45166 Tembleque;De 90 a 94 años;1 de enero de 2020;42
Total;45 Toledo;45166 Tembleque;De 95 a 99 años;1 de enero de 2020;11
Total;45 Toledo;45166 Tembleque;100 y más años;1 de enero de 2020;1
Total;45 Toledo;45167 Toboso, El;Todas las edades;1 de enero de 2020;1.741
Total;45 Toledo;45167 Toboso, El;De 0 a 4 años;1 de enero de 2020;40
Total;45 Toledo;45167 Toboso, El;De 5 a 9 años;1 de enero de 2020;56
Total;45 Toledo;45167 Toboso, El;De 10 a 14 años;1 de enero de 2020;75
Total;45 Toledo;45167 Toboso, El;De 65 a 69 años;1 de enero de 2020;82
Total;45 Toledo;45167 Toboso, El;De 70 a 74 años;1 de enero de 2020;110
Total;45 Toledo;45167 Toboso, El;De 75 a 79 años;1 de enero de 2020;127
Total;45 Toledo;45167 Toboso, El;De 80 a 84 años;1 de enero de 2020;96
Total;45 Toledo;45167 Toboso, El;De 85 a 89 años;1 de enero de 2020;57
Total;45 Toledo;45167 Toboso, El;De 90 a 94 años;1 de enero de 2020;30
Total;45 Toledo;45167 Toboso, El;De 95 a 99 años;1 de enero de 2020;8
Total;45 Toledo;45167 Toboso, El;100 y más años;1 de enero de 2020;1
Total;45 Toledo;45168 Toledo;Todas las edades;1 de enero de 2020;85.811
Total;45 Toledo;45168 Toledo;De 0 a 4 años;1 de enero de 2020;4.140
Total;45 Toledo;45168 Toledo;De 5 a 9 años;1 de enero de 2020;4.748
Total;45 Toledo;45168 Toledo;De 10 a 14 años;1 de enero de 2020;4.864
Total;45 Toledo;45168 Toledo;De 65 a 69 años;1 de enero de 2020;4.076
Total;45 Toledo;45168 Toledo;De 70 a 74 años;1 de enero de 2020;3.672
Total;45 Toledo;45168 Toledo;De 75 a 79 años;1 de enero de 2020;2.733
Total;45 Toledo;45168 Toledo;De 80 a 84 años;1 de enero de 2020;1.818
Total;45 Toledo;45168 Toledo;De 85 a 89 años;1 de enero de 2020;1.475
Total;45 Toledo;45168 Toledo;De 90 a 94 años;1 de enero de 2020;734
Total;45 Toledo;45168 Toledo;De 95 a 99 años;1 de enero de 2020;205
Total;45 Toledo;45168 Toledo;100 y más años;1 de enero de 2020;29
Total;45 Toledo;45169 Torralba de Oropesa;Todas las edades;1 de enero de 2020;197
Total;45 Toledo;45169 Torralba de Oropesa;De 0 a 4 años;1 de enero de 2020;1
Total;45 Toledo;45169 Torralba de Oropesa;De 5 a 9 años;1 de enero de 2020;2
Total;45 Toledo;45169 Torralba de Oropesa;De 10 a 14 años;1 de enero de 2020;9
Total;45 Toledo;45169 Torralba de Oropesa;De 65 a 69 años;1 de enero de 2020;12
Total;45 Toledo;45169 Torralba de Oropesa;De 70 a 74 años;1 de enero de 2020;10
Total;45 Toledo;45169 Torralba de Oropesa;De 75 a 79 años;1 de enero de 2020;8
Total;45 Toledo;45169 Torralba de Oropesa;De 80 a 84 años;1 de enero de 2020;8
Total;45 Toledo;45169 Torralba de Oropesa;De 85 a 89 años;1 de enero de 2020;14
Total;45 Toledo;45169 Torralba de Oropesa;De 90 a 94 años;1 de enero de 2020;8
Total;45 Toledo;45169 Torralba de Oropesa;De 95 a 99 años;1 de enero de 2020;1
Total;45 Toledo;45169 Torralba de Oropesa;100 y más años;1 de enero de 2020;0
Total;45 Toledo;45171 Torre de Esteban Hambrán, La;Todas las edades;1 de enero de 2020;1.670
Total;45 Toledo;45171 Torre de Esteban Hambrán, La;De 0 a 4 años;1 de enero de 2020;51
Total;45 Toledo;45171 Torre de Esteban Hambrán, La;De 5 a 9 años;1 de enero de 2020;59
Total;45 Toledo;45171 Torre de Esteban Hambrán, La;De 10 a 14 años;1 de enero de 2020;81
Total;45 Toledo;45171 Torre de Esteban Hambrán, La;De 65 a 69 años;1 de enero de 2020;96
Total;45 Toledo;45171 Torre de Esteban Hambrán, La;De 70 a 74 años;1 de enero de 2020;71
Total;45 Toledo;45171 Torre de Esteban Hambrán, La;De 75 a 79 años;1 de enero de 2020;72
Total;45 Toledo;45171 Torre de Esteban Hambrán, La;De 80 a 84 años;1 de enero de 2020;60
Total;45 Toledo;45171 Torre de Esteban Hambrán, La;De 85 a 89 años;1 de enero de 2020;73
Total;45 Toledo;45171 Torre de Esteban Hambrán, La;De 90 a 94 años;1 de enero de 2020;42
Total;45 Toledo;45171 Torre de Esteban Hambrán, La;De 95 a 99 años;1 de enero de 2020;11
Total;45 Toledo;45171 Torre de Esteban Hambrán, La;100 y más años;1 de enero de 2020;3
Total;45 Toledo;45170 Torrecilla de la Jara;Todas las edades;1 de enero de 2020;207
Total;45 Toledo;45170 Torrecilla de la Jara;De 0 a 4 años;1 de enero de 2020;3
Total;45 Toledo;45170 Torrecilla de la Jara;De 5 a 9 años;1 de enero de 2020;2
Total;45 Toledo;45170 Torrecilla de la Jara;De 10 a 14 años;1 de enero de 2020;3
Total;45 Toledo;45170 Torrecilla de la Jara;De 65 a 69 años;1 de enero de 2020;16
Total;45 Toledo;45170 Torrecilla de la Jara;De 70 a 74 años;1 de enero de 2020;23
Total;45 Toledo;45170 Torrecilla de la Jara;De 75 a 79 años;1 de enero de 2020;13
Total;45 Toledo;45170 Torrecilla de la Jara;De 80 a 84 años;1 de enero de 2020;11
Total;45 Toledo;45170 Torrecilla de la Jara;De 85 a 89 años;1 de enero de 2020;19
Total;45 Toledo;45170 Torrecilla de la Jara;De 90 a 94 años;1 de enero de 2020;8
Total;45 Toledo;45170 Torrecilla de la Jara;De 95 a 99 años;1 de enero de 2020;5
Total;45 Toledo;45170 Torrecilla de la Jara;100 y más años;1 de enero de 2020;1
Total;45 Toledo;45172 Torrico;Todas las edades;1 de enero de 2020;698
Total;45 Toledo;45172 Torrico;De 0 a 4 años;1 de enero de 2020;12
Total;45 Toledo;45172 Torrico;De 5 a 9 años;1 de enero de 2020;18
Total;45 Toledo;45172 Torrico;De 10 a 14 años;1 de enero de 2020;14
Total;45 Toledo;45172 Torrico;De 65 a 69 años;1 de enero de 2020;49
Total;45 Toledo;45172 Torrico;De 70 a 74 años;1 de enero de 2020;48
Total;45 Toledo;45172 Torrico;De 75 a 79 años;1 de enero de 2020;44
Total;45 Toledo;45172 Torrico;De 80 a 84 años;1 de enero de 2020;53
Total;45 Toledo;45172 Torrico;De 85 a 89 años;1 de enero de 2020;41
Total;45 Toledo;45172 Torrico;De 90 a 94 años;1 de enero de 2020;21
Total;45 Toledo;45172 Torrico;De 95 a 99 años;1 de enero de 2020;8
Total;45 Toledo;45172 Torrico;100 y más años;1 de enero de 2020;0
Total;45 Toledo;45173 Torrijos;Todas las edades;1 de enero de 2020;13.684
Total;45 Toledo;45173 Torrijos;De 0 a 4 años;1 de enero de 2020;693
Total;45 Toledo;45173 Torrijos;De 5 a 9 años;1 de enero de 2020;804
Total;45 Toledo;45173 Torrijos;De 10 a 14 años;1 de enero de 2020;782
Total;45 Toledo;45173 Torrijos;De 65 a 69 años;1 de enero de 2020;652
Total;45 Toledo;45173 Torrijos;De 70 a 74 años;1 de enero de 2020;507
Total;45 Toledo;45173 Torrijos;De 75 a 79 años;1 de enero de 2020;448
Total;45 Toledo;45173 Torrijos;De 80 a 84 años;1 de enero de 2020;297
Total;45 Toledo;45173 Torrijos;De 85 a 89 años;1 de enero de 2020;213
Total;45 Toledo;45173 Torrijos;De 90 a 94 años;1 de enero de 2020;106
Total;45 Toledo;45173 Torrijos;De 95 a 99 años;1 de enero de 2020;21
Total;45 Toledo;45173 Torrijos;100 y más años;1 de enero de 2020;2
Total;45 Toledo;45174 Totanés;Todas las edades;1 de enero de 2020;355
Total;45 Toledo;45174 Totanés;De 0 a 4 años;1 de enero de 2020;10
Total;45 Toledo;45174 Totanés;De 5 a 9 años;1 de enero de 2020;14
Total;45 Toledo;45174 Totanés;De 10 a 14 años;1 de enero de 2020;10
Total;45 Toledo;45174 Totanés;De 65 a 69 años;1 de enero de 2020;25
Total;45 Toledo;45174 Totanés;De 70 a 74 años;1 de enero de 2020;15
Total;45 Toledo;45174 Totanés;De 75 a 79 años;1 de enero de 2020;14
Total;45 Toledo;45174 Totanés;De 80 a 84 años;1 de enero de 2020;15
Total;45 Toledo;45174 Totanés;De 85 a 89 años;1 de enero de 2020;14
Total;45 Toledo;45174 Totanés;De 90 a 94 años;1 de enero de 2020;7
Total;45 Toledo;45174 Totanés;De 95 a 99 años;1 de enero de 2020;1
Total;45 Toledo;45174 Totanés;100 y más años;1 de enero de 2020;0
Total;45 Toledo;45175 Turleque;Todas las edades;1 de enero de 2020;736
Total;45 Toledo;45175 Turleque;De 0 a 4 años;1 de enero de 2020;17
Total;45 Toledo;45175 Turleque;De 5 a 9 años;1 de enero de 2020;23
Total;45 Toledo;45175 Turleque;De 10 a 14 años;1 de enero de 2020;27
Total;45 Toledo;45175 Turleque;De 65 a 69 años;1 de enero de 2020;43
Total;45 Toledo;45175 Turleque;De 70 a 74 años;1 de enero de 2020;54
Total;45 Toledo;45175 Turleque;De 75 a 79 años;1 de enero de 2020;57
Total;45 Toledo;45175 Turleque;De 80 a 84 años;1 de enero de 2020;37
Total;45 Toledo;45175 Turleque;De 85 a 89 años;1 de enero de 2020;37
Total;45 Toledo;45175 Turleque;De 90 a 94 años;1 de enero de 2020;16
Total;45 Toledo;45175 Turleque;De 95 a 99 años;1 de enero de 2020;6
Total;45 Toledo;45175 Turleque;100 y más años;1 de enero de 2020;0
Total;45 Toledo;45176 Ugena;Todas las edades;1 de enero de 2020;5.467
Total;45 Toledo;45176 Ugena;De 0 a 4 años;1 de enero de 2020;247
Total;45 Toledo;45176 Ugena;De 5 a 9 años;1 de enero de 2020;376
Total;45 Toledo;45176 Ugena;De 10 a 14 años;1 de enero de 2020;415
Total;45 Toledo;45176 Ugena;De 65 a 69 años;1 de enero de 2020;168
Total;45 Toledo;45176 Ugena;De 70 a 74 años;1 de enero de 2020;124
Total;45 Toledo;45176 Ugena;De 75 a 79 años;1 de enero de 2020;66
Total;45 Toledo;45176 Ugena;De 80 a 84 años;1 de enero de 2020;54
Total;45 Toledo;45176 Ugena;De 85 a 89 años;1 de enero de 2020;30
Total;45 Toledo;45176 Ugena;De 90 a 94 años;1 de enero de 2020;17
Total;45 Toledo;45176 Ugena;De 95 a 99 años;1 de enero de 2020;1
Total;45 Toledo;45176 Ugena;100 y más años;1 de enero de 2020;1
Total;45 Toledo;45177 Urda;Todas las edades;1 de enero de 2020;2.477
Total;45 Toledo;45177 Urda;De 0 a 4 años;1 de enero de 2020;68
Total;45 Toledo;45177 Urda;De 5 a 9 años;1 de enero de 2020;101
Total;45 Toledo;45177 Urda;De 10 a 14 años;1 de enero de 2020;113
Total;45 Toledo;45177 Urda;De 65 a 69 años;1 de enero de 2020;143
Total;45 Toledo;45177 Urda;De 70 a 74 años;1 de enero de 2020;134
Total;45 Toledo;45177 Urda;De 75 a 79 años;1 de enero de 2020;101
Total;45 Toledo;45177 Urda;De 80 a 84 años;1 de enero de 2020;83
Total;45 Toledo;45177 Urda;De 85 a 89 años;1 de enero de 2020;96
Total;45 Toledo;45177 Urda;De 90 a 94 años;1 de enero de 2020;51
Total;45 Toledo;45177 Urda;De 95 a 99 años;1 de enero de 2020;12
Total;45 Toledo;45177 Urda;100 y más años;1 de enero de 2020;3
Total;45 Toledo;45179 Valdeverdeja;Todas las edades;1 de enero de 2020;549
Total;45 Toledo;45179 Valdeverdeja;De 0 a 4 años;1 de enero de 2020;12
Total;45 Toledo;45179 Valdeverdeja;De 5 a 9 años;1 de enero de 2020;12
Total;45 Toledo;45179 Valdeverdeja;De 10 a 14 años;1 de enero de 2020;12
Total;45 Toledo;45179 Valdeverdeja;De 65 a 69 años;1 de enero de 2020;34
Total;45 Toledo;45179 Valdeverdeja;De 70 a 74 años;1 de enero de 2020;22
Total;45 Toledo;45179 Valdeverdeja;De 75 a 79 años;1 de enero de 2020;36
Total;45 Toledo;45179 Valdeverdeja;De 80 a 84 años;1 de enero de 2020;36
Total;45 Toledo;45179 Valdeverdeja;De 85 a 89 años;1 de enero de 2020;40
Total;45 Toledo;45179 Valdeverdeja;De 90 a 94 años;1 de enero de 2020;26
Total;45 Toledo;45179 Valdeverdeja;De 95 a 99 años;1 de enero de 2020;6
Total;45 Toledo;45179 Valdeverdeja;100 y más años;1 de enero de 2020;3
Total;45 Toledo;45180 Valmojado;Todas las edades;1 de enero de 2020;4.371
Total;45 Toledo;45180 Valmojado;De 0 a 4 años;1 de enero de 2020;239
Total;45 Toledo;45180 Valmojado;De 5 a 9 años;1 de enero de 2020;311
Total;45 Toledo;45180 Valmojado;De 10 a 14 años;1 de enero de 2020;316
Total;45 Toledo;45180 Valmojado;De 65 a 69 años;1 de enero de 2020;169
Total;45 Toledo;45180 Valmojado;De 70 a 74 años;1 de enero de 2020;157
Total;45 Toledo;45180 Valmojado;De 75 a 79 años;1 de enero de 2020;120
Total;45 Toledo;45180 Valmojado;De 80 a 84 años;1 de enero de 2020;79
Total;45 Toledo;45180 Valmojado;De 85 a 89 años;1 de enero de 2020;78
Total;45 Toledo;45180 Valmojado;De 90 a 94 años;1 de enero de 2020;37
Total;45 Toledo;45180 Valmojado;De 95 a 99 años;1 de enero de 2020;15
Total;45 Toledo;45180 Valmojado;100 y más años;1 de enero de 2020;0
Total;45 Toledo;45181 Velada;Todas las edades;1 de enero de 2020;2.903
Total;45 Toledo;45181 Velada;De 0 a 4 años;1 de enero de 2020;126
Total;45 Toledo;45181 Velada;De 5 a 9 años;1 de enero de 2020;149
Total;45 Toledo;45181 Velada;De 10 a 14 años;1 de enero de 2020;164
Total;45 Toledo;45181 Velada;De 65 a 69 años;1 de enero de 2020;141
Total;45 Toledo;45181 Velada;De 70 a 74 años;1 de enero de 2020;146
Total;45 Toledo;45181 Velada;De 75 a 79 años;1 de enero de 2020;115
Total;45 Toledo;45181 Velada;De 80 a 84 años;1 de enero de 2020;78
Total;45 Toledo;45181 Velada;De 85 a 89 años;1 de enero de 2020;86
Total;45 Toledo;45181 Velada;De 90 a 94 años;1 de enero de 2020;25
Total;45 Toledo;45181 Velada;De 95 a 99 años;1 de enero de 2020;6
Total;45 Toledo;45181 Velada;100 y más años;1 de enero de 2020;0
Total;45 Toledo;45182 Ventas con Peña Aguilera, Las;Todas las edades;1 de enero de 2020;1.062
Total;45 Toledo;45182 Ventas con Peña Aguilera, Las;De 0 a 4 años;1 de enero de 2020;25
Total;45 Toledo;45182 Ventas con Peña Aguilera, Las;De 5 a 9 años;1 de enero de 2020;30
Total;45 Toledo;45182 Ventas con Peña Aguilera, Las;De 10 a 14 años;1 de enero de 2020;48
Total;45 Toledo;45182 Ventas con Peña Aguilera, Las;De 65 a 69 años;1 de enero de 2020;61
Total;45 Toledo;45182 Ventas con Peña Aguilera, Las;De 70 a 74 años;1 de enero de 2020;44
Total;45 Toledo;45182 Ventas con Peña Aguilera, Las;De 75 a 79 años;1 de enero de 2020;47
Total;45 Toledo;45182 Ventas con Peña Aguilera, Las;De 80 a 84 años;1 de enero de 2020;64
Total;45 Toledo;45182 Ventas con Peña Aguilera, Las;De 85 a 89 años;1 de enero de 2020;51
Total;45 Toledo;45182 Ventas con Peña Aguilera, Las;De 90 a 94 años;1 de enero de 2020;26
Total;45 Toledo;45182 Ventas con Peña Aguilera, Las;De 95 a 99 años;1 de enero de 2020;7
Total;45 Toledo;45182 Ventas con Peña Aguilera, Las;100 y más años;1 de enero de 2020;1
Total;45 Toledo;45183 Ventas de Retamosa, Las;Todas las edades;1 de enero de 2020;3.510
Total;45 Toledo;45183 Ventas de Retamosa, Las;De 0 a 4 años;1 de enero de 2020;164
Total;45 Toledo;45183 Ventas de Retamosa, Las;De 5 a 9 años;1 de enero de 2020;226
Total;45 Toledo;45183 Ventas de Retamosa, Las;De 10 a 14 años;1 de enero de 2020;303
Total;45 Toledo;45183 Ventas de Retamosa, Las;De 65 a 69 años;1 de enero de 2020;128
Total;45 Toledo;45183 Ventas de Retamosa, Las;De 70 a 74 años;1 de enero de 2020;99
Total;45 Toledo;45183 Ventas de Retamosa, Las;De 75 a 79 años;1 de enero de 2020;62
Total;45 Toledo;45183 Ventas de Retamosa, Las;De 80 a 84 años;1 de enero de 2020;35
Total;45 Toledo;45183 Ventas de Retamosa, Las;De 85 a 89 años;1 de enero de 2020;32
Total;45 Toledo;45183 Ventas de Retamosa, Las;De 90 a 94 años;1 de enero de 2020;13
Total;45 Toledo;45183 Ventas de Retamosa, Las;De 95 a 99 años;1 de enero de 2020;3
Total;45 Toledo;45183 Ventas de Retamosa, Las;100 y más años;1 de enero de 2020;0
Total;45 Toledo;45184 Ventas de San Julián, Las;Todas las edades;1 de enero de 2020;233
Total;45 Toledo;45184 Ventas de San Julián, Las;De 0 a 4 años;1 de enero de 2020;3
Total;45 Toledo;45184 Ventas de San Julián, Las;De 5 a 9 años;1 de enero de 2020;3
Total;45 Toledo;45184 Ventas de San Julián, Las;De 10 a 14 años;1 de enero de 2020;9
Total;45 Toledo;45184 Ventas de San Julián, Las;De 65 a 69 años;1 de enero de 2020;11
Total;45 Toledo;45184 Ventas de San Julián, Las;De 70 a 74 años;1 de enero de 2020;14
Total;45 Toledo;45184 Ventas de San Julián, Las;De 75 a 79 años;1 de enero de 2020;14
Total;45 Toledo;45184 Ventas de San Julián, Las;De 80 a 84 años;1 de enero de 2020;9
Total;45 Toledo;45184 Ventas de San Julián, Las;De 85 a 89 años;1 de enero de 2020;16
Total;45 Toledo;45184 Ventas de San Julián, Las;De 90 a 94 años;1 de enero de 2020;9
Total;45 Toledo;45184 Ventas de San Julián, Las;De 95 a 99 años;1 de enero de 2020;1
Total;45 Toledo;45184 Ventas de San Julián, Las;100 y más años;1 de enero de 2020;1
Total;45 Toledo;45186 Villa de Don Fadrique, La;Todas las edades;1 de enero de 2020;3.623
Total;45 Toledo;45186 Villa de Don Fadrique, La;De 0 a 4 años;1 de enero de 2020;85
Total;45 Toledo;45186 Villa de Don Fadrique, La;De 5 a 9 años;1 de enero de 2020;151
Total;45 Toledo;45186 Villa de Don Fadrique, La;De 10 a 14 años;1 de enero de 2020;155
Total;45 Toledo;45186 Villa de Don Fadrique, La;De 65 a 69 años;1 de enero de 2020;203
Total;45 Toledo;45186 Villa de Don Fadrique, La;De 70 a 74 años;1 de enero de 2020;194
Total;45 Toledo;45186 Villa de Don Fadrique, La;De 75 a 79 años;1 de enero de 2020;180
Total;45 Toledo;45186 Villa de Don Fadrique, La;De 80 a 84 años;1 de enero de 2020;155
Total;45 Toledo;45186 Villa de Don Fadrique, La;De 85 a 89 años;1 de enero de 2020;103
Total;45 Toledo;45186 Villa de Don Fadrique, La;De 90 a 94 años;1 de enero de 2020;38
Total;45 Toledo;45186 Villa de Don Fadrique, La;De 95 a 99 años;1 de enero de 2020;11
Total;45 Toledo;45186 Villa de Don Fadrique, La;100 y más años;1 de enero de 2020;1
Total;45 Toledo;45185 Villacañas;Todas las edades;1 de enero de 2020;9.489
Total;45 Toledo;45185 Villacañas;De 0 a 4 años;1 de enero de 2020;353
Total;45 Toledo;45185 Villacañas;De 5 a 9 años;1 de enero de 2020;459
Total;45 Toledo;45185 Villacañas;De 10 a 14 años;1 de enero de 2020;553
Total;45 Toledo;45185 Villacañas;De 65 a 69 años;1 de enero de 2020;432
Total;45 Toledo;45185 Villacañas;De 70 a 74 años;1 de enero de 2020;415
Total;45 Toledo;45185 Villacañas;De 75 a 79 años;1 de enero de 2020;352
Total;45 Toledo;45185 Villacañas;De 80 a 84 años;1 de enero de 2020;242
Total;45 Toledo;45185 Villacañas;De 85 a 89 años;1 de enero de 2020;247
Total;45 Toledo;45185 Villacañas;De 90 a 94 años;1 de enero de 2020;108
Total;45 Toledo;45185 Villacañas;De 95 a 99 años;1 de enero de 2020;22
Total;45 Toledo;45185 Villacañas;100 y más años;1 de enero de 2020;5
Total;45 Toledo;45187 Villafranca de los Caballeros;Todas las edades;1 de enero de 2020;4.876
Total;45 Toledo;45187 Villafranca de los Caballeros;De 0 a 4 años;1 de enero de 2020;176
Total;45 Toledo;45187 Villafranca de los Caballeros;De 5 a 9 años;1 de enero de 2020;184
Total;45 Toledo;45187 Villafranca de los Caballeros;De 10 a 14 años;1 de enero de 2020;232
Total;45 Toledo;45187 Villafranca de los Caballeros;De 65 a 69 años;1 de enero de 2020;284
Total;45 Toledo;45187 Villafranca de los Caballeros;De 70 a 74 años;1 de enero de 2020;275
Total;45 Toledo;45187 Villafranca de los Caballeros;De 75 a 79 años;1 de enero de 2020;278
Total;45 Toledo;45187 Villafranca de los Caballeros;De 80 a 84 años;1 de enero de 2020;179
Total;45 Toledo;45187 Villafranca de los Caballeros;De 85 a 89 años;1 de enero de 2020;119
Total;45 Toledo;45187 Villafranca de los Caballeros;De 90 a 94 años;1 de enero de 2020;65
Total;45 Toledo;45187 Villafranca de los Caballeros;De 95 a 99 años;1 de enero de 2020;5
Total;45 Toledo;45187 Villafranca de los Caballeros;100 y más años;1 de enero de 2020;0
Total;45 Toledo;45188 Villaluenga de la Sagra;Todas las edades;1 de enero de 2020;3.887
Total;45 Toledo;45188 Villaluenga de la Sagra;De 0 a 4 años;1 de enero de 2020;192
Total;45 Toledo;45188 Villaluenga de la Sagra;De 5 a 9 años;1 de enero de 2020;251
Total;45 Toledo;45188 Villaluenga de la Sagra;De 10 a 14 años;1 de enero de 2020;216
Total;45 Toledo;45188 Villaluenga de la Sagra;De 65 a 69 años;1 de enero de 2020;202
Total;45 Toledo;45188 Villaluenga de la Sagra;De 70 a 74 años;1 de enero de 2020;130
Total;45 Toledo;45188 Villaluenga de la Sagra;De 75 a 79 años;1 de enero de 2020;114
Total;45 Toledo;45188 Villaluenga de la Sagra;De 80 a 84 años;1 de enero de 2020;85
Total;45 Toledo;45188 Villaluenga de la Sagra;De 85 a 89 años;1 de enero de 2020;90
Total;45 Toledo;45188 Villaluenga de la Sagra;De 90 a 94 años;1 de enero de 2020;41
Total;45 Toledo;45188 Villaluenga de la Sagra;De 95 a 99 años;1 de enero de 2020;12
Total;45 Toledo;45188 Villaluenga de la Sagra;100 y más años;1 de enero de 2020;3
Total;45 Toledo;45189 Villamiel de Toledo;Todas las edades;1 de enero de 2020;926
Total;45 Toledo;45189 Villamiel de Toledo;De 0 a 4 años;1 de enero de 2020;41
Total;45 Toledo;45189 Villamiel de Toledo;De 5 a 9 años;1 de enero de 2020;51
Total;45 Toledo;45189 Villamiel de Toledo;De 10 a 14 años;1 de enero de 2020;64
Total;45 Toledo;45189 Villamiel de Toledo;De 65 a 69 años;1 de enero de 2020;42
Total;45 Toledo;45189 Villamiel de Toledo;De 70 a 74 años;1 de enero de 2020;44
Total;45 Toledo;45189 Villamiel de Toledo;De 75 a 79 años;1 de enero de 2020;31
Total;45 Toledo;45189 Villamiel de Toledo;De 80 a 84 años;1 de enero de 2020;21
Total;45 Toledo;45189 Villamiel de Toledo;De 85 a 89 años;1 de enero de 2020;17
Total;45 Toledo;45189 Villamiel de Toledo;De 90 a 94 años;1 de enero de 2020;7
Total;45 Toledo;45189 Villamiel de Toledo;De 95 a 99 años;1 de enero de 2020;3
Total;45 Toledo;45189 Villamiel de Toledo;100 y más años;1 de enero de 2020;0
Total;45 Toledo;45190 Villaminaya;Todas las edades;1 de enero de 2020;537
Total;45 Toledo;45190 Villaminaya;De 0 a 4 años;1 de enero de 2020;18
Total;45 Toledo;45190 Villaminaya;De 5 a 9 años;1 de enero de 2020;18
Total;45 Toledo;45190 Villaminaya;De 10 a 14 años;1 de enero de 2020;14
Total;45 Toledo;45190 Villaminaya;De 65 a 69 años;1 de enero de 2020;30
Total;45 Toledo;45190 Villaminaya;De 70 a 74 años;1 de enero de 2020;31
Total;45 Toledo;45190 Villaminaya;De 75 a 79 años;1 de enero de 2020;28
Total;45 Toledo;45190 Villaminaya;De 80 a 84 años;1 de enero de 2020;33
Total;45 Toledo;45190 Villaminaya;De 85 a 89 años;1 de enero de 2020;23
Total;45 Toledo;45190 Villaminaya;De 90 a 94 años;1 de enero de 2020;14
Total;45 Toledo;45190 Villaminaya;De 95 a 99 años;1 de enero de 2020;2
Total;45 Toledo;45190 Villaminaya;100 y más años;1 de enero de 2020;1
Total;45 Toledo;45191 Villamuelas;Todas las edades;1 de enero de 2020;606
Total;45 Toledo;45191 Villamuelas;De 0 a 4 años;1 de enero de 2020;16
Total;45 Toledo;45191 Villamuelas;De 5 a 9 años;1 de enero de 2020;18
Total;45 Toledo;45191 Villamuelas;De 10 a 14 años;1 de enero de 2020;26
Total;45 Toledo;45191 Villamuelas;De 65 a 69 años;1 de enero de 2020;39
Total;45 Toledo;45191 Villamuelas;De 70 a 74 años;1 de enero de 2020;47
Total;45 Toledo;45191 Villamuelas;De 75 a 79 años;1 de enero de 2020;44
Total;45 Toledo;45191 Villamuelas;De 80 a 84 años;1 de enero de 2020;19
Total;45 Toledo;45191 Villamuelas;De 85 a 89 años;1 de enero de 2020;21
Total;45 Toledo;45191 Villamuelas;De 90 a 94 años;1 de enero de 2020;9
Total;45 Toledo;45191 Villamuelas;De 95 a 99 años;1 de enero de 2020;2
Total;45 Toledo;45191 Villamuelas;100 y más años;1 de enero de 2020;0
Total;45 Toledo;45192 Villanueva de Alcardete;Todas las edades;1 de enero de 2020;3.172
Total;45 Toledo;45192 Villanueva de Alcardete;De 0 a 4 años;1 de enero de 2020;93
Total;45 Toledo;45192 Villanueva de Alcardete;De 5 a 9 años;1 de enero de 2020;137
Total;45 Toledo;45192 Villanueva de Alcardete;De 10 a 14 años;1 de enero de 2020;137
Total;45 Toledo;45192 Villanueva de Alcardete;De 65 a 69 años;1 de enero de 2020;160
Total;45 Toledo;45192 Villanueva de Alcardete;De 70 a 74 años;1 de enero de 2020;142
Total;45 Toledo;45192 Villanueva de Alcardete;De 75 a 79 años;1 de enero de 2020;146
Total;45 Toledo;45192 Villanueva de Alcardete;De 80 a 84 años;1 de enero de 2020;143
Total;45 Toledo;45192 Villanueva de Alcardete;De 85 a 89 años;1 de enero de 2020;124
Total;45 Toledo;45192 Villanueva de Alcardete;De 90 a 94 años;1 de enero de 2020;50
Total;45 Toledo;45192 Villanueva de Alcardete;De 95 a 99 años;1 de enero de 2020;14
Total;45 Toledo;45192 Villanueva de Alcardete;100 y más años;1 de enero de 2020;0
Total;45 Toledo;45193 Villanueva de Bogas;Todas las edades;1 de enero de 2020;699
Total;45 Toledo;45193 Villanueva de Bogas;De 0 a 4 años;1 de enero de 2020;18
Total;45 Toledo;45193 Villanueva de Bogas;De 5 a 9 años;1 de enero de 2020;27
Total;45 Toledo;45193 Villanueva de Bogas;De 10 a 14 años;1 de enero de 2020;29
Total;45 Toledo;45193 Villanueva de Bogas;De 65 a 69 años;1 de enero de 2020;41
Total;45 Toledo;45193 Villanueva de Bogas;De 70 a 74 años;1 de enero de 2020;44
Total;45 Toledo;45193 Villanueva de Bogas;De 75 a 79 años;1 de enero de 2020;31
Total;45 Toledo;45193 Villanueva de Bogas;De 80 a 84 años;1 de enero de 2020;35
Total;45 Toledo;45193 Villanueva de Bogas;De 85 a 89 años;1 de enero de 2020;24
Total;45 Toledo;45193 Villanueva de Bogas;De 90 a 94 años;1 de enero de 2020;15
Total;45 Toledo;45193 Villanueva de Bogas;De 95 a 99 años;1 de enero de 2020;3
Total;45 Toledo;45193 Villanueva de Bogas;100 y más años;1 de enero de 2020;0
Total;45 Toledo;45194 Villarejo de Montalbán;Todas las edades;1 de enero de 2020;71
Total;45 Toledo;45194 Villarejo de Montalbán;De 0 a 4 años;1 de enero de 2020;1
Total;45 Toledo;45194 Villarejo de Montalbán;De 5 a 9 años;1 de enero de 2020;0
Total;45 Toledo;45194 Villarejo de Montalbán;De 10 a 14 años;1 de enero de 2020;3
Total;45 Toledo;45194 Villarejo de Montalbán;De 65 a 69 años;1 de enero de 2020;5
Total;45 Toledo;45194 Villarejo de Montalbán;De 70 a 74 años;1 de enero de 2020;11
Total;45 Toledo;45194 Villarejo de Montalbán;De 75 a 79 años;1 de enero de 2020;6
Total;45 Toledo;45194 Villarejo de Montalbán;De 80 a 84 años;1 de enero de 2020;6
Total;45 Toledo;45194 Villarejo de Montalbán;De 85 a 89 años;1 de enero de 2020;5
Total;45 Toledo;45194 Villarejo de Montalbán;De 90 a 94 años;1 de enero de 2020;0
Total;45 Toledo;45194 Villarejo de Montalbán;De 95 a 99 años;1 de enero de 2020;1
Total;45 Toledo;45194 Villarejo de Montalbán;100 y más años;1 de enero de 2020;0
Total;45 Toledo;45195 Villarrubia de Santiago;Todas las edades;1 de enero de 2020;2.514
Total;45 Toledo;45195 Villarrubia de Santiago;De 0 a 4 años;1 de enero de 2020;82
Total;45 Toledo;45195 Villarrubia de Santiago;De 5 a 9 años;1 de enero de 2020;100
Total;45 Toledo;45195 Villarrubia de Santiago;De 10 a 14 años;1 de enero de 2020;114
Total;45 Toledo;45195 Villarrubia de Santiago;De 65 a 69 años;1 de enero de 2020;150
Total;45 Toledo;45195 Villarrubia de Santiago;De 70 a 74 años;1 de enero de 2020;135
Total;45 Toledo;45195 Villarrubia de Santiago;De 75 a 79 años;1 de enero de 2020;128
Total;45 Toledo;45195 Villarrubia de Santiago;De 80 a 84 años;1 de enero de 2020;115
Total;45 Toledo;45195 Villarrubia de Santiago;De 85 a 89 años;1 de enero de 2020;86
Total;45 Toledo;45195 Villarrubia de Santiago;De 90 a 94 años;1 de enero de 2020;47
Total;45 Toledo;45195 Villarrubia de Santiago;De 95 a 99 años;1 de enero de 2020;9
Total;45 Toledo;45195 Villarrubia de Santiago;100 y más años;1 de enero de 2020;0
Total;45 Toledo;45196 Villaseca de la Sagra;Todas las edades;1 de enero de 2020;1.851
Total;45 Toledo;45196 Villaseca de la Sagra;De 0 a 4 años;1 de enero de 2020;85
Total;45 Toledo;45196 Villaseca de la Sagra;De 5 a 9 años;1 de enero de 2020;106
Total;45 Toledo;45196 Villaseca de la Sagra;De 10 a 14 años;1 de enero de 2020;93
Total;45 Toledo;45196 Villaseca de la Sagra;De 65 a 69 años;1 de enero de 2020;92
Total;45 Toledo;45196 Villaseca de la Sagra;De 70 a 74 años;1 de enero de 2020;78
Total;45 Toledo;45196 Villaseca de la Sagra;De 75 a 79 años;1 de enero de 2020;56
Total;45 Toledo;45196 Villaseca de la Sagra;De 80 a 84 años;1 de enero de 2020;55
Total;45 Toledo;45196 Villaseca de la Sagra;De 85 a 89 años;1 de enero de 2020;37
Total;45 Toledo;45196 Villaseca de la Sagra;De 90 a 94 años;1 de enero de 2020;23
Total;45 Toledo;45196 Villaseca de la Sagra;De 95 a 99 años;1 de enero de 2020;4
Total;45 Toledo;45196 Villaseca de la Sagra;100 y más años;1 de enero de 2020;0
Total;45 Toledo;45197 Villasequilla;Todas las edades;1 de enero de 2020;2.522
Total;45 Toledo;45197 Villasequilla;De 0 a 4 años;1 de enero de 2020;108
Total;45 Toledo;45197 Villasequilla;De 5 a 9 años;1 de enero de 2020;135
Total;45 Toledo;45197 Villasequilla;De 10 a 14 años;1 de enero de 2020;114
Total;45 Toledo;45197 Villasequilla;De 65 a 69 años;1 de enero de 2020;120
Total;45 Toledo;45197 Villasequilla;De 70 a 74 años;1 de enero de 2020;118
Total;45 Toledo;45197 Villasequilla;De 75 a 79 años;1 de enero de 2020;94
Total;45 Toledo;45197 Villasequilla;De 80 a 84 años;1 de enero de 2020;89
Total;45 Toledo;45197 Villasequilla;De 85 a 89 años;1 de enero de 2020;63
Total;45 Toledo;45197 Villasequilla;De 90 a 94 años;1 de enero de 2020;33
Total;45 Toledo;45197 Villasequilla;De 95 a 99 años;1 de enero de 2020;7
Total;45 Toledo;45197 Villasequilla;100 y más años;1 de enero de 2020;0
Total;45 Toledo;45198 Villatobas;Todas las edades;1 de enero de 2020;2.482
Total;45 Toledo;45198 Villatobas;De 0 a 4 años;1 de enero de 2020;102
Total;45 Toledo;45198 Villatobas;De 5 a 9 años;1 de enero de 2020;118
Total;45 Toledo;45198 Villatobas;De 10 a 14 años;1 de enero de 2020;134
Total;45 Toledo;45198 Villatobas;De 65 a 69 años;1 de enero de 2020;128
Total;45 Toledo;45198 Villatobas;De 70 a 74 años;1 de enero de 2020;115
Total;45 Toledo;45198 Villatobas;De 75 a 79 años;1 de enero de 2020;108
Total;45 Toledo;45198 Villatobas;De 80 a 84 años;1 de enero de 2020;80
Total;45 Toledo;45198 Villatobas;De 85 a 89 años;1 de enero de 2020;88
Total;45 Toledo;45198 Villatobas;De 90 a 94 años;1 de enero de 2020;44
Total;45 Toledo;45198 Villatobas;De 95 a 99 años;1 de enero de 2020;6
Total;45 Toledo;45198 Villatobas;100 y más años;1 de enero de 2020;1
Total;45 Toledo;45199 Viso de San Juan, El;Todas las edades;1 de enero de 2020;4.828
Total;45 Toledo;45199 Viso de San Juan, El;De 0 a 4 años;1 de enero de 2020;278
Total;45 Toledo;45199 Viso de San Juan, El;De 5 a 9 años;1 de enero de 2020;351
Total;45 Toledo;45199 Viso de San Juan, El;De 10 a 14 años;1 de enero de 2020;319
Total;45 Toledo;45199 Viso de San Juan, El;De 65 a 69 años;1 de enero de 2020;155
Total;45 Toledo;45199 Viso de San Juan, El;De 70 a 74 años;1 de enero de 2020;119
Total;45 Toledo;45199 Viso de San Juan, El;De 75 a 79 años;1 de enero de 2020;72
Total;45 Toledo;45199 Viso de San Juan, El;De 80 a 84 años;1 de enero de 2020;41
Total;45 Toledo;45199 Viso de San Juan, El;De 85 a 89 años;1 de enero de 2020;28
Total;45 Toledo;45199 Viso de San Juan, El;De 90 a 94 años;1 de enero de 2020;10
Total;45 Toledo;45199 Viso de San Juan, El;De 95 a 99 años;1 de enero de 2020;5
Total;45 Toledo;45199 Viso de San Juan, El;100 y más años;1 de enero de 2020;0
Total;45 Toledo;45200 Yébenes, Los;Todas las edades;1 de enero de 2020;5.882
Total;45 Toledo;45200 Yébenes, Los;De 0 a 4 años;1 de enero de 2020;247
Total;45 Toledo;45200 Yébenes, Los;De 5 a 9 años;1 de enero de 2020;267
Total;45 Toledo;45200 Yébenes, Los;De 10 a 14 años;1 de enero de 2020;326
Total;45 Toledo;45200 Yébenes, Los;De 65 a 69 años;1 de enero de 2020;268
Total;45 Toledo;45200 Yébenes, Los;De 70 a 74 años;1 de enero de 2020;222
Total;45 Toledo;45200 Yébenes, Los;De 75 a 79 años;1 de enero de 2020;205
Total;45 Toledo;45200 Yébenes, Los;De 80 a 84 años;1 de enero de 2020;196
Total;45 Toledo;45200 Yébenes, Los;De 85 a 89 años;1 de enero de 2020;154
Total;45 Toledo;45200 Yébenes, Los;De 90 a 94 años;1 de enero de 2020;72
Total;45 Toledo;45200 Yébenes, Los;De 95 a 99 años;1 de enero de 2020;14
Total;45 Toledo;45200 Yébenes, Los;100 y más años;1 de enero de 2020;1
Total;45 Toledo;45201 Yeles;Todas las edades;1 de enero de 2020;5.555
Total;45 Toledo;45201 Yeles;De 0 a 4 años;1 de enero de 2020;297
Total;45 Toledo;45201 Yeles;De 5 a 9 años;1 de enero de 2020;362
Total;45 Toledo;45201 Yeles;De 10 a 14 años;1 de enero de 2020;402
Total;45 Toledo;45201 Yeles;De 65 a 69 años;1 de enero de 2020;208
Total;45 Toledo;45201 Yeles;De 70 a 74 años;1 de enero de 2020;173
Total;45 Toledo;45201 Yeles;De 75 a 79 años;1 de enero de 2020;89
Total;45 Toledo;45201 Yeles;De 80 a 84 años;1 de enero de 2020;61
Total;45 Toledo;45201 Yeles;De 85 a 89 años;1 de enero de 2020;69
Total;45 Toledo;45201 Yeles;De 90 a 94 años;1 de enero de 2020;49
Total;45 Toledo;45201 Yeles;De 95 a 99 años;1 de enero de 2020;13
Total;45 Toledo;45201 Yeles;100 y más años;1 de enero de 2020;3
Total;45 Toledo;45202 Yepes;Todas las edades;1 de enero de 2020;5.288
Total;45 Toledo;45202 Yepes;De 0 a 4 años;1 de enero de 2020;256
Total;45 Toledo;45202 Yepes;De 5 a 9 años;1 de enero de 2020;297
Total;45 Toledo;45202 Yepes;De 10 a 14 años;1 de enero de 2020;343
Total;45 Toledo;45202 Yepes;De 65 a 69 años;1 de enero de 2020;251
Total;45 Toledo;45202 Yepes;De 70 a 74 años;1 de enero de 2020;244
Total;45 Toledo;45202 Yepes;De 75 a 79 años;1 de enero de 2020;196
Total;45 Toledo;45202 Yepes;De 80 a 84 años;1 de enero de 2020;108
Total;45 Toledo;45202 Yepes;De 85 a 89 años;1 de enero de 2020;116
Total;45 Toledo;45202 Yepes;De 90 a 94 años;1 de enero de 2020;47
Total;45 Toledo;45202 Yepes;De 95 a 99 años;1 de enero de 2020;13
Total;45 Toledo;45202 Yepes;100 y más años;1 de enero de 2020;0
Total;45 Toledo;45203 Yuncler;Todas las edades;1 de enero de 2020;4.098
Total;45 Toledo;45203 Yuncler;De 0 a 4 años;1 de enero de 2020;222
Total;45 Toledo;45203 Yuncler;De 5 a 9 años;1 de enero de 2020;287
Total;45 Toledo;45203 Yuncler;De 10 a 14 años;1 de enero de 2020;254
Total;45 Toledo;45203 Yuncler;De 65 a 69 años;1 de enero de 2020;150
Total;45 Toledo;45203 Yuncler;De 70 a 74 años;1 de enero de 2020;112
Total;45 Toledo;45203 Yuncler;De 75 a 79 años;1 de enero de 2020;101
Total;45 Toledo;45203 Yuncler;De 80 a 84 años;1 de enero de 2020;68
Total;45 Toledo;45203 Yuncler;De 85 a 89 años;1 de enero de 2020;68
Total;45 Toledo;45203 Yuncler;De 90 a 94 años;1 de enero de 2020;27
Total;45 Toledo;45203 Yuncler;De 95 a 99 años;1 de enero de 2020;9
Total;45 Toledo;45203 Yuncler;100 y más años;1 de enero de 2020;0
Total;45 Toledo;45204 Yunclillos;Todas las edades;1 de enero de 2020;795
Total;45 Toledo;45204 Yunclillos;De 0 a 4 años;1 de enero de 2020;27
Total;45 Toledo;45204 Yunclillos;De 5 a 9 años;1 de enero de 2020;31
Total;45 Toledo;45204 Yunclillos;De 10 a 14 años;1 de enero de 2020;31
Total;45 Toledo;45204 Yunclillos;De 65 a 69 años;1 de enero de 2020;30
Total;45 Toledo;45204 Yunclillos;De 70 a 74 años;1 de enero de 2020;35
Total;45 Toledo;45204 Yunclillos;De 75 a 79 años;1 de enero de 2020;45
Total;45 Toledo;45204 Yunclillos;De 80 a 84 años;1 de enero de 2020;23
Total;45 Toledo;45204 Yunclillos;De 85 a 89 años;1 de enero de 2020;26
Total;45 Toledo;45204 Yunclillos;De 90 a 94 años;1 de enero de 2020;16
Total;45 Toledo;45204 Yunclillos;De 95 a 99 años;1 de enero de 2020;6
Total;45 Toledo;45204 Yunclillos;100 y más años;1 de enero de 2020;0
Total;45 Toledo;45205 Yuncos;Todas las edades;1 de enero de 2020;11.646
Total;45 Toledo;45205 Yuncos;De 0 a 4 años;1 de enero de 2020;661
Total;45 Toledo;45205 Yuncos;De 5 a 9 años;1 de enero de 2020;832
Total;45 Toledo;45205 Yuncos;De 10 a 14 años;1 de enero de 2020;946
Total;45 Toledo;45205 Yuncos;De 65 a 69 años;1 de enero de 2020;332
Total;45 Toledo;45205 Yuncos;De 70 a 74 años;1 de enero de 2020;291
Total;45 Toledo;45205 Yuncos;De 75 a 79 años;1 de enero de 2020;185
Total;45 Toledo;45205 Yuncos;De 80 a 84 años;1 de enero de 2020;165
Total;45 Toledo;45205 Yuncos;De 85 a 89 años;1 de enero de 2020;114
Total;45 Toledo;45205 Yuncos;De 90 a 94 años;1 de enero de 2020;44
Total;45 Toledo;45205 Yuncos;De 95 a 99 años;1 de enero de 2020;15
Total;45 Toledo;45205 Yuncos;100 y más años;1 de enero de 2020;2
